Year,Round,Seed_Favorite,Team_Favorite,Seed_Underdog,Team_Underdog,Underdog_Upset,G_Favorite,W-L%_Favorite,Conf_W_Favorite,Conf_L_Favorite,FG_Favorite,FG%_Favorite,3P_Favorite,3P%_Favorite,FT_Favorite,FT%_Favorite,ORB_Favorite,TRB_Favorite,AST_Favorite,STL_Favorite,BLK_Favorite,TOV_Favorite,PF_Favorite,Pace_Favorite,ORtg_Favorite,FTr_Favorite,3PAr_Favorite,TS%_Favorite,TRB%_Favorite,AST%_Favorite,STL%_Favorite,BLK%_Favorite,eFG%_Favorite,TOV%_Favorite,ORB%_Favorite,FT/FGA_Favorite,Top_25_Favorite,Off_SRS_Favorite,Def_SRS_Favorite,MM_Favorite,S16_Favorite,F4_Favorite,Champs_Favorite,Conf_Favorite,G_Underdog,W-L%_Underdog,Conf_W_Underdog,Conf_L_Underdog,FG_Underdog,FG%_Underdog,3P_Underdog,3P%_Underdog,FT_Underdog,FT%_Underdog,ORB_Underdog,TRB_Underdog,AST_Underdog,STL_Underdog,BLK_Underdog,TOV_Underdog,PF_Underdog,Pace_Underdog,ORtg_Underdog,FTr_Underdog,3PAr_Underdog,TS%_Underdog,TRB%_Underdog,AST%_Underdog,STL%_Underdog,BLK%_Underdog,eFG%_Underdog,TOV%_Underdog,ORB%_Underdog,FT/FGA_Underdog,Top_25_Underdog,Off_SRS_Underdog,Def_SRS_Underdog,MM_Underdog,S16_Underdog,F4_Underdog,Champs_Underdog,Conf_Underdog
1993,First Round,1,UNC,16,East Carolina,0,38.0,0.895,14.0,2.0,1219.0,0.506,168.0,0.372,666.0,0.706,,1561.0,698.0,357.0,145.0,581.0,602.0,,,0.392,0.188,0.573,56.1,57.3,,8.8,0.541,16.9,,0.277,1.0,17.21,11.83,23.0,19.0,9.0,2.0,ACC,30.0,0.433,4.0,10.0,725.0,0.419,158.0,0.333,429.0,0.643,,1073.0,346.0,220.0,66.0,427.0,591.0,,,0.386,0.274,0.498,50.9,47.7,,5.9,0.465,17.3,,0.248,0.0,-7.71,5.69,1.0,0.0,0.0,0.0,CAA
1993,Second Round,1,UNC,8,Rhode Island,1,38.0,0.895,14.0,2.0,1219.0,0.506,168.0,0.372,666.0,0.706,,1561.0,698.0,357.0,145.0,581.0,602.0,,,0.392,0.188,0.573,56.1,57.3,,8.8,0.541,16.9,,0.277,1.0,17.21,11.83,23.0,19.0,9.0,2.0,ACC,30.0,0.633,8.0,6.0,787.0,0.439,161.0,0.335,582.0,0.716,,1114.0,399.0,255.0,82.0,429.0,732.0,,,0.453,0.268,0.531,51.5,50.7,,6.9,0.484,16.4,,0.324,0.0,8.11,1.38,1.0,0.0,0.0,0.0,A-10
1993,Sweet Sixteen,1,UNC,4,Arkansas,0,38.0,0.895,14.0,2.0,1219.0,0.506,168.0,0.372,666.0,0.706,,1561.0,698.0,357.0,145.0,581.0,602.0,,,0.392,0.188,0.573,56.1,57.3,,8.8,0.541,16.9,,0.277,1.0,17.21,11.83,23.0,19.0,9.0,2.0,ACC,31.0,0.71,10.0,6.0,995.0,0.488,210.0,0.395,495.0,0.687,,1065.0,582.0,352.0,97.0,451.0,707.0,,,0.354,0.261,0.566,45.6,58.5,,7.2,0.539,15.9,,0.243,1.0,16.08,1.64,9.0,3.0,1.0,0.0,SEC
1993,Elite Eight,1,UNC,2,Cincinnati,0,38.0,0.895,14.0,2.0,1219.0,0.506,168.0,0.372,666.0,0.706,,1561.0,698.0,357.0,145.0,581.0,602.0,,,0.392,0.188,0.573,56.1,57.3,,8.8,0.541,16.9,,0.277,1.0,17.21,11.83,23.0,19.0,9.0,2.0,ACC,32.0,0.844,8.0,2.0,900.0,0.47,159.0,0.322,424.0,0.639,,1152.0,513.0,319.0,83.0,452.0,592.0,,,0.347,0.258,0.535,53.2,57.0,,7.3,0.512,16.9,,0.222,1.0,4.88,17.74,3.0,2.0,1.0,0.0,GMWC
1993,Final Four,1,UNC,2,Kansas,0,38.0,0.895,14.0,2.0,1219.0,0.506,168.0,0.372,666.0,0.706,,1561.0,698.0,357.0,145.0,581.0,602.0,,,0.392,0.188,0.573,56.1,57.3,,8.8,0.541,16.9,,0.277,1.0,17.21,11.83,23.0,19.0,9.0,2.0,ACC,36.0,0.806,11.0,3.0,1109.0,0.515,215.0,0.408,604.0,0.718,,1299.0,687.0,328.0,104.0,523.0,633.0,,,0.39,0.245,0.595,51.7,61.9,,6.5,0.565,17.0,,0.28,1.0,12.67,9.63,4.0,2.0,2.0,0.0,Big 8
1993,Elite Eight,1,Indiana,2,Kansas,1,35.0,0.886,17.0,1.0,1076.0,0.522,197.0,0.425,679.0,0.717,,1281.0,620.0,218.0,99.0,450.0,557.0,,,0.459,0.225,0.603,52.1,57.6,,6.0,0.57,15.2,,0.329,1.0,19.16,6.67,17.0,13.0,5.0,3.0,Big Ten,36.0,0.806,11.0,3.0,1109.0,0.515,215.0,0.408,604.0,0.718,,1299.0,687.0,328.0,104.0,523.0,633.0,,,0.39,0.245,0.595,51.7,61.9,,6.5,0.565,17.0,,0.28,1.0,12.67,9.63,4.0,2.0,2.0,0.0,Big 8
1993,National Championship,1,UNC,1,Michigan,0,38.0,0.895,14.0,2.0,1219.0,0.506,168.0,0.372,666.0,0.706,,1561.0,698.0,357.0,145.0,581.0,602.0,,,0.392,0.188,0.573,56.1,57.3,,8.8,0.541,16.9,,0.277,1.0,17.21,11.83,23.0,19.0,9.0,2.0,ACC,36.0,0.861,15.0,3.0,1131.0,0.498,151.0,0.35,537.0,0.653,,1493.0,587.0,243.0,193.0,561.0,670.0,,,0.362,0.19,0.555,55.2,51.9,,11.4,0.532,17.4,,0.237,1.0,14.2,7.81,4.0,3.0,3.0,1.0,Big Ten
1993,Final Four,1,Kentucky,1,Michigan,1,34.0,0.882,13.0,3.0,1048.0,0.48,340.0,0.394,539.0,0.688,,1364.0,665.0,323.0,160.0,541.0,776.0,,,0.359,0.395,0.582,54.0,63.5,,10.7,0.558,17.5,,0.247,1.0,16.77,10.13,4.0,3.0,2.0,0.0,SEC,36.0,0.861,15.0,3.0,1131.0,0.498,151.0,0.35,537.0,0.653,,1493.0,587.0,243.0,193.0,561.0,670.0,,,0.362,0.19,0.555,55.2,51.9,,11.4,0.532,17.4,,0.237,1.0,14.2,7.81,4.0,3.0,3.0,1.0,Big Ten
1993,First Round,8,Rhode Island,9,Purdue,0,30.0,0.633,8.0,6.0,787.0,0.439,161.0,0.335,582.0,0.716,,1114.0,399.0,255.0,82.0,429.0,732.0,,,0.453,0.268,0.531,51.5,50.7,,6.9,0.484,16.4,,0.324,0.0,8.11,1.38,1.0,0.0,0.0,0.0,A-10,28.0,0.643,9.0,9.0,728.0,0.482,110.0,0.385,420.0,0.708,,898.0,436.0,183.0,65.0,414.0,507.0,,,0.393,0.19,0.555,50.6,59.9,,5.3,0.519,18.8,,0.278,0.0,3.06,9.89,10.0,1.0,0.0,0.0,Big Ten
1993,First Round,5,St. John's (NY),12,Texas Tech,0,30.0,0.633,12.0,6.0,825.0,0.481,80.0,0.331,531.0,0.665,,1092.0,473.0,275.0,70.0,456.0,660.0,,,0.466,0.141,0.54,52.1,57.3,,5.7,0.504,17.9,,0.31,0.0,6.83,6.31,1.0,0.0,0.0,0.0,Big East,30.0,0.6,6.0,8.0,838.0,0.475,193.0,0.376,536.0,0.679,,1156.0,515.0,203.0,77.0,473.0,561.0,,,0.447,0.291,0.562,52.7,61.5,,5.6,0.53,18.1,,0.304,0.0,5.14,-2.23,1.0,0.0,0.0,0.0,SWC
1993,First Round,4,Arkansas,13,Holy Cross,0,31.0,0.71,10.0,6.0,995.0,0.488,210.0,0.395,495.0,0.687,,1065.0,582.0,352.0,97.0,451.0,707.0,,,0.354,0.261,0.566,45.6,58.5,,7.2,0.539,15.9,,0.243,1.0,16.08,1.64,9.0,3.0,1.0,0.0,SEC,30.0,0.767,12.0,2.0,885.0,0.473,164.0,0.388,629.0,0.737,,1110.0,536.0,304.0,92.0,461.0,551.0,,,0.456,0.226,0.562,48.2,60.6,,5.9,0.516,16.8,,0.336,0.0,10.89,-8.3,3.0,0.0,0.0,0.0,Patriot
1993,Second Round,4,Arkansas,5,St. John's (NY),0,31.0,0.71,10.0,6.0,995.0,0.488,210.0,0.395,495.0,0.687,,1065.0,582.0,352.0,97.0,451.0,707.0,,,0.354,0.261,0.566,45.6,58.5,,7.2,0.539,15.9,,0.243,1.0,16.08,1.64,9.0,3.0,1.0,0.0,SEC,30.0,0.633,12.0,6.0,825.0,0.481,80.0,0.331,531.0,0.665,,1092.0,473.0,275.0,70.0,456.0,660.0,,,0.466,0.141,0.54,52.1,57.3,,5.7,0.504,17.9,,0.31,0.0,6.83,6.31,1.0,0.0,0.0,0.0,Big East
1993,First Round,6,Virginia,11,Manhattan,0,31.0,0.677,9.0,7.0,847.0,0.441,140.0,0.334,465.0,0.653,,1283.0,482.0,167.0,119.0,449.0,575.0,,,0.371,0.218,0.509,52.5,56.9,,8.2,0.477,16.6,,0.242,1.0,4.61,9.99,2.0,1.0,0.0,0.0,ACC,30.0,0.767,12.0,2.0,772.0,0.462,163.0,0.368,487.0,0.669,,1136.0,432.0,237.0,78.0,499.0,571.0,,,0.436,0.265,0.544,53.4,56.0,,6.2,0.511,19.8,,0.291,0.0,0.62,2.53,1.0,0.0,0.0,0.0,MAAC
1993,First Round,3,UMass,14,Penn,0,31.0,0.774,11.0,3.0,756.0,0.44,155.0,0.346,595.0,0.698,,1232.0,464.0,192.0,149.0,450.0,610.0,,,0.495,0.26,0.532,54.8,61.4,,10.9,0.485,17.5,,0.346,1.0,1.02,13.22,2.0,1.0,0.0,0.0,A-10,27.0,0.815,14.0,0.0,713.0,0.445,197.0,0.401,327.0,0.667,,1001.0,397.0,196.0,93.0,315.0,479.0,,,0.306,0.306,0.531,50.8,55.7,,8.3,0.507,14.7,,0.204,0.0,0.43,5.84,1.0,0.0,0.0,0.0,Ivy
1993,Second Round,3,UMass,6,Virginia,1,31.0,0.774,11.0,3.0,756.0,0.44,155.0,0.346,595.0,0.698,,1232.0,464.0,192.0,149.0,450.0,610.0,,,0.495,0.26,0.532,54.8,61.4,,10.9,0.485,17.5,,0.346,1.0,1.02,13.22,2.0,1.0,0.0,0.0,A-10,31.0,0.677,9.0,7.0,847.0,0.441,140.0,0.334,465.0,0.653,,1283.0,482.0,167.0,119.0,449.0,575.0,,,0.371,0.218,0.509,52.5,56.9,,8.2,0.477,16.6,,0.242,1.0,4.61,9.99,2.0,1.0,0.0,0.0,ACC
1993,Sweet Sixteen,2,Cincinnati,6,Virginia,0,32.0,0.844,8.0,2.0,900.0,0.47,159.0,0.322,424.0,0.639,,1152.0,513.0,319.0,83.0,452.0,592.0,,,0.347,0.258,0.535,53.2,57.0,,7.3,0.512,16.9,,0.222,1.0,4.88,17.74,3.0,2.0,1.0,0.0,GMWC,31.0,0.677,9.0,7.0,847.0,0.441,140.0,0.334,465.0,0.653,,1283.0,482.0,167.0,119.0,449.0,575.0,,,0.371,0.218,0.509,52.5,56.9,,8.2,0.477,16.6,,0.242,1.0,4.61,9.99,2.0,1.0,0.0,0.0,ACC
1993,First Round,7,New Mexico State,10,Nebraska,0,34.0,0.765,15.0,3.0,928.0,0.465,154.0,0.347,605.0,0.688,,1275.0,552.0,266.0,88.0,513.0,548.0,,,0.441,0.223,0.542,52.5,59.5,,6.4,0.504,17.5,,0.303,0.0,5.74,2.34,8.0,2.0,0.0,0.0,Big West,31.0,0.645,8.0,6.0,908.0,0.46,158.0,0.338,523.0,0.684,,1283.0,540.0,262.0,131.0,540.0,695.0,,,0.387,0.237,0.534,52.2,59.5,,9.3,0.5,18.8,,0.265,0.0,10.28,0.29,5.0,0.0,0.0,0.0,Big 8
1993,First Round,2,Cincinnati,15,Coppin State,0,32.0,0.844,8.0,2.0,900.0,0.47,159.0,0.322,424.0,0.639,,1152.0,513.0,319.0,83.0,452.0,592.0,,,0.347,0.258,0.535,53.2,57.0,,7.3,0.512,16.9,,0.222,1.0,4.88,17.74,3.0,2.0,1.0,0.0,GMWC,30.0,0.733,16.0,0.0,736.0,0.4,212.0,0.344,531.0,0.701,,1143.0,349.0,278.0,101.0,441.0,589.0,,,0.411,0.335,0.503,50.6,47.4,,8.1,0.458,16.7,,0.289,0.0,-5.0,1.28,2.0,0.0,0.0,0.0,MEAC
1993,Second Round,2,Cincinnati,7,New Mexico State,0,32.0,0.844,8.0,2.0,900.0,0.47,159.0,0.322,424.0,0.639,,1152.0,513.0,319.0,83.0,452.0,592.0,,,0.347,0.258,0.535,53.2,57.0,,7.3,0.512,16.9,,0.222,1.0,4.88,17.74,3.0,2.0,1.0,0.0,GMWC,34.0,0.765,15.0,3.0,928.0,0.465,154.0,0.347,605.0,0.688,,1275.0,552.0,266.0,88.0,513.0,548.0,,,0.441,0.223,0.542,52.5,59.5,,6.4,0.504,17.5,,0.303,0.0,5.74,2.34,8.0,2.0,0.0,0.0,Big West
1993,First Round,1,Indiana,16,Wright State,0,35.0,0.886,17.0,1.0,1076.0,0.522,197.0,0.425,679.0,0.717,,1281.0,620.0,218.0,99.0,450.0,557.0,,,0.459,0.225,0.603,52.1,57.6,,6.0,0.57,15.2,,0.329,1.0,19.16,6.67,17.0,13.0,5.0,3.0,Big Ten,30.0,0.667,10.0,6.0,987.0,0.516,153.0,0.379,547.0,0.725,,1138.0,548.0,323.0,81.0,494.0,571.0,,,0.394,0.211,0.589,54.5,55.5,,6.2,0.556,17.9,,0.286,0.0,10.95,-7.85,1.0,0.0,0.0,0.0,Mid-Cont
1993,Second Round,1,Indiana,9,Xavier,0,35.0,0.886,17.0,1.0,1076.0,0.522,197.0,0.425,679.0,0.717,,1281.0,620.0,218.0,99.0,450.0,557.0,,,0.459,0.225,0.603,52.1,57.6,,6.0,0.57,15.2,,0.329,1.0,19.16,6.67,17.0,13.0,5.0,3.0,Big Ten,30.0,0.8,12.0,2.0,841.0,0.501,138.0,0.4,410.0,0.69,,1069.0,485.0,161.0,122.0,410.0,512.0,,,0.354,0.205,0.569,53.0,57.7,,10.0,0.542,17.3,,0.244,0.0,2.65,8.24,7.0,1.0,0.0,0.0,MW Coll
1993,First Round,8,New Orleans,9,Xavier,1,30.0,0.867,18.0,0.0,768.0,0.478,87.0,0.363,552.0,0.675,,1136.0,418.0,213.0,150.0,458.0,553.0,,,0.509,0.149,0.545,54.1,54.4,,11.8,0.505,18.7,,0.343,0.0,-0.13,12.13,2.0,0.0,0.0,0.0,Sun Belt,30.0,0.8,12.0,2.0,841.0,0.501,138.0,0.4,410.0,0.69,,1069.0,485.0,161.0,122.0,410.0,512.0,,,0.354,0.205,0.569,53.0,57.7,,10.0,0.542,17.3,,0.244,0.0,2.65,8.24,7.0,1.0,0.0,0.0,MW Coll
1993,Sweet Sixteen,1,Indiana,4,Louisville,0,35.0,0.886,17.0,1.0,1076.0,0.522,197.0,0.425,679.0,0.717,,1281.0,620.0,218.0,99.0,450.0,557.0,,,0.459,0.225,0.603,52.1,57.6,,6.0,0.57,15.2,,0.329,1.0,19.16,6.67,17.0,13.0,5.0,3.0,Big Ten,31.0,0.71,11.0,1.0,917.0,0.498,188.0,0.416,491.0,0.669,,1167.0,520.0,239.0,134.0,472.0,537.0,,,0.399,0.246,0.574,52.3,56.7,,9.8,0.549,17.7,,0.267,1.0,9.69,4.96,17.0,13.0,6.0,2.0,Metro
1993,First Round,5,Oklahoma State,12,Marquette,0,29.0,0.69,8.0,6.0,807.0,0.514,131.0,0.389,501.0,0.673,,1125.0,519.0,213.0,84.0,506.0,539.0,,,0.474,0.215,0.584,55.7,64.3,,6.7,0.555,20.8,,0.319,1.0,5.71,8.9,16.0,9.0,1.0,0.0,Big 8,28.0,0.714,6.0,4.0,730.0,0.481,131.0,0.399,476.0,0.743,,1032.0,507.0,180.0,122.0,383.0,453.0,,,0.422,0.216,0.567,54.7,69.5,,10.4,0.524,17.4,,0.314,1.0,2.58,13.1,1.0,0.0,0.0,0.0,GMWC
1993,First Round,4,Louisville,13,Delaware,0,31.0,0.71,11.0,1.0,917.0,0.498,188.0,0.416,491.0,0.669,,1167.0,520.0,239.0,134.0,472.0,537.0,,,0.399,0.246,0.574,52.3,56.7,,9.8,0.549,17.7,,0.267,1.0,9.69,4.96,17.0,13.0,6.0,2.0,Metro,30.0,0.733,10.0,4.0,775.0,0.44,111.0,0.324,583.0,0.697,,1260.0,380.0,230.0,138.0,473.0,515.0,,,0.474,0.195,0.519,54.1,49.0,,9.5,0.471,18.0,,0.331,0.0,-1.72,1.09,2.0,0.0,0.0,0.0,NAC
1993,Second Round,4,Louisville,5,Oklahoma State,0,31.0,0.71,11.0,1.0,917.0,0.498,188.0,0.416,491.0,0.669,,1167.0,520.0,239.0,134.0,472.0,537.0,,,0.399,0.246,0.574,52.3,56.7,,9.8,0.549,17.7,,0.267,1.0,9.69,4.96,17.0,13.0,6.0,2.0,Metro,29.0,0.69,8.0,6.0,807.0,0.514,131.0,0.389,501.0,0.673,,1125.0,519.0,213.0,84.0,506.0,539.0,,,0.474,0.215,0.584,55.7,64.3,,6.7,0.555,20.8,,0.319,1.0,5.71,8.9,16.0,9.0,1.0,0.0,Big 8
1993,First Round,6,California,11,LSU,0,30.0,0.7,12.0,6.0,877.0,0.473,135.0,0.311,491.0,0.665,,1136.0,514.0,284.0,98.0,497.0,605.0,,,0.398,0.234,0.54,53.2,58.6,,8.1,0.509,18.4,,0.265,0.0,9.54,3.26,1.0,1.0,0.0,0.0,Pac-10,33.0,0.667,9.0,7.0,944.0,0.438,193.0,0.368,516.0,0.684,,1291.0,493.0,316.0,100.0,486.0,600.0,,,0.35,0.244,0.517,51.7,52.2,,7.2,0.483,16.2,,0.239,0.0,6.08,4.17,13.0,5.0,2.0,0.0,SEC
1993,First Round,3,Duke,14,Southern Illinois,1,32.0,0.75,10.0,6.0,989.0,0.507,184.0,0.397,604.0,0.721,,1153.0,529.0,270.0,161.0,469.0,528.0,,,0.43,0.237,0.589,49.9,53.5,,9.7,0.554,16.6,,0.31,1.0,16.57,9.42,10.0,7.0,6.0,2.0,ACC,33.0,0.697,12.0,6.0,917.0,0.465,143.0,0.337,568.0,0.693,,1309.0,448.0,264.0,132.0,491.0,695.0,,,0.416,0.215,0.539,54.7,48.9,,9.3,0.501,17.2,,0.288,0.0,8.75,0.58,1.0,0.0,0.0,0.0,MVC
1993,Second Round,3,Duke,6,California,1,32.0,0.75,10.0,6.0,989.0,0.507,184.0,0.397,604.0,0.721,,1153.0,529.0,270.0,161.0,469.0,528.0,,,0.43,0.237,0.589,49.9,53.5,,9.7,0.554,16.6,,0.31,1.0,16.57,9.42,10.0,7.0,6.0,2.0,ACC,30.0,0.7,12.0,6.0,877.0,0.473,135.0,0.311,491.0,0.665,,1136.0,514.0,284.0,98.0,497.0,605.0,,,0.398,0.234,0.54,53.2,58.6,,8.1,0.509,18.4,,0.265,0.0,9.54,3.26,1.0,1.0,0.0,0.0,Pac-10
1993,Sweet Sixteen,2,Kansas,6,California,0,36.0,0.806,11.0,3.0,1109.0,0.515,215.0,0.408,604.0,0.718,,1299.0,687.0,328.0,104.0,523.0,633.0,,,0.39,0.245,0.595,51.7,61.9,,6.5,0.565,17.0,,0.28,1.0,12.67,9.63,4.0,2.0,2.0,0.0,Big 8,30.0,0.7,12.0,6.0,877.0,0.473,135.0,0.311,491.0,0.665,,1136.0,514.0,284.0,98.0,497.0,605.0,,,0.398,0.234,0.54,53.2,58.6,,8.1,0.509,18.4,,0.265,0.0,9.54,3.26,1.0,1.0,0.0,0.0,Pac-10
1993,First Round,7,BYU,10,SMU,0,34.0,0.735,15.0,3.0,948.0,0.498,161.0,0.363,697.0,0.767,,1324.0,613.0,214.0,127.0,566.0,721.0,,,0.477,0.233,0.589,54.6,64.7,,9.0,0.54,19.5,,0.366,0.0,10.22,2.28,4.0,0.0,0.0,0.0,WAC,28.0,0.714,12.0,2.0,842.0,0.43,171.0,0.299,417.0,0.596,,1248.0,455.0,233.0,105.0,359.0,545.0,,,0.358,0.292,0.496,51.1,54.0,,8.1,0.474,13.6,,0.213,0.0,6.35,0.46,1.0,0.0,0.0,0.0,SWC
1993,First Round,2,Kansas,15,Ball State,0,36.0,0.806,11.0,3.0,1109.0,0.515,215.0,0.408,604.0,0.718,,1299.0,687.0,328.0,104.0,523.0,633.0,,,0.39,0.245,0.595,51.7,61.9,,6.5,0.565,17.0,,0.28,1.0,12.67,9.63,4.0,2.0,2.0,0.0,Big 8,34.0,0.765,14.0,4.0,835.0,0.466,143.0,0.38,608.0,0.696,,1199.0,464.0,199.0,86.0,507.0,554.0,,,0.487,0.21,0.549,53.3,55.6,,6.1,0.506,18.7,,0.339,0.0,-2.81,4.13,2.0,1.0,0.0,0.0,MAC
1993,Second Round,2,Kansas,7,BYU,0,36.0,0.806,11.0,3.0,1109.0,0.515,215.0,0.408,604.0,0.718,,1299.0,687.0,328.0,104.0,523.0,633.0,,,0.39,0.245,0.595,51.7,61.9,,6.5,0.565,17.0,,0.28,1.0,12.67,9.63,4.0,2.0,2.0,0.0,Big 8,34.0,0.735,15.0,3.0,948.0,0.498,161.0,0.363,697.0,0.767,,1324.0,613.0,214.0,127.0,566.0,721.0,,,0.477,0.233,0.589,54.6,64.7,,9.0,0.54,19.5,,0.366,0.0,10.22,2.28,4.0,0.0,0.0,0.0,WAC
1993,First Round,1,Kentucky,16,Rider,0,34.0,0.882,13.0,3.0,1048.0,0.48,340.0,0.394,539.0,0.688,,1364.0,665.0,323.0,160.0,541.0,776.0,,,0.359,0.395,0.582,54.0,63.5,,10.7,0.558,17.5,,0.247,1.0,16.77,10.13,4.0,3.0,2.0,0.0,SEC,30.0,0.633,14.0,4.0,775.0,0.479,132.0,0.371,520.0,0.694,,1033.0,415.0,215.0,91.0,451.0,602.0,,,0.463,0.22,0.558,50.0,53.5,,7.1,0.52,18.6,,0.321,0.0,-3.06,-2.55,1.0,0.0,0.0,0.0,NEC
1993,Second Round,1,Kentucky,8,Utah,0,34.0,0.882,13.0,3.0,1048.0,0.48,340.0,0.394,539.0,0.688,,1364.0,665.0,323.0,160.0,541.0,776.0,,,0.359,0.395,0.582,54.0,63.5,,10.7,0.558,17.5,,0.247,1.0,16.77,10.13,4.0,3.0,2.0,0.0,SEC,31.0,0.774,15.0,3.0,863.0,0.493,189.0,0.41,476.0,0.791,,1140.0,539.0,206.0,120.0,396.0,528.0,,,0.344,0.263,0.587,53.4,62.5,,9.2,0.547,16.3,,0.272,0.0,5.98,7.37,3.0,1.0,0.0,0.0,WAC
1993,Sweet Sixteen,1,Kentucky,5,Wake Forest,1,34.0,0.882,13.0,3.0,1048.0,0.48,340.0,0.394,539.0,0.688,,1364.0,665.0,323.0,160.0,541.0,776.0,,,0.359,0.395,0.582,54.0,63.5,,10.7,0.558,17.5,,0.247,1.0,16.77,10.13,4.0,3.0,2.0,0.0,SEC,30.0,0.7,10.0,6.0,834.0,0.491,181.0,0.402,481.0,0.722,,1103.0,493.0,206.0,87.0,432.0,459.0,,,0.392,0.265,0.578,53.5,59.1,,6.9,0.544,17.7,,0.283,1.0,6.9,9.92,3.0,1.0,0.0,0.0,ACC
1993,Second Round,4,Iowa,5,Wake Forest,1,32.0,0.719,11.0,7.0,886.0,0.472,103.0,0.319,632.0,0.705,,1370.0,456.0,306.0,165.0,489.0,498.0,,,0.478,0.172,0.545,57.4,51.5,,11.8,0.5,17.5,,0.337,1.0,7.85,11.9,8.0,4.0,0.0,0.0,Big Ten,30.0,0.7,10.0,6.0,834.0,0.491,181.0,0.402,481.0,0.722,,1103.0,493.0,206.0,87.0,432.0,459.0,,,0.392,0.265,0.578,53.5,59.1,,6.9,0.544,17.7,,0.283,1.0,6.9,9.92,3.0,1.0,0.0,0.0,ACC
1993,Elite Eight,1,Kentucky,3,Florida State,1,34.0,0.882,13.0,3.0,1048.0,0.48,340.0,0.394,539.0,0.688,,1364.0,665.0,323.0,160.0,541.0,776.0,,,0.359,0.395,0.582,54.0,63.5,,10.7,0.558,17.5,,0.247,1.0,16.77,10.13,4.0,3.0,2.0,0.0,SEC,35.0,0.714,12.0,4.0,1145.0,0.495,187.0,0.332,543.0,0.673,,1376.0,584.0,322.0,210.0,554.0,606.0,,,0.349,0.244,0.56,50.6,51.0,,11.6,0.535,17.0,,0.235,1.0,17.84,0.22,7.0,2.0,0.0,0.0,ACC
1993,First Round,8,Utah,9,Pitt,0,31.0,0.774,15.0,3.0,863.0,0.493,189.0,0.41,476.0,0.791,,1140.0,539.0,206.0,120.0,396.0,528.0,,,0.344,0.263,0.587,53.4,62.5,,9.2,0.547,16.3,,0.272,0.0,5.98,7.37,3.0,1.0,0.0,0.0,WAC,28.0,0.607,9.0,9.0,780.0,0.454,129.0,0.315,474.0,0.661,,1123.0,423.0,176.0,116.0,456.0,544.0,,,0.418,0.238,0.526,52.8,54.2,,8.8,0.492,18.1,,0.276,0.0,9.25,0.48,7.0,1.0,0.0,0.0,Big East
1993,First Round,5,Wake Forest,12,Chattanooga,0,30.0,0.7,10.0,6.0,834.0,0.491,181.0,0.402,481.0,0.722,,1103.0,493.0,206.0,87.0,432.0,459.0,,,0.392,0.265,0.578,53.5,59.1,,6.9,0.544,17.7,,0.283,1.0,6.9,9.92,3.0,1.0,0.0,0.0,ACC,33.0,0.788,16.0,2.0,995.0,0.483,235.0,0.381,595.0,0.751,,1304.0,549.0,261.0,117.0,444.0,513.0,,,0.384,0.299,0.579,52.3,55.2,,7.9,0.54,15.4,,0.289,0.0,7.54,-0.91,2.0,0.0,0.0,0.0,Southern
1993,First Round,4,Iowa,13,Louisiana-Monroe,0,32.0,0.719,11.0,7.0,886.0,0.472,103.0,0.319,632.0,0.705,,1370.0,456.0,306.0,165.0,489.0,498.0,,,0.478,0.172,0.545,57.4,51.5,,11.8,0.5,17.5,,0.337,1.0,7.85,11.9,8.0,4.0,0.0,0.0,Big Ten,31.0,0.839,17.0,1.0,1015.0,0.522,171.0,0.387,501.0,0.643,,1085.0,482.0,317.0,87.0,427.0,613.0,,,0.4,0.227,0.583,50.3,47.5,,6.1,0.566,15.6,,0.257,0.0,7.89,-0.24,6.0,0.0,0.0,0.0,Southland
1993,First Round,6,Kansas State,11,Tulane,1,30.0,0.633,7.0,7.0,780.0,0.442,160.0,0.343,389.0,0.667,,1117.0,456.0,202.0,49.0,477.0,571.0,,,0.331,0.265,0.517,53.7,58.5,,3.8,0.488,19.0,,0.221,0.0,-0.59,10.44,1.0,0.0,0.0,0.0,Big 8,31.0,0.71,9.0,3.0,864.0,0.45,118.0,0.303,506.0,0.631,,1183.0,478.0,368.0,101.0,478.0,592.0,,,0.418,0.203,0.511,51.1,55.3,,8.2,0.481,17.2,,0.264,0.0,2.75,5.37,2.0,0.0,0.0,0.0,Metro
1993,Second Round,3,Florida State,11,Tulane,0,35.0,0.714,12.0,4.0,1145.0,0.495,187.0,0.332,543.0,0.673,,1376.0,584.0,322.0,210.0,554.0,606.0,,,0.349,0.244,0.56,50.6,51.0,,11.6,0.535,17.0,,0.235,1.0,17.84,0.22,7.0,2.0,0.0,0.0,ACC,31.0,0.71,9.0,3.0,864.0,0.45,118.0,0.303,506.0,0.631,,1183.0,478.0,368.0,101.0,478.0,592.0,,,0.418,0.203,0.511,51.1,55.3,,8.2,0.481,17.2,,0.264,0.0,2.75,5.37,2.0,0.0,0.0,0.0,Metro
1993,First Round,3,Florida State,14,Evansville,0,35.0,0.714,12.0,4.0,1145.0,0.495,187.0,0.332,543.0,0.673,,1376.0,584.0,322.0,210.0,554.0,606.0,,,0.349,0.244,0.56,50.6,51.0,,11.6,0.535,17.0,,0.235,1.0,17.84,0.22,7.0,2.0,0.0,0.0,ACC,30.0,0.767,12.0,2.0,768.0,0.486,166.0,0.391,549.0,0.747,,1037.0,485.0,172.0,90.0,427.0,552.0,,,0.465,0.269,0.583,51.2,63.2,,7.1,0.539,18.1,,0.347,0.0,0.83,8.02,3.0,0.0,0.0,0.0,MW Coll
1993,Sweet Sixteen,3,Florida State,7,Western Kentucky,0,35.0,0.714,12.0,4.0,1145.0,0.495,187.0,0.332,543.0,0.673,,1376.0,584.0,322.0,210.0,554.0,606.0,,,0.349,0.244,0.56,50.6,51.0,,11.6,0.535,17.0,,0.235,1.0,17.84,0.22,7.0,2.0,0.0,0.0,ACC,32.0,0.813,14.0,4.0,985.0,0.479,205.0,0.36,548.0,0.642,,1234.0,517.0,358.0,124.0,533.0,707.0,,,0.416,0.277,0.553,53.1,52.5,,9.3,0.529,17.8,,0.267,1.0,10.97,4.24,1.0,1.0,0.0,0.0,Sun Belt
1993,Second Round,2,Seton Hall,7,Western Kentucky,1,35.0,0.8,14.0,4.0,922.0,0.475,198.0,0.389,683.0,0.755,,1308.0,540.0,258.0,167.0,497.0,639.0,,,0.466,0.262,0.575,51.8,58.6,,10.6,0.526,17.3,,0.352,1.0,9.1,10.38,5.0,3.0,1.0,0.0,Big East,32.0,0.813,14.0,4.0,985.0,0.479,205.0,0.36,548.0,0.642,,1234.0,517.0,358.0,124.0,533.0,707.0,,,0.416,0.277,0.553,53.1,52.5,,9.3,0.529,17.8,,0.267,1.0,10.97,4.24,1.0,1.0,0.0,0.0,Sun Belt
1993,First Round,7,Western Kentucky,10,Memphis,0,32.0,0.813,14.0,4.0,985.0,0.479,205.0,0.36,548.0,0.642,,1234.0,517.0,358.0,124.0,533.0,707.0,,,0.416,0.277,0.553,53.1,52.5,,9.3,0.529,17.8,,0.267,1.0,10.97,4.24,1.0,1.0,0.0,0.0,Sun Belt,32.0,0.625,7.0,3.0,888.0,0.453,170.0,0.322,456.0,0.676,,1195.0,521.0,287.0,140.0,466.0,558.0,,,0.345,0.27,0.527,51.0,58.7,,10.3,0.497,17.0,,0.233,0.0,5.79,6.91,4.0,1.0,0.0,0.0,GMWC
1993,First Round,2,Seton Hall,15,Tennessee State,0,35.0,0.8,14.0,4.0,922.0,0.475,198.0,0.389,683.0,0.755,,1308.0,540.0,258.0,167.0,497.0,639.0,,,0.466,0.262,0.575,51.8,58.6,,10.6,0.526,17.3,,0.352,1.0,9.1,10.38,5.0,3.0,1.0,0.0,Big East,29.0,0.655,13.0,3.0,836.0,0.464,191.0,0.342,419.0,0.638,,1166.0,488.0,190.0,127.0,430.0,578.0,,,0.364,0.31,0.539,51.6,58.4,,9.9,0.517,16.9,,0.232,0.0,1.27,-2.4,1.0,0.0,0.0,0.0,OVC
1993,First Round,1,Michigan,16,Coastal Carolina,0,36.0,0.861,15.0,3.0,1131.0,0.498,151.0,0.35,537.0,0.653,,1493.0,587.0,243.0,193.0,561.0,670.0,,,0.362,0.19,0.555,55.2,51.9,,11.4,0.532,17.4,,0.237,1.0,14.2,7.81,4.0,3.0,3.0,1.0,Big Ten,32.0,0.688,12.0,4.0,893.0,0.479,195.0,0.405,507.0,0.701,,1143.0,480.0,249.0,120.0,450.0,524.0,,,0.387,0.258,0.563,50.5,53.8,,8.4,0.531,16.9,,0.272,0.0,-3.81,-0.11,2.0,0.0,0.0,0.0,Big South
1993,Second Round,1,Michigan,9,UCLA,0,36.0,0.861,15.0,3.0,1131.0,0.498,151.0,0.35,537.0,0.653,,1493.0,587.0,243.0,193.0,561.0,670.0,,,0.362,0.19,0.555,55.2,51.9,,11.4,0.532,17.4,,0.237,1.0,14.2,7.81,4.0,3.0,3.0,1.0,Big Ten,33.0,0.667,11.0,7.0,985.0,0.503,116.0,0.358,501.0,0.671,,1333.0,528.0,266.0,180.0,542.0,619.0,,,0.381,0.165,0.559,51.8,53.6,,11.7,0.532,19.0,,0.256,0.0,9.69,1.66,9.0,2.0,0.0,0.0,Pac-10
1993,First Round,8,Iowa State,9,UCLA,1,31.0,0.645,8.0,6.0,946.0,0.489,163.0,0.302,465.0,0.759,,1062.0,563.0,328.0,81.0,442.0,503.0,,,0.317,0.279,0.566,48.6,59.5,,5.4,0.531,16.6,,0.24,1.0,11.05,7.6,10.0,4.0,1.0,0.0,Big 8,33.0,0.667,11.0,7.0,985.0,0.503,116.0,0.358,501.0,0.671,,1333.0,528.0,266.0,180.0,542.0,619.0,,,0.381,0.165,0.559,51.8,53.6,,11.7,0.532,19.0,,0.256,0.0,9.69,1.66,9.0,2.0,0.0,0.0,Pac-10
1993,Sweet Sixteen,1,Michigan,12,George Washington,0,36.0,0.861,15.0,3.0,1131.0,0.498,151.0,0.35,537.0,0.653,,1493.0,587.0,243.0,193.0,561.0,670.0,,,0.362,0.19,0.555,55.2,51.9,,11.4,0.532,17.4,,0.237,1.0,14.2,7.81,4.0,3.0,3.0,1.0,Big Ten,30.0,0.7,8.0,6.0,797.0,0.448,162.0,0.371,536.0,0.625,,1267.0,368.0,170.0,139.0,,637.0,,,0.482,0.246,0.524,52.7,46.2,,10.6,0.494,,,0.301,0.0,5.13,6.43,3.0,1.0,0.0,0.0,A-10
1993,First Round,5,New Mexico,12,George Washington,1,31.0,0.774,13.0,5.0,768.0,0.457,238.0,0.39,390.0,0.636,,1074.0,449.0,200.0,133.0,373.0,489.0,,,0.365,0.364,0.549,49.7,58.5,,9.6,0.528,15.9,,0.232,0.0,-1.7,10.67,6.0,1.0,0.0,0.0,WAC,30.0,0.7,8.0,6.0,797.0,0.448,162.0,0.371,536.0,0.625,,1267.0,368.0,170.0,139.0,,637.0,,,0.482,0.246,0.524,52.7,46.2,,10.6,0.494,,,0.301,0.0,5.13,6.43,3.0,1.0,0.0,0.0,A-10
1993,Elite Eight,1,Michigan,7,Temple,0,36.0,0.861,15.0,3.0,1131.0,0.498,151.0,0.35,537.0,0.653,,1493.0,587.0,243.0,193.0,561.0,670.0,,,0.362,0.19,0.555,55.2,51.9,,11.4,0.532,17.4,,0.237,1.0,14.2,7.81,4.0,3.0,3.0,1.0,Big Ten,33.0,0.606,8.0,6.0,819.0,0.436,196.0,0.346,451.0,0.64,,1149.0,355.0,277.0,100.0,334.0,517.0,,,0.375,0.302,0.516,48.4,43.3,,8.4,0.488,13.1,,0.24,0.0,2.02,10.9,9.0,3.0,0.0,0.0,A-10
1993,Sweet Sixteen,3,Vanderbilt,7,Temple,1,34.0,0.824,14.0,2.0,986.0,0.5,262.0,0.412,588.0,0.729,,1208.0,577.0,277.0,99.0,485.0,568.0,,,0.409,0.323,0.599,50.7,58.5,,6.6,0.567,17.1,,0.298,1.0,12.81,7.01,4.0,1.0,0.0,0.0,SEC,33.0,0.606,8.0,6.0,819.0,0.436,196.0,0.346,451.0,0.64,,1149.0,355.0,277.0,100.0,334.0,517.0,,,0.375,0.302,0.516,48.4,43.3,,8.4,0.488,13.1,,0.24,0.0,2.02,10.9,9.0,3.0,0.0,0.0,A-10
1993,First Round,4,Georgia Tech,13,Southern,1,30.0,0.633,8.0,8.0,905.0,0.494,147.0,0.385,374.0,0.684,,1176.0,588.0,191.0,151.0,485.0,461.0,,,0.298,0.208,0.557,51.8,65.0,,10.2,0.534,18.8,,0.204,0.0,7.64,5.32,10.0,4.0,1.0,0.0,ACC,31.0,0.677,9.0,5.0,1075.0,0.463,258.0,0.388,603.0,0.639,,1422.0,536.0,387.0,139.0,552.0,625.0,,,0.406,0.286,0.543,51.2,49.9,,7.8,0.518,16.6,,0.26,0.0,14.6,-12.59,4.0,0.0,0.0,0.0,SWAC
1993,Second Round,12,George Washington,13,Southern,0,30.0,0.7,8.0,6.0,797.0,0.448,162.0,0.371,536.0,0.625,,1267.0,368.0,170.0,139.0,,637.0,,,0.482,0.246,0.524,52.7,46.2,,10.6,0.494,,,0.301,0.0,5.13,6.43,3.0,1.0,0.0,0.0,A-10,31.0,0.677,9.0,5.0,1075.0,0.463,258.0,0.388,603.0,0.639,,1422.0,536.0,387.0,139.0,552.0,625.0,,,0.406,0.286,0.543,51.2,49.9,,7.8,0.518,16.6,,0.26,0.0,14.6,-12.59,4.0,0.0,0.0,0.0,SWAC
1993,First Round,6,Illinois,11,Long Beach State,0,32.0,0.594,11.0,7.0,877.0,0.479,158.0,0.367,517.0,0.689,,1155.0,496.0,179.0,92.0,485.0,573.0,,,0.409,0.235,0.555,52.1,56.6,,6.4,0.522,18.1,,0.282,0.0,7.15,4.68,16.0,7.0,2.0,0.0,Big Ten,32.0,0.688,11.0,7.0,883.0,0.485,200.0,0.385,546.0,0.695,,1113.0,548.0,267.0,68.0,509.0,618.0,,,0.432,0.286,0.573,50.8,62.1,,4.7,0.54,18.8,,0.3,0.0,4.81,3.44,1.0,0.0,0.0,0.0,Big West
1993,First Round,3,Vanderbilt,14,Boise State,0,34.0,0.824,14.0,2.0,986.0,0.5,262.0,0.412,588.0,0.729,,1208.0,577.0,277.0,99.0,485.0,568.0,,,0.409,0.323,0.599,50.7,58.5,,6.6,0.567,17.1,,0.298,1.0,12.81,7.01,4.0,1.0,0.0,0.0,SEC,29.0,0.724,10.0,4.0,779.0,0.474,121.0,0.311,511.0,0.718,,1010.0,422.0,250.0,109.0,463.0,597.0,,,0.433,0.237,0.552,49.4,54.2,,8.7,0.511,18.9,,0.311,0.0,0.56,-0.21,3.0,1.0,0.0,0.0,Big Sky
1993,Second Round,3,Vanderbilt,6,Illinois,0,34.0,0.824,14.0,2.0,986.0,0.5,262.0,0.412,588.0,0.729,,1208.0,577.0,277.0,99.0,485.0,568.0,,,0.409,0.323,0.599,50.7,58.5,,6.6,0.567,17.1,,0.298,1.0,12.81,7.01,4.0,1.0,0.0,0.0,SEC,32.0,0.594,11.0,7.0,877.0,0.479,158.0,0.367,517.0,0.689,,1155.0,496.0,179.0,92.0,485.0,573.0,,,0.409,0.235,0.555,52.1,56.6,,6.4,0.522,18.1,,0.282,0.0,7.15,4.68,16.0,7.0,2.0,0.0,Big Ten
1993,First Round,7,Temple,10,Missouri,0,33.0,0.606,8.0,6.0,819.0,0.436,196.0,0.346,451.0,0.64,,1149.0,355.0,277.0,100.0,334.0,517.0,,,0.375,0.302,0.516,48.4,43.3,,8.4,0.488,13.1,,0.24,0.0,2.02,10.9,9.0,3.0,0.0,0.0,A-10,33.0,0.576,5.0,9.0,892.0,0.459,156.0,0.36,512.0,0.606,,1298.0,532.0,252.0,101.0,468.0,626.0,,,0.435,0.223,0.523,52.6,59.6,,7.7,0.499,16.6,,0.264,0.0,3.28,10.1,13.0,4.0,0.0,0.0,Big 8
1993,Second Round,7,Temple,15,Santa Clara,0,33.0,0.606,8.0,6.0,819.0,0.436,196.0,0.346,451.0,0.64,,1149.0,355.0,277.0,100.0,334.0,517.0,,,0.375,0.302,0.516,48.4,43.3,,8.4,0.488,13.1,,0.24,0.0,2.02,10.9,9.0,3.0,0.0,0.0,A-10,31.0,0.613,9.0,5.0,721.0,0.43,194.0,0.348,500.0,0.702,,1076.0,448.0,203.0,50.0,398.0,614.0,,,0.425,0.332,0.53,51.5,62.1,,4.4,0.488,16.5,,0.298,0.0,-4.44,5.85,1.0,0.0,0.0,0.0,WCC
1993,First Round,2,Arizona,15,Santa Clara,1,28.0,0.857,17.0,1.0,847.0,0.488,143.0,0.357,503.0,0.684,,1208.0,486.0,193.0,124.0,445.0,520.0,,,0.424,0.231,0.562,55.8,57.4,,9.9,0.53,17.6,,0.29,1.0,15.06,5.43,14.0,5.0,2.0,0.0,Pac-10,31.0,0.613,9.0,5.0,721.0,0.43,194.0,0.348,500.0,0.702,,1076.0,448.0,203.0,50.0,398.0,614.0,,,0.425,0.332,0.53,51.5,62.1,,4.4,0.488,16.5,,0.298,0.0,-4.44,5.85,1.0,0.0,0.0,0.0,WCC
1994,First Round,1,UNC,16,Liberty,0,35.0,0.8,11.0,5.0,1091.0,0.499,144.0,0.33,670.0,0.665,,1531.0,649.0,285.0,219.0,532.0,579.0,,,0.461,0.2,0.562,55.4,59.5,,14.3,0.532,16.6,,0.306,1.0,16.88,5.74,24.0,19.0,9.0,2.0,ACC,30.0,0.6,12.0,6.0,743.0,0.447,211.0,0.366,455.0,0.715,,1099.0,479.0,173.0,125.0,469.0,514.0,,,0.383,0.347,0.548,49.5,64.5,,9.1,0.511,19.3,,0.274,0.0,-7.67,1.01,1.0,0.0,0.0,0.0,Big South
1994,Second Round,1,UNC,9,Boston College,1,35.0,0.8,11.0,5.0,1091.0,0.499,144.0,0.33,670.0,0.665,,1531.0,649.0,285.0,219.0,532.0,579.0,,,0.461,0.2,0.562,55.4,59.5,,14.3,0.532,16.6,,0.306,1.0,16.88,5.74,24.0,19.0,9.0,2.0,ACC,34.0,0.676,11.0,7.0,944.0,0.471,234.0,0.404,536.0,0.682,,1286.0,536.0,236.0,70.0,463.0,604.0,,,0.392,0.289,0.559,51.1,56.8,,4.4,0.529,16.3,,0.267,1.0,7.64,9.14,1.0,1.0,0.0,0.0,Big East
1994,First Round,8,Washington State,9,Boston College,1,31.0,0.645,10.0,8.0,846.0,0.472,221.0,0.37,442.0,0.7,,1131.0,428.0,232.0,93.0,485.0,589.0,,,0.352,0.334,0.563,51.7,50.6,,7.4,0.534,18.8,,0.247,0.0,4.93,8.84,1.0,0.0,0.0,0.0,Pac-10,34.0,0.676,11.0,7.0,944.0,0.471,234.0,0.404,536.0,0.682,,1286.0,536.0,236.0,70.0,463.0,604.0,,,0.392,0.289,0.559,51.1,56.8,,4.4,0.529,16.3,,0.267,1.0,7.64,9.14,1.0,1.0,0.0,0.0,Big East
1994,Sweet Sixteen,5,Indiana,9,Boston College,1,30.0,0.7,12.0,6.0,832.0,0.484,182.0,0.454,582.0,0.75,,1145.0,523.0,183.0,125.0,476.0,551.0,,,0.451,0.233,0.581,51.4,62.9,,9.0,0.537,18.6,,0.338,1.0,11.93,4.11,18.0,14.0,5.0,3.0,Big Ten,34.0,0.676,11.0,7.0,944.0,0.471,234.0,0.404,536.0,0.682,,1286.0,536.0,236.0,70.0,463.0,604.0,,,0.392,0.289,0.559,51.1,56.8,,4.4,0.529,16.3,,0.267,1.0,7.64,9.14,1.0,1.0,0.0,0.0,Big East
1994,Elite Eight,3,Florida,9,Boston College,0,37.0,0.784,12.0,4.0,985.0,0.454,196.0,0.36,611.0,0.705,,1478.0,529.0,305.0,145.0,591.0,683.0,,,0.4,0.251,0.538,54.3,53.7,,10.1,0.499,18.6,,0.282,1.0,4.02,12.16,5.0,2.0,1.0,0.0,SEC,34.0,0.676,11.0,7.0,944.0,0.471,234.0,0.404,536.0,0.682,,1286.0,536.0,236.0,70.0,463.0,604.0,,,0.392,0.289,0.559,51.1,56.8,,4.4,0.529,16.3,,0.267,1.0,7.64,9.14,1.0,1.0,0.0,0.0,Big East
1994,First Round,5,Indiana,12,Ohio,0,30.0,0.7,12.0,6.0,832.0,0.484,182.0,0.454,582.0,0.75,,1145.0,523.0,183.0,125.0,476.0,551.0,,,0.451,0.233,0.581,51.4,62.9,,9.0,0.537,18.6,,0.338,1.0,11.93,4.11,18.0,14.0,5.0,3.0,Big Ten,33.0,0.758,14.0,4.0,924.0,0.475,208.0,0.392,612.0,0.672,,1314.0,489.0,190.0,168.0,492.0,640.0,,,0.468,0.272,0.561,53.9,52.9,,11.7,0.529,17.1,,0.315,0.0,7.9,3.6,1.0,0.0,0.0,0.0,MAC
1994,First Round,4,Temple,13,Drexel,0,31.0,0.742,12.0,4.0,718.0,0.416,158.0,0.34,383.0,0.639,,1162.0,313.0,253.0,110.0,265.0,414.0,,,0.347,0.27,0.492,51.6,43.6,,10.9,0.462,11.7,,0.222,1.0,-5.71,22.99,10.0,3.0,0.0,0.0,A-10,30.0,0.833,12.0,2.0,798.0,0.449,204.0,0.376,495.0,0.631,,1262.0,503.0,156.0,68.0,367.0,560.0,,,0.442,0.306,0.534,52.7,63.0,,4.8,0.506,14.6,,0.279,0.0,-2.33,5.61,1.0,0.0,0.0,0.0,NAC
1994,Second Round,4,Temple,5,Indiana,1,31.0,0.742,12.0,4.0,718.0,0.416,158.0,0.34,383.0,0.639,,1162.0,313.0,253.0,110.0,265.0,414.0,,,0.347,0.27,0.492,51.6,43.6,,10.9,0.462,11.7,,0.222,1.0,-5.71,22.99,10.0,3.0,0.0,0.0,A-10,30.0,0.7,12.0,6.0,832.0,0.484,182.0,0.454,582.0,0.75,,1145.0,523.0,183.0,125.0,476.0,551.0,,,0.451,0.233,0.581,51.4,62.9,,9.0,0.537,18.6,,0.338,1.0,11.93,4.11,18.0,14.0,5.0,3.0,Big Ten
1994,First Round,6,Nebraska,11,Penn,1,30.0,0.667,7.0,7.0,956.0,0.483,194.0,0.344,514.0,0.745,,1201.0,581.0,267.0,117.0,477.0,629.0,,,0.349,0.285,0.568,50.8,60.8,,8.7,0.532,17.1,,0.26,0.0,15.14,-1.58,6.0,0.0,0.0,0.0,Big 8,28.0,0.893,14.0,0.0,753.0,0.443,208.0,0.354,425.0,0.711,,1033.0,409.0,259.0,83.0,345.0,489.0,,,0.352,0.346,0.54,50.5,54.3,,7.6,0.505,14.8,,0.25,0.0,1.4,4.52,2.0,0.0,0.0,0.0,Ivy
1994,Second Round,3,Florida,11,Penn,0,37.0,0.784,12.0,4.0,985.0,0.454,196.0,0.36,611.0,0.705,,1478.0,529.0,305.0,145.0,591.0,683.0,,,0.4,0.251,0.538,54.3,53.7,,10.1,0.499,18.6,,0.282,1.0,4.02,12.16,5.0,2.0,1.0,0.0,SEC,28.0,0.893,14.0,0.0,753.0,0.443,208.0,0.354,425.0,0.711,,1033.0,409.0,259.0,83.0,345.0,489.0,,,0.352,0.346,0.54,50.5,54.3,,7.6,0.505,14.8,,0.25,0.0,1.4,4.52,2.0,0.0,0.0,0.0,Ivy
1994,First Round,3,Florida,14,James Madison,0,37.0,0.784,12.0,4.0,985.0,0.454,196.0,0.36,611.0,0.705,,1478.0,529.0,305.0,145.0,591.0,683.0,,,0.4,0.251,0.538,54.3,53.7,,10.1,0.499,18.6,,0.282,1.0,4.02,12.16,5.0,2.0,1.0,0.0,SEC,30.0,0.667,10.0,4.0,890.0,0.499,200.0,0.396,518.0,0.717,,1040.0,447.0,173.0,113.0,459.0,560.0,,,0.405,0.283,0.588,48.5,50.2,,7.8,0.555,17.8,,0.291,0.0,7.23,-5.04,12.0,8.0,0.0,0.0,CAA
1994,First Round,7,Alabama-Birmingham,10,George Washington,1,30.0,0.733,8.0,4.0,778.0,0.439,201.0,0.381,385.0,0.68,,1132.0,382.0,230.0,86.0,359.0,519.0,,,0.319,0.298,0.524,50.4,49.1,,6.9,0.495,14.9,,0.217,0.0,-1.29,15.98,12.0,5.0,2.0,0.0,GMWC,30.0,0.6,8.0,8.0,724.0,0.407,183.0,0.333,447.0,0.647,,1215.0,392.0,234.0,128.0,441.0,644.0,,,0.389,0.309,0.494,49.5,54.1,,9.8,0.459,17.3,,0.252,0.0,-0.53,9.7,4.0,1.0,0.0,0.0,A-10
1994,Second Round,2,UConn,10,George Washington,0,34.0,0.853,16.0,2.0,1045.0,0.495,192.0,0.369,606.0,0.721,,1411.0,628.0,296.0,218.0,525.0,640.0,,,0.398,0.246,0.575,54.1,60.1,,14.0,0.541,17.3,,0.287,1.0,13.63,8.96,9.0,3.0,0.0,0.0,Big East,30.0,0.6,8.0,8.0,724.0,0.407,183.0,0.333,447.0,0.647,,1215.0,392.0,234.0,128.0,441.0,644.0,,,0.389,0.309,0.494,49.5,54.1,,9.8,0.459,17.3,,0.252,0.0,-0.53,9.7,4.0,1.0,0.0,0.0,A-10
1994,First Round,2,UConn,15,Rider,0,34.0,0.853,16.0,2.0,1045.0,0.495,192.0,0.369,606.0,0.721,,1411.0,628.0,296.0,218.0,525.0,640.0,,,0.398,0.246,0.575,54.1,60.1,,14.0,0.541,17.3,,0.287,1.0,13.63,8.96,9.0,3.0,0.0,0.0,Big East,30.0,0.7,14.0,4.0,838.0,0.492,137.0,0.396,467.0,0.65,,1098.0,467.0,233.0,120.0,468.0,595.0,,,0.422,0.203,0.558,50.5,55.7,,9.2,0.532,18.6,,0.274,0.0,-2.72,1.83,2.0,0.0,0.0,0.0,NEC
1994,Sweet Sixteen,2,UConn,3,Florida,1,34.0,0.853,16.0,2.0,1045.0,0.495,192.0,0.369,606.0,0.721,,1411.0,628.0,296.0,218.0,525.0,640.0,,,0.398,0.246,0.575,54.1,60.1,,14.0,0.541,17.3,,0.287,1.0,13.63,8.96,9.0,3.0,0.0,0.0,Big East,37.0,0.784,12.0,4.0,985.0,0.454,196.0,0.36,611.0,0.705,,1478.0,529.0,305.0,145.0,591.0,683.0,,,0.4,0.251,0.538,54.3,53.7,,10.1,0.499,18.6,,0.282,1.0,4.02,12.16,5.0,2.0,1.0,0.0,SEC
1994,Final Four,2,Duke,3,Florida,0,34.0,0.824,12.0,4.0,950.0,0.486,172.0,0.365,567.0,0.711,,1227.0,529.0,243.0,204.0,481.0,535.0,,,0.408,0.241,0.566,50.6,55.7,,12.5,0.53,17.1,,0.29,1.0,8.85,10.44,11.0,8.0,7.0,2.0,ACC,37.0,0.784,12.0,4.0,985.0,0.454,196.0,0.36,611.0,0.705,,1478.0,529.0,305.0,145.0,591.0,683.0,,,0.4,0.251,0.538,54.3,53.7,,10.1,0.499,18.6,,0.282,1.0,4.02,12.16,5.0,2.0,1.0,0.0,SEC
1994,First Round,1,Arkansas,16,North Carolina A&T,0,34.0,0.912,14.0,2.0,1154.0,0.488,301.0,0.387,567.0,0.68,,1416.0,687.0,352.0,129.0,539.0,708.0,,,0.353,0.329,0.576,50.7,59.5,,8.6,0.552,16.3,,0.24,1.0,20.21,3.76,10.0,4.0,2.0,1.0,SEC,30.0,0.533,10.0,6.0,762.0,0.46,161.0,0.361,580.0,0.693,,1120.0,339.0,264.0,70.0,580.0,550.0,,,0.505,0.269,0.551,49.6,44.5,,5.2,0.508,22.0,,0.35,0.0,-2.33,-7.75,1.0,0.0,0.0,0.0,MEAC
1994,Second Round,1,Arkansas,9,Georgetown,0,34.0,0.912,14.0,2.0,1154.0,0.488,301.0,0.387,567.0,0.68,,1416.0,687.0,352.0,129.0,539.0,708.0,,,0.353,0.329,0.576,50.7,59.5,,8.6,0.552,16.3,,0.24,1.0,20.21,3.76,10.0,4.0,2.0,1.0,SEC,31.0,0.613,10.0,8.0,766.0,0.43,132.0,0.313,600.0,0.707,,1216.0,426.0,263.0,132.0,530.0,662.0,,,0.476,0.237,0.518,53.2,55.6,,10.3,0.467,19.5,,0.337,1.0,2.21,15.18,17.0,6.0,3.0,1.0,Big East
1994,First Round,8,Illinois,9,Georgetown,1,28.0,0.607,10.0,8.0,833.0,0.479,162.0,0.372,525.0,0.717,,1081.0,483.0,171.0,79.0,374.0,525.0,,,0.421,0.251,0.564,54.7,58.0,,6.7,0.526,15.2,,0.302,1.0,12.98,6.14,17.0,7.0,2.0,0.0,Big Ten,31.0,0.613,10.0,8.0,766.0,0.43,132.0,0.313,600.0,0.707,,1216.0,426.0,263.0,132.0,530.0,662.0,,,0.476,0.237,0.518,53.2,55.6,,10.3,0.467,19.5,,0.337,1.0,2.21,15.18,17.0,6.0,3.0,1.0,Big East
1994,Sweet Sixteen,1,Arkansas,12,Tulsa,1,34.0,0.912,14.0,2.0,1154.0,0.488,301.0,0.387,567.0,0.68,,1416.0,687.0,352.0,129.0,539.0,708.0,,,0.353,0.329,0.576,50.7,59.5,,8.6,0.552,16.3,,0.24,1.0,20.21,3.76,10.0,4.0,2.0,1.0,SEC,31.0,0.742,15.0,3.0,918.0,0.466,254.0,0.404,496.0,0.691,,1295.0,571.0,246.0,75.0,447.0,536.0,,,0.365,0.319,0.56,53.6,62.2,,5.4,0.531,16.2,,0.252,0.0,8.82,2.11,1.0,1.0,0.0,0.0,MVC
1994,First Round,5,UCLA,12,Tulsa,1,28.0,0.75,13.0,5.0,905.0,0.482,110.0,0.343,490.0,0.701,,1229.0,495.0,217.0,119.0,458.0,599.0,,,0.372,0.171,0.545,54.8,54.7,,9.8,0.511,17.2,,0.261,1.0,14.15,2.16,10.0,2.0,0.0,0.0,Pac-10,31.0,0.742,15.0,3.0,918.0,0.466,254.0,0.404,496.0,0.691,,1295.0,571.0,246.0,75.0,447.0,536.0,,,0.365,0.319,0.56,53.6,62.2,,5.4,0.531,16.2,,0.252,0.0,8.82,2.11,1.0,1.0,0.0,0.0,MVC
1994,Second Round,4,Oklahoma State,12,Tulsa,1,34.0,0.706,10.0,4.0,969.0,0.485,258.0,0.417,542.0,0.672,,1285.0,677.0,265.0,112.0,500.0,654.0,,,0.404,0.31,0.574,52.2,69.9,,7.9,0.549,17.3,,0.271,1.0,7.32,10.33,17.0,9.0,1.0,0.0,Big 8,31.0,0.742,15.0,3.0,918.0,0.466,254.0,0.404,496.0,0.691,,1295.0,571.0,246.0,75.0,447.0,536.0,,,0.365,0.319,0.56,53.6,62.2,,5.4,0.531,16.2,,0.252,0.0,8.82,2.11,1.0,1.0,0.0,0.0,MVC
1994,Elite Eight,1,Arkansas,3,Michigan,0,34.0,0.912,14.0,2.0,1154.0,0.488,301.0,0.387,567.0,0.68,,1416.0,687.0,352.0,129.0,539.0,708.0,,,0.353,0.329,0.576,50.7,59.5,,8.6,0.552,16.3,,0.24,1.0,20.21,3.76,10.0,4.0,2.0,1.0,SEC,32.0,0.75,13.0,5.0,968.0,0.487,173.0,0.349,445.0,0.673,,1177.0,525.0,267.0,87.0,494.0,631.0,,,0.333,0.249,0.555,53.1,54.2,,6.8,0.531,17.7,,0.224,1.0,9.63,8.83,5.0,4.0,3.0,1.0,Big Ten
1994,Final Four,1,Arkansas,2,Arizona,0,34.0,0.912,14.0,2.0,1154.0,0.488,301.0,0.387,567.0,0.68,,1416.0,687.0,352.0,129.0,539.0,708.0,,,0.353,0.329,0.576,50.7,59.5,,8.6,0.552,16.3,,0.24,1.0,20.21,3.76,10.0,4.0,2.0,1.0,SEC,35.0,0.829,14.0,4.0,1108.0,0.484,279.0,0.355,629.0,0.712,,1453.0,581.0,285.0,102.0,481.0,637.0,,,0.386,0.344,0.577,51.9,52.4,,6.3,0.545,15.1,,0.275,1.0,19.78,3.98,15.0,6.0,3.0,0.0,Pac-10
1994,Elite Eight,1,Missouri,2,Arizona,1,32.0,0.875,14.0,0.0,898.0,0.457,204.0,0.355,593.0,0.679,,1263.0,492.0,226.0,103.0,477.0,651.0,,,0.444,0.293,0.545,50.5,54.8,,7.4,0.509,16.7,,0.302,1.0,9.47,6.2,14.0,5.0,0.0,0.0,Big 8,35.0,0.829,14.0,4.0,1108.0,0.484,279.0,0.355,629.0,0.712,,1453.0,581.0,285.0,102.0,481.0,637.0,,,0.386,0.344,0.577,51.9,52.4,,6.3,0.545,15.1,,0.275,1.0,19.78,3.98,15.0,6.0,3.0,0.0,Pac-10
1994,National Championship,1,Arkansas,2,Duke,0,34.0,0.912,14.0,2.0,1154.0,0.488,301.0,0.387,567.0,0.68,,1416.0,687.0,352.0,129.0,539.0,708.0,,,0.353,0.329,0.576,50.7,59.5,,8.6,0.552,16.3,,0.24,1.0,20.21,3.76,10.0,4.0,2.0,1.0,SEC,34.0,0.824,12.0,4.0,950.0,0.486,172.0,0.365,567.0,0.711,,1227.0,529.0,243.0,204.0,481.0,535.0,,,0.408,0.241,0.566,50.6,55.7,,12.5,0.53,17.1,,0.29,1.0,8.85,10.44,11.0,8.0,7.0,2.0,ACC
1994,Elite Eight,1,Purdue,2,Duke,1,34.0,0.853,14.0,4.0,1050.0,0.469,252.0,0.389,519.0,0.701,,1376.0,586.0,246.0,103.0,473.0,654.0,,,0.33,0.289,0.554,52.6,55.8,,6.6,0.525,15.4,,0.232,1.0,14.26,7.12,11.0,2.0,0.0,0.0,Big Ten,34.0,0.824,12.0,4.0,950.0,0.486,172.0,0.365,567.0,0.711,,1227.0,529.0,243.0,204.0,481.0,535.0,,,0.408,0.241,0.566,50.6,55.7,,12.5,0.53,17.1,,0.29,1.0,8.85,10.44,11.0,8.0,7.0,2.0,ACC
1994,First Round,4,Oklahoma State,13,New Mexico State,0,34.0,0.706,10.0,4.0,969.0,0.485,258.0,0.417,542.0,0.672,,1285.0,677.0,265.0,112.0,500.0,654.0,,,0.404,0.31,0.574,52.2,69.9,,7.9,0.549,17.3,,0.271,1.0,7.32,10.33,17.0,9.0,1.0,0.0,Big 8,31.0,0.742,12.0,6.0,904.0,0.455,199.0,0.329,493.0,0.573,,1288.0,512.0,332.0,113.0,558.0,678.0,,,0.433,0.304,0.522,52.2,56.6,,9.7,0.506,18.9,,0.248,0.0,3.59,2.64,9.0,2.0,0.0,0.0,Big West
1994,First Round,6,Texas,11,Western Kentucky,0,34.0,0.765,12.0,2.0,1138.0,0.467,233.0,0.329,610.0,0.65,,1387.0,568.0,453.0,133.0,547.0,745.0,,,0.385,0.29,0.541,49.9,49.9,,8.0,0.515,15.9,,0.25,0.0,16.87,-1.76,6.0,2.0,0.0,0.0,SWC,31.0,0.645,14.0,4.0,883.0,0.468,178.0,0.331,459.0,0.641,,1211.0,445.0,287.0,137.0,537.0,677.0,,,0.38,0.285,0.54,53.9,50.4,,11.2,0.515,19.4,,0.243,0.0,3.02,5.05,2.0,1.0,0.0,0.0,Sun Belt
1994,First Round,3,Michigan,14,Pepperdine,0,32.0,0.75,13.0,5.0,968.0,0.487,173.0,0.349,445.0,0.673,,1177.0,525.0,267.0,87.0,494.0,631.0,,,0.333,0.249,0.555,53.1,54.2,,6.8,0.531,17.7,,0.224,1.0,9.63,8.83,5.0,4.0,3.0,1.0,Big Ten,30.0,0.633,8.0,6.0,810.0,0.474,161.0,0.381,394.0,0.643,,1110.0,477.0,251.0,96.0,428.0,520.0,,,0.358,0.247,0.543,52.7,58.9,,8.8,0.521,17.6,,0.23,0.0,-3.68,12.85,3.0,0.0,0.0,0.0,WCC
1994,Second Round,3,Michigan,6,Texas,0,32.0,0.75,13.0,5.0,968.0,0.487,173.0,0.349,445.0,0.673,,1177.0,525.0,267.0,87.0,494.0,631.0,,,0.333,0.249,0.555,53.1,54.2,,6.8,0.531,17.7,,0.224,1.0,9.63,8.83,5.0,4.0,3.0,1.0,Big Ten,34.0,0.765,12.0,2.0,1138.0,0.467,233.0,0.329,610.0,0.65,,1387.0,568.0,453.0,133.0,547.0,745.0,,,0.385,0.29,0.541,49.9,49.9,,8.0,0.515,15.9,,0.25,0.0,16.87,-1.76,6.0,2.0,0.0,0.0,SWC
1994,Sweet Sixteen,3,Michigan,10,Maryland,0,32.0,0.75,13.0,5.0,968.0,0.487,173.0,0.349,445.0,0.673,,1177.0,525.0,267.0,87.0,494.0,631.0,,,0.333,0.249,0.555,53.1,54.2,,6.8,0.531,17.7,,0.224,1.0,9.63,8.83,5.0,4.0,3.0,1.0,Big Ten,30.0,0.6,8.0,8.0,868.0,0.457,141.0,0.352,522.0,0.681,,1193.0,502.0,303.0,176.0,536.0,624.0,,,0.403,0.211,0.53,51.0,57.8,,13.3,0.494,19.1,,0.275,0.0,10.07,4.06,4.0,3.0,0.0,0.0,ACC
1994,First Round,7,Saint Louis,10,Maryland,1,29.0,0.793,8.0,4.0,816.0,0.463,253.0,0.387,452.0,0.71,,954.0,510.0,276.0,33.0,369.0,510.0,,,0.361,0.371,0.565,48.8,62.5,,2.9,0.534,15.2,,0.256,0.0,8.18,4.57,6.0,0.0,0.0,0.0,GMWC,30.0,0.6,8.0,8.0,868.0,0.457,141.0,0.352,522.0,0.681,,1193.0,502.0,303.0,176.0,536.0,624.0,,,0.403,0.211,0.53,51.0,57.8,,13.3,0.494,19.1,,0.275,0.0,10.07,4.06,4.0,3.0,0.0,0.0,ACC
1994,Second Round,2,UMass,10,Maryland,1,35.0,0.8,14.0,2.0,957.0,0.444,157.0,0.32,603.0,0.632,,1466.0,544.0,259.0,214.0,527.0,700.0,,,0.443,0.228,0.513,52.6,56.8,,13.2,0.481,16.8,,0.28,1.0,5.08,11.62,3.0,1.0,0.0,0.0,A-10,30.0,0.6,8.0,8.0,868.0,0.457,141.0,0.352,522.0,0.681,,1193.0,502.0,303.0,176.0,536.0,624.0,,,0.403,0.211,0.53,51.0,57.8,,13.3,0.494,19.1,,0.275,0.0,10.07,4.06,4.0,3.0,0.0,0.0,ACC
1994,First Round,2,UMass,15,Texas State,0,35.0,0.8,14.0,2.0,957.0,0.444,157.0,0.32,603.0,0.632,,1466.0,544.0,259.0,214.0,527.0,700.0,,,0.443,0.228,0.513,52.6,56.8,,13.2,0.481,16.8,,0.28,1.0,5.08,11.62,3.0,1.0,0.0,0.0,A-10,32.0,0.781,14.0,4.0,861.0,0.485,113.0,0.329,494.0,0.597,,1243.0,450.0,241.0,98.0,442.0,575.0,,,0.467,0.193,0.537,53.6,52.3,,7.5,0.517,16.9,,0.278,0.0,-6.31,6.19,1.0,0.0,0.0,0.0,Southland
1994,First Round,1,Purdue,16,UCF,0,34.0,0.853,14.0,4.0,1050.0,0.469,252.0,0.389,519.0,0.701,,1376.0,586.0,246.0,103.0,473.0,654.0,,,0.33,0.289,0.554,52.6,55.8,,6.6,0.525,15.4,,0.232,1.0,14.26,7.12,11.0,2.0,0.0,0.0,Big Ten,30.0,0.7,11.0,5.0,883.0,0.468,141.0,0.341,511.0,0.68,,1210.0,469.0,214.0,113.0,445.0,609.0,,,0.398,0.219,0.538,52.6,53.1,,8.3,0.505,16.5,,0.271,0.0,2.15,-8.32,1.0,0.0,0.0,0.0,TAAC
1994,Second Round,1,Purdue,9,Alabama,0,34.0,0.853,14.0,4.0,1050.0,0.469,252.0,0.389,519.0,0.701,,1376.0,586.0,246.0,103.0,473.0,654.0,,,0.33,0.289,0.554,52.6,55.8,,6.6,0.525,15.4,,0.232,1.0,14.26,7.12,11.0,2.0,0.0,0.0,Big Ten,30.0,0.667,12.0,4.0,787.0,0.447,158.0,0.338,476.0,0.658,,1187.0,392.0,238.0,155.0,508.0,583.0,,,0.411,0.266,0.525,52.5,49.8,,12.2,0.492,19.5,,0.27,0.0,0.53,9.75,1.0,0.0,0.0,0.0,SEC
1994,First Round,8,Providence,9,Alabama,1,30.0,0.667,10.0,8.0,846.0,0.462,139.0,0.348,548.0,0.703,,1162.0,523.0,241.0,96.0,416.0,527.0,,,0.425,0.218,0.54,53.7,61.8,,7.8,0.5,15.9,,0.299,1.0,11.27,7.97,3.0,0.0,0.0,0.0,Big East,30.0,0.667,12.0,4.0,787.0,0.447,158.0,0.338,476.0,0.658,,1187.0,392.0,238.0,155.0,508.0,583.0,,,0.411,0.266,0.525,52.5,49.8,,12.2,0.492,19.5,,0.27,0.0,0.53,9.75,1.0,0.0,0.0,0.0,SEC
1994,Sweet Sixteen,1,Purdue,4,Kansas,0,34.0,0.853,14.0,4.0,1050.0,0.469,252.0,0.389,519.0,0.701,,1376.0,586.0,246.0,103.0,473.0,654.0,,,0.33,0.289,0.554,52.6,55.8,,6.6,0.525,15.4,,0.232,1.0,14.26,7.12,11.0,2.0,0.0,0.0,Big Ten,35.0,0.771,9.0,5.0,1026.0,0.47,201.0,0.379,564.0,0.632,,1497.0,628.0,277.0,192.0,564.0,659.0,,,0.409,0.243,0.541,53.9,61.2,,9.2,0.517,17.8,,0.259,1.0,9.96,10.74,5.0,3.0,2.0,0.0,Big 8
1994,First Round,5,Wake Forest,12,College of Charleston,0,33.0,0.636,9.0,7.0,817.0,0.446,202.0,0.392,517.0,0.739,,1206.0,415.0,187.0,169.0,402.0,528.0,,,0.382,0.281,0.544,50.9,50.8,,12.2,0.501,15.7,,0.282,0.0,0.87,13.04,4.0,1.0,0.0,0.0,ACC,28.0,0.857,14.0,2.0,779.0,0.495,154.0,0.4,435.0,0.648,,1031.0,435.0,259.0,92.0,374.0,542.0,,,0.426,0.245,0.567,50.4,55.8,,8.0,0.544,16.5,,0.276,0.0,-1.5,6.12,1.0,0.0,0.0,0.0,TAAC
1994,First Round,4,Kansas,13,Chattanooga,1,35.0,0.771,9.0,5.0,1026.0,0.47,201.0,0.379,564.0,0.632,,1497.0,628.0,277.0,192.0,564.0,659.0,,,0.409,0.243,0.541,53.9,61.2,,9.2,0.517,17.8,,0.259,1.0,9.96,10.74,5.0,3.0,2.0,0.0,Big 8,30.0,0.767,14.0,4.0,826.0,0.473,227.0,0.38,572.0,0.714,,1119.0,458.0,207.0,80.0,428.0,499.0,,,0.459,0.342,0.577,49.2,55.4,,5.8,0.538,16.8,,0.328,0.0,5.54,-3.52,3.0,0.0,0.0,0.0,Southern
1994,Second Round,4,Kansas,5,Wake Forest,0,35.0,0.771,9.0,5.0,1026.0,0.47,201.0,0.379,564.0,0.632,,1497.0,628.0,277.0,192.0,564.0,659.0,,,0.409,0.243,0.541,53.9,61.2,,9.2,0.517,17.8,,0.259,1.0,9.96,10.74,5.0,3.0,2.0,0.0,Big 8,33.0,0.636,9.0,7.0,817.0,0.446,202.0,0.392,517.0,0.739,,1206.0,415.0,187.0,169.0,402.0,528.0,,,0.382,0.281,0.544,50.9,50.8,,12.2,0.501,15.7,,0.282,0.0,0.87,13.04,4.0,1.0,0.0,0.0,ACC
1994,First Round,6,Marquette,11,Louisiana,0,33.0,0.727,10.0,2.0,819.0,0.45,204.0,0.389,456.0,0.677,,1312.0,580.0,164.0,196.0,433.0,508.0,,,0.371,0.289,0.537,51.9,70.8,,13.8,0.507,16.8,,0.251,1.0,-1.47,17.1,2.0,1.0,0.0,0.0,GMWC,30.0,0.733,13.0,5.0,850.0,0.452,202.0,0.347,463.0,0.716,,1030.0,424.0,292.0,117.0,364.0,525.0,,,0.344,0.309,0.54,44.1,49.9,,7.8,0.505,14.3,,0.246,0.0,4.53,0.82,2.0,0.0,0.0,0.0,Sun Belt
1994,First Round,3,Kentucky,14,Tennessee State,0,34.0,0.794,12.0,4.0,1027.0,0.468,301.0,0.351,597.0,0.682,,1303.0,648.0,394.0,195.0,533.0,762.0,,,0.399,0.39,0.565,49.6,63.1,,13.2,0.536,17.0,,0.272,1.0,15.58,6.16,5.0,3.0,2.0,0.0,SEC,31.0,0.613,12.0,4.0,913.0,0.463,221.0,0.363,441.0,0.651,,1324.0,463.0,172.0,146.0,495.0,584.0,,,0.343,0.309,0.542,54.0,50.7,,10.4,0.519,17.8,,0.224,0.0,-1.09,1.14,2.0,0.0,0.0,0.0,OVC
1994,Second Round,3,Kentucky,6,Marquette,1,34.0,0.794,12.0,4.0,1027.0,0.468,301.0,0.351,597.0,0.682,,1303.0,648.0,394.0,195.0,533.0,762.0,,,0.399,0.39,0.565,49.6,63.1,,13.2,0.536,17.0,,0.272,1.0,15.58,6.16,5.0,3.0,2.0,0.0,SEC,33.0,0.727,10.0,2.0,819.0,0.45,204.0,0.389,456.0,0.677,,1312.0,580.0,164.0,196.0,433.0,508.0,,,0.371,0.289,0.537,51.9,70.8,,13.8,0.507,16.8,,0.251,1.0,-1.47,17.1,2.0,1.0,0.0,0.0,GMWC
1994,Sweet Sixteen,2,Duke,6,Marquette,0,34.0,0.824,12.0,4.0,950.0,0.486,172.0,0.365,567.0,0.711,,1227.0,529.0,243.0,204.0,481.0,535.0,,,0.408,0.241,0.566,50.6,55.7,,12.5,0.53,17.1,,0.29,1.0,8.85,10.44,11.0,8.0,7.0,2.0,ACC,33.0,0.727,10.0,2.0,819.0,0.45,204.0,0.389,456.0,0.677,,1312.0,580.0,164.0,196.0,433.0,508.0,,,0.371,0.289,0.537,51.9,70.8,,13.8,0.507,16.8,,0.251,1.0,-1.47,17.1,2.0,1.0,0.0,0.0,GMWC
1994,First Round,7,Michigan State,10,Seton Hall,0,32.0,0.625,10.0,8.0,944.0,0.503,159.0,0.379,379.0,0.668,,1176.0,514.0,213.0,88.0,508.0,566.0,,,0.302,0.224,0.566,53.8,54.4,,6.6,0.546,19.2,,0.202,1.0,5.1,10.67,9.0,5.0,1.0,1.0,Big Ten,30.0,0.567,8.0,10.0,668.0,0.398,198.0,0.34,525.0,0.681,,1135.0,352.0,217.0,144.0,437.0,575.0,,,0.46,0.348,0.504,51.5,52.7,,12.2,0.457,17.6,,0.313,0.0,-0.35,13.94,6.0,3.0,1.0,0.0,Big East
1994,First Round,2,Duke,15,Texas Southern,0,34.0,0.824,12.0,4.0,950.0,0.486,172.0,0.365,567.0,0.711,,1227.0,529.0,243.0,204.0,481.0,535.0,,,0.408,0.241,0.566,50.6,55.7,,12.5,0.53,17.1,,0.29,1.0,8.85,10.44,11.0,8.0,7.0,2.0,ACC,30.0,0.633,12.0,2.0,869.0,0.429,202.0,0.314,556.0,0.669,,1287.0,410.0,227.0,72.0,379.0,583.0,,,0.41,0.317,0.515,51.5,47.2,,5.1,0.479,13.5,,0.274,0.0,-1.64,-4.28,2.0,0.0,0.0,0.0,SWAC
1994,Second Round,2,Duke,7,Michigan State,0,34.0,0.824,12.0,4.0,950.0,0.486,172.0,0.365,567.0,0.711,,1227.0,529.0,243.0,204.0,481.0,535.0,,,0.408,0.241,0.566,50.6,55.7,,12.5,0.53,17.1,,0.29,1.0,8.85,10.44,11.0,8.0,7.0,2.0,ACC,32.0,0.625,10.0,8.0,944.0,0.503,159.0,0.379,379.0,0.668,,1176.0,514.0,213.0,88.0,508.0,566.0,,,0.302,0.224,0.566,53.8,54.4,,6.6,0.546,19.2,,0.202,1.0,5.1,10.67,9.0,5.0,1.0,1.0,Big Ten
1994,First Round,1,Missouri,16,Navy,0,32.0,0.875,14.0,0.0,898.0,0.457,204.0,0.355,593.0,0.679,,1263.0,492.0,226.0,103.0,477.0,651.0,,,0.444,0.293,0.545,50.5,54.8,,7.4,0.509,16.7,,0.302,1.0,9.47,6.2,14.0,5.0,0.0,0.0,Big 8,30.0,0.567,9.0,5.0,803.0,0.457,181.0,0.388,461.0,0.627,,1183.0,461.0,235.0,82.0,507.0,661.0,,,0.418,0.266,0.533,53.2,57.4,,6.6,0.508,19.4,,0.262,0.0,-6.75,-0.79,8.0,2.0,0.0,0.0,Patriot
1994,Second Round,1,Missouri,9,Wisconsin,1,32.0,0.875,14.0,0.0,898.0,0.457,204.0,0.355,593.0,0.679,,1263.0,492.0,226.0,103.0,477.0,651.0,,,0.444,0.293,0.545,50.5,54.8,,7.4,0.509,16.7,,0.302,1.0,9.47,6.2,14.0,5.0,0.0,0.0,Big 8,29.0,0.621,8.0,10.0,816.0,0.465,225.0,0.369,402.0,0.671,,1090.0,472.0,201.0,135.0,449.0,592.0,,,0.341,0.347,0.554,50.8,57.8,,10.5,0.529,18.0,,0.229,0.0,7.55,7.79,1.0,0.0,0.0,0.0,Big Ten
1994,First Round,8,Cincinnati,9,Wisconsin,1,32.0,0.688,7.0,5.0,861.0,0.428,253.0,0.365,510.0,0.685,,1270.0,431.0,252.0,81.0,477.0,615.0,,,0.37,0.344,0.525,54.4,50.1,,6.7,0.491,16.8,,0.253,0.0,7.7,7.61,4.0,2.0,1.0,0.0,GMWC,29.0,0.621,8.0,10.0,816.0,0.465,225.0,0.369,402.0,0.671,,1090.0,472.0,201.0,135.0,449.0,592.0,,,0.341,0.347,0.554,50.8,57.8,,10.5,0.529,18.0,,0.229,0.0,7.55,7.79,1.0,0.0,0.0,0.0,Big Ten
1994,Sweet Sixteen,1,Missouri,4,Syracuse,0,32.0,0.875,14.0,0.0,898.0,0.457,204.0,0.355,593.0,0.679,,1263.0,492.0,226.0,103.0,477.0,651.0,,,0.444,0.293,0.545,50.5,54.8,,7.4,0.509,16.7,,0.302,1.0,9.47,6.2,14.0,5.0,0.0,0.0,Big 8,30.0,0.767,13.0,5.0,950.0,0.477,143.0,0.306,474.0,0.715,,1239.0,502.0,266.0,159.0,452.0,626.0,,,0.333,0.234,0.545,51.7,52.8,,12.0,0.513,16.4,,0.238,1.0,15.03,2.76,15.0,8.0,1.0,0.0,Big East
1994,First Round,5,California,12,Green Bay,1,30.0,0.733,13.0,5.0,837.0,0.467,175.0,0.334,509.0,0.67,,1136.0,529.0,258.0,120.0,437.0,561.0,,,0.424,0.293,0.548,49.9,63.2,,9.4,0.516,16.9,,0.284,0.0,8.2,6.09,2.0,1.0,0.0,0.0,Pac-10,34.0,0.794,15.0,3.0,824.0,0.49,148.0,0.374,462.0,0.761,,1103.0,583.0,249.0,84.0,438.0,590.0,,,0.361,0.236,0.573,51.2,70.8,,6.8,0.534,18.2,,0.275,0.0,-9.48,18.95,2.0,0.0,0.0,0.0,Mid-Cont
1994,Second Round,4,Syracuse,12,Green Bay,0,30.0,0.767,13.0,5.0,950.0,0.477,143.0,0.306,474.0,0.715,,1239.0,502.0,266.0,159.0,452.0,626.0,,,0.333,0.234,0.545,51.7,52.8,,12.0,0.513,16.4,,0.238,1.0,15.03,2.76,15.0,8.0,1.0,0.0,Big East,34.0,0.794,15.0,3.0,824.0,0.49,148.0,0.374,462.0,0.761,,1103.0,583.0,249.0,84.0,438.0,590.0,,,0.361,0.236,0.573,51.2,70.8,,6.8,0.534,18.2,,0.275,0.0,-9.48,18.95,2.0,0.0,0.0,0.0,Mid-Cont
1994,First Round,4,Syracuse,13,Hawaii,0,30.0,0.767,13.0,5.0,950.0,0.477,143.0,0.306,474.0,0.715,,1239.0,502.0,266.0,159.0,452.0,626.0,,,0.333,0.234,0.545,51.7,52.8,,12.0,0.513,16.4,,0.238,1.0,15.03,2.76,15.0,8.0,1.0,0.0,Big East,33.0,0.545,11.0,7.0,876.0,0.437,201.0,0.362,424.0,0.653,,1167.0,526.0,193.0,128.0,485.0,655.0,,,0.324,0.277,0.514,48.6,60.0,,8.9,0.488,17.3,,0.212,0.0,0.15,1.44,1.0,0.0,0.0,0.0,WAC
1994,First Round,6,Minnesota,11,Southern Illinois,0,35.0,0.629,10.0,8.0,962.0,0.459,190.0,0.363,488.0,0.697,,1287.0,607.0,263.0,83.0,440.0,641.0,,,0.334,0.249,0.536,52.6,63.1,,6.4,0.504,15.3,,0.233,1.0,8.63,10.43,5.0,2.0,0.0,0.0,Big Ten,30.0,0.767,14.0,4.0,868.0,0.488,147.0,0.357,488.0,0.678,,1171.0,486.0,230.0,101.0,447.0,577.0,,,0.405,0.232,0.559,53.2,56.0,,7.6,0.53,17.4,,0.274,0.0,5.41,1.68,2.0,0.0,0.0,0.0,MVC
1994,First Round,3,Louisville,14,Boise State,0,34.0,0.824,10.0,2.0,999.0,0.488,224.0,0.367,505.0,0.635,,1325.0,564.0,291.0,170.0,509.0,532.0,,,0.388,0.298,0.562,51.1,56.5,,11.2,0.543,17.4,,0.247,1.0,9.72,9.04,18.0,14.0,6.0,2.0,Metro,30.0,0.567,7.0,7.0,848.0,0.477,96.0,0.302,382.0,0.59,,1099.0,520.0,267.0,143.0,486.0,555.0,,,0.364,0.179,0.521,50.4,61.3,,11.5,0.504,18.9,,0.215,0.0,-4.95,7.05,4.0,1.0,0.0,0.0,Big Sky
1994,Second Round,3,Louisville,6,Minnesota,0,34.0,0.824,10.0,2.0,999.0,0.488,224.0,0.367,505.0,0.635,,1325.0,564.0,291.0,170.0,509.0,532.0,,,0.388,0.298,0.562,51.1,56.5,,11.2,0.543,17.4,,0.247,1.0,9.72,9.04,18.0,14.0,6.0,2.0,Metro,35.0,0.629,10.0,8.0,962.0,0.459,190.0,0.363,488.0,0.697,,1287.0,607.0,263.0,83.0,440.0,641.0,,,0.334,0.249,0.536,52.6,63.1,,6.4,0.504,15.3,,0.233,1.0,8.63,10.43,5.0,2.0,0.0,0.0,Big Ten
1994,First Round,7,Virginia,10,New Mexico,0,31.0,0.581,8.0,8.0,699.0,0.387,134.0,0.312,456.0,0.661,,1204.0,379.0,190.0,152.0,455.0,612.0,,,0.382,0.238,0.466,50.1,54.2,,11.6,0.424,17.6,,0.252,0.0,-5.48,15.13,3.0,1.0,0.0,0.0,ACC,31.0,0.742,14.0,4.0,805.0,0.45,300.0,0.384,500.0,0.733,,1227.0,408.0,165.0,111.0,391.0,465.0,,,0.381,0.437,0.57,52.0,50.7,,8.2,0.534,15.6,,0.279,0.0,3.29,6.21,7.0,1.0,0.0,0.0,WAC
1994,First Round,2,Arizona,15,Loyola (MD),0,35.0,0.829,14.0,4.0,1108.0,0.484,279.0,0.355,629.0,0.712,,1453.0,581.0,285.0,102.0,481.0,637.0,,,0.386,0.344,0.577,51.9,52.4,,6.3,0.545,15.1,,0.275,1.0,19.78,3.98,15.0,6.0,3.0,0.0,Pac-10,30.0,0.567,6.0,8.0,811.0,0.44,175.0,0.335,562.0,0.688,,1135.0,467.0,263.0,49.0,539.0,604.0,,,0.443,0.284,0.529,50.2,57.6,,3.7,0.488,19.5,,0.305,0.0,2.27,-5.41,1.0,0.0,0.0,0.0,MAAC
1994,Second Round,2,Arizona,7,Virginia,0,35.0,0.829,14.0,4.0,1108.0,0.484,279.0,0.355,629.0,0.712,,1453.0,581.0,285.0,102.0,481.0,637.0,,,0.386,0.344,0.577,51.9,52.4,,6.3,0.545,15.1,,0.275,1.0,19.78,3.98,15.0,6.0,3.0,0.0,Pac-10,31.0,0.581,8.0,8.0,699.0,0.387,134.0,0.312,456.0,0.661,,1204.0,379.0,190.0,152.0,455.0,612.0,,,0.382,0.238,0.466,50.1,54.2,,11.6,0.424,17.6,,0.252,0.0,-5.48,15.13,3.0,1.0,0.0,0.0,ACC
1994,Sweet Sixteen,2,Arizona,3,Louisville,0,35.0,0.829,14.0,4.0,1108.0,0.484,279.0,0.355,629.0,0.712,,1453.0,581.0,285.0,102.0,481.0,637.0,,,0.386,0.344,0.577,51.9,52.4,,6.3,0.545,15.1,,0.275,1.0,19.78,3.98,15.0,6.0,3.0,0.0,Pac-10,34.0,0.824,10.0,2.0,999.0,0.488,224.0,0.367,505.0,0.635,,1325.0,564.0,291.0,170.0,509.0,532.0,,,0.388,0.298,0.562,51.1,56.5,,11.2,0.543,17.4,,0.247,1.0,9.72,9.04,18.0,14.0,6.0,2.0,Metro
1995,First Round,1,Wake Forest,16,North Carolina A&T,0,32.0,0.813,12.0,4.0,794.0,0.468,223.0,0.363,475.0,0.764,,1147.0,423.0,171.0,180.0,435.0,450.0,,,0.367,0.363,0.574,52.2,53.3,,13.9,0.534,17.9,,0.28,1.0,3.55,15.95,5.0,2.0,0.0,0.0,ACC,30.0,0.5,10.0,6.0,712.0,0.424,197.0,0.342,426.0,0.677,,994.0,335.0,246.0,66.0,464.0,579.0,,,0.375,0.343,0.518,47.3,47.1,,5.5,0.483,19.0,,0.254,0.0,-12.84,-1.25,1.0,0.0,0.0,0.0,MEAC
1995,Second Round,1,Wake Forest,9,Saint Louis,0,32.0,0.813,12.0,4.0,794.0,0.468,223.0,0.363,475.0,0.764,,1147.0,423.0,171.0,180.0,435.0,450.0,,,0.367,0.363,0.574,52.2,53.3,,13.9,0.534,17.9,,0.28,1.0,3.55,15.95,5.0,2.0,0.0,0.0,ACC,31.0,0.742,8.0,4.0,784.0,0.44,284.0,0.389,498.0,0.692,,1094.0,470.0,248.0,33.0,353.0,539.0,,,0.404,0.41,0.554,51.0,59.9,,2.8,0.52,14.3,,0.28,1.0,4.69,12.61,7.0,0.0,0.0,0.0,GMWC
1995,First Round,8,Minnesota,9,Saint Louis,1,31.0,0.613,10.0,8.0,841.0,0.432,202.0,0.336,476.0,0.689,,1268.0,516.0,242.0,84.0,481.0,688.0,,,0.355,0.309,0.519,53.0,61.4,,7.2,0.484,17.5,,0.245,0.0,5.61,8.35,6.0,2.0,0.0,0.0,Big Ten,31.0,0.742,8.0,4.0,784.0,0.44,284.0,0.389,498.0,0.692,,1094.0,470.0,248.0,33.0,353.0,539.0,,,0.404,0.41,0.554,51.0,59.9,,2.8,0.52,14.3,,0.28,1.0,4.69,12.61,7.0,0.0,0.0,0.0,GMWC
1995,Sweet Sixteen,1,Wake Forest,4,Oklahoma State,1,32.0,0.813,12.0,4.0,794.0,0.468,223.0,0.363,475.0,0.764,,1147.0,423.0,171.0,180.0,435.0,450.0,,,0.367,0.363,0.574,52.2,53.3,,13.9,0.534,17.9,,0.28,1.0,3.55,15.95,5.0,2.0,0.0,0.0,ACC,37.0,0.73,10.0,4.0,1016.0,0.502,234.0,0.389,593.0,0.68,,1355.0,655.0,299.0,119.0,565.0,685.0,,,0.431,0.297,0.586,53.2,64.5,,8.5,0.56,18.8,,0.293,1.0,6.97,14.75,18.0,10.0,2.0,0.0,Big 8
1995,Elite Eight,2,UMass,4,Oklahoma State,1,34.0,0.853,13.0,3.0,1000.0,0.462,180.0,0.342,569.0,0.659,,1507.0,580.0,265.0,273.0,499.0,663.0,,,0.399,0.244,0.534,54.5,58.0,,17.8,0.504,16.2,,0.263,1.0,12.67,10.52,4.0,2.0,0.0,0.0,A-10,37.0,0.73,10.0,4.0,1016.0,0.502,234.0,0.389,593.0,0.68,,1355.0,655.0,299.0,119.0,565.0,685.0,,,0.431,0.297,0.586,53.2,64.5,,8.5,0.56,18.8,,0.293,1.0,6.97,14.75,18.0,10.0,2.0,0.0,Big 8
1995,Final Four,1,UCLA,4,Oklahoma State,0,33.0,0.939,16.0,2.0,1079.0,0.513,118.0,0.341,613.0,0.709,,1334.0,653.0,312.0,139.0,508.0,647.0,,,0.412,0.165,0.575,52.9,60.5,,9.8,0.541,16.8,,0.292,1.0,16.46,7.25,11.0,3.0,1.0,1.0,Pac-10,37.0,0.73,10.0,4.0,1016.0,0.502,234.0,0.389,593.0,0.68,,1355.0,655.0,299.0,119.0,565.0,685.0,,,0.431,0.297,0.586,53.2,64.5,,8.5,0.56,18.8,,0.293,1.0,6.97,14.75,18.0,10.0,2.0,0.0,Big 8
1995,First Round,5,Alabama,12,Penn,0,33.0,0.697,10.0,6.0,892.0,0.453,207.0,0.335,417.0,0.644,,1385.0,501.0,200.0,201.0,520.0,585.0,,,0.329,0.314,0.528,53.3,56.2,,14.5,0.505,18.6,,0.212,1.0,1.36,14.14,2.0,0.0,0.0,0.0,SEC,28.0,0.786,14.0,0.0,844.0,0.474,247.0,0.408,366.0,0.658,,1075.0,510.0,243.0,91.0,343.0,453.0,,,0.312,0.34,0.563,49.8,60.4,,7.2,0.544,14.4,,0.206,0.0,8.37,0.95,3.0,0.0,0.0,0.0,Ivy
1995,First Round,4,Oklahoma State,13,Drexel,0,37.0,0.73,10.0,4.0,1016.0,0.502,234.0,0.389,593.0,0.68,,1355.0,655.0,299.0,119.0,565.0,685.0,,,0.431,0.297,0.586,53.2,64.5,,8.5,0.56,18.8,,0.293,1.0,6.97,14.75,18.0,10.0,2.0,0.0,Big 8,30.0,0.733,12.0,4.0,772.0,0.444,198.0,0.361,520.0,0.699,,1198.0,464.0,169.0,84.0,448.0,603.0,,,0.428,0.316,0.541,53.9,60.1,,6.2,0.501,17.6,,0.299,0.0,1.73,3.95,2.0,0.0,0.0,0.0,NAC
1995,Second Round,4,Oklahoma State,5,Alabama,0,37.0,0.73,10.0,4.0,1016.0,0.502,234.0,0.389,593.0,0.68,,1355.0,655.0,299.0,119.0,565.0,685.0,,,0.431,0.297,0.586,53.2,64.5,,8.5,0.56,18.8,,0.293,1.0,6.97,14.75,18.0,10.0,2.0,0.0,Big 8,33.0,0.697,10.0,6.0,892.0,0.453,207.0,0.335,417.0,0.644,,1385.0,501.0,200.0,201.0,520.0,585.0,,,0.329,0.314,0.528,53.3,56.2,,14.5,0.505,18.6,,0.212,1.0,1.36,14.14,2.0,0.0,0.0,0.0,SEC
1995,First Round,6,Tulsa,11,Illinois,0,32.0,0.75,15.0,3.0,786.0,0.415,221.0,0.341,601.0,0.718,,1327.0,469.0,233.0,111.0,450.0,611.0,,,0.442,0.343,0.523,52.0,59.7,,8.3,0.474,16.4,,0.318,0.0,3.95,8.42,2.0,2.0,0.0,0.0,MVC,31.0,0.613,10.0,8.0,823.0,0.447,167.0,0.365,452.0,0.651,,1173.0,397.0,174.0,53.0,425.0,588.0,,,0.377,0.249,0.521,54.3,48.2,,4.3,0.492,16.4,,0.245,0.0,2.97,9.01,18.0,7.0,2.0,0.0,Big Ten
1995,Second Round,6,Tulsa,14,Old Dominion,0,32.0,0.75,15.0,3.0,786.0,0.415,221.0,0.341,601.0,0.718,,1327.0,469.0,233.0,111.0,450.0,611.0,,,0.442,0.343,0.523,52.0,59.7,,8.3,0.474,16.4,,0.318,0.0,3.95,8.42,2.0,2.0,0.0,0.0,MVC,33.0,0.636,12.0,2.0,866.0,0.445,225.0,0.361,591.0,0.717,,1172.0,539.0,309.0,137.0,493.0,598.0,,,0.424,0.32,0.546,48.6,62.2,,9.5,0.503,17.4,,0.304,0.0,3.03,1.13,2.0,0.0,0.0,0.0,CAA
1995,First Round,3,Villanova,14,Old Dominion,1,33.0,0.758,14.0,4.0,938.0,0.482,266.0,0.395,446.0,0.722,,1169.0,621.0,271.0,163.0,473.0,570.0,,,0.317,0.346,0.577,49.9,66.2,,11.5,0.55,17.4,,0.229,1.0,8.34,8.05,1.0,0.0,0.0,0.0,Big East,33.0,0.636,12.0,2.0,866.0,0.445,225.0,0.361,591.0,0.717,,1172.0,539.0,309.0,137.0,493.0,598.0,,,0.424,0.32,0.546,48.6,62.2,,9.5,0.503,17.4,,0.304,0.0,3.03,1.13,2.0,0.0,0.0,0.0,CAA
1995,First Round,7,Charlotte,10,Stanford,1,28.0,0.679,8.0,4.0,735.0,0.44,151.0,0.35,466.0,0.744,,1134.0,427.0,179.0,151.0,416.0,573.0,,,0.374,0.258,0.53,54.2,58.1,,13.8,0.485,17.4,,0.279,0.0,3.74,5.54,3.0,0.0,0.0,0.0,Metro,29.0,0.69,10.0,8.0,773.0,0.446,141.0,0.391,603.0,0.729,,1113.0,395.0,201.0,80.0,377.0,573.0,,,0.477,0.208,0.539,51.6,51.1,,6.2,0.487,15.1,,0.348,0.0,7.21,5.89,3.0,0.0,0.0,0.0,Pac-10
1995,Second Round,2,UMass,10,Stanford,0,34.0,0.853,13.0,3.0,1000.0,0.462,180.0,0.342,569.0,0.659,,1507.0,580.0,265.0,273.0,499.0,663.0,,,0.399,0.244,0.534,54.5,58.0,,17.8,0.504,16.2,,0.263,1.0,12.67,10.52,4.0,2.0,0.0,0.0,A-10,29.0,0.69,10.0,8.0,773.0,0.446,141.0,0.391,603.0,0.729,,1113.0,395.0,201.0,80.0,377.0,573.0,,,0.477,0.208,0.539,51.6,51.1,,6.2,0.487,15.1,,0.348,0.0,7.21,5.89,3.0,0.0,0.0,0.0,Pac-10
1995,First Round,2,UMass,15,St. Peter's,0,34.0,0.853,13.0,3.0,1000.0,0.462,180.0,0.342,569.0,0.659,,1507.0,580.0,265.0,273.0,499.0,663.0,,,0.399,0.244,0.534,54.5,58.0,,17.8,0.504,16.2,,0.263,1.0,12.67,10.52,4.0,2.0,0.0,0.0,A-10,30.0,0.633,10.0,4.0,758.0,0.454,100.0,0.322,432.0,0.693,,1055.0,434.0,201.0,77.0,464.0,518.0,,,0.373,0.186,0.521,52.4,57.3,,6.2,0.484,19.1,,0.259,0.0,-6.97,5.01,2.0,0.0,0.0,0.0,MAAC
1995,Sweet Sixteen,2,UMass,6,Tulsa,0,34.0,0.853,13.0,3.0,1000.0,0.462,180.0,0.342,569.0,0.659,,1507.0,580.0,265.0,273.0,499.0,663.0,,,0.399,0.244,0.534,54.5,58.0,,17.8,0.504,16.2,,0.263,1.0,12.67,10.52,4.0,2.0,0.0,0.0,A-10,32.0,0.75,15.0,3.0,786.0,0.415,221.0,0.341,601.0,0.718,,1327.0,469.0,233.0,111.0,450.0,611.0,,,0.442,0.343,0.523,52.0,59.7,,8.3,0.474,16.4,,0.318,0.0,3.95,8.42,2.0,2.0,0.0,0.0,MVC
1995,First Round,1,Kansas,16,Colgate,0,31.0,0.806,11.0,3.0,915.0,0.475,206.0,0.35,537.0,0.664,,1350.0,529.0,185.0,181.0,483.0,572.0,,,0.42,0.306,0.557,53.3,57.8,,12.8,0.529,17.3,,0.279,1.0,14.11,8.05,6.0,4.0,2.0,0.0,Big 8,30.0,0.567,11.0,3.0,828.0,0.454,192.0,0.358,448.0,0.64,,1222.0,390.0,193.0,188.0,499.0,592.0,,,0.384,0.294,0.532,50.9,47.1,,13.2,0.507,18.8,,0.246,0.0,0.32,-5.82,1.0,0.0,0.0,0.0,Patriot
1995,Second Round,1,Kansas,8,Western Kentucky,0,31.0,0.806,11.0,3.0,915.0,0.475,206.0,0.35,537.0,0.664,,1350.0,529.0,185.0,181.0,483.0,572.0,,,0.42,0.306,0.557,53.3,57.8,,12.8,0.529,17.3,,0.279,1.0,14.11,8.05,6.0,4.0,2.0,0.0,Big 8,31.0,0.871,17.0,1.0,916.0,0.475,172.0,0.363,489.0,0.667,,1224.0,480.0,267.0,128.0,486.0,592.0,,,0.38,0.246,0.547,52.4,52.4,,9.0,0.519,17.6,,0.253,0.0,6.03,1.77,1.0,0.0,0.0,0.0,Sun Belt
1995,Sweet Sixteen,1,Kansas,4,Virginia,1,31.0,0.806,11.0,3.0,915.0,0.475,206.0,0.35,537.0,0.664,,1350.0,529.0,185.0,181.0,483.0,572.0,,,0.42,0.306,0.557,53.3,57.8,,12.8,0.529,17.3,,0.279,1.0,14.11,8.05,6.0,4.0,2.0,0.0,Big 8,34.0,0.735,12.0,4.0,920.0,0.444,232.0,0.362,561.0,0.719,,1387.0,491.0,202.0,142.0,446.0,620.0,,,0.377,0.31,0.539,53.2,53.4,,9.9,0.5,15.4,,0.271,1.0,7.22,13.42,4.0,2.0,0.0,0.0,ACC
1995,Elite Eight,2,Arkansas,4,Virginia,0,39.0,0.821,12.0,4.0,1223.0,0.464,361.0,0.394,609.0,0.675,,1528.0,721.0,445.0,129.0,633.0,789.0,,,0.342,0.348,0.558,49.1,59.0,,7.8,0.533,17.1,,0.231,1.0,17.91,-1.0,11.0,5.0,3.0,1.0,SEC,34.0,0.735,12.0,4.0,920.0,0.444,232.0,0.362,561.0,0.719,,1387.0,491.0,202.0,142.0,446.0,620.0,,,0.377,0.31,0.539,53.2,53.4,,9.9,0.5,15.4,,0.271,1.0,7.22,13.42,4.0,2.0,0.0,0.0,ACC
1995,First Round,8,Western Kentucky,9,Michigan,0,31.0,0.871,17.0,1.0,916.0,0.475,172.0,0.363,489.0,0.667,,1224.0,480.0,267.0,128.0,486.0,592.0,,,0.38,0.246,0.547,52.4,52.4,,9.0,0.519,17.6,,0.253,0.0,6.03,1.77,1.0,0.0,0.0,0.0,Sun Belt,31.0,0.548,11.0,7.0,828.0,0.444,114.0,0.275,418.0,0.646,,1175.0,382.0,235.0,130.0,522.0,690.0,,,0.347,0.222,0.504,51.9,46.1,,11.0,0.475,19.4,,0.224,0.0,1.18,8.63,6.0,4.0,3.0,1.0,Big Ten
1995,First Round,5,Arizona,12,Miami (OH),1,31.0,0.742,13.0,5.0,948.0,0.483,245.0,0.413,490.0,0.657,,1285.0,559.0,222.0,95.0,526.0,564.0,,,0.38,0.302,0.568,52.4,59.0,,6.7,0.546,18.5,,0.25,1.0,14.42,4.67,16.0,6.0,3.0,0.0,Pac-10,30.0,0.767,16.0,2.0,749.0,0.453,176.0,0.349,445.0,0.674,,1053.0,395.0,251.0,88.0,384.0,539.0,,,0.4,0.305,0.539,50.7,52.7,,7.8,0.507,16.3,,0.269,0.0,-2.78,12.89,1.0,0.0,0.0,0.0,MAC
1995,Second Round,4,Virginia,12,Miami (OH),0,34.0,0.735,12.0,4.0,920.0,0.444,232.0,0.362,561.0,0.719,,1387.0,491.0,202.0,142.0,446.0,620.0,,,0.377,0.31,0.539,53.2,53.4,,9.9,0.5,15.4,,0.271,1.0,7.22,13.42,4.0,2.0,0.0,0.0,ACC,30.0,0.767,16.0,2.0,749.0,0.453,176.0,0.349,445.0,0.674,,1053.0,395.0,251.0,88.0,384.0,539.0,,,0.4,0.305,0.539,50.7,52.7,,7.8,0.507,16.3,,0.269,0.0,-2.78,12.89,1.0,0.0,0.0,0.0,MAC
1995,First Round,4,Virginia,13,Nicholls State,0,34.0,0.735,12.0,4.0,920.0,0.444,232.0,0.362,561.0,0.719,,1387.0,491.0,202.0,142.0,446.0,620.0,,,0.377,0.31,0.539,53.2,53.4,,9.9,0.5,15.4,,0.271,1.0,7.22,13.42,4.0,2.0,0.0,0.0,ACC,30.0,0.8,17.0,1.0,998.0,0.478,164.0,0.331,549.0,0.698,,1167.0,590.0,376.0,92.0,452.0,639.0,,,0.377,0.237,0.551,49.7,59.1,,7.4,0.517,15.5,,0.263,0.0,10.71,-7.72,1.0,0.0,0.0,0.0,Southland
1995,First Round,6,Memphis,11,Louisville,0,34.0,0.706,9.0,3.0,1003.0,0.465,191.0,0.357,504.0,0.64,,1424.0,616.0,301.0,218.0,569.0,629.0,,,0.365,0.248,0.533,52.8,61.4,,15.5,0.509,18.3,,0.233,0.0,8.46,5.94,5.0,2.0,0.0,0.0,GMWC,33.0,0.576,7.0,5.0,928.0,0.47,229.0,0.365,436.0,0.67,,1125.0,517.0,335.0,189.0,514.0,620.0,,,0.329,0.317,0.552,48.6,55.7,,13.0,0.528,18.4,,0.221,0.0,6.75,4.85,19.0,14.0,6.0,2.0,Metro
1995,First Round,3,Purdue,14,Green Bay,0,32.0,0.781,15.0,3.0,857.0,0.476,183.0,0.388,547.0,0.675,,1170.0,533.0,196.0,116.0,471.0,560.0,,,0.45,0.262,0.559,52.0,62.2,,8.2,0.527,17.7,,0.304,0.0,6.61,6.78,12.0,2.0,0.0,0.0,Big Ten,30.0,0.733,11.0,4.0,679.0,0.478,188.0,0.417,405.0,0.735,,879.0,500.0,197.0,58.0,359.0,508.0,,,0.388,0.318,0.58,49.3,73.6,,5.7,0.544,17.6,,0.285,0.0,-10.29,15.07,3.0,0.0,0.0,0.0,MW Coll
1995,Second Round,3,Purdue,6,Memphis,1,32.0,0.781,15.0,3.0,857.0,0.476,183.0,0.388,547.0,0.675,,1170.0,533.0,196.0,116.0,471.0,560.0,,,0.45,0.262,0.559,52.0,62.2,,8.2,0.527,17.7,,0.304,0.0,6.61,6.78,12.0,2.0,0.0,0.0,Big Ten,34.0,0.706,9.0,3.0,1003.0,0.465,191.0,0.357,504.0,0.64,,1424.0,616.0,301.0,218.0,569.0,629.0,,,0.365,0.248,0.533,52.8,61.4,,15.5,0.509,18.3,,0.233,0.0,8.46,5.94,5.0,2.0,0.0,0.0,GMWC
1995,Sweet Sixteen,2,Arkansas,6,Memphis,0,39.0,0.821,12.0,4.0,1223.0,0.464,361.0,0.394,609.0,0.675,,1528.0,721.0,445.0,129.0,633.0,789.0,,,0.342,0.348,0.558,49.1,59.0,,7.8,0.533,17.1,,0.231,1.0,17.91,-1.0,11.0,5.0,3.0,1.0,SEC,34.0,0.706,9.0,3.0,1003.0,0.465,191.0,0.357,504.0,0.64,,1424.0,616.0,301.0,218.0,569.0,629.0,,,0.365,0.248,0.533,52.8,61.4,,15.5,0.509,18.3,,0.233,0.0,8.46,5.94,5.0,2.0,0.0,0.0,GMWC
1995,First Round,7,Syracuse,10,Southern Illinois,0,30.0,0.667,12.0,6.0,928.0,0.489,160.0,0.34,455.0,0.662,,1157.0,543.0,307.0,141.0,497.0,613.0,,,0.362,0.247,0.555,49.8,58.5,,10.5,0.531,18.3,,0.24,0.0,11.42,3.94,16.0,8.0,1.0,0.0,Big East,32.0,0.719,13.0,5.0,898.0,0.46,257.0,0.398,433.0,0.674,,1236.0,493.0,251.0,103.0,468.0,622.0,,,0.329,0.331,0.551,52.4,54.9,,8.0,0.526,17.2,,0.222,0.0,5.79,2.23,3.0,0.0,0.0,0.0,MVC
1995,First Round,2,Arkansas,15,Texas Southern,0,39.0,0.821,12.0,4.0,1223.0,0.464,361.0,0.394,609.0,0.675,,1528.0,721.0,445.0,129.0,633.0,789.0,,,0.342,0.348,0.558,49.1,59.0,,7.8,0.533,17.1,,0.231,1.0,17.91,-1.0,11.0,5.0,3.0,1.0,SEC,29.0,0.759,12.0,2.0,787.0,0.419,223.0,0.315,613.0,0.687,,1258.0,386.0,244.0,75.0,397.0,551.0,,,0.475,0.377,0.524,52.2,49.0,,6.0,0.479,14.7,,0.327,0.0,0.74,-0.1,3.0,0.0,0.0,0.0,SWAC
1995,Second Round,2,Arkansas,7,Syracuse,0,39.0,0.821,12.0,4.0,1223.0,0.464,361.0,0.394,609.0,0.675,,1528.0,721.0,445.0,129.0,633.0,789.0,,,0.342,0.348,0.558,49.1,59.0,,7.8,0.533,17.1,,0.231,1.0,17.91,-1.0,11.0,5.0,3.0,1.0,SEC,30.0,0.667,12.0,6.0,928.0,0.489,160.0,0.34,455.0,0.662,,1157.0,543.0,307.0,141.0,497.0,613.0,,,0.362,0.247,0.555,49.8,58.5,,10.5,0.531,18.3,,0.24,0.0,11.42,3.94,16.0,8.0,1.0,0.0,Big East
1995,First Round,1,Kentucky,16,Mount St. Mary's,1,33.0,0.848,14.0,2.0,1016.0,0.46,276.0,0.375,576.0,0.719,,1338.0,647.0,347.0,176.0,489.0,734.0,,,0.362,0.333,0.556,52.3,63.7,,12.8,0.522,15.9,,0.261,1.0,18.84,9.23,6.0,4.0,2.0,0.0,SEC,30.0,0.567,12.0,6.0,840.0,0.445,172.0,0.327,471.0,0.695,,1132.0,441.0,246.0,99.0,449.0,608.0,,,0.359,0.279,0.526,50.8,52.5,,7.6,0.491,16.9,,0.25,0.0,-1.34,-5.54,1.0,0.0,0.0,0.0,NEC
1995,Second Round,1,Kentucky,9,Tulane,0,33.0,0.848,14.0,2.0,1016.0,0.46,276.0,0.375,576.0,0.719,,1338.0,647.0,347.0,176.0,489.0,734.0,,,0.362,0.333,0.556,52.3,63.7,,12.8,0.522,15.9,,0.261,1.0,18.84,9.23,6.0,4.0,2.0,0.0,SEC,33.0,0.697,7.0,5.0,932.0,0.473,158.0,0.33,524.0,0.621,,1261.0,512.0,316.0,109.0,560.0,568.0,,,0.428,0.243,0.537,51.3,54.9,,7.2,0.513,19.1,,0.266,0.0,6.04,3.8,3.0,0.0,0.0,0.0,Metro
1995,First Round,8,BYU,9,Tulane,1,32.0,0.688,13.0,5.0,809.0,0.464,170.0,0.35,617.0,0.773,,1124.0,498.0,225.0,99.0,448.0,601.0,,,0.458,0.279,0.567,52.0,61.6,,8.1,0.513,17.4,,0.354,0.0,5.71,5.81,5.0,0.0,0.0,0.0,WAC,33.0,0.697,7.0,5.0,932.0,0.473,158.0,0.33,524.0,0.621,,1261.0,512.0,316.0,109.0,560.0,568.0,,,0.428,0.243,0.537,51.3,54.9,,7.2,0.513,19.1,,0.266,0.0,6.04,3.8,3.0,0.0,0.0,0.0,Metro
1995,Sweet Sixteen,1,Kentucky,5,Arizona State,0,33.0,0.848,14.0,2.0,1016.0,0.46,276.0,0.375,576.0,0.719,,1338.0,647.0,347.0,176.0,489.0,734.0,,,0.362,0.333,0.556,52.3,63.7,,12.8,0.522,15.9,,0.261,1.0,18.84,9.23,6.0,4.0,2.0,0.0,SEC,33.0,0.727,12.0,6.0,954.0,0.469,212.0,0.337,465.0,0.62,,1161.0,608.0,345.0,165.0,542.0,617.0,,,0.369,0.31,0.541,49.3,63.7,,11.3,0.521,18.5,,0.229,1.0,7.49,9.21,6.0,2.0,0.0,0.0,Pac-10
1995,Elite Eight,1,Kentucky,2,UNC,1,33.0,0.848,14.0,2.0,1016.0,0.46,276.0,0.375,576.0,0.719,,1338.0,647.0,347.0,176.0,489.0,734.0,,,0.362,0.333,0.556,52.3,63.7,,12.8,0.522,15.9,,0.261,1.0,18.84,9.23,6.0,4.0,2.0,0.0,SEC,34.0,0.824,12.0,4.0,1044.0,0.508,266.0,0.41,517.0,0.678,,1290.0,576.0,211.0,177.0,437.0,476.0,,,0.371,0.315,0.594,51.2,55.2,,12.2,0.573,15.3,,0.252,1.0,17.28,6.3,25.0,20.0,10.0,2.0,ACC
1995,First Round,5,Arizona State,12,Ball State,0,33.0,0.727,12.0,6.0,954.0,0.469,212.0,0.337,465.0,0.62,,1161.0,608.0,345.0,165.0,542.0,617.0,,,0.369,0.31,0.541,49.3,63.7,,11.3,0.521,18.5,,0.229,1.0,7.49,9.21,6.0,2.0,0.0,0.0,Pac-10,30.0,0.633,11.0,7.0,841.0,0.477,175.0,0.359,477.0,0.655,,1060.0,494.0,267.0,85.0,470.0,609.0,,,0.413,0.277,0.553,50.4,58.7,,6.5,0.526,18.2,,0.27,0.0,5.81,-0.45,1.0,0.0,0.0,0.0,MAC
1995,Second Round,5,Arizona State,13,Manhattan,0,33.0,0.727,12.0,6.0,954.0,0.469,212.0,0.337,465.0,0.62,,1161.0,608.0,345.0,165.0,542.0,617.0,,,0.369,0.31,0.541,49.3,63.7,,11.3,0.521,18.5,,0.229,1.0,7.49,9.21,6.0,2.0,0.0,0.0,Pac-10,31.0,0.839,12.0,2.0,840.0,0.484,152.0,0.369,501.0,0.663,,1190.0,488.0,264.0,122.0,437.0,593.0,,,0.435,0.237,0.557,53.0,58.1,,9.7,0.527,17.3,,0.288,0.0,0.59,8.53,2.0,0.0,0.0,0.0,MAAC
1995,First Round,4,Oklahoma,13,Manhattan,1,32.0,0.719,9.0,5.0,916.0,0.471,218.0,0.36,564.0,0.747,,1239.0,565.0,219.0,128.0,463.0,648.0,,,0.388,0.312,0.568,51.2,61.7,,9.0,0.527,16.7,,0.29,0.0,10.19,5.03,2.0,0.0,0.0,0.0,Big 8,31.0,0.839,12.0,2.0,840.0,0.484,152.0,0.369,501.0,0.663,,1190.0,488.0,264.0,122.0,437.0,593.0,,,0.435,0.237,0.557,53.0,58.1,,9.7,0.527,17.3,,0.288,0.0,0.59,8.53,2.0,0.0,0.0,0.0,MAAC
1995,First Round,6,Georgetown,11,Xavier,0,31.0,0.677,11.0,7.0,828.0,0.436,142.0,0.287,542.0,0.65,,1238.0,375.0,327.0,168.0,556.0,607.0,,,0.439,0.261,0.51,51.3,45.3,,12.5,0.473,19.5,,0.285,0.0,3.87,8.88,18.0,7.0,3.0,1.0,Big East,28.0,0.821,14.0,0.0,796.0,0.463,162.0,0.34,594.0,0.72,,1109.0,461.0,238.0,59.0,455.0,535.0,,,0.48,0.277,0.556,51.9,57.9,,4.9,0.51,17.7,,0.345,0.0,9.96,0.22,2.0,0.0,0.0,0.0,MW Coll
1995,Second Round,6,Georgetown,14,Weber State,0,31.0,0.677,11.0,7.0,828.0,0.436,142.0,0.287,542.0,0.65,,1238.0,375.0,327.0,168.0,556.0,607.0,,,0.439,0.261,0.51,51.3,45.3,,12.5,0.473,19.5,,0.285,0.0,3.87,8.88,18.0,7.0,3.0,1.0,Big East,30.0,0.7,11.0,3.0,830.0,0.461,168.0,0.344,491.0,0.724,,1168.0,427.0,215.0,86.0,390.0,541.0,,,0.376,0.271,0.546,55.8,51.4,,7.9,0.507,15.5,,0.273,0.0,4.4,3.95,1.0,0.0,0.0,0.0,Big Sky
1995,First Round,3,Michigan State,14,Weber State,1,28.0,0.786,14.0,4.0,829.0,0.498,158.0,0.408,378.0,0.673,,1074.0,462.0,180.0,46.0,393.0,496.0,,,0.338,0.233,0.568,54.8,55.7,,4.0,0.546,16.9,,0.227,1.0,9.29,8.2,10.0,5.0,1.0,1.0,Big Ten,30.0,0.7,11.0,3.0,830.0,0.461,168.0,0.344,491.0,0.724,,1168.0,427.0,215.0,86.0,390.0,541.0,,,0.376,0.271,0.546,55.8,51.4,,7.9,0.507,15.5,,0.273,0.0,4.4,3.95,1.0,0.0,0.0,0.0,Big Sky
1995,First Round,7,Iowa State,10,Florida,0,34.0,0.676,6.0,8.0,911.0,0.479,175.0,0.386,610.0,0.757,,1205.0,613.0,217.0,110.0,470.0,597.0,,,0.424,0.238,0.571,52.0,67.3,,7.5,0.526,17.1,,0.321,1.0,5.34,11.23,3.0,0.0,0.0,0.0,Big 8,30.0,0.567,8.0,8.0,761.0,0.452,133.0,0.359,523.0,0.715,,1167.0,415.0,206.0,95.0,471.0,568.0,,,0.435,0.22,0.537,54.5,54.5,,8.3,0.492,18.8,,0.311,1.0,4.87,10.53,6.0,2.0,1.0,0.0,SEC
1995,First Round,2,UNC,15,Murray State,0,34.0,0.824,12.0,4.0,1044.0,0.508,266.0,0.41,517.0,0.678,,1290.0,576.0,211.0,177.0,437.0,476.0,,,0.371,0.315,0.594,51.2,55.2,,12.2,0.573,15.3,,0.252,1.0,17.28,6.3,25.0,20.0,10.0,2.0,ACC,30.0,0.7,11.0,5.0,925.0,0.472,205.0,0.363,553.0,0.769,,1103.0,409.0,351.0,130.0,449.0,671.0,,,0.367,0.288,0.567,50.5,44.2,,11.0,0.525,16.3,,0.282,0.0,4.11,-6.47,2.0,0.0,0.0,0.0,OVC
1995,Second Round,2,UNC,7,Iowa State,0,34.0,0.824,12.0,4.0,1044.0,0.508,266.0,0.41,517.0,0.678,,1290.0,576.0,211.0,177.0,437.0,476.0,,,0.371,0.315,0.594,51.2,55.2,,12.2,0.573,15.3,,0.252,1.0,17.28,6.3,25.0,20.0,10.0,2.0,ACC,34.0,0.676,6.0,8.0,911.0,0.479,175.0,0.386,610.0,0.757,,1205.0,613.0,217.0,110.0,470.0,597.0,,,0.424,0.238,0.571,52.0,67.3,,7.5,0.526,17.1,,0.321,1.0,5.34,11.23,3.0,0.0,0.0,0.0,Big 8
1995,Sweet Sixteen,2,UNC,6,Georgetown,0,34.0,0.824,12.0,4.0,1044.0,0.508,266.0,0.41,517.0,0.678,,1290.0,576.0,211.0,177.0,437.0,476.0,,,0.371,0.315,0.594,51.2,55.2,,12.2,0.573,15.3,,0.252,1.0,17.28,6.3,25.0,20.0,10.0,2.0,ACC,31.0,0.677,11.0,7.0,828.0,0.436,142.0,0.287,542.0,0.65,,1238.0,375.0,327.0,168.0,556.0,607.0,,,0.439,0.261,0.51,51.3,45.3,,12.5,0.473,19.5,,0.285,0.0,3.87,8.88,18.0,7.0,3.0,1.0,Big East
1995,Final Four,2,UNC,2,Arkansas,1,34.0,0.824,12.0,4.0,1044.0,0.508,266.0,0.41,517.0,0.678,,1290.0,576.0,211.0,177.0,437.0,476.0,,,0.371,0.315,0.594,51.2,55.2,,12.2,0.573,15.3,,0.252,1.0,17.28,6.3,25.0,20.0,10.0,2.0,ACC,39.0,0.821,12.0,4.0,1223.0,0.464,361.0,0.394,609.0,0.675,,1528.0,721.0,445.0,129.0,633.0,789.0,,,0.342,0.348,0.558,49.1,59.0,,7.8,0.533,17.1,,0.231,1.0,17.91,-1.0,11.0,5.0,3.0,1.0,SEC
1995,National Championship,1,UCLA,2,Arkansas,0,33.0,0.939,16.0,2.0,1079.0,0.513,118.0,0.341,613.0,0.709,,1334.0,653.0,312.0,139.0,508.0,647.0,,,0.412,0.165,0.575,52.9,60.5,,9.8,0.541,16.8,,0.292,1.0,16.46,7.25,11.0,3.0,1.0,1.0,Pac-10,39.0,0.821,12.0,4.0,1223.0,0.464,361.0,0.394,609.0,0.675,,1528.0,721.0,445.0,129.0,633.0,789.0,,,0.342,0.348,0.558,49.1,59.0,,7.8,0.533,17.1,,0.231,1.0,17.91,-1.0,11.0,5.0,3.0,1.0,SEC
1995,First Round,1,UCLA,16,Florida International,0,33.0,0.939,16.0,2.0,1079.0,0.513,118.0,0.341,613.0,0.709,,1334.0,653.0,312.0,139.0,508.0,647.0,,,0.412,0.165,0.575,52.9,60.5,,9.8,0.541,16.8,,0.292,1.0,16.46,7.25,11.0,3.0,1.0,1.0,Pac-10,30.0,0.367,4.0,12.0,734.0,0.428,127.0,0.334,423.0,0.649,,1025.0,399.0,239.0,60.0,494.0,574.0,,,0.38,0.222,0.498,49.1,54.4,,4.8,0.465,19.6,,0.247,0.0,-9.79,-0.7,2.0,0.0,0.0,0.0,TAAC
1995,Second Round,1,UCLA,8,Missouri,0,33.0,0.939,16.0,2.0,1079.0,0.513,118.0,0.341,613.0,0.709,,1334.0,653.0,312.0,139.0,508.0,647.0,,,0.412,0.165,0.575,52.9,60.5,,9.8,0.541,16.8,,0.292,1.0,16.46,7.25,11.0,3.0,1.0,1.0,Pac-10,29.0,0.69,8.0,6.0,756.0,0.45,180.0,0.388,541.0,0.695,,1163.0,368.0,141.0,106.0,449.0,578.0,,,0.463,0.276,0.545,52.5,48.7,,8.6,0.504,18.0,,0.322,0.0,7.18,4.76,15.0,5.0,0.0,0.0,Big 8
1995,Sweet Sixteen,1,UCLA,5,Mississippi State,0,33.0,0.939,16.0,2.0,1079.0,0.513,118.0,0.341,613.0,0.709,,1334.0,653.0,312.0,139.0,508.0,647.0,,,0.412,0.165,0.575,52.9,60.5,,9.8,0.541,16.8,,0.292,1.0,16.46,7.25,11.0,3.0,1.0,1.0,Pac-10,30.0,0.733,12.0,4.0,766.0,0.445,240.0,0.373,429.0,0.694,,1184.0,469.0,202.0,141.0,492.0,544.0,,,0.359,0.374,0.546,51.9,61.2,,11.1,0.515,19.6,,0.249,1.0,3.53,13.76,2.0,1.0,0.0,0.0,SEC
1995,Second Round,4,Utah,5,Mississippi State,1,34.0,0.824,15.0,3.0,902.0,0.483,219.0,0.366,614.0,0.743,,1351.0,536.0,174.0,101.0,485.0,659.0,,,0.442,0.32,0.583,57.0,59.4,,7.6,0.541,17.7,,0.329,1.0,7.23,9.06,4.0,1.0,0.0,0.0,WAC,30.0,0.733,12.0,4.0,766.0,0.445,240.0,0.373,429.0,0.694,,1184.0,469.0,202.0,141.0,492.0,544.0,,,0.359,0.374,0.546,51.9,61.2,,11.1,0.515,19.6,,0.249,1.0,3.53,13.76,2.0,1.0,0.0,0.0,SEC
1995,Elite Eight,1,UCLA,2,UConn,1,33.0,0.939,16.0,2.0,1079.0,0.513,118.0,0.341,613.0,0.709,,1334.0,653.0,312.0,139.0,508.0,647.0,,,0.412,0.165,0.575,52.9,60.5,,9.8,0.541,16.8,,0.292,1.0,16.46,7.25,11.0,3.0,1.0,1.0,Pac-10,33.0,0.848,16.0,2.0,1027.0,0.472,227.0,0.386,556.0,0.745,,1369.0,632.0,284.0,116.0,515.0,580.0,,,0.343,0.27,0.561,53.1,61.5,,7.4,0.524,16.9,,0.256,1.0,15.98,3.25,10.0,4.0,0.0,0.0,Big East
1995,First Round,8,Missouri,9,Indiana,0,29.0,0.69,8.0,6.0,756.0,0.45,180.0,0.388,541.0,0.695,,1163.0,368.0,141.0,106.0,449.0,578.0,,,0.463,0.276,0.545,52.5,48.7,,8.6,0.504,18.0,,0.322,0.0,7.18,4.76,15.0,5.0,0.0,0.0,Big 8,31.0,0.613,11.0,7.0,870.0,0.484,107.0,0.36,498.0,0.666,,1172.0,487.0,184.0,146.0,477.0,571.0,,,0.416,0.165,0.545,51.8,56.0,,11.0,0.514,18.1,,0.277,0.0,6.63,8.2,19.0,14.0,5.0,3.0,Big Ten
1995,First Round,5,Mississippi State,12,Santa Clara,0,30.0,0.733,12.0,4.0,766.0,0.445,240.0,0.373,429.0,0.694,,1184.0,469.0,202.0,141.0,492.0,544.0,,,0.359,0.374,0.546,51.9,61.2,,11.1,0.515,19.6,,0.249,1.0,3.53,13.76,2.0,1.0,0.0,0.0,SEC,28.0,0.75,12.0,2.0,727.0,0.441,188.0,0.39,495.0,0.721,,1108.0,374.0,202.0,74.0,439.0,584.0,,,0.417,0.292,0.541,52.9,51.4,,6.4,0.498,18.2,,0.3,0.0,3.58,6.33,2.0,0.0,0.0,0.0,WCC
1995,First Round,4,Utah,13,Long Beach State,0,34.0,0.824,15.0,3.0,902.0,0.483,219.0,0.366,614.0,0.743,,1351.0,536.0,174.0,101.0,485.0,659.0,,,0.442,0.32,0.583,57.0,59.4,,7.6,0.541,17.7,,0.329,1.0,7.23,9.06,4.0,1.0,0.0,0.0,WAC,30.0,0.667,13.0,5.0,799.0,0.473,146.0,0.303,429.0,0.627,,1051.0,506.0,246.0,91.0,524.0,618.0,,,0.405,0.285,0.54,51.0,63.3,,7.8,0.516,20.6,,0.254,0.0,-1.13,6.42,2.0,0.0,0.0,0.0,Big West
1995,First Round,6,Oregon,11,Texas,1,28.0,0.679,11.0,7.0,796.0,0.442,228.0,0.371,565.0,0.672,,1114.0,448.0,214.0,62.0,454.0,610.0,,,0.467,0.341,0.542,50.0,56.3,,4.9,0.505,17.1,,0.314,0.0,15.28,-0.64,1.0,0.0,0.0,0.0,Pac-10,30.0,0.767,11.0,3.0,1022.0,0.48,253.0,0.37,490.0,0.645,,1132.0,439.0,341.0,78.0,428.0,648.0,,,0.357,0.321,0.559,48.6,43.0,,5.7,0.539,14.7,,0.23,1.0,18.73,-3.01,7.0,2.0,0.0,0.0,SWC
1995,Second Round,3,Maryland,11,Texas,0,34.0,0.765,12.0,4.0,1035.0,0.498,179.0,0.352,697.0,0.706,,1367.0,641.0,302.0,168.0,528.0,632.0,,,0.475,0.244,0.578,54.5,61.9,,11.9,0.541,17.2,,0.335,1.0,17.47,5.22,5.0,4.0,0.0,0.0,ACC,30.0,0.767,11.0,3.0,1022.0,0.48,253.0,0.37,490.0,0.645,,1132.0,439.0,341.0,78.0,428.0,648.0,,,0.357,0.321,0.559,48.6,43.0,,5.7,0.539,14.7,,0.23,1.0,18.73,-3.01,7.0,2.0,0.0,0.0,SWC
1995,First Round,3,Maryland,14,Gonzaga,0,34.0,0.765,12.0,4.0,1035.0,0.498,179.0,0.352,697.0,0.706,,1367.0,641.0,302.0,168.0,528.0,632.0,,,0.475,0.244,0.578,54.5,61.9,,11.9,0.541,17.2,,0.335,1.0,17.47,5.22,5.0,4.0,0.0,0.0,ACC,30.0,0.7,7.0,7.0,763.0,0.484,232.0,0.405,538.0,0.703,,1079.0,394.0,153.0,95.0,391.0,559.0,,,0.486,0.364,0.592,51.0,51.6,,7.4,0.558,16.8,,0.342,0.0,3.36,5.21,1.0,0.0,0.0,0.0,WCC
1995,First Round,7,Cincinnati,10,Temple,0,34.0,0.647,7.0,5.0,996.0,0.465,236.0,0.353,526.0,0.658,,1361.0,550.0,228.0,103.0,526.0,742.0,,,0.373,0.312,0.546,54.8,55.2,,8.2,0.52,17.3,,0.245,1.0,12.38,6.22,5.0,2.0,1.0,0.0,GMWC,30.0,0.633,10.0,6.0,660.0,0.39,209.0,0.306,352.0,0.6,,1085.0,341.0,231.0,113.0,308.0,490.0,,,0.347,0.403,0.477,48.7,51.7,,12.2,0.452,13.5,,0.208,0.0,-7.51,19.73,11.0,3.0,0.0,0.0,A-10
1995,First Round,2,UConn,15,Chattanooga,1,33.0,0.848,16.0,2.0,1027.0,0.472,227.0,0.386,556.0,0.745,,1369.0,632.0,284.0,116.0,515.0,580.0,,,0.343,0.27,0.561,53.1,61.5,,7.4,0.524,16.9,,0.256,1.0,15.98,3.25,10.0,4.0,0.0,0.0,Big East,30.0,0.633,11.0,3.0,779.0,0.447,229.0,0.34,507.0,0.693,,1139.0,458.0,243.0,104.0,496.0,567.0,,,0.42,0.387,0.549,50.5,58.8,,8.6,0.513,19.2,,0.291,0.0,-1.73,0.24,4.0,0.0,0.0,0.0,Southern
1995,Second Round,2,UConn,7,Cincinnati,0,33.0,0.848,16.0,2.0,1027.0,0.472,227.0,0.386,556.0,0.745,,1369.0,632.0,284.0,116.0,515.0,580.0,,,0.343,0.27,0.561,53.1,61.5,,7.4,0.524,16.9,,0.256,1.0,15.98,3.25,10.0,4.0,0.0,0.0,Big East,34.0,0.647,7.0,5.0,996.0,0.465,236.0,0.353,526.0,0.658,,1361.0,550.0,228.0,103.0,526.0,742.0,,,0.373,0.312,0.546,54.8,55.2,,8.2,0.52,17.3,,0.245,1.0,12.38,6.22,5.0,2.0,1.0,0.0,GMWC
1995,Sweet Sixteen,2,UConn,3,Maryland,0,33.0,0.848,16.0,2.0,1027.0,0.472,227.0,0.386,556.0,0.745,,1369.0,632.0,284.0,116.0,515.0,580.0,,,0.343,0.27,0.561,53.1,61.5,,7.4,0.524,16.9,,0.256,1.0,15.98,3.25,10.0,4.0,0.0,0.0,Big East,34.0,0.765,12.0,4.0,1035.0,0.498,179.0,0.352,697.0,0.706,,1367.0,641.0,302.0,168.0,528.0,632.0,,,0.475,0.244,0.578,54.5,61.9,,11.9,0.541,17.2,,0.335,1.0,17.47,5.22,5.0,4.0,0.0,0.0,ACC
1996,First Round,1,UMass,16,UCF,0,37.0,0.946,15.0,1.0,992.0,0.454,160.0,0.35,624.0,0.68,,1482.0,558.0,311.0,232.0,489.0,643.0,,,0.42,0.209,0.528,53.8,56.3,,15.0,0.49,15.7,,0.285,1.0,8.03,13.36,5.0,3.0,1.0,0.0,A-10,30.0,0.367,6.0,10.0,797.0,0.454,201.0,0.358,448.0,0.712,,1110.0,445.0,175.0,103.0,553.0,653.0,,,0.358,0.319,0.546,49.1,55.8,,7.9,0.511,21.2,,0.255,0.0,-0.37,-9.63,2.0,0.0,0.0,0.0,TAAC
1996,Second Round,1,UMass,9,Stanford,0,37.0,0.946,15.0,1.0,992.0,0.454,160.0,0.35,624.0,0.68,,1482.0,558.0,311.0,232.0,489.0,643.0,,,0.42,0.209,0.528,53.8,56.3,,15.0,0.49,15.7,,0.285,1.0,8.03,13.36,5.0,3.0,1.0,0.0,A-10,29.0,0.69,12.0,6.0,735.0,0.445,153.0,0.344,558.0,0.758,,1073.0,466.0,181.0,52.0,387.0,525.0,,,0.446,0.27,0.545,52.7,63.4,,4.2,0.492,16.2,,0.338,0.0,7.05,7.8,4.0,0.0,0.0,0.0,Pac-10
1996,First Round,8,Bradley,9,Stanford,1,30.0,0.733,15.0,3.0,739.0,0.446,156.0,0.383,502.0,0.699,,1073.0,447.0,217.0,97.0,375.0,539.0,,,0.434,0.246,0.535,49.7,60.5,,7.8,0.493,15.8,,0.303,0.0,1.09,8.62,2.0,0.0,0.0,0.0,MVC,29.0,0.69,12.0,6.0,735.0,0.445,153.0,0.344,558.0,0.758,,1073.0,466.0,181.0,52.0,387.0,525.0,,,0.446,0.27,0.545,52.7,63.4,,4.2,0.492,16.2,,0.338,0.0,7.05,7.8,4.0,0.0,0.0,0.0,Pac-10
1996,Sweet Sixteen,1,UMass,12,Arkansas,0,37.0,0.946,15.0,1.0,992.0,0.454,160.0,0.35,624.0,0.68,,1482.0,558.0,311.0,232.0,489.0,643.0,,,0.42,0.209,0.528,53.8,56.3,,15.0,0.49,15.7,,0.285,1.0,8.03,13.36,5.0,3.0,1.0,0.0,A-10,33.0,0.606,9.0,7.0,947.0,0.442,190.0,0.324,476.0,0.624,,1314.0,501.0,300.0,147.0,558.0,678.0,,,0.356,0.273,0.511,49.1,52.9,,10.7,0.486,18.2,,0.222,0.0,9.28,2.38,12.0,6.0,3.0,1.0,SEC
1996,First Round,5,Penn State,12,Arkansas,1,28.0,0.75,12.0,6.0,728.0,0.468,197.0,0.409,442.0,0.688,,1077.0,473.0,206.0,143.0,433.0,491.0,,,0.413,0.31,0.563,54.3,65.0,,11.7,0.532,18.9,,0.284,1.0,7.88,9.2,1.0,0.0,0.0,0.0,Big Ten,33.0,0.606,9.0,7.0,947.0,0.442,190.0,0.324,476.0,0.624,,1314.0,501.0,300.0,147.0,558.0,678.0,,,0.356,0.273,0.511,49.1,52.9,,10.7,0.486,18.2,,0.222,0.0,9.28,2.38,12.0,6.0,3.0,1.0,SEC
1996,Second Round,4,Marquette,12,Arkansas,1,31.0,0.742,10.0,4.0,792.0,0.435,215.0,0.359,460.0,0.714,,1223.0,461.0,166.0,166.0,420.0,577.0,,,0.354,0.329,0.531,53.4,58.2,,13.2,0.494,16.5,,0.253,0.0,4.99,9.46,2.0,0.0,0.0,0.0,CUSA,33.0,0.606,9.0,7.0,947.0,0.442,190.0,0.324,476.0,0.624,,1314.0,501.0,300.0,147.0,558.0,678.0,,,0.356,0.273,0.511,49.1,52.9,,10.7,0.486,18.2,,0.222,0.0,9.28,2.38,12.0,6.0,3.0,1.0,SEC
1996,Elite Eight,1,UMass,2,Georgetown,0,37.0,0.946,15.0,1.0,992.0,0.454,160.0,0.35,624.0,0.68,,1482.0,558.0,311.0,232.0,489.0,643.0,,,0.42,0.209,0.528,53.8,56.3,,15.0,0.49,15.7,,0.285,1.0,8.03,13.36,5.0,3.0,1.0,0.0,A-10,37.0,0.784,13.0,5.0,1121.0,0.476,188.0,0.331,652.0,0.635,,1606.0,521.0,431.0,185.0,628.0,721.0,,,0.436,0.241,0.542,54.7,46.5,,11.3,0.516,18.1,,0.277,1.0,14.17,8.46,19.0,8.0,3.0,1.0,Big East
1996,Final Four,1,UMass,1,Kentucky,1,37.0,0.946,15.0,1.0,992.0,0.454,160.0,0.35,624.0,0.68,,1482.0,558.0,311.0,232.0,489.0,643.0,,,0.42,0.209,0.528,53.8,56.3,,15.0,0.49,15.7,,0.285,1.0,8.03,13.36,5.0,3.0,1.0,0.0,A-10,36.0,0.944,16.0,0.0,1198.0,0.487,266.0,0.397,630.0,0.713,,1501.0,783.0,435.0,176.0,554.0,729.0,,,0.359,0.272,0.571,53.8,65.4,,11.2,0.541,16.1,,0.256,1.0,24.6,7.54,7.0,5.0,3.0,1.0,SEC
1996,First Round,4,Marquette,13,Monmouth,0,31.0,0.742,10.0,4.0,792.0,0.435,215.0,0.359,460.0,0.714,,1223.0,461.0,166.0,166.0,420.0,577.0,,,0.354,0.329,0.531,53.4,58.2,,13.2,0.494,16.5,,0.253,0.0,4.99,9.46,2.0,0.0,0.0,0.0,CUSA,30.0,0.667,14.0,4.0,734.0,0.467,127.0,0.36,470.0,0.694,,991.0,459.0,235.0,102.0,407.0,502.0,,,0.43,0.224,0.545,49.2,62.5,,9.9,0.507,17.7,,0.299,0.0,-5.46,3.57,1.0,0.0,0.0,0.0,NEC
1996,First Round,6,UNC,11,New Orleans,0,32.0,0.656,10.0,6.0,919.0,0.492,235.0,0.396,411.0,0.67,,1243.0,559.0,172.0,110.0,429.0,471.0,,,0.328,0.317,0.575,54.4,60.8,,9.6,0.555,16.6,,0.22,1.0,11.42,6.6,26.0,20.0,10.0,2.0,ACC,30.0,0.7,14.0,4.0,780.0,0.455,189.0,0.359,429.0,0.661,,1139.0,449.0,208.0,80.0,495.0,601.0,,,0.378,0.307,0.538,52.6,57.6,,6.3,0.51,19.7,,0.25,0.0,3.42,2.54,1.0,0.0,0.0,0.0,Sun Belt
1996,First Round,3,Texas Tech,14,Northern Illinois,0,32.0,0.938,14.0,0.0,908.0,0.458,251.0,0.352,562.0,0.661,,1358.0,560.0,170.0,123.0,411.0,539.0,,,0.429,0.36,0.551,53.9,61.7,,8.2,0.521,14.7,,0.283,1.0,9.52,5.34,2.0,1.0,0.0,0.0,SWC,30.0,0.667,10.0,6.0,812.0,0.452,197.0,0.349,428.0,0.657,,1215.0,464.0,198.0,108.0,390.0,500.0,,,0.362,0.314,0.534,54.5,57.1,,8.8,0.507,15.6,,0.238,0.0,0.61,3.76,1.0,0.0,0.0,0.0,MW Coll
1996,Second Round,3,Texas Tech,6,UNC,0,32.0,0.938,14.0,0.0,908.0,0.458,251.0,0.352,562.0,0.661,,1358.0,560.0,170.0,123.0,411.0,539.0,,,0.429,0.36,0.551,53.9,61.7,,8.2,0.521,14.7,,0.283,1.0,9.52,5.34,2.0,1.0,0.0,0.0,SWC,32.0,0.656,10.0,6.0,919.0,0.492,235.0,0.396,411.0,0.67,,1243.0,559.0,172.0,110.0,429.0,471.0,,,0.328,0.317,0.575,54.4,60.8,,9.6,0.555,16.6,,0.22,1.0,11.42,6.6,26.0,20.0,10.0,2.0,ACC
1996,First Round,7,New Mexico,10,Kansas State,0,33.0,0.848,14.0,4.0,889.0,0.493,220.0,0.381,569.0,0.699,,1204.0,515.0,228.0,137.0,477.0,606.0,,,0.452,0.321,0.586,51.7,57.9,,9.5,0.554,17.9,,0.316,0.0,7.15,4.4,8.0,1.0,0.0,0.0,WAC,29.0,0.586,7.0,7.0,683.0,0.42,128.0,0.335,476.0,0.648,,1106.0,373.0,197.0,121.0,470.0,533.0,,,0.452,0.235,0.499,51.2,54.6,,10.3,0.459,19.2,,0.293,0.0,-0.47,8.22,4.0,0.0,0.0,0.0,Big 8
1996,First Round,2,Georgetown,15,Mississippi Valley State,0,37.0,0.784,13.0,5.0,1121.0,0.476,188.0,0.331,652.0,0.635,,1606.0,521.0,431.0,185.0,628.0,721.0,,,0.436,0.241,0.542,54.7,46.5,,11.3,0.516,18.1,,0.277,1.0,14.17,8.46,19.0,8.0,3.0,1.0,Big East,29.0,0.759,11.0,3.0,925.0,0.463,166.0,0.316,470.0,0.619,,1402.0,401.0,241.0,109.0,519.0,519.0,,,0.38,0.263,0.527,56.8,43.4,,7.8,0.504,18.0,,0.235,0.0,3.02,-8.58,3.0,0.0,0.0,0.0,SWAC
1996,Second Round,2,Georgetown,7,New Mexico,0,37.0,0.784,13.0,5.0,1121.0,0.476,188.0,0.331,652.0,0.635,,1606.0,521.0,431.0,185.0,628.0,721.0,,,0.436,0.241,0.542,54.7,46.5,,11.3,0.516,18.1,,0.277,1.0,14.17,8.46,19.0,8.0,3.0,1.0,Big East,33.0,0.848,14.0,4.0,889.0,0.493,220.0,0.381,569.0,0.699,,1204.0,515.0,228.0,137.0,477.0,606.0,,,0.452,0.321,0.586,51.7,57.9,,9.5,0.554,17.9,,0.316,0.0,7.15,4.4,8.0,1.0,0.0,0.0,WAC
1996,Sweet Sixteen,2,Georgetown,3,Texas Tech,0,37.0,0.784,13.0,5.0,1121.0,0.476,188.0,0.331,652.0,0.635,,1606.0,521.0,431.0,185.0,628.0,721.0,,,0.436,0.241,0.542,54.7,46.5,,11.3,0.516,18.1,,0.277,1.0,14.17,8.46,19.0,8.0,3.0,1.0,Big East,32.0,0.938,14.0,0.0,908.0,0.458,251.0,0.352,562.0,0.661,,1358.0,560.0,170.0,123.0,411.0,539.0,,,0.429,0.36,0.551,53.9,61.7,,8.2,0.521,14.7,,0.283,1.0,9.52,5.34,2.0,1.0,0.0,0.0,SWC
1996,First Round,1,Kentucky,16,San Jose State,1,36.0,0.944,16.0,0.0,1198.0,0.487,266.0,0.397,630.0,0.713,,1501.0,783.0,435.0,176.0,554.0,729.0,,,0.359,0.272,0.571,53.8,65.4,,11.2,0.541,16.1,,0.256,1.0,24.6,7.54,7.0,5.0,3.0,1.0,SEC,30.0,0.433,9.0,9.0,782.0,0.445,99.0,0.262,498.0,0.653,,1077.0,422.0,208.0,92.0,531.0,597.0,,,0.435,0.215,0.51,49.9,54.0,,7.1,0.474,20.0,,0.284,0.0,0.54,-3.7,4.0,0.0,0.0,0.0,Big West
1996,Second Round,1,Kentucky,9,Virginia Tech,0,36.0,0.944,16.0,0.0,1198.0,0.487,266.0,0.397,630.0,0.713,,1501.0,783.0,435.0,176.0,554.0,729.0,,,0.359,0.272,0.571,53.8,65.4,,11.2,0.541,16.1,,0.256,1.0,24.6,7.54,7.0,5.0,3.0,1.0,SEC,29.0,0.793,13.0,3.0,750.0,0.457,155.0,0.395,381.0,0.698,,1011.0,464.0,184.0,91.0,345.0,458.0,,,0.333,0.239,0.536,51.9,61.9,,8.2,0.505,15.4,,0.232,0.0,0.19,11.34,2.0,1.0,0.0,0.0,A-10
1996,First Round,8,Green Bay,9,Virginia Tech,1,29.0,0.862,16.0,0.0,665.0,0.476,120.0,0.383,428.0,0.746,,874.0,486.0,179.0,45.0,302.0,459.0,,,0.411,0.224,0.562,49.9,73.1,,5.3,0.519,15.3,,0.306,0.0,-7.0,15.05,1.0,0.0,0.0,0.0,MW Coll,29.0,0.793,13.0,3.0,750.0,0.457,155.0,0.395,381.0,0.698,,1011.0,464.0,184.0,91.0,345.0,458.0,,,0.333,0.239,0.536,51.9,61.9,,8.2,0.505,15.4,,0.232,0.0,0.19,11.34,2.0,1.0,0.0,0.0,A-10
1996,Sweet Sixteen,1,Kentucky,4,Utah,1,36.0,0.944,16.0,0.0,1198.0,0.487,266.0,0.397,630.0,0.713,,1501.0,783.0,435.0,176.0,554.0,729.0,,,0.359,0.272,0.571,53.8,65.4,,11.2,0.541,16.1,,0.256,1.0,24.6,7.54,7.0,5.0,3.0,1.0,SEC,34.0,0.794,15.0,3.0,887.0,0.481,186.0,0.373,649.0,0.784,,1347.0,535.0,217.0,112.0,480.0,612.0,,,0.449,0.27,0.583,56.9,60.3,,8.2,0.531,17.7,,0.352,1.0,5.47,13.05,5.0,2.0,0.0,0.0,WAC
1996,Elite Eight,1,Kentucky,2,Wake Forest,0,36.0,0.944,16.0,0.0,1198.0,0.487,266.0,0.397,630.0,0.713,,1501.0,783.0,435.0,176.0,554.0,729.0,,,0.359,0.272,0.571,53.8,65.4,,11.2,0.541,16.1,,0.256,1.0,24.6,7.54,7.0,5.0,3.0,1.0,SEC,32.0,0.813,12.0,4.0,757.0,0.465,260.0,0.421,430.0,0.704,,1155.0,429.0,151.0,171.0,450.0,447.0,,,0.375,0.38,0.574,53.6,56.7,,13.6,0.545,19.0,,0.264,1.0,1.16,17.09,6.0,3.0,0.0,0.0,ACC
1996,National Championship,1,Kentucky,4,Syracuse,0,36.0,0.944,16.0,0.0,1198.0,0.487,266.0,0.397,630.0,0.713,,1501.0,783.0,435.0,176.0,554.0,729.0,,,0.359,0.272,0.571,53.8,65.4,,11.2,0.541,16.1,,0.256,1.0,24.6,7.54,7.0,5.0,3.0,1.0,SEC,38.0,0.763,12.0,6.0,1027.0,0.466,199.0,0.36,644.0,0.705,,1455.0,654.0,296.0,159.0,575.0,697.0,,,0.414,0.251,0.549,50.7,63.7,,10.1,0.511,17.9,,0.292,1.0,9.37,9.62,17.0,9.0,2.0,0.0,Big East
1996,Elite Eight,2,Kansas,4,Syracuse,1,34.0,0.853,12.0,2.0,960.0,0.454,220.0,0.326,601.0,0.656,,1445.0,600.0,323.0,204.0,530.0,651.0,,,0.434,0.319,0.538,53.7,62.5,,13.5,0.506,17.2,,0.284,1.0,12.79,8.6,7.0,5.0,2.0,0.0,Big 8,38.0,0.763,12.0,6.0,1027.0,0.466,199.0,0.36,644.0,0.705,,1455.0,654.0,296.0,159.0,575.0,697.0,,,0.414,0.251,0.549,50.7,63.7,,10.1,0.511,17.9,,0.292,1.0,9.37,9.62,17.0,9.0,2.0,0.0,Big East
1996,First Round,5,Iowa State,12,California,0,33.0,0.727,9.0,5.0,746.0,0.432,140.0,0.336,591.0,0.68,,1129.0,435.0,223.0,99.0,459.0,509.0,,,0.504,0.242,0.52,49.1,58.3,,7.4,0.473,17.7,,0.343,0.0,-1.93,12.83,4.0,0.0,0.0,0.0,Big 8,28.0,0.607,11.0,7.0,716.0,0.448,153.0,0.353,532.0,0.701,,1037.0,368.0,216.0,121.0,427.0,541.0,,,0.475,0.271,0.54,51.4,51.4,,9.6,0.496,17.9,,0.333,0.0,7.08,4.82,3.0,1.0,0.0,0.0,Pac-10
1996,First Round,4,Utah,13,Canisius,0,34.0,0.794,15.0,3.0,887.0,0.481,186.0,0.373,649.0,0.784,,1347.0,535.0,217.0,112.0,480.0,612.0,,,0.449,0.27,0.583,56.9,60.3,,8.2,0.531,17.7,,0.352,1.0,5.47,13.05,5.0,2.0,0.0,0.0,WAC,30.0,0.633,7.0,7.0,695.0,0.42,161.0,0.319,422.0,0.696,,1013.0,433.0,198.0,82.0,420.0,476.0,,,0.366,0.305,0.508,48.4,62.3,,6.7,0.469,17.8,,0.255,0.0,-4.97,6.11,1.0,0.0,0.0,0.0,MAAC
1996,Second Round,4,Utah,5,Iowa State,0,34.0,0.794,15.0,3.0,887.0,0.481,186.0,0.373,649.0,0.784,,1347.0,535.0,217.0,112.0,480.0,612.0,,,0.449,0.27,0.583,56.9,60.3,,8.2,0.531,17.7,,0.352,1.0,5.47,13.05,5.0,2.0,0.0,0.0,WAC,33.0,0.727,9.0,5.0,746.0,0.432,140.0,0.336,591.0,0.68,,1129.0,435.0,223.0,99.0,459.0,509.0,,,0.504,0.242,0.52,49.1,58.3,,7.4,0.473,17.7,,0.343,0.0,-1.93,12.83,4.0,0.0,0.0,0.0,Big 8
1996,First Round,6,Louisville,11,Tulsa,0,34.0,0.647,10.0,4.0,925.0,0.485,220.0,0.355,532.0,0.678,,1147.0,515.0,303.0,138.0,545.0,634.0,,,0.412,0.325,0.571,48.2,55.7,,9.9,0.543,19.3,,0.279,1.0,9.6,5.59,20.0,15.0,6.0,2.0,CUSA,30.0,0.733,12.0,6.0,776.0,0.439,181.0,0.339,559.0,0.661,,1295.0,492.0,291.0,136.0,501.0,594.0,,,0.479,0.302,0.529,55.3,63.4,,11.1,0.491,18.8,,0.317,0.0,6.14,6.78,1.0,0.0,0.0,0.0,MVC
1996,First Round,3,Villanova,14,Portland,0,33.0,0.788,14.0,4.0,877.0,0.463,212.0,0.35,526.0,0.698,,1254.0,550.0,240.0,185.0,452.0,598.0,,,0.398,0.32,0.553,51.5,62.7,,13.4,0.519,16.7,,0.278,1.0,9.45,10.89,2.0,0.0,0.0,0.0,Big East,30.0,0.633,7.0,7.0,854.0,0.444,144.0,0.312,435.0,0.702,,1060.0,493.0,257.0,61.0,424.0,621.0,,,0.322,0.24,0.515,47.6,57.7,,5.1,0.481,16.0,,0.226,0.0,4.9,-3.16,1.0,0.0,0.0,0.0,WCC
1996,Second Round,3,Villanova,6,Louisville,1,33.0,0.788,14.0,4.0,877.0,0.463,212.0,0.35,526.0,0.698,,1254.0,550.0,240.0,185.0,452.0,598.0,,,0.398,0.32,0.553,51.5,62.7,,13.4,0.519,16.7,,0.278,1.0,9.45,10.89,2.0,0.0,0.0,0.0,Big East,34.0,0.647,10.0,4.0,925.0,0.485,220.0,0.355,532.0,0.678,,1147.0,515.0,303.0,138.0,545.0,634.0,,,0.412,0.325,0.571,48.2,55.7,,9.9,0.543,19.3,,0.279,1.0,9.6,5.59,20.0,15.0,6.0,2.0,CUSA
1996,Sweet Sixteen,2,Wake Forest,6,Louisville,0,32.0,0.813,12.0,4.0,757.0,0.465,260.0,0.421,430.0,0.704,,1155.0,429.0,151.0,171.0,450.0,447.0,,,0.375,0.38,0.574,53.6,56.7,,13.6,0.545,19.0,,0.264,1.0,1.16,17.09,6.0,3.0,0.0,0.0,ACC,34.0,0.647,10.0,4.0,925.0,0.485,220.0,0.355,532.0,0.678,,1147.0,515.0,303.0,138.0,545.0,634.0,,,0.412,0.325,0.571,48.2,55.7,,9.9,0.543,19.3,,0.279,1.0,9.6,5.59,20.0,15.0,6.0,2.0,CUSA
1996,First Round,7,Michigan,10,Texas,1,32.0,0.656,10.0,8.0,828.0,0.442,157.0,0.33,470.0,0.672,,1245.0,415.0,215.0,116.0,528.0,683.0,,,0.373,0.254,0.517,52.9,50.1,,8.9,0.483,19.3,,0.251,1.0,4.24,10.77,7.0,4.0,3.0,1.0,Big Ten,31.0,0.677,10.0,4.0,891.0,0.413,239.0,0.318,514.0,0.664,,1291.0,427.0,348.0,87.0,450.0,747.0,,,0.358,0.348,0.501,50.5,47.9,,7.2,0.468,15.1,,0.238,0.0,12.25,0.19,8.0,2.0,0.0,0.0,SWC
1996,Second Round,2,Wake Forest,10,Texas,0,32.0,0.813,12.0,4.0,757.0,0.465,260.0,0.421,430.0,0.704,,1155.0,429.0,151.0,171.0,450.0,447.0,,,0.375,0.38,0.574,53.6,56.7,,13.6,0.545,19.0,,0.264,1.0,1.16,17.09,6.0,3.0,0.0,0.0,ACC,31.0,0.677,10.0,4.0,891.0,0.413,239.0,0.318,514.0,0.664,,1291.0,427.0,348.0,87.0,450.0,747.0,,,0.358,0.348,0.501,50.5,47.9,,7.2,0.468,15.1,,0.238,0.0,12.25,0.19,8.0,2.0,0.0,0.0,SWC
1996,First Round,2,Wake Forest,15,Louisiana-Monroe,0,32.0,0.813,12.0,4.0,757.0,0.465,260.0,0.421,430.0,0.704,,1155.0,429.0,151.0,171.0,450.0,447.0,,,0.375,0.38,0.574,53.6,56.7,,13.6,0.545,19.0,,0.264,1.0,1.16,17.09,6.0,3.0,0.0,0.0,ACC,30.0,0.533,13.0,5.0,855.0,0.455,225.0,0.379,383.0,0.689,,1030.0,426.0,269.0,142.0,456.0,508.0,,,0.296,0.316,0.541,47.5,49.8,,10.6,0.515,17.6,,0.204,0.0,2.17,-4.7,7.0,0.0,0.0,0.0,Southland
1996,First Round,1,UConn,16,Colgate,0,35.0,0.914,17.0,1.0,1061.0,0.475,258.0,0.408,510.0,0.731,,1519.0,659.0,286.0,190.0,541.0,598.0,,,0.312,0.283,0.563,55.8,62.1,,12.1,0.532,17.4,,0.228,1.0,13.24,12.81,11.0,5.0,0.0,0.0,Big East,30.0,0.5,9.0,3.0,765.0,0.448,186.0,0.361,448.0,0.654,,1103.0,401.0,198.0,195.0,485.0,559.0,,,0.401,0.302,0.532,48.1,52.4,,15.2,0.502,19.3,,0.262,0.0,-0.71,-3.96,2.0,0.0,0.0,0.0,Patriot
1996,Second Round,1,UConn,9,Eastern Michigan,0,35.0,0.914,17.0,1.0,1061.0,0.475,258.0,0.408,510.0,0.731,,1519.0,659.0,286.0,190.0,541.0,598.0,,,0.312,0.283,0.563,55.8,62.1,,12.1,0.532,17.4,,0.228,1.0,13.24,12.81,11.0,5.0,0.0,0.0,Big East,31.0,0.806,14.0,4.0,943.0,0.479,177.0,0.355,531.0,0.707,,1149.0,475.0,242.0,120.0,371.0,571.0,,,0.382,0.254,0.558,49.7,50.4,,8.5,0.524,13.8,,0.27,0.0,13.39,-1.84,3.0,1.0,0.0,0.0,MAC
1996,First Round,8,Duke,9,Eastern Michigan,1,31.0,0.581,8.0,8.0,830.0,0.445,231.0,0.376,445.0,0.703,,1083.0,439.0,186.0,113.0,417.0,596.0,,,0.339,0.33,0.539,49.5,52.9,,8.7,0.507,16.1,,0.238,1.0,8.43,7.63,12.0,8.0,7.0,2.0,ACC,31.0,0.806,14.0,4.0,943.0,0.479,177.0,0.355,531.0,0.707,,1149.0,475.0,242.0,120.0,371.0,571.0,,,0.382,0.254,0.558,49.7,50.4,,8.5,0.524,13.8,,0.27,0.0,13.39,-1.84,3.0,1.0,0.0,0.0,MAC
1996,Sweet Sixteen,1,UConn,5,Mississippi State,1,35.0,0.914,17.0,1.0,1061.0,0.475,258.0,0.408,510.0,0.731,,1519.0,659.0,286.0,190.0,541.0,598.0,,,0.312,0.283,0.563,55.8,62.1,,12.1,0.532,17.4,,0.228,1.0,13.24,12.81,11.0,5.0,0.0,0.0,Big East,34.0,0.765,10.0,6.0,881.0,0.478,214.0,0.384,508.0,0.711,,1325.0,520.0,222.0,175.0,583.0,553.0,,,0.388,0.303,0.569,54.4,59.0,,13.0,0.536,21.1,,0.276,1.0,4.19,12.0,3.0,2.0,1.0,0.0,SEC
1996,Elite Eight,2,Cincinnati,5,Mississippi State,1,33.0,0.848,11.0,3.0,939.0,0.466,181.0,0.357,568.0,0.676,,1360.0,546.0,277.0,105.0,458.0,701.0,,,0.417,0.252,0.544,55.3,58.1,,8.3,0.511,16.0,,0.282,1.0,13.51,8.6,6.0,3.0,1.0,0.0,CUSA,34.0,0.765,10.0,6.0,881.0,0.478,214.0,0.384,508.0,0.711,,1325.0,520.0,222.0,175.0,583.0,553.0,,,0.388,0.303,0.569,54.4,59.0,,13.0,0.536,21.1,,0.276,1.0,4.19,12.0,3.0,2.0,1.0,0.0,SEC
1996,Final Four,4,Syracuse,5,Mississippi State,0,38.0,0.763,12.0,6.0,1027.0,0.466,199.0,0.36,644.0,0.705,,1455.0,654.0,296.0,159.0,575.0,697.0,,,0.414,0.251,0.549,50.7,63.7,,10.1,0.511,17.9,,0.292,1.0,9.37,9.62,17.0,9.0,2.0,0.0,Big East,34.0,0.765,10.0,6.0,881.0,0.478,214.0,0.384,508.0,0.711,,1325.0,520.0,222.0,175.0,583.0,553.0,,,0.388,0.303,0.569,54.4,59.0,,13.0,0.536,21.1,,0.276,1.0,4.19,12.0,3.0,2.0,1.0,0.0,SEC
1996,First Round,5,Mississippi State,12,VCU,0,34.0,0.765,10.0,6.0,881.0,0.478,214.0,0.384,508.0,0.711,,1325.0,520.0,222.0,175.0,583.0,553.0,,,0.388,0.303,0.569,54.4,59.0,,13.0,0.536,21.1,,0.276,1.0,4.19,12.0,3.0,2.0,1.0,0.0,SEC,33.0,0.727,14.0,2.0,890.0,0.466,153.0,0.317,505.0,0.65,,1328.0,513.0,246.0,129.0,557.0,553.0,,,0.407,0.253,0.535,55.7,57.6,,9.7,0.507,19.7,,0.265,0.0,2.18,5.25,6.0,2.0,0.0,0.0,CAA
1996,Second Round,5,Mississippi State,13,Princeton,0,34.0,0.765,10.0,6.0,881.0,0.478,214.0,0.384,508.0,0.711,,1325.0,520.0,222.0,175.0,583.0,553.0,,,0.388,0.303,0.569,54.4,59.0,,13.0,0.536,21.1,,0.276,1.0,4.19,12.0,3.0,2.0,1.0,0.0,SEC,29.0,0.759,12.0,2.0,599.0,0.47,212.0,0.346,304.0,0.689,,776.0,348.0,159.0,55.0,328.0,499.0,,,0.346,0.481,0.577,48.9,58.1,,6.4,0.553,18.1,,0.238,0.0,-12.41,14.94,11.0,0.0,0.0,0.0,Ivy
1996,First Round,4,UCLA,13,Princeton,1,31.0,0.742,16.0,2.0,897.0,0.528,118.0,0.376,487.0,0.675,,1155.0,508.0,202.0,162.0,554.0,528.0,,,0.425,0.185,0.588,54.4,56.6,,12.2,0.563,21.3,,0.287,0.0,9.7,4.45,12.0,3.0,1.0,1.0,Pac-10,29.0,0.759,12.0,2.0,599.0,0.47,212.0,0.346,304.0,0.689,,776.0,348.0,159.0,55.0,328.0,499.0,,,0.346,0.481,0.577,48.9,58.1,,6.4,0.553,18.1,,0.238,0.0,-12.41,14.94,11.0,0.0,0.0,0.0,Ivy
1996,First Round,6,Indiana,11,Boston College,1,31.0,0.613,12.0,6.0,807.0,0.472,184.0,0.391,551.0,0.703,,1147.0,506.0,193.0,111.0,467.0,568.0,,,0.459,0.275,0.564,51.5,62.7,,9.0,0.526,18.3,,0.322,1.0,10.05,7.56,20.0,14.0,5.0,3.0,Big Ten,30.0,0.633,10.0,8.0,803.0,0.461,193.0,0.352,547.0,0.706,,1204.0,428.0,217.0,93.0,478.0,571.0,,,0.445,0.316,0.556,53.4,53.3,,7.4,0.517,18.5,,0.314,1.0,9.35,7.58,2.0,1.0,0.0,0.0,Big East
1996,Second Round,3,Georgia Tech,11,Boston College,1,36.0,0.667,13.0,3.0,1031.0,0.477,296.0,0.381,530.0,0.703,,1308.0,622.0,288.0,130.0,533.0,606.0,,,0.349,0.359,0.573,49.9,60.3,,8.2,0.546,17.5,,0.245,1.0,14.3,2.65,11.0,5.0,1.0,0.0,ACC,30.0,0.633,10.0,8.0,803.0,0.461,193.0,0.352,547.0,0.706,,1204.0,428.0,217.0,93.0,478.0,571.0,,,0.445,0.316,0.556,53.4,53.3,,7.4,0.517,18.5,,0.314,1.0,9.35,7.58,2.0,1.0,0.0,0.0,Big East
1996,First Round,3,Georgia Tech,14,Austin Peay,0,36.0,0.667,13.0,3.0,1031.0,0.477,296.0,0.381,530.0,0.703,,1308.0,622.0,288.0,130.0,533.0,606.0,,,0.349,0.359,0.573,49.9,60.3,,8.2,0.546,17.5,,0.245,1.0,14.3,2.65,11.0,5.0,1.0,0.0,ACC,30.0,0.633,10.0,6.0,888.0,0.481,211.0,0.376,390.0,0.684,,1028.0,525.0,258.0,126.0,390.0,467.0,,,0.308,0.304,0.561,46.9,59.1,,8.9,0.538,15.5,,0.211,0.0,3.25,-3.66,1.0,0.0,0.0,0.0,OVC
1996,First Round,7,Temple,10,Oklahoma,0,33.0,0.606,12.0,4.0,705.0,0.389,182.0,0.296,389.0,0.622,,1252.0,327.0,244.0,86.0,391.0,506.0,,,0.345,0.34,0.47,52.5,46.4,,8.5,0.44,15.6,,0.215,0.0,-7.14,18.23,12.0,3.0,0.0,0.0,A-10,30.0,0.567,8.0,6.0,863.0,0.444,207.0,0.359,438.0,0.709,,1222.0,484.0,201.0,82.0,388.0,575.0,,,0.318,0.296,0.53,52.7,56.1,,6.5,0.497,14.8,,0.225,0.0,10.38,2.41,3.0,0.0,0.0,0.0,Big 8
1996,First Round,2,Cincinnati,15,UNC Greensboro,0,33.0,0.848,11.0,3.0,939.0,0.466,181.0,0.357,568.0,0.676,,1360.0,546.0,277.0,105.0,458.0,701.0,,,0.417,0.252,0.544,55.3,58.1,,8.3,0.511,16.0,,0.282,1.0,13.51,8.6,6.0,3.0,1.0,0.0,CUSA,30.0,0.667,11.0,3.0,745.0,0.461,205.0,0.408,434.0,0.654,,1104.0,452.0,190.0,121.0,456.0,486.0,,,0.411,0.311,0.551,51.8,60.7,,10.1,0.525,19.1,,0.269,0.0,-4.32,2.37,1.0,0.0,0.0,0.0,Big South
1996,Second Round,2,Cincinnati,7,Temple,0,33.0,0.848,11.0,3.0,939.0,0.466,181.0,0.357,568.0,0.676,,1360.0,546.0,277.0,105.0,458.0,701.0,,,0.417,0.252,0.544,55.3,58.1,,8.3,0.511,16.0,,0.282,1.0,13.51,8.6,6.0,3.0,1.0,0.0,CUSA,33.0,0.606,12.0,4.0,705.0,0.389,182.0,0.296,389.0,0.622,,1252.0,327.0,244.0,86.0,391.0,506.0,,,0.345,0.34,0.47,52.5,46.4,,8.5,0.44,15.6,,0.215,0.0,-7.14,18.23,12.0,3.0,0.0,0.0,A-10
1996,Sweet Sixteen,2,Cincinnati,3,Georgia Tech,0,33.0,0.848,11.0,3.0,939.0,0.466,181.0,0.357,568.0,0.676,,1360.0,546.0,277.0,105.0,458.0,701.0,,,0.417,0.252,0.544,55.3,58.1,,8.3,0.511,16.0,,0.282,1.0,13.51,8.6,6.0,3.0,1.0,0.0,CUSA,36.0,0.667,13.0,3.0,1031.0,0.477,296.0,0.381,530.0,0.703,,1308.0,622.0,288.0,130.0,533.0,606.0,,,0.349,0.359,0.573,49.9,60.3,,8.2,0.546,17.5,,0.245,1.0,14.3,2.65,11.0,5.0,1.0,0.0,ACC
1996,First Round,1,Purdue,16,Western Carolina,0,32.0,0.813,15.0,3.0,816.0,0.471,157.0,0.356,549.0,0.673,,1146.0,521.0,257.0,113.0,490.0,579.0,,,0.471,0.254,0.551,51.5,63.8,,8.4,0.516,18.8,,0.317,1.0,5.1,12.15,13.0,2.0,0.0,0.0,Big Ten,30.0,0.567,10.0,4.0,870.0,0.466,204.0,0.406,487.0,0.7,,1124.0,464.0,216.0,84.0,473.0,586.0,,,0.373,0.27,0.553,48.7,53.3,,6.7,0.521,17.7,,0.261,0.0,7.12,-11.98,1.0,0.0,0.0,0.0,Southern
1996,Second Round,1,Purdue,8,Georgia,1,32.0,0.813,15.0,3.0,816.0,0.471,157.0,0.356,549.0,0.673,,1146.0,521.0,257.0,113.0,490.0,579.0,,,0.471,0.254,0.551,51.5,63.8,,8.4,0.516,18.8,,0.317,1.0,5.1,12.15,13.0,2.0,0.0,0.0,Big Ten,31.0,0.677,9.0,7.0,912.0,0.468,198.0,0.347,434.0,0.666,,1235.0,569.0,308.0,130.0,453.0,572.0,,,0.335,0.293,0.544,53.2,62.4,,10.7,0.519,16.7,,0.223,1.0,11.5,7.79,3.0,3.0,0.0,0.0,SEC
1996,Sweet Sixteen,4,Syracuse,8,Georgia,0,38.0,0.763,12.0,6.0,1027.0,0.466,199.0,0.36,644.0,0.705,,1455.0,654.0,296.0,159.0,575.0,697.0,,,0.414,0.251,0.549,50.7,63.7,,10.1,0.511,17.9,,0.292,1.0,9.37,9.62,17.0,9.0,2.0,0.0,Big East,31.0,0.677,9.0,7.0,912.0,0.468,198.0,0.347,434.0,0.666,,1235.0,569.0,308.0,130.0,453.0,572.0,,,0.335,0.293,0.544,53.2,62.4,,10.7,0.519,16.7,,0.223,1.0,11.5,7.79,3.0,3.0,0.0,0.0,SEC
1996,First Round,8,Georgia,9,Clemson,0,31.0,0.677,9.0,7.0,912.0,0.468,198.0,0.347,434.0,0.666,,1235.0,569.0,308.0,130.0,453.0,572.0,,,0.335,0.293,0.544,53.2,62.4,,10.7,0.519,16.7,,0.223,1.0,11.5,7.79,3.0,3.0,0.0,0.0,SEC,29.0,0.621,7.0,9.0,691.0,0.446,149.0,0.339,440.0,0.659,,999.0,374.0,199.0,86.0,337.0,535.0,,,0.431,0.284,0.527,52.7,54.1,,10.4,0.494,15.3,,0.284,0.0,-0.45,13.62,4.0,0.0,0.0,0.0,ACC
1996,First Round,5,Memphis,12,Drexel,1,30.0,0.733,11.0,3.0,839.0,0.457,183.0,0.345,344.0,0.618,,1125.0,491.0,283.0,158.0,436.0,508.0,,,0.304,0.289,0.525,50.6,58.5,,13.1,0.507,17.2,,0.188,0.0,6.09,8.26,6.0,2.0,0.0,0.0,CUSA,31.0,0.871,17.0,1.0,868.0,0.475,241.0,0.394,583.0,0.714,,1280.0,517.0,191.0,78.0,426.0,569.0,,,0.446,0.335,0.578,53.9,59.6,,5.4,0.541,16.1,,0.319,0.0,7.24,3.75,3.0,0.0,0.0,0.0,NAC
1996,Second Round,4,Syracuse,12,Drexel,0,38.0,0.763,12.0,6.0,1027.0,0.466,199.0,0.36,644.0,0.705,,1455.0,654.0,296.0,159.0,575.0,697.0,,,0.414,0.251,0.549,50.7,63.7,,10.1,0.511,17.9,,0.292,1.0,9.37,9.62,17.0,9.0,2.0,0.0,Big East,31.0,0.871,17.0,1.0,868.0,0.475,241.0,0.394,583.0,0.714,,1280.0,517.0,191.0,78.0,426.0,569.0,,,0.446,0.335,0.578,53.9,59.6,,5.4,0.541,16.1,,0.319,0.0,7.24,3.75,3.0,0.0,0.0,0.0,NAC
1996,First Round,4,Syracuse,13,Montana State,0,38.0,0.763,12.0,6.0,1027.0,0.466,199.0,0.36,644.0,0.705,,1455.0,654.0,296.0,159.0,575.0,697.0,,,0.414,0.251,0.549,50.7,63.7,,10.1,0.511,17.9,,0.292,1.0,9.37,9.62,17.0,9.0,2.0,0.0,Big East,30.0,0.7,11.0,3.0,898.0,0.499,207.0,0.366,422.0,0.681,,1120.0,627.0,218.0,89.0,453.0,496.0,,,0.344,0.314,0.579,53.5,69.8,,6.9,0.556,17.8,,0.234,0.0,5.94,1.54,1.0,0.0,0.0,0.0,Big Sky
1996,First Round,6,Iowa,11,George Washington,0,32.0,0.719,11.0,7.0,898.0,0.48,195.0,0.333,557.0,0.717,,1296.0,576.0,284.0,84.0,525.0,571.0,,,0.415,0.313,0.569,56.3,64.1,,6.9,0.532,19.0,,0.298,1.0,11.94,6.71,9.0,4.0,0.0,0.0,Big Ten,29.0,0.724,13.0,3.0,788.0,0.455,130.0,0.336,557.0,0.701,,1100.0,472.0,211.0,107.0,434.0,590.0,,,0.459,0.223,0.536,49.5,59.9,,8.3,0.492,17.1,,0.321,0.0,8.45,0.55,5.0,1.0,0.0,0.0,A-10
1996,First Round,3,Arizona,14,Valparaiso,0,33.0,0.788,13.0,5.0,973.0,0.491,222.0,0.376,525.0,0.66,,1253.0,589.0,244.0,117.0,541.0,590.0,,,0.402,0.298,0.571,52.3,60.5,,8.2,0.547,18.7,,0.265,1.0,13.67,4.48,17.0,7.0,3.0,0.0,Pac-10,32.0,0.656,13.0,5.0,915.0,0.479,201.0,0.376,472.0,0.667,,1178.0,522.0,255.0,62.0,480.0,652.0,,,0.371,0.28,0.557,54.0,57.0,,4.9,0.532,17.6,,0.247,0.0,0.05,-5.18,1.0,0.0,0.0,0.0,Mid-Cont
1996,Second Round,3,Arizona,6,Iowa,0,33.0,0.788,13.0,5.0,973.0,0.491,222.0,0.376,525.0,0.66,,1253.0,589.0,244.0,117.0,541.0,590.0,,,0.402,0.298,0.571,52.3,60.5,,8.2,0.547,18.7,,0.265,1.0,13.67,4.48,17.0,7.0,3.0,0.0,Pac-10,32.0,0.719,11.0,7.0,898.0,0.48,195.0,0.333,557.0,0.717,,1296.0,576.0,284.0,84.0,525.0,571.0,,,0.415,0.313,0.569,56.3,64.1,,6.9,0.532,19.0,,0.298,1.0,11.94,6.71,9.0,4.0,0.0,0.0,Big Ten
1996,First Round,7,Maryland,10,Santa Clara,1,30.0,0.567,8.0,8.0,860.0,0.449,185.0,0.34,535.0,0.683,,1158.0,529.0,329.0,88.0,506.0,652.0,,,0.408,0.284,0.533,51.0,61.5,,7.4,0.497,18.1,,0.279,1.0,13.87,1.13,6.0,4.0,0.0,0.0,ACC,29.0,0.69,10.0,4.0,686.0,0.421,194.0,0.363,488.0,0.698,,1066.0,403.0,200.0,67.0,425.0,566.0,,,0.429,0.327,0.523,51.4,58.7,,6.1,0.48,17.8,,0.299,0.0,0.96,7.85,3.0,0.0,0.0,0.0,WCC
1996,Second Round,2,Kansas,10,Santa Clara,0,34.0,0.853,12.0,2.0,960.0,0.454,220.0,0.326,601.0,0.656,,1445.0,600.0,323.0,204.0,530.0,651.0,,,0.434,0.319,0.538,53.7,62.5,,13.5,0.506,17.2,,0.284,1.0,12.79,8.6,7.0,5.0,2.0,0.0,Big 8,29.0,0.69,10.0,4.0,686.0,0.421,194.0,0.363,488.0,0.698,,1066.0,403.0,200.0,67.0,425.0,566.0,,,0.429,0.327,0.523,51.4,58.7,,6.1,0.48,17.8,,0.299,0.0,0.96,7.85,3.0,0.0,0.0,0.0,WCC
1996,First Round,2,Kansas,15,South Carolina State,0,34.0,0.853,12.0,2.0,960.0,0.454,220.0,0.326,601.0,0.656,,1445.0,600.0,323.0,204.0,530.0,651.0,,,0.434,0.319,0.538,53.7,62.5,,13.5,0.506,17.2,,0.284,1.0,12.79,8.6,7.0,5.0,2.0,0.0,Big 8,30.0,0.733,14.0,2.0,781.0,0.455,136.0,0.313,462.0,0.643,,1205.0,380.0,193.0,139.0,449.0,478.0,,,0.419,0.253,0.525,54.6,48.7,,11.2,0.495,17.9,,0.269,0.0,-7.23,2.0,2.0,0.0,0.0,0.0,MEAC
1996,Sweet Sixteen,2,Kansas,3,Arizona,0,34.0,0.853,12.0,2.0,960.0,0.454,220.0,0.326,601.0,0.656,,1445.0,600.0,323.0,204.0,530.0,651.0,,,0.434,0.319,0.538,53.7,62.5,,13.5,0.506,17.2,,0.284,1.0,12.79,8.6,7.0,5.0,2.0,0.0,Big 8,33.0,0.788,13.0,5.0,973.0,0.491,222.0,0.376,525.0,0.66,,1253.0,589.0,244.0,117.0,541.0,590.0,,,0.402,0.298,0.571,52.3,60.5,,8.2,0.547,18.7,,0.265,1.0,13.67,4.48,17.0,7.0,3.0,0.0,Pac-10
1997,First Round,1,UNC,16,Fairfield,0,35.0,0.8,11.0,5.0,1018.0,0.479,188.0,0.372,485.0,0.68,528.0,1455.0,632.0,261.0,142.0,495.0,547.0,,111.4,0.336,0.238,0.55,56.4,62.1,10.7,10.9,0.524,16.7,43.7,0.228,1.0,14.08,7.15,27.0,21.0,11.0,2.0,ACC,30.0,0.367,2.0,12.0,690.0,0.429,165.0,0.332,446.0,0.611,386.0,1065.0,388.0,219.0,107.0,494.0,613.0,,96.0,0.454,0.309,0.509,49.9,56.2,10.6,9.0,0.48,20.2,35.4,0.277,0.0,-3.02,-2.17,1.0,0.0,0.0,0.0,MAAC
1997,Second Round,1,UNC,9,Colorado,0,35.0,0.8,11.0,5.0,1018.0,0.479,188.0,0.372,485.0,0.68,528.0,1455.0,632.0,261.0,142.0,495.0,547.0,,111.4,0.336,0.238,0.55,56.4,62.1,10.7,10.9,0.524,16.7,43.7,0.228,1.0,14.08,7.15,27.0,21.0,11.0,2.0,ACC,32.0,0.688,11.0,5.0,823.0,0.422,147.0,0.362,547.0,0.681,430.0,1249.0,469.0,258.0,177.0,441.0,644.0,,99.8,0.412,0.208,0.502,48.6,57.0,11.0,12.4,0.46,15.9,34.3,0.281,0.0,5.89,3.81,1.0,0.0,0.0,0.0,Big 12
1997,First Round,8,Indiana,9,Colorado,1,33.0,0.667,9.0,9.0,772.0,0.438,179.0,0.374,674.0,0.766,388.0,1183.0,459.0,212.0,131.0,507.0,593.0,,103.9,0.499,0.272,0.549,50.4,59.5,9.2,9.3,0.488,18.9,35.0,0.382,0.0,9.78,4.16,21.0,14.0,5.0,3.0,Big Ten,32.0,0.688,11.0,5.0,823.0,0.422,147.0,0.362,547.0,0.681,430.0,1249.0,469.0,258.0,177.0,441.0,644.0,,99.8,0.412,0.208,0.502,48.6,57.0,11.0,12.4,0.46,15.9,34.3,0.281,0.0,5.89,3.81,1.0,0.0,0.0,0.0,Big 12
1997,Sweet Sixteen,1,UNC,5,California,0,35.0,0.8,11.0,5.0,1018.0,0.479,188.0,0.372,485.0,0.68,528.0,1455.0,632.0,261.0,142.0,495.0,547.0,,111.4,0.336,0.238,0.55,56.4,62.1,10.7,10.9,0.524,16.7,43.7,0.228,1.0,14.08,7.15,27.0,21.0,11.0,2.0,ACC,32.0,0.719,12.0,6.0,871.0,0.457,142.0,0.326,518.0,0.672,450.0,1216.0,520.0,271.0,135.0,526.0,588.0,,102.9,0.405,0.229,0.529,51.7,59.7,11.6,10.4,0.494,18.8,39.1,0.272,1.0,7.89,9.45,4.0,2.0,0.0,0.0,Pac-10
1997,Second Round,4,Villanova,5,California,1,34.0,0.706,12.0,6.0,892.0,0.462,184.0,0.327,584.0,0.694,513.0,1379.0,516.0,287.0,207.0,555.0,638.0,,107.3,0.436,0.291,0.547,54.5,57.8,12.1,15.1,0.51,19.2,43.2,0.302,1.0,9.3,7.33,3.0,0.0,0.0,0.0,Big East,32.0,0.719,12.0,6.0,871.0,0.457,142.0,0.326,518.0,0.672,450.0,1216.0,520.0,271.0,135.0,526.0,588.0,,102.9,0.405,0.229,0.529,51.7,59.7,11.6,10.4,0.494,18.8,39.1,0.272,1.0,7.89,9.45,4.0,2.0,0.0,0.0,Pac-10
1997,Elite Eight,1,UNC,6,Louisville,0,35.0,0.8,11.0,5.0,1018.0,0.479,188.0,0.372,485.0,0.68,528.0,1455.0,632.0,261.0,142.0,495.0,547.0,,111.4,0.336,0.238,0.55,56.4,62.1,10.7,10.9,0.524,16.7,43.7,0.228,1.0,14.08,7.15,27.0,21.0,11.0,2.0,ACC,35.0,0.743,9.0,5.0,908.0,0.448,234.0,0.331,581.0,0.686,499.0,1254.0,537.0,307.0,93.0,563.0,708.0,,105.5,0.418,0.348,0.542,49.7,59.1,12.3,6.6,0.506,18.8,39.4,0.287,0.0,9.43,2.55,21.0,16.0,6.0,2.0,CUSA
1997,Second Round,3,New Mexico,6,Louisville,1,33.0,0.758,11.0,5.0,855.0,0.48,245.0,0.373,547.0,0.72,370.0,1180.0,528.0,232.0,131.0,428.0,536.0,,113.6,0.427,0.368,0.584,51.7,61.8,10.5,9.8,0.549,16.7,35.6,0.307,1.0,6.05,8.64,9.0,1.0,0.0,0.0,WAC,35.0,0.743,9.0,5.0,908.0,0.448,234.0,0.331,581.0,0.686,499.0,1254.0,537.0,307.0,93.0,563.0,708.0,,105.5,0.418,0.348,0.542,49.7,59.1,12.3,6.6,0.506,18.8,39.4,0.287,0.0,9.43,2.55,21.0,16.0,6.0,2.0,CUSA
1997,Final Four,1,UNC,4,Arizona,1,35.0,0.8,11.0,5.0,1018.0,0.479,188.0,0.372,485.0,0.68,528.0,1455.0,632.0,261.0,142.0,495.0,547.0,,111.4,0.336,0.238,0.55,56.4,62.1,10.7,10.9,0.524,16.7,43.7,0.228,1.0,14.08,7.15,27.0,21.0,11.0,2.0,ACC,34.0,0.735,11.0,7.0,1015.0,0.453,222.0,0.37,598.0,0.655,562.0,1377.0,567.0,358.0,100.0,521.0,654.0,,108.3,0.407,0.268,0.533,51.5,55.9,13.6,6.7,0.502,16.3,41.0,0.267,1.0,17.62,4.04,18.0,8.0,4.0,1.0,Pac-10
1997,Sweet Sixteen,1,Kansas,4,Arizona,1,36.0,0.944,15.0,1.0,1084.0,0.488,192.0,0.379,698.0,0.693,556.0,1532.0,598.0,351.0,222.0,571.0,674.0,,113.0,0.453,0.228,0.566,57.0,55.2,13.0,14.8,0.531,17.5,43.4,0.314,1.0,19.67,6.93,8.0,6.0,2.0,0.0,Big 12,34.0,0.735,11.0,7.0,1015.0,0.453,222.0,0.37,598.0,0.655,562.0,1377.0,567.0,358.0,100.0,521.0,654.0,,108.3,0.407,0.268,0.533,51.5,55.9,13.6,6.7,0.502,16.3,41.0,0.267,1.0,17.62,4.04,18.0,8.0,4.0,1.0,Pac-10
1997,National Championship,1,Kentucky,4,Arizona,1,40.0,0.875,13.0,3.0,1238.0,0.471,287.0,0.369,562.0,0.682,641.0,1575.0,776.0,480.0,203.0,589.0,802.0,,111.6,0.313,0.295,0.55,53.5,62.7,16.1,13.0,0.525,16.3,42.6,0.214,1.0,18.09,11.19,8.0,6.0,4.0,1.0,SEC,34.0,0.735,11.0,7.0,1015.0,0.453,222.0,0.37,598.0,0.655,562.0,1377.0,567.0,358.0,100.0,521.0,654.0,,108.3,0.407,0.268,0.533,51.5,55.9,13.6,6.7,0.502,16.3,41.0,0.267,1.0,17.62,4.04,18.0,8.0,4.0,1.0,Pac-10
1997,First Round,5,California,12,Princeton,0,32.0,0.719,12.0,6.0,871.0,0.457,142.0,0.326,518.0,0.672,450.0,1216.0,520.0,271.0,135.0,526.0,588.0,,102.9,0.405,0.229,0.529,51.7,59.7,11.6,10.4,0.494,18.8,39.1,0.272,1.0,7.89,9.45,4.0,2.0,0.0,0.0,Pac-10,28.0,0.857,14.0,0.0,631.0,0.5,244.0,0.375,307.0,0.716,164.0,705.0,394.0,202.0,49.0,326.0,502.0,,111.5,0.34,0.516,0.618,46.4,62.4,12.4,5.7,0.597,18.2,23.4,0.243,0.0,-5.32,12.43,1.0,0.0,0.0,0.0,Ivy
1997,First Round,4,Villanova,13,LIU,1,34.0,0.706,12.0,6.0,892.0,0.462,184.0,0.327,584.0,0.694,513.0,1379.0,516.0,287.0,207.0,555.0,638.0,,107.3,0.436,0.291,0.547,54.5,57.8,12.1,15.1,0.51,19.2,43.2,0.302,1.0,9.3,7.33,3.0,0.0,0.0,0.0,Big East,30.0,0.7,15.0,3.0,999.0,0.435,301.0,0.336,447.0,0.62,519.0,1360.0,507.0,396.0,83.0,383.0,635.0,,109.2,0.314,0.39,0.52,49.5,50.8,15.8,6.1,0.5,12.7,36.0,0.195,0.0,19.47,-15.72,1.0,0.0,0.0,0.0,NEC
1997,First Round,6,Louisville,11,UMass,0,35.0,0.743,9.0,5.0,908.0,0.448,234.0,0.331,581.0,0.686,499.0,1254.0,537.0,307.0,93.0,563.0,708.0,,105.5,0.418,0.348,0.542,49.7,59.1,12.3,6.6,0.506,18.8,39.4,0.287,0.0,9.43,2.55,21.0,16.0,6.0,2.0,CUSA,33.0,0.576,11.0,5.0,813.0,0.43,155.0,0.335,411.0,0.67,480.0,1243.0,487.0,226.0,165.0,442.0,642.0,,102.0,0.324,0.244,0.502,51.8,59.9,10.5,13.0,0.471,16.8,40.3,0.217,0.0,1.73,8.82,1.0,0.0,0.0,0.0,A-10
1997,Sweet Sixteen,6,Louisville,10,Texas,0,35.0,0.743,9.0,5.0,908.0,0.448,234.0,0.331,581.0,0.686,499.0,1254.0,537.0,307.0,93.0,563.0,708.0,,105.5,0.418,0.348,0.542,49.7,59.1,12.3,6.6,0.506,18.8,39.4,0.287,0.0,9.43,2.55,21.0,16.0,6.0,2.0,CUSA,30.0,0.6,10.0,6.0,781.0,0.413,222.0,0.322,506.0,0.683,455.0,1165.0,384.0,280.0,132.0,462.0,686.0,,101.9,0.392,0.365,0.51,49.2,49.2,12.5,10.6,0.472,17.1,36.8,0.268,0.0,9.99,2.35,9.0,3.0,0.0,0.0,Big 12
1997,First Round,7,Wisconsin,10,Texas,1,28.0,0.643,11.0,7.0,570.0,0.41,137.0,0.337,377.0,0.663,320.0,951.0,332.0,187.0,97.0,422.0,564.0,,93.9,0.409,0.292,0.498,51.8,58.2,10.6,10.5,0.459,20.3,35.2,0.271,0.0,-4.87,18.07,4.0,0.0,0.0,0.0,Big Ten,30.0,0.6,10.0,6.0,781.0,0.413,222.0,0.322,506.0,0.683,455.0,1165.0,384.0,280.0,132.0,462.0,686.0,,101.9,0.392,0.365,0.51,49.2,49.2,12.5,10.6,0.472,17.1,36.8,0.268,0.0,9.99,2.35,9.0,3.0,0.0,0.0,Big 12
1997,First Round,3,New Mexico,14,Old Dominion,0,33.0,0.758,11.0,5.0,855.0,0.48,245.0,0.373,547.0,0.72,370.0,1180.0,528.0,232.0,131.0,428.0,536.0,,113.6,0.427,0.368,0.584,51.7,61.8,10.5,9.8,0.549,16.7,35.6,0.307,1.0,6.05,8.64,9.0,1.0,0.0,0.0,WAC,33.0,0.667,10.0,6.0,842.0,0.445,175.0,0.32,484.0,0.662,452.0,1286.0,491.0,265.0,233.0,502.0,585.0,,101.6,0.386,0.289,0.523,51.1,58.3,11.5,16.6,0.491,18.3,37.9,0.256,0.0,1.08,2.65,3.0,0.0,0.0,0.0,CAA
1997,First Round,2,South Carolina,15,Coppin State,1,32.0,0.75,15.0,1.0,793.0,0.451,229.0,0.371,556.0,0.695,403.0,1178.0,425.0,225.0,100.0,452.0,529.0,,109.0,0.455,0.352,0.554,51.9,53.6,10.3,8.0,0.516,17.5,37.4,0.316,1.0,8.93,6.16,5.0,1.0,0.0,0.0,SEC,31.0,0.71,15.0,3.0,838.0,0.464,171.0,0.333,606.0,0.736,364.0,1104.0,390.0,288.0,103.0,521.0,640.0,,104.7,0.456,0.284,0.558,49.9,46.5,12.3,7.5,0.511,19.2,34.5,0.336,0.0,3.87,-5.08,3.0,0.0,0.0,0.0,MEAC
1997,Second Round,10,Texas,15,Coppin State,0,30.0,0.6,10.0,6.0,781.0,0.413,222.0,0.322,506.0,0.683,455.0,1165.0,384.0,280.0,132.0,462.0,686.0,,101.9,0.392,0.365,0.51,49.2,49.2,12.5,10.6,0.472,17.1,36.8,0.268,0.0,9.99,2.35,9.0,3.0,0.0,0.0,Big 12,31.0,0.71,15.0,3.0,838.0,0.464,171.0,0.333,606.0,0.736,364.0,1104.0,390.0,288.0,103.0,521.0,640.0,,104.7,0.456,0.284,0.558,49.9,46.5,12.3,7.5,0.511,19.2,34.5,0.336,0.0,3.87,-5.08,3.0,0.0,0.0,0.0,MEAC
1997,First Round,1,Minnesota,16,Texas State,0,35.0,0.886,16.0,2.0,1007.0,0.479,164.0,0.346,563.0,0.679,479.0,1372.0,561.0,319.0,111.0,511.0,732.0,,109.2,0.394,0.225,0.549,53.6,55.7,12.7,8.5,0.518,17.0,39.0,0.268,1.0,12.22,11.12,7.0,3.0,1.0,0.0,Big Ten,29.0,0.552,10.0,6.0,698.0,0.442,162.0,0.362,487.0,0.706,356.0,1098.0,331.0,186.0,64.0,478.0,627.0,,100.5,0.437,0.283,0.536,52.7,47.4,9.1,5.5,0.493,20.0,35.8,0.308,0.0,-5.76,-1.78,1.0,0.0,0.0,0.0,Southland
1997,Second Round,1,Minnesota,9,Temple,0,35.0,0.886,16.0,2.0,1007.0,0.479,164.0,0.346,563.0,0.679,479.0,1372.0,561.0,319.0,111.0,511.0,732.0,,109.2,0.394,0.225,0.549,53.6,55.7,12.7,8.5,0.518,17.0,39.0,0.268,1.0,12.22,11.12,7.0,3.0,1.0,0.0,Big Ten,31.0,0.645,10.0,6.0,713.0,0.398,180.0,0.291,449.0,0.662,491.0,1211.0,348.0,251.0,117.0,326.0,420.0,,105.6,0.379,0.346,0.486,53.5,48.8,12.9,12.9,0.449,13.4,41.2,0.251,0.0,0.93,13.74,13.0,3.0,0.0,0.0,A-10
1997,First Round,8,Ole Miss,9,Temple,1,29.0,0.69,11.0,5.0,726.0,0.436,141.0,0.305,408.0,0.66,420.0,1056.0,392.0,219.0,103.0,406.0,551.0,,103.0,0.371,0.277,0.511,53.4,54.0,11.3,10.0,0.478,17.2,40.3,0.245,0.0,2.83,8.57,1.0,0.0,0.0,0.0,SEC,31.0,0.645,10.0,6.0,713.0,0.398,180.0,0.291,449.0,0.662,491.0,1211.0,348.0,251.0,117.0,326.0,420.0,,105.6,0.379,0.346,0.486,53.5,48.8,12.9,12.9,0.449,13.4,41.2,0.251,0.0,0.93,13.74,13.0,3.0,0.0,0.0,A-10
1997,Sweet Sixteen,1,Minnesota,4,Clemson,0,35.0,0.886,16.0,2.0,1007.0,0.479,164.0,0.346,563.0,0.679,479.0,1372.0,561.0,319.0,111.0,511.0,732.0,,109.2,0.394,0.225,0.549,53.6,55.7,12.7,8.5,0.518,17.0,39.0,0.268,1.0,12.22,11.12,7.0,3.0,1.0,0.0,Big Ten,33.0,0.697,9.0,7.0,774.0,0.443,158.0,0.31,543.0,0.68,431.0,1155.0,458.0,228.0,85.0,422.0,633.0,,106.1,0.458,0.292,0.529,53.5,59.2,10.8,8.2,0.489,16.6,38.6,0.311,1.0,3.9,13.33,5.0,1.0,0.0,0.0,ACC
1997,Elite Eight,1,Minnesota,2,UCLA,0,35.0,0.886,16.0,2.0,1007.0,0.479,164.0,0.346,563.0,0.679,479.0,1372.0,561.0,319.0,111.0,511.0,732.0,,109.2,0.394,0.225,0.549,53.6,55.7,12.7,8.5,0.518,17.0,39.0,0.268,1.0,12.22,11.12,7.0,3.0,1.0,0.0,Big Ten,32.0,0.75,15.0,3.0,932.0,0.52,125.0,0.343,569.0,0.671,386.0,1207.0,533.0,259.0,123.0,574.0,566.0,,107.7,0.473,0.203,0.583,52.8,57.2,10.9,8.9,0.555,20.7,39.0,0.318,1.0,13.2,3.42,1.0,1.0,0.0,0.0,Pac-10
1997,Final Four,1,Minnesota,1,Kentucky,1,35.0,0.886,16.0,2.0,1007.0,0.479,164.0,0.346,563.0,0.679,479.0,1372.0,561.0,319.0,111.0,511.0,732.0,,109.2,0.394,0.225,0.549,53.6,55.7,12.7,8.5,0.518,17.0,39.0,0.268,1.0,12.22,11.12,7.0,3.0,1.0,0.0,Big Ten,40.0,0.875,13.0,3.0,1238.0,0.471,287.0,0.369,562.0,0.682,641.0,1575.0,776.0,480.0,203.0,589.0,802.0,,111.6,0.313,0.295,0.55,53.5,62.7,16.1,13.0,0.525,16.3,42.6,0.214,1.0,18.09,11.19,8.0,6.0,4.0,1.0,SEC
1997,First Round,5,Tulsa,12,Boston University,0,34.0,0.706,12.0,4.0,844.0,0.438,222.0,0.342,553.0,0.659,516.0,1393.0,516.0,270.0,127.0,555.0,642.0,,104.1,0.436,0.338,0.53,54.2,61.1,11.4,9.2,0.496,19.3,41.4,0.287,1.0,5.66,9.34,2.0,0.0,0.0,0.0,WAC,30.0,0.833,17.0,1.0,725.0,0.433,166.0,0.299,404.0,0.673,318.0,1105.0,446.0,227.0,136.0,431.0,543.0,,97.4,0.358,0.331,0.515,50.3,61.5,11.0,10.9,0.482,18.0,30.5,0.241,0.0,-4.27,6.78,1.0,0.0,0.0,0.0,AEC
1997,First Round,4,Clemson,13,Miami (OH),0,33.0,0.697,9.0,7.0,774.0,0.443,158.0,0.31,543.0,0.68,431.0,1155.0,458.0,228.0,85.0,422.0,633.0,,106.1,0.458,0.292,0.529,53.5,59.2,10.8,8.2,0.489,16.6,38.6,0.311,1.0,3.9,13.33,5.0,1.0,0.0,0.0,ACC,30.0,0.7,13.0,5.0,805.0,0.473,167.0,0.367,424.0,0.694,377.0,1113.0,441.0,212.0,86.0,421.0,522.0,,107.9,0.359,0.267,0.553,55.1,54.8,10.4,7.0,0.522,17.5,37.8,0.249,0.0,1.83,7.17,2.0,0.0,0.0,0.0,MAC
1997,Second Round,4,Clemson,5,Tulsa,0,33.0,0.697,9.0,7.0,774.0,0.443,158.0,0.31,543.0,0.68,431.0,1155.0,458.0,228.0,85.0,422.0,633.0,,106.1,0.458,0.292,0.529,53.5,59.2,10.8,8.2,0.489,16.6,38.6,0.311,1.0,3.9,13.33,5.0,1.0,0.0,0.0,ACC,34.0,0.706,12.0,4.0,844.0,0.438,222.0,0.342,553.0,0.659,516.0,1393.0,516.0,270.0,127.0,555.0,642.0,,104.1,0.436,0.338,0.53,54.2,61.1,11.4,9.2,0.496,19.3,41.4,0.287,1.0,5.66,9.34,2.0,0.0,0.0,0.0,WAC
1997,First Round,6,Iowa State,11,Illinois State,0,31.0,0.71,10.0,6.0,746.0,0.453,149.0,0.401,452.0,0.656,366.0,1102.0,482.0,177.0,160.0,440.0,441.0,,102.9,0.419,0.226,0.531,51.2,64.6,8.7,12.1,0.499,18.2,35.8,0.275,0.0,-0.02,13.45,5.0,1.0,0.0,0.0,Big 12,30.0,0.8,14.0,4.0,792.0,0.453,193.0,0.356,447.0,0.667,407.0,1169.0,527.0,214.0,108.0,465.0,585.0,,105.1,0.383,0.31,0.538,52.5,66.5,10.1,9.0,0.508,18.4,37.7,0.256,0.0,6.7,4.11,1.0,0.0,0.0,0.0,MVC
1997,First Round,3,Cincinnati,14,Butler,0,34.0,0.765,12.0,2.0,962.0,0.496,184.0,0.332,635.0,0.687,514.0,1357.0,525.0,264.0,100.0,523.0,716.0,,115.2,0.477,0.286,0.577,56.6,54.6,11.1,7.8,0.544,18.0,46.3,0.328,1.0,14.35,6.36,7.0,3.0,1.0,0.0,CUSA,33.0,0.697,12.0,4.0,763.0,0.448,169.0,0.364,602.0,0.668,386.0,1186.0,432.0,210.0,123.0,480.0,657.0,,103.4,0.529,0.273,0.539,51.9,56.6,9.5,9.6,0.498,18.4,35.2,0.354,0.0,0.52,7.09,1.0,0.0,0.0,0.0,MW Coll
1997,Second Round,3,Cincinnati,6,Iowa State,1,34.0,0.765,12.0,2.0,962.0,0.496,184.0,0.332,635.0,0.687,514.0,1357.0,525.0,264.0,100.0,523.0,716.0,,115.2,0.477,0.286,0.577,56.6,54.6,11.1,7.8,0.544,18.0,46.3,0.328,1.0,14.35,6.36,7.0,3.0,1.0,0.0,CUSA,31.0,0.71,10.0,6.0,746.0,0.453,149.0,0.401,452.0,0.656,366.0,1102.0,482.0,177.0,160.0,440.0,441.0,,102.9,0.419,0.226,0.531,51.2,64.6,8.7,12.1,0.499,18.2,35.8,0.275,0.0,-0.02,13.45,5.0,1.0,0.0,0.0,Big 12
1997,Sweet Sixteen,2,UCLA,6,Iowa State,0,32.0,0.75,15.0,3.0,932.0,0.52,125.0,0.343,569.0,0.671,386.0,1207.0,533.0,259.0,123.0,574.0,566.0,,107.7,0.473,0.203,0.583,52.8,57.2,10.9,8.9,0.555,20.7,39.0,0.318,1.0,13.2,3.42,1.0,1.0,0.0,0.0,Pac-10,31.0,0.71,10.0,6.0,746.0,0.453,149.0,0.401,452.0,0.656,366.0,1102.0,482.0,177.0,160.0,440.0,441.0,,102.9,0.419,0.226,0.531,51.2,64.6,8.7,12.1,0.499,18.2,35.8,0.275,0.0,-0.02,13.45,5.0,1.0,0.0,0.0,Big 12
1997,First Round,7,Xavier,10,Vanderbilt,0,29.0,0.793,13.0,3.0,838.0,0.488,153.0,0.337,584.0,0.725,430.0,1103.0,532.0,318.0,80.0,556.0,578.0,75.0,108.2,0.469,0.264,0.575,54.8,63.5,14.3,7.0,0.533,20.9,43.3,0.34,1.0,16.17,-0.03,3.0,0.0,0.0,0.0,A-10,31.0,0.613,9.0,7.0,708.0,0.444,177.0,0.344,563.0,0.706,329.0,987.0,458.0,301.0,60.0,485.0,520.0,,101.0,0.5,0.323,0.547,48.2,64.7,14.1,5.0,0.5,19.7,33.3,0.353,0.0,4.21,7.34,1.0,0.0,0.0,0.0,SEC
1997,First Round,2,UCLA,15,Charleston Southern,1,32.0,0.75,15.0,3.0,932.0,0.52,125.0,0.343,569.0,0.671,386.0,1207.0,533.0,259.0,123.0,574.0,566.0,,107.7,0.473,0.203,0.583,52.8,57.2,10.9,8.9,0.555,20.7,39.0,0.318,1.0,13.2,3.42,1.0,1.0,0.0,0.0,Pac-10,30.0,0.567,7.0,7.0,739.0,0.427,199.0,0.349,474.0,0.696,349.0,1077.0,466.0,226.0,91.0,428.0,641.0,,100.4,0.394,0.329,0.524,48.2,63.1,10.5,7.7,0.485,17.2,31.5,0.274,0.0,-0.95,-5.97,1.0,0.0,0.0,0.0,Big South
1997,Second Round,2,UCLA,7,Xavier,0,32.0,0.75,15.0,3.0,932.0,0.52,125.0,0.343,569.0,0.671,386.0,1207.0,533.0,259.0,123.0,574.0,566.0,,107.7,0.473,0.203,0.583,52.8,57.2,10.9,8.9,0.555,20.7,39.0,0.318,1.0,13.2,3.42,1.0,1.0,0.0,0.0,Pac-10,29.0,0.793,13.0,3.0,838.0,0.488,153.0,0.337,584.0,0.725,430.0,1103.0,532.0,318.0,80.0,556.0,578.0,75.0,108.2,0.469,0.264,0.575,54.8,63.5,14.3,7.0,0.533,20.9,43.3,0.34,1.0,16.17,-0.03,3.0,0.0,0.0,0.0,A-10
1997,First Round,1,Kansas,16,Jackson State,0,36.0,0.944,15.0,1.0,1084.0,0.488,192.0,0.379,698.0,0.693,556.0,1532.0,598.0,351.0,222.0,571.0,674.0,,113.0,0.453,0.228,0.566,57.0,55.2,13.0,14.8,0.531,17.5,43.4,0.314,1.0,19.67,6.93,8.0,6.0,2.0,0.0,Big 12,30.0,0.467,9.0,5.0,777.0,0.433,133.0,0.309,452.0,0.613,454.0,1160.0,406.0,251.0,98.0,573.0,685.0,,94.3,0.411,0.24,0.499,49.7,52.3,11.1,7.6,0.47,21.1,38.8,0.252,0.0,-6.14,-5.33,1.0,0.0,0.0,0.0,SWAC
1997,Second Round,1,Kansas,8,Purdue,0,36.0,0.944,15.0,1.0,1084.0,0.488,192.0,0.379,698.0,0.693,556.0,1532.0,598.0,351.0,222.0,571.0,674.0,,113.0,0.453,0.228,0.566,57.0,55.2,13.0,14.8,0.531,17.5,43.4,0.314,1.0,19.67,6.93,8.0,6.0,2.0,0.0,Big 12,30.0,0.6,12.0,6.0,727.0,0.423,172.0,0.339,536.0,0.723,422.0,1071.0,442.0,250.0,116.0,494.0,503.0,,101.1,0.432,0.296,0.522,50.0,60.8,11.7,8.5,0.474,19.3,39.1,0.312,0.0,7.71,4.54,14.0,2.0,0.0,0.0,Big Ten
1997,First Round,8,Purdue,9,Rhode Island,0,30.0,0.6,12.0,6.0,727.0,0.423,172.0,0.339,536.0,0.723,422.0,1071.0,442.0,250.0,116.0,494.0,503.0,,101.1,0.432,0.296,0.522,50.0,60.8,11.7,8.5,0.474,19.3,39.1,0.312,0.0,7.71,4.54,14.0,2.0,0.0,0.0,Big Ten,30.0,0.667,12.0,4.0,887.0,0.461,205.0,0.363,441.0,0.688,437.0,1172.0,483.0,263.0,145.0,397.0,589.0,,110.6,0.333,0.294,0.543,50.3,54.5,12.0,11.1,0.514,15.1,38.4,0.229,1.0,15.35,1.13,2.0,0.0,0.0,0.0,A-10
1997,First Round,5,Maryland,12,College of Charleston,1,32.0,0.656,9.0,7.0,836.0,0.464,118.0,0.312,616.0,0.681,398.0,1226.0,518.0,274.0,112.0,542.0,600.0,,101.2,0.502,0.21,0.54,52.9,62.0,11.5,8.9,0.497,19.6,35.7,0.342,1.0,11.32,6.19,7.0,4.0,0.0,0.0,ACC,32.0,0.906,16.0,0.0,937.0,0.49,112.0,0.362,518.0,0.676,423.0,1145.0,519.0,293.0,146.0,425.0,544.0,,110.8,0.401,0.162,0.55,50.9,55.4,13.0,11.2,0.52,15.7,38.4,0.271,0.0,4.32,1.54,2.0,0.0,0.0,0.0,TAAC
1997,Second Round,4,Arizona,12,College of Charleston,0,34.0,0.735,11.0,7.0,1015.0,0.453,222.0,0.37,598.0,0.655,562.0,1377.0,567.0,358.0,100.0,521.0,654.0,,108.3,0.407,0.268,0.533,51.5,55.9,13.6,6.7,0.502,16.3,41.0,0.267,1.0,17.62,4.04,18.0,8.0,4.0,1.0,Pac-10,32.0,0.906,16.0,0.0,937.0,0.49,112.0,0.362,518.0,0.676,423.0,1145.0,519.0,293.0,146.0,425.0,544.0,,110.8,0.401,0.162,0.55,50.9,55.4,13.0,11.2,0.52,15.7,38.4,0.271,0.0,4.32,1.54,2.0,0.0,0.0,0.0,TAAC
1997,First Round,4,Arizona,13,South Alabama,0,34.0,0.735,11.0,7.0,1015.0,0.453,222.0,0.37,598.0,0.655,562.0,1377.0,567.0,358.0,100.0,521.0,654.0,,108.3,0.407,0.268,0.533,51.5,55.9,13.6,6.7,0.502,16.3,41.0,0.267,1.0,17.62,4.04,18.0,8.0,4.0,1.0,Pac-10,30.0,0.767,14.0,4.0,681.0,0.446,128.0,0.369,497.0,0.699,407.0,1131.0,376.0,186.0,115.0,406.0,517.0,,106.9,0.466,0.227,0.533,55.8,55.2,10.0,11.2,0.488,17.9,42.2,0.326,0.0,-8.26,12.29,2.0,1.0,0.0,0.0,Sun Belt
1997,Elite Eight,4,Arizona,10,Providence,0,34.0,0.735,11.0,7.0,1015.0,0.453,222.0,0.37,598.0,0.655,562.0,1377.0,567.0,358.0,100.0,521.0,654.0,,108.3,0.407,0.268,0.533,51.5,55.9,13.6,6.7,0.502,16.3,41.0,0.267,1.0,17.62,4.04,18.0,8.0,4.0,1.0,Pac-10,36.0,0.667,10.0,8.0,969.0,0.447,209.0,0.336,608.0,0.723,478.0,1342.0,580.0,336.0,138.0,559.0,720.0,72.3,104.4,0.388,0.287,0.537,50.8,59.9,12.7,9.0,0.495,17.9,36.1,0.28,0.0,9.8,4.37,8.0,2.0,0.0,0.0,Big East
1997,First Round,7,Marquette,10,Providence,1,31.0,0.71,9.0,5.0,750.0,0.44,191.0,0.339,418.0,0.635,416.0,1206.0,448.0,227.0,180.0,464.0,515.0,,102.4,0.386,0.331,0.523,53.1,59.7,11.0,15.1,0.496,18.7,38.7,0.245,0.0,2.61,10.84,3.0,0.0,0.0,0.0,CUSA,36.0,0.667,10.0,8.0,969.0,0.447,209.0,0.336,608.0,0.723,478.0,1342.0,580.0,336.0,138.0,559.0,720.0,72.3,104.4,0.388,0.287,0.537,50.8,59.9,12.7,9.0,0.495,17.9,36.1,0.28,0.0,9.8,4.37,8.0,2.0,0.0,0.0,Big East
1997,Second Round,2,Duke,10,Providence,1,33.0,0.727,12.0,4.0,895.0,0.462,278.0,0.389,561.0,0.7,417.0,1117.0,473.0,280.0,131.0,423.0,625.0,,113.4,0.413,0.368,0.567,48.0,52.8,12.1,9.2,0.534,15.4,36.3,0.289,1.0,15.47,7.05,13.0,8.0,7.0,2.0,ACC,36.0,0.667,10.0,8.0,969.0,0.447,209.0,0.336,608.0,0.723,478.0,1342.0,580.0,336.0,138.0,559.0,720.0,72.3,104.4,0.388,0.287,0.537,50.8,59.9,12.7,9.0,0.495,17.9,36.1,0.28,0.0,9.8,4.37,8.0,2.0,0.0,0.0,Big East
1997,First Round,6,Illinois,11,USC,0,32.0,0.688,11.0,7.0,848.0,0.442,238.0,0.377,514.0,0.744,398.0,1076.0,515.0,249.0,63.0,434.0,663.0,,107.3,0.36,0.33,0.545,49.0,60.7,10.9,5.1,0.504,16.2,34.6,0.268,1.0,10.43,5.25,7.0,2.0,1.0,0.0,Big Ten,28.0,0.607,12.0,6.0,755.0,0.441,180.0,0.346,539.0,0.699,423.0,1045.0,416.0,259.0,83.0,522.0,617.0,,102.1,0.451,0.304,0.537,50.6,55.1,11.9,6.9,0.494,20.1,39.3,0.315,0.0,13.68,0.83,1.0,0.0,0.0,0.0,Pac-10
1997,Second Round,6,Illinois,14,Chattanooga,1,32.0,0.688,11.0,7.0,848.0,0.442,238.0,0.377,514.0,0.744,398.0,1076.0,515.0,249.0,63.0,434.0,663.0,,107.3,0.36,0.33,0.545,49.0,60.7,10.9,5.1,0.504,16.2,34.6,0.268,1.0,10.43,5.25,7.0,2.0,1.0,0.0,Big Ten,35.0,0.686,11.0,3.0,942.0,0.463,217.0,0.334,579.0,0.69,535.0,1351.0,532.0,288.0,83.0,492.0,614.0,,111.9,0.412,0.32,0.551,55.2,56.5,12.0,6.0,0.516,16.8,42.9,0.285,0.0,0.56,2.03,5.0,1.0,0.0,0.0,Southern
1997,First Round,3,Georgia,14,Chattanooga,1,33.0,0.727,10.0,6.0,803.0,0.438,261.0,0.365,509.0,0.654,494.0,1276.0,472.0,200.0,122.0,510.0,631.0,,106.6,0.424,0.391,0.539,52.8,58.8,9.0,9.5,0.509,18.8,42.4,0.278,0.0,6.5,6.59,4.0,3.0,0.0,0.0,SEC,35.0,0.686,11.0,3.0,942.0,0.463,217.0,0.334,579.0,0.69,535.0,1351.0,532.0,288.0,83.0,492.0,614.0,,111.9,0.412,0.32,0.551,55.2,56.5,12.0,6.0,0.516,16.8,42.9,0.285,0.0,0.56,2.03,5.0,1.0,0.0,0.0,Southern
1997,Sweet Sixteen,10,Providence,14,Chattanooga,0,36.0,0.667,10.0,8.0,969.0,0.447,209.0,0.336,608.0,0.723,478.0,1342.0,580.0,336.0,138.0,559.0,720.0,72.3,104.4,0.388,0.287,0.537,50.8,59.9,12.7,9.0,0.495,17.9,36.1,0.28,0.0,9.8,4.37,8.0,2.0,0.0,0.0,Big East,35.0,0.686,11.0,3.0,942.0,0.463,217.0,0.334,579.0,0.69,535.0,1351.0,532.0,288.0,83.0,492.0,614.0,,111.9,0.412,0.32,0.551,55.2,56.5,12.0,6.0,0.516,16.8,42.9,0.285,0.0,0.56,2.03,5.0,1.0,0.0,0.0,Southern
1997,First Round,2,Duke,15,Murray State,0,33.0,0.727,12.0,4.0,895.0,0.462,278.0,0.389,561.0,0.7,417.0,1117.0,473.0,280.0,131.0,423.0,625.0,,113.4,0.413,0.368,0.567,48.0,52.8,12.1,9.2,0.534,15.4,36.3,0.289,1.0,15.47,7.05,13.0,8.0,7.0,2.0,ACC,30.0,0.667,12.0,6.0,839.0,0.447,192.0,0.359,489.0,0.745,413.0,1172.0,461.0,217.0,69.0,375.0,607.0,,109.4,0.35,0.285,0.539,50.7,54.9,10.1,5.6,0.498,14.6,36.5,0.261,0.0,0.72,-4.98,1.0,0.0,0.0,0.0,OVC
1997,First Round,1,Kentucky,16,Montana,0,40.0,0.875,13.0,3.0,1238.0,0.471,287.0,0.369,562.0,0.682,641.0,1575.0,776.0,480.0,203.0,589.0,802.0,,111.6,0.313,0.295,0.55,53.5,62.7,16.1,13.0,0.525,16.3,42.6,0.214,1.0,18.09,11.19,8.0,6.0,4.0,1.0,SEC,32.0,0.656,11.0,5.0,870.0,0.468,155.0,0.395,444.0,0.632,438.0,1216.0,484.0,262.0,92.0,533.0,599.0,,102.1,0.378,0.211,0.534,51.6,55.6,11.4,7.1,0.51,19.6,38.1,0.239,0.0,-0.62,1.2,2.0,0.0,0.0,0.0,Big Sky
1997,Second Round,1,Kentucky,8,Iowa,0,40.0,0.875,13.0,3.0,1238.0,0.471,287.0,0.369,562.0,0.682,641.0,1575.0,776.0,480.0,203.0,589.0,802.0,,111.6,0.313,0.295,0.55,53.5,62.7,16.1,13.0,0.525,16.3,42.6,0.214,1.0,18.09,11.19,8.0,6.0,4.0,1.0,SEC,32.0,0.688,12.0,6.0,813.0,0.475,184.0,0.397,504.0,0.701,435.0,1231.0,469.0,241.0,130.0,499.0,498.0,,109.3,0.42,0.271,0.564,57.3,57.7,11.4,11.0,0.529,19.6,43.6,0.295,1.0,7.86,8.97,10.0,4.0,0.0,0.0,Big Ten
1997,Sweet Sixteen,1,Kentucky,4,St. Joseph's,0,40.0,0.875,13.0,3.0,1238.0,0.471,287.0,0.369,562.0,0.682,641.0,1575.0,776.0,480.0,203.0,589.0,802.0,,111.6,0.313,0.295,0.55,53.5,62.7,16.1,13.0,0.525,16.3,42.6,0.214,1.0,18.09,11.19,8.0,6.0,4.0,1.0,SEC,33.0,0.788,13.0,3.0,782.0,0.412,276.0,0.371,511.0,0.702,427.0,1190.0,461.0,239.0,79.0,408.0,615.0,,105.6,0.384,0.392,0.524,50.4,59.0,10.7,6.5,0.485,15.4,35.1,0.269,0.0,5.61,7.32,1.0,1.0,0.0,0.0,A-10
1997,Elite Eight,1,Kentucky,2,Utah,0,40.0,0.875,13.0,3.0,1238.0,0.471,287.0,0.369,562.0,0.682,641.0,1575.0,776.0,480.0,203.0,589.0,802.0,,111.6,0.313,0.295,0.55,53.5,62.7,16.1,13.0,0.525,16.3,42.6,0.214,1.0,18.09,11.19,8.0,6.0,4.0,1.0,SEC,33.0,0.879,15.0,1.0,886.0,0.496,166.0,0.359,518.0,0.725,357.0,1250.0,574.0,205.0,108.0,464.0,596.0,,110.1,0.4,0.259,0.578,54.7,64.8,9.2,8.1,0.543,17.9,35.3,0.29,1.0,6.45,11.13,6.0,3.0,0.0,0.0,WAC
1997,First Round,8,Iowa,9,Virginia,0,32.0,0.688,12.0,6.0,813.0,0.475,184.0,0.397,504.0,0.701,435.0,1231.0,469.0,241.0,130.0,499.0,498.0,,109.3,0.42,0.271,0.564,57.3,57.7,11.4,11.0,0.529,19.6,43.6,0.295,1.0,7.86,8.97,10.0,4.0,0.0,0.0,Big Ten,31.0,0.581,7.0,9.0,752.0,0.427,205.0,0.362,390.0,0.674,398.0,1148.0,387.0,168.0,133.0,388.0,556.0,,103.4,0.328,0.321,0.515,51.0,51.5,8.3,10.8,0.485,16.0,36.2,0.221,0.0,4.44,9.39,5.0,2.0,0.0,0.0,ACC
1997,First Round,5,Boston College,12,Valparaiso,0,31.0,0.71,12.0,6.0,780.0,0.452,190.0,0.371,555.0,0.703,430.0,1194.0,408.0,240.0,87.0,473.0,568.0,,107.0,0.458,0.297,0.549,53.6,52.3,11.1,6.9,0.508,18.4,40.6,0.322,0.0,9.15,2.77,3.0,1.0,0.0,0.0,Big East,31.0,0.774,13.0,3.0,838.0,0.47,187.0,0.389,493.0,0.673,443.0,1184.0,481.0,247.0,86.0,472.0,674.0,,110.0,0.411,0.27,0.553,54.0,57.4,11.5,7.0,0.523,18.1,41.5,0.277,0.0,1.69,2.03,2.0,0.0,0.0,0.0,Mid-Cont
1997,First Round,4,St. Joseph's,13,Pacific,0,33.0,0.788,13.0,3.0,782.0,0.412,276.0,0.371,511.0,0.702,427.0,1190.0,461.0,239.0,79.0,408.0,615.0,,105.6,0.384,0.392,0.524,50.4,59.0,10.7,6.5,0.485,15.4,35.1,0.269,0.0,5.61,7.32,1.0,1.0,0.0,0.0,A-10,30.0,0.8,12.0,4.0,763.0,0.472,246.0,0.386,414.0,0.666,334.0,1038.0,499.0,205.0,79.0,400.0,530.0,,110.7,0.385,0.394,0.572,52.7,65.4,10.4,7.1,0.548,17.3,35.1,0.256,0.0,0.29,8.43,1.0,0.0,0.0,0.0,Big West
1997,Second Round,4,St. Joseph's,5,Boston College,0,33.0,0.788,13.0,3.0,782.0,0.412,276.0,0.371,511.0,0.702,427.0,1190.0,461.0,239.0,79.0,408.0,615.0,,105.6,0.384,0.392,0.524,50.4,59.0,10.7,6.5,0.485,15.4,35.1,0.269,0.0,5.61,7.32,1.0,1.0,0.0,0.0,A-10,31.0,0.71,12.0,6.0,780.0,0.452,190.0,0.371,555.0,0.703,430.0,1194.0,408.0,240.0,87.0,473.0,568.0,,107.0,0.458,0.297,0.549,53.6,52.3,11.1,6.9,0.508,18.4,40.6,0.322,0.0,9.15,2.77,3.0,1.0,0.0,0.0,Big East
1997,First Round,6,Stanford,11,Oklahoma,0,30.0,0.733,12.0,6.0,822.0,0.448,222.0,0.389,561.0,0.746,439.0,1206.0,534.0,208.0,117.0,418.0,590.0,,111.6,0.41,0.311,0.554,54.3,65.0,9.6,9.5,0.508,16.0,40.4,0.306,1.0,12.79,7.1,5.0,1.0,0.0,0.0,Pac-10,30.0,0.633,9.0,7.0,751.0,0.431,194.0,0.351,532.0,0.724,428.0,1054.0,398.0,262.0,97.0,425.0,637.0,,107.1,0.422,0.317,0.533,51.1,53.0,12.6,8.4,0.487,16.9,39.4,0.306,0.0,6.02,7.94,4.0,0.0,0.0,0.0,Big 12
1997,First Round,3,Wake Forest,14,Saint Mary's,0,31.0,0.774,11.0,5.0,733.0,0.465,202.0,0.363,470.0,0.69,343.0,1189.0,403.0,129.0,182.0,454.0,457.0,,106.5,0.432,0.354,0.563,54.3,55.0,6.4,14.3,0.53,19.3,36.0,0.298,1.0,5.15,15.79,7.0,3.0,0.0,0.0,ACC,31.0,0.742,10.0,4.0,739.0,0.469,209.0,0.365,501.0,0.679,333.0,1067.0,523.0,200.0,128.0,496.0,575.0,,104.5,0.469,0.364,0.568,49.7,70.8,9.6,10.1,0.536,20.5,34.2,0.318,0.0,-0.06,3.31,1.0,0.0,0.0,0.0,WCC
1997,Second Round,3,Wake Forest,6,Stanford,1,31.0,0.774,11.0,5.0,733.0,0.465,202.0,0.363,470.0,0.69,343.0,1189.0,403.0,129.0,182.0,454.0,457.0,,106.5,0.432,0.354,0.563,54.3,55.0,6.4,14.3,0.53,19.3,36.0,0.298,1.0,5.15,15.79,7.0,3.0,0.0,0.0,ACC,30.0,0.733,12.0,6.0,822.0,0.448,222.0,0.389,561.0,0.746,439.0,1206.0,534.0,208.0,117.0,418.0,590.0,,111.6,0.41,0.311,0.554,54.3,65.0,9.6,9.5,0.508,16.0,40.4,0.306,1.0,12.79,7.1,5.0,1.0,0.0,0.0,Pac-10
1997,Sweet Sixteen,2,Utah,6,Stanford,0,33.0,0.879,15.0,1.0,886.0,0.496,166.0,0.359,518.0,0.725,357.0,1250.0,574.0,205.0,108.0,464.0,596.0,,110.1,0.4,0.259,0.578,54.7,64.8,9.2,8.1,0.543,17.9,35.3,0.29,1.0,6.45,11.13,6.0,3.0,0.0,0.0,WAC,30.0,0.733,12.0,6.0,822.0,0.448,222.0,0.389,561.0,0.746,439.0,1206.0,534.0,208.0,117.0,418.0,590.0,,111.6,0.41,0.311,0.554,54.3,65.0,9.6,9.5,0.508,16.0,40.4,0.306,1.0,12.79,7.1,5.0,1.0,0.0,0.0,Pac-10
1997,First Round,7,Charlotte,10,Georgetown,0,31.0,0.71,10.0,4.0,768.0,0.418,182.0,0.342,499.0,0.737,442.0,1181.0,441.0,211.0,118.0,396.0,499.0,,105.0,0.368,0.289,0.513,51.3,57.4,10.0,9.8,0.467,15.5,37.6,0.271,0.0,5.46,5.37,1.0,0.0,0.0,0.0,CUSA,30.0,0.667,11.0,7.0,772.0,0.399,117.0,0.298,422.0,0.597,559.0,1348.0,378.0,300.0,195.0,488.0,604.0,,95.1,0.365,0.203,0.459,53.0,49.0,13.7,15.3,0.429,17.7,42.8,0.218,0.0,3.0,7.88,20.0,8.0,3.0,1.0,Big East
1997,First Round,2,Utah,15,Navy,0,33.0,0.879,15.0,1.0,886.0,0.496,166.0,0.359,518.0,0.725,357.0,1250.0,574.0,205.0,108.0,464.0,596.0,,110.1,0.4,0.259,0.578,54.7,64.8,9.2,8.1,0.543,17.9,35.3,0.29,1.0,6.45,11.13,6.0,3.0,0.0,0.0,WAC,29.0,0.69,10.0,2.0,769.0,0.433,149.0,0.337,410.0,0.681,456.0,1131.0,458.0,243.0,51.0,450.0,645.0,,102.5,0.339,0.249,0.508,54.9,59.6,11.9,4.9,0.475,17.9,41.7,0.231,0.0,-2.29,-1.28,9.0,2.0,0.0,0.0,Patriot
1997,Second Round,2,Utah,7,Charlotte,0,33.0,0.879,15.0,1.0,886.0,0.496,166.0,0.359,518.0,0.725,357.0,1250.0,574.0,205.0,108.0,464.0,596.0,,110.1,0.4,0.259,0.578,54.7,64.8,9.2,8.1,0.543,17.9,35.3,0.29,1.0,6.45,11.13,6.0,3.0,0.0,0.0,WAC,31.0,0.71,10.0,4.0,768.0,0.418,182.0,0.342,499.0,0.737,442.0,1181.0,441.0,211.0,118.0,396.0,499.0,,105.0,0.368,0.289,0.513,51.3,57.4,10.0,9.8,0.467,15.5,37.6,0.271,0.0,5.46,5.37,1.0,0.0,0.0,0.0,CUSA
1998,First Round,1,UNC,16,Navy,0,38.0,0.895,13.0,3.0,1131.0,0.518,185.0,0.362,666.0,0.711,490.0,1512.0,699.0,259.0,188.0,493.0,533.0,,118.2,0.429,0.234,0.592,55.2,61.8,9.8,12.3,0.56,15.8,41.2,0.305,1.0,17.14,9.53,1.0,1.0,1.0,0.0,ACC,30.0,0.633,10.0,2.0,777.0,0.434,99.0,0.297,479.0,0.661,445.0,1205.0,414.0,282.0,97.0,487.0,633.0,,97.9,0.405,0.186,0.499,53.5,53.3,13.0,8.2,0.461,18.6,38.6,0.267,0.0,-5.03,1.25,10.0,2.0,0.0,0.0,Patriot
1998,Second Round,1,UNC,8,Charlotte,0,38.0,0.895,13.0,3.0,1131.0,0.518,185.0,0.362,666.0,0.711,490.0,1512.0,699.0,259.0,188.0,493.0,533.0,,118.2,0.429,0.234,0.592,55.2,61.8,9.8,12.3,0.56,15.8,41.2,0.305,1.0,17.14,9.53,1.0,1.0,1.0,0.0,ACC,31.0,0.645,13.0,3.0,816.0,0.437,180.0,0.343,471.0,0.708,426.0,1176.0,481.0,266.0,73.0,447.0,561.0,,103.6,0.356,0.281,0.523,51.4,58.9,12.1,6.0,0.486,17.0,36.4,0.252,0.0,7.81,4.4,2.0,0.0,0.0,0.0,CUSA
1998,Sweet Sixteen,1,UNC,4,Michigan State,0,38.0,0.895,13.0,3.0,1131.0,0.518,185.0,0.362,666.0,0.711,490.0,1512.0,699.0,259.0,188.0,493.0,533.0,,118.2,0.429,0.234,0.592,55.2,61.8,9.8,12.3,0.56,15.8,41.2,0.305,1.0,17.14,9.53,1.0,1.0,1.0,0.0,ACC,30.0,0.733,13.0,3.0,799.0,0.449,176.0,0.357,428.0,0.67,479.0,1197.0,446.0,229.0,117.0,461.0,575.0,,106.7,0.359,0.277,0.529,56.3,55.8,11.1,10.0,0.499,18.1,44.8,0.241,1.0,7.43,11.22,1.0,1.0,0.0,0.0,Big Ten
1998,Elite Eight,1,UNC,2,UConn,0,38.0,0.895,13.0,3.0,1131.0,0.518,185.0,0.362,666.0,0.711,490.0,1512.0,699.0,259.0,188.0,493.0,533.0,,118.2,0.429,0.234,0.592,55.2,61.8,9.8,12.3,0.56,15.8,41.2,0.305,1.0,17.14,9.53,1.0,1.0,1.0,0.0,ACC,37.0,0.865,15.0,3.0,1003.0,0.458,220.0,0.357,610.0,0.733,520.0,1447.0,529.0,314.0,148.0,525.0,671.0,,109.6,0.38,0.282,0.549,52.7,52.7,12.1,9.4,0.509,16.9,39.9,0.279,1.0,9.33,11.35,12.0,6.0,0.0,0.0,Big East
1998,Final Four,1,UNC,3,Utah,1,38.0,0.895,13.0,3.0,1131.0,0.518,185.0,0.362,666.0,0.711,490.0,1512.0,699.0,259.0,188.0,493.0,533.0,,118.2,0.429,0.234,0.592,55.2,61.8,9.8,12.3,0.56,15.8,41.2,0.305,1.0,17.14,9.53,1.0,1.0,1.0,0.0,ACC,34.0,0.882,12.0,2.0,809.0,0.48,175.0,0.373,588.0,0.73,383.0,1259.0,454.0,196.0,111.0,454.0,619.0,,111.1,0.478,0.278,0.576,57.8,56.1,9.1,9.3,0.532,18.0,38.2,0.349,1.0,2.74,14.35,7.0,4.0,1.0,0.0,WAC
1998,National Championship,2,Kentucky,3,Utah,0,39.0,0.897,14.0,2.0,1161.0,0.482,250.0,0.367,551.0,0.675,587.0,1640.0,691.0,341.0,240.0,583.0,722.0,,111.4,0.339,0.283,0.558,55.4,59.5,12.2,15.9,0.534,17.3,42.5,0.229,1.0,13.42,9.53,5.0,4.0,1.0,1.0,SEC,34.0,0.882,12.0,2.0,809.0,0.48,175.0,0.373,588.0,0.73,383.0,1259.0,454.0,196.0,111.0,454.0,619.0,,111.1,0.478,0.278,0.576,57.8,56.1,9.1,9.3,0.532,18.0,38.2,0.349,1.0,2.74,14.35,7.0,4.0,1.0,0.0,WAC
1998,Elite Eight,1,Arizona,3,Utah,1,35.0,0.857,17.0,1.0,1146.0,0.488,269.0,0.377,616.0,0.716,513.0,1372.0,677.0,352.0,113.0,502.0,578.0,,115.6,0.366,0.304,0.576,51.8,59.1,12.8,7.2,0.545,15.4,39.1,0.262,1.0,22.24,2.32,19.0,9.0,4.0,1.0,Pac-10,34.0,0.882,12.0,2.0,809.0,0.48,175.0,0.373,588.0,0.73,383.0,1259.0,454.0,196.0,111.0,454.0,619.0,,111.1,0.478,0.278,0.576,57.8,56.1,9.1,9.3,0.532,18.0,38.2,0.349,1.0,2.74,14.35,7.0,4.0,1.0,0.0,WAC
1998,First Round,8,Charlotte,9,UIC,0,31.0,0.645,13.0,3.0,816.0,0.437,180.0,0.343,471.0,0.708,426.0,1176.0,481.0,266.0,73.0,447.0,561.0,,103.6,0.356,0.281,0.523,51.4,58.9,12.1,6.0,0.486,17.0,36.4,0.252,0.0,7.81,4.4,2.0,0.0,0.0,0.0,CUSA,28.0,0.786,12.0,2.0,715.0,0.436,192.0,0.417,468.0,0.732,398.0,1034.0,397.0,169.0,76.0,354.0,530.0,,110.2,0.389,0.28,0.537,51.4,55.5,8.9,6.8,0.494,15.4,38.9,0.285,0.0,6.59,2.62,1.0,0.0,0.0,0.0,MW Coll
1998,First Round,5,Princeton,12,UNLV,0,29.0,0.931,14.0,0.0,684.0,0.498,265.0,0.389,295.0,0.674,203.0,771.0,478.0,245.0,78.0,294.0,453.0,,115.9,0.319,0.496,0.609,47.6,69.9,14.7,8.5,0.594,15.7,26.4,0.215,0.0,-3.1,14.64,2.0,0.0,0.0,0.0,Ivy,33.0,0.606,7.0,7.0,766.0,0.422,194.0,0.344,566.0,0.656,404.0,1267.0,432.0,196.0,109.0,450.0,587.0,,100.9,0.475,0.311,0.515,50.8,56.4,8.6,8.7,0.475,16.8,33.3,0.312,0.0,1.47,5.97,1.0,0.0,0.0,0.0,WAC
1998,First Round,4,Michigan State,13,Eastern Michigan,0,30.0,0.733,13.0,3.0,799.0,0.449,176.0,0.357,428.0,0.67,479.0,1197.0,446.0,229.0,117.0,461.0,575.0,,106.7,0.359,0.277,0.529,56.3,55.8,11.1,10.0,0.499,18.1,44.8,0.241,1.0,7.43,11.22,1.0,1.0,0.0,0.0,Big Ten,30.0,0.667,13.0,5.0,909.0,0.47,210.0,0.367,366.0,0.663,415.0,1121.0,473.0,234.0,110.0,429.0,600.0,,109.0,0.286,0.296,0.545,50.7,52.0,10.7,8.7,0.525,16.3,36.9,0.189,0.0,10.37,-3.67,1.0,0.0,0.0,0.0,MAC
1998,Second Round,4,Michigan State,5,Princeton,0,30.0,0.733,13.0,3.0,799.0,0.449,176.0,0.357,428.0,0.67,479.0,1197.0,446.0,229.0,117.0,461.0,575.0,,106.7,0.359,0.277,0.529,56.3,55.8,11.1,10.0,0.499,18.1,44.8,0.241,1.0,7.43,11.22,1.0,1.0,0.0,0.0,Big Ten,29.0,0.931,14.0,0.0,684.0,0.498,265.0,0.389,295.0,0.674,203.0,771.0,478.0,245.0,78.0,294.0,453.0,,115.9,0.319,0.496,0.609,47.6,69.9,14.7,8.5,0.594,15.7,26.4,0.215,0.0,-3.1,14.64,2.0,0.0,0.0,0.0,Ivy
1998,First Round,6,Xavier,11,Washington,1,30.0,0.733,11.0,5.0,848.0,0.484,170.0,0.349,640.0,0.738,437.0,1103.0,494.0,354.0,80.0,509.0,653.0,,112.2,0.495,0.278,0.579,53.7,58.3,15.8,7.5,0.533,19.0,42.5,0.365,1.0,15.11,4.34,4.0,0.0,0.0,0.0,A-10,30.0,0.667,11.0,7.0,843.0,0.488,147.0,0.353,526.0,0.694,365.0,1066.0,463.0,196.0,114.0,528.0,509.0,,104.7,0.438,0.241,0.565,51.7,54.9,8.7,8.1,0.53,20.2,36.8,0.304,0.0,10.84,-0.56,2.0,1.0,0.0,0.0,Pac-10
1998,Sweet Sixteen,2,UConn,11,Washington,0,37.0,0.865,15.0,3.0,1003.0,0.458,220.0,0.357,610.0,0.733,520.0,1447.0,529.0,314.0,148.0,525.0,671.0,,109.6,0.38,0.282,0.549,52.7,52.7,12.1,9.4,0.509,16.9,39.9,0.279,1.0,9.33,11.35,12.0,6.0,0.0,0.0,Big East,30.0,0.667,11.0,7.0,843.0,0.488,147.0,0.353,526.0,0.694,365.0,1066.0,463.0,196.0,114.0,528.0,509.0,,104.7,0.438,0.241,0.565,51.7,54.9,8.7,8.1,0.53,20.2,36.8,0.304,0.0,10.84,-0.56,2.0,1.0,0.0,0.0,Pac-10
1998,First Round,3,South Carolina,14,Richmond,1,31.0,0.742,11.0,5.0,739.0,0.443,178.0,0.333,555.0,0.692,382.0,1164.0,391.0,183.0,117.0,468.0,486.0,,103.4,0.481,0.32,0.539,51.2,52.9,8.6,9.5,0.496,18.6,35.5,0.333,0.0,4.81,7.7,6.0,1.0,0.0,0.0,SEC,31.0,0.742,12.0,4.0,771.0,0.456,241.0,0.398,386.0,0.698,338.0,993.0,438.0,189.0,97.0,328.0,449.0,,112.0,0.327,0.358,0.555,48.7,56.8,9.8,8.4,0.527,14.4,33.2,0.228,0.0,1.04,5.3,2.0,0.0,0.0,0.0,CAA
1998,Second Round,11,Washington,14,Richmond,0,30.0,0.667,11.0,7.0,843.0,0.488,147.0,0.353,526.0,0.694,365.0,1066.0,463.0,196.0,114.0,528.0,509.0,,104.7,0.438,0.241,0.565,51.7,54.9,8.7,8.1,0.53,20.2,36.8,0.304,0.0,10.84,-0.56,2.0,1.0,0.0,0.0,Pac-10,31.0,0.742,12.0,4.0,771.0,0.456,241.0,0.398,386.0,0.698,338.0,993.0,438.0,189.0,97.0,328.0,449.0,,112.0,0.327,0.358,0.555,48.7,56.8,9.8,8.4,0.527,14.4,33.2,0.228,0.0,1.04,5.3,2.0,0.0,0.0,0.0,CAA
1998,First Round,7,Indiana,10,Oklahoma,0,32.0,0.625,9.0,7.0,879.0,0.491,186.0,0.38,513.0,0.731,327.0,1079.0,568.0,235.0,105.0,498.0,585.0,,107.1,0.392,0.273,0.578,49.2,64.6,10.2,7.8,0.542,19.0,32.5,0.286,1.0,12.02,2.17,22.0,14.0,5.0,3.0,Big Ten,33.0,0.667,11.0,5.0,829.0,0.446,182.0,0.351,622.0,0.701,473.0,1260.0,477.0,245.0,139.0,510.0,651.0,,107.0,0.477,0.278,0.54,53.6,57.5,10.6,10.8,0.495,18.3,40.4,0.334,0.0,3.84,5.57,5.0,0.0,0.0,0.0,Big 12
1998,First Round,2,UConn,15,Fairleigh Dickinson,0,37.0,0.865,15.0,3.0,1003.0,0.458,220.0,0.357,610.0,0.733,520.0,1447.0,529.0,314.0,148.0,525.0,671.0,,109.6,0.38,0.282,0.549,52.7,52.7,12.1,9.4,0.509,16.9,39.9,0.279,1.0,9.33,11.35,12.0,6.0,0.0,0.0,Big East,30.0,0.767,13.0,3.0,851.0,0.452,233.0,0.365,576.0,0.674,530.0,1370.0,438.0,244.0,185.0,593.0,588.0,,106.7,0.454,0.339,0.548,55.6,51.5,10.4,13.7,0.514,20.6,44.8,0.306,0.0,9.43,-6.54,3.0,0.0,0.0,0.0,NEC
1998,Second Round,2,UConn,7,Indiana,0,37.0,0.865,15.0,3.0,1003.0,0.458,220.0,0.357,610.0,0.733,520.0,1447.0,529.0,314.0,148.0,525.0,671.0,,109.6,0.38,0.282,0.549,52.7,52.7,12.1,9.4,0.509,16.9,39.9,0.279,1.0,9.33,11.35,12.0,6.0,0.0,0.0,Big East,32.0,0.625,9.0,7.0,879.0,0.491,186.0,0.38,513.0,0.731,327.0,1079.0,568.0,235.0,105.0,498.0,585.0,,107.1,0.392,0.273,0.578,49.2,64.6,10.2,7.8,0.542,19.0,32.5,0.286,1.0,12.02,2.17,22.0,14.0,5.0,3.0,Big Ten
1998,First Round,1,Kansas,16,Prairie View,1,39.0,0.897,15.0,1.0,1249.0,0.493,229.0,0.375,573.0,0.681,604.0,1682.0,746.0,315.0,220.0,623.0,651.0,,112.9,0.332,0.241,0.562,55.8,59.7,10.8,12.3,0.538,17.5,42.6,0.226,1.0,15.49,7.34,9.0,6.0,2.0,0.0,Big 12,30.0,0.433,6.0,10.0,778.0,0.397,123.0,0.267,496.0,0.602,479.0,1249.0,316.0,276.0,83.0,529.0,659.0,,90.4,0.42,0.235,0.462,46.9,40.6,11.5,6.2,0.428,18.4,35.1,0.253,0.0,-7.05,-10.06,1.0,0.0,0.0,0.0,SWAC
1998,Second Round,1,Kansas,8,Rhode Island,1,39.0,0.897,15.0,1.0,1249.0,0.493,229.0,0.375,573.0,0.681,604.0,1682.0,746.0,315.0,220.0,623.0,651.0,,112.9,0.332,0.241,0.562,55.8,59.7,10.8,12.3,0.538,17.5,42.6,0.226,1.0,15.49,7.34,9.0,6.0,2.0,0.0,Big 12,34.0,0.735,12.0,4.0,923.0,0.451,258.0,0.374,538.0,0.709,432.0,1247.0,511.0,248.0,161.0,424.0,600.0,,109.9,0.371,0.337,0.549,47.4,55.4,10.3,10.3,0.514,15.0,34.5,0.263,0.0,11.01,1.55,13.0,4.0,1.0,1.0,A-10
1998,Elite Eight,3,Stanford,8,Rhode Island,0,35.0,0.857,15.0,3.0,947.0,0.455,262.0,0.408,651.0,0.738,508.0,1444.0,569.0,183.0,111.0,479.0,640.0,,113.6,0.424,0.309,0.562,56.4,60.1,7.4,7.8,0.518,16.1,40.6,0.313,1.0,10.95,8.0,6.0,2.0,1.0,0.0,Pac-10,34.0,0.735,12.0,4.0,923.0,0.451,258.0,0.374,538.0,0.709,432.0,1247.0,511.0,248.0,161.0,424.0,600.0,,109.9,0.371,0.337,0.549,47.4,55.4,10.3,10.3,0.514,15.0,34.5,0.263,0.0,11.01,1.55,13.0,4.0,1.0,1.0,A-10
1998,First Round,8,Rhode Island,9,Murray State,0,34.0,0.735,12.0,4.0,923.0,0.451,258.0,0.374,538.0,0.709,432.0,1247.0,511.0,248.0,161.0,424.0,600.0,,109.9,0.371,0.337,0.549,47.4,55.4,10.3,10.3,0.514,15.0,34.5,0.263,0.0,11.01,1.55,13.0,4.0,1.0,1.0,A-10,33.0,0.879,16.0,2.0,1037.0,0.501,205.0,0.397,583.0,0.676,488.0,1305.0,540.0,222.0,114.0,467.0,640.0,,116.3,0.416,0.249,0.577,53.4,52.1,9.0,8.3,0.55,15.8,40.1,0.282,0.0,10.98,-4.15,2.0,0.0,0.0,0.0,OVC
1998,Sweet Sixteen,8,Rhode Island,13,Valparaiso,0,34.0,0.735,12.0,4.0,923.0,0.451,258.0,0.374,538.0,0.709,432.0,1247.0,511.0,248.0,161.0,424.0,600.0,,109.9,0.371,0.337,0.549,47.4,55.4,10.3,10.3,0.514,15.0,34.5,0.263,0.0,11.01,1.55,13.0,4.0,1.0,1.0,A-10,33.0,0.697,13.0,3.0,861.0,0.47,187.0,0.375,531.0,0.704,441.0,1232.0,531.0,215.0,90.0,491.0,643.0,,109.2,0.412,0.273,0.557,53.6,61.7,9.6,7.2,0.521,18.3,40.1,0.29,0.0,-0.21,1.97,3.0,1.0,0.0,0.0,Mid-Cont
1998,First Round,4,Ole Miss,13,Valparaiso,1,29.0,0.759,12.0,4.0,794.0,0.453,204.0,0.375,542.0,0.652,442.0,1203.0,397.0,231.0,124.0,445.0,653.0,,108.7,0.474,0.31,0.543,54.3,50.0,10.8,10.6,0.511,17.2,39.7,0.309,1.0,12.39,4.84,2.0,0.0,0.0,0.0,SEC,33.0,0.697,13.0,3.0,861.0,0.47,187.0,0.375,531.0,0.704,441.0,1232.0,531.0,215.0,90.0,491.0,643.0,,109.2,0.412,0.273,0.557,53.6,61.7,9.6,7.2,0.521,18.3,40.1,0.29,0.0,-0.21,1.97,3.0,1.0,0.0,0.0,Mid-Cont
1998,Second Round,12,Florida State,13,Valparaiso,1,32.0,0.563,6.0,10.0,836.0,0.457,129.0,0.295,486.0,0.665,434.0,1240.0,461.0,237.0,165.0,543.0,631.0,,100.1,0.399,0.239,0.525,53.4,55.1,10.4,12.6,0.492,20.0,39.3,0.266,0.0,5.71,7.23,3.0,0.0,0.0,0.0,ACC,33.0,0.697,13.0,3.0,861.0,0.47,187.0,0.375,531.0,0.704,441.0,1232.0,531.0,215.0,90.0,491.0,643.0,,109.2,0.412,0.273,0.557,53.6,61.7,9.6,7.2,0.521,18.3,40.1,0.29,0.0,-0.21,1.97,3.0,1.0,0.0,0.0,Mid-Cont
1998,First Round,5,TCU,12,Florida State,1,33.0,0.818,14.0,0.0,1220.0,0.495,210.0,0.367,559.0,0.733,565.0,1466.0,651.0,365.0,131.0,507.0,602.0,,119.1,0.31,0.232,0.568,53.1,53.4,13.5,8.6,0.538,15.2,41.6,0.227,1.0,25.89,-3.6,12.0,6.0,1.0,0.0,WAC,32.0,0.563,6.0,10.0,836.0,0.457,129.0,0.295,486.0,0.665,434.0,1240.0,461.0,237.0,165.0,543.0,631.0,,100.1,0.399,0.239,0.525,53.4,55.1,10.4,12.6,0.492,20.0,39.3,0.266,0.0,5.71,7.23,3.0,0.0,0.0,0.0,ACC
1998,First Round,6,Clemson,11,Western Michigan,1,32.0,0.563,7.0,9.0,842.0,0.472,164.0,0.338,461.0,0.614,396.0,1082.0,484.0,256.0,90.0,406.0,683.0,,108.0,0.421,0.272,0.54,51.2,57.5,12.0,8.8,0.518,15.9,36.5,0.259,1.0,6.4,10.77,6.0,1.0,0.0,0.0,ACC,29.0,0.724,14.0,4.0,800.0,0.47,209.0,0.409,477.0,0.746,306.0,929.0,443.0,275.0,71.0,427.0,553.0,,107.6,0.376,0.3,0.57,46.8,55.4,12.9,6.0,0.532,17.6,31.2,0.28,0.0,8.48,1.8,4.0,0.0,0.0,0.0,MAC
1998,Second Round,3,Stanford,11,Western Michigan,0,35.0,0.857,15.0,3.0,947.0,0.455,262.0,0.408,651.0,0.738,508.0,1444.0,569.0,183.0,111.0,479.0,640.0,,113.6,0.424,0.309,0.562,56.4,60.1,7.4,7.8,0.518,16.1,40.6,0.313,1.0,10.95,8.0,6.0,2.0,1.0,0.0,Pac-10,29.0,0.724,14.0,4.0,800.0,0.47,209.0,0.409,477.0,0.746,306.0,929.0,443.0,275.0,71.0,427.0,553.0,,107.6,0.376,0.3,0.57,46.8,55.4,12.9,6.0,0.532,17.6,31.2,0.28,0.0,8.48,1.8,4.0,0.0,0.0,0.0,MAC
1998,First Round,3,Stanford,14,College of Charleston,0,35.0,0.857,15.0,3.0,947.0,0.455,262.0,0.408,651.0,0.738,508.0,1444.0,569.0,183.0,111.0,479.0,640.0,,113.6,0.424,0.309,0.562,56.4,60.1,7.4,7.8,0.518,16.1,40.6,0.313,1.0,10.95,8.0,6.0,2.0,1.0,0.0,Pac-10,30.0,0.8,14.0,2.0,784.0,0.461,105.0,0.344,429.0,0.694,389.0,1079.0,434.0,329.0,125.0,401.0,487.0,,105.1,0.363,0.179,0.527,51.2,55.4,16.5,11.1,0.492,16.7,37.7,0.252,0.0,-6.69,11.13,3.0,0.0,0.0,0.0,TAAC
1998,First Round,7,St. John's (NY),10,Detroit,1,32.0,0.688,13.0,5.0,820.0,0.439,145.0,0.322,548.0,0.641,563.0,1353.0,464.0,239.0,130.0,527.0,619.0,,103.9,0.457,0.241,0.512,54.6,56.6,10.6,9.7,0.477,18.8,45.9,0.293,0.0,5.28,6.0,3.0,0.0,0.0,0.0,Big East,31.0,0.806,12.0,2.0,817.0,0.461,208.0,0.375,472.0,0.739,389.0,1107.0,437.0,229.0,100.0,409.0,597.0,,110.5,0.361,0.313,0.558,52.0,53.5,10.9,8.5,0.52,16.5,38.1,0.267,0.0,3.3,6.57,1.0,0.0,0.0,0.0,MW Coll
1998,Second Round,2,Purdue,10,Detroit,0,36.0,0.778,12.0,4.0,1057.0,0.484,243.0,0.374,657.0,0.76,491.0,1128.0,680.0,313.0,137.0,559.0,586.0,,113.4,0.395,0.297,0.581,47.0,64.3,11.8,8.0,0.539,17.7,39.5,0.301,1.0,17.01,3.66,15.0,3.0,0.0,0.0,Big Ten,31.0,0.806,12.0,2.0,817.0,0.461,208.0,0.375,472.0,0.739,389.0,1107.0,437.0,229.0,100.0,409.0,597.0,,110.5,0.361,0.313,0.558,52.0,53.5,10.9,8.5,0.52,16.5,38.1,0.267,0.0,3.3,6.57,1.0,0.0,0.0,0.0,MW Coll
1998,First Round,2,Purdue,15,Delaware,0,36.0,0.778,12.0,4.0,1057.0,0.484,243.0,0.374,657.0,0.76,491.0,1128.0,680.0,313.0,137.0,559.0,586.0,,113.4,0.395,0.297,0.581,47.0,64.3,11.8,8.0,0.539,17.7,39.5,0.301,1.0,17.01,3.66,15.0,3.0,0.0,0.0,Big Ten,30.0,0.667,12.0,6.0,758.0,0.445,177.0,0.363,498.0,0.717,320.0,1072.0,420.0,240.0,91.0,504.0,563.0,,99.0,0.408,0.286,0.538,49.3,55.4,10.8,7.2,0.496,19.8,30.0,0.292,0.0,-0.34,-1.59,1.0,0.0,0.0,0.0,AEC
1998,Sweet Sixteen,2,Purdue,3,Stanford,1,36.0,0.778,12.0,4.0,1057.0,0.484,243.0,0.374,657.0,0.76,491.0,1128.0,680.0,313.0,137.0,559.0,586.0,,113.4,0.395,0.297,0.581,47.0,64.3,11.8,8.0,0.539,17.7,39.5,0.301,1.0,17.01,3.66,15.0,3.0,0.0,0.0,Big Ten,35.0,0.857,15.0,3.0,947.0,0.455,262.0,0.408,651.0,0.738,508.0,1444.0,569.0,183.0,111.0,479.0,640.0,,113.6,0.424,0.309,0.562,56.4,60.1,7.4,7.8,0.518,16.1,40.6,0.313,1.0,10.95,8.0,6.0,2.0,1.0,0.0,Pac-10
1998,Final Four,2,Kentucky,3,Stanford,0,39.0,0.897,14.0,2.0,1161.0,0.482,250.0,0.367,551.0,0.675,587.0,1640.0,691.0,341.0,240.0,583.0,722.0,,111.4,0.339,0.283,0.558,55.4,59.5,12.2,15.9,0.534,17.3,42.5,0.229,1.0,13.42,9.53,5.0,4.0,1.0,1.0,SEC,35.0,0.857,15.0,3.0,947.0,0.455,262.0,0.408,651.0,0.738,508.0,1444.0,569.0,183.0,111.0,479.0,640.0,,113.6,0.424,0.309,0.562,56.4,60.1,7.4,7.8,0.518,16.1,40.6,0.313,1.0,10.95,8.0,6.0,2.0,1.0,0.0,Pac-10
1998,First Round,1,Duke,16,Radford,0,36.0,0.889,15.0,1.0,1081.0,0.475,273.0,0.369,647.0,0.674,534.0,1377.0,514.0,339.0,183.0,448.0,670.0,,116.6,0.421,0.324,0.564,52.0,47.5,12.8,11.9,0.534,14.1,39.7,0.284,1.0,18.44,11.12,14.0,9.0,7.0,2.0,ACC,30.0,0.667,10.0,2.0,803.0,0.47,244.0,0.384,421.0,0.689,362.0,1049.0,505.0,237.0,92.0,533.0,617.0,,104.6,0.357,0.372,0.568,50.2,62.9,10.9,7.3,0.541,21.0,35.7,0.246,0.0,0.07,-5.32,1.0,0.0,0.0,0.0,Big South
1998,Second Round,1,Duke,8,Oklahoma State,0,36.0,0.889,15.0,1.0,1081.0,0.475,273.0,0.369,647.0,0.674,534.0,1377.0,514.0,339.0,183.0,448.0,670.0,,116.6,0.421,0.324,0.564,52.0,47.5,12.8,11.9,0.534,14.1,39.7,0.284,1.0,18.44,11.12,14.0,9.0,7.0,2.0,ACC,29.0,0.759,11.0,5.0,813.0,0.467,167.0,0.331,495.0,0.704,373.0,1069.0,494.0,249.0,52.0,404.0,497.0,,109.1,0.404,0.289,0.551,52.0,60.8,11.9,4.7,0.515,16.3,35.8,0.284,1.0,6.65,7.65,19.0,10.0,2.0,0.0,Big 12
1998,Sweet Sixteen,1,Duke,5,Syracuse,0,36.0,0.889,15.0,1.0,1081.0,0.475,273.0,0.369,647.0,0.674,534.0,1377.0,514.0,339.0,183.0,448.0,670.0,,116.6,0.421,0.324,0.564,52.0,47.5,12.8,11.9,0.534,14.1,39.7,0.284,1.0,18.44,11.12,14.0,9.0,7.0,2.0,ACC,35.0,0.743,12.0,6.0,867.0,0.435,199.0,0.329,548.0,0.676,489.0,1330.0,554.0,334.0,198.0,557.0,600.0,,100.9,0.407,0.303,0.522,50.8,63.9,13.6,13.7,0.485,19.0,37.9,0.275,0.0,3.89,7.98,18.0,10.0,2.0,0.0,Big East
1998,Second Round,4,New Mexico,5,Syracuse,1,32.0,0.75,11.0,3.0,846.0,0.472,301.0,0.402,430.0,0.757,333.0,1097.0,529.0,225.0,117.0,384.0,453.0,,114.9,0.317,0.417,0.587,50.3,62.5,10.7,9.3,0.556,15.7,32.7,0.24,1.0,7.24,7.74,10.0,1.0,0.0,0.0,WAC,35.0,0.743,12.0,6.0,867.0,0.435,199.0,0.329,548.0,0.676,489.0,1330.0,554.0,334.0,198.0,557.0,600.0,,100.9,0.407,0.303,0.522,50.8,63.9,13.6,13.7,0.485,19.0,37.9,0.275,0.0,3.89,7.98,18.0,10.0,2.0,0.0,Big East
1998,Elite Eight,1,Duke,2,Kentucky,1,36.0,0.889,15.0,1.0,1081.0,0.475,273.0,0.369,647.0,0.674,534.0,1377.0,514.0,339.0,183.0,448.0,670.0,,116.6,0.421,0.324,0.564,52.0,47.5,12.8,11.9,0.534,14.1,39.7,0.284,1.0,18.44,11.12,14.0,9.0,7.0,2.0,ACC,39.0,0.897,14.0,2.0,1161.0,0.482,250.0,0.367,551.0,0.675,587.0,1640.0,691.0,341.0,240.0,583.0,722.0,,111.4,0.339,0.283,0.558,55.4,59.5,12.2,15.9,0.534,17.3,42.5,0.229,1.0,13.42,9.53,5.0,4.0,1.0,1.0,SEC
1998,First Round,8,Oklahoma State,9,George Washington,0,29.0,0.759,11.0,5.0,813.0,0.467,167.0,0.331,495.0,0.704,373.0,1069.0,494.0,249.0,52.0,404.0,497.0,,109.1,0.404,0.289,0.551,52.0,60.8,11.9,4.7,0.515,16.3,35.8,0.284,1.0,6.65,7.65,19.0,10.0,2.0,0.0,Big 12,33.0,0.727,11.0,5.0,848.0,0.446,145.0,0.323,573.0,0.649,479.0,1320.0,494.0,234.0,88.0,513.0,715.0,,102.5,0.464,0.236,0.52,53.0,58.3,9.9,6.5,0.484,18.1,38.9,0.301,0.0,4.6,5.32,6.0,1.0,0.0,0.0,A-10
1998,First Round,5,Syracuse,12,Iona,0,35.0,0.743,12.0,6.0,867.0,0.435,199.0,0.329,548.0,0.676,489.0,1330.0,554.0,334.0,198.0,557.0,600.0,,100.9,0.407,0.303,0.522,50.8,63.9,13.6,13.7,0.485,19.0,37.9,0.275,0.0,3.89,7.98,18.0,10.0,2.0,0.0,Big East,33.0,0.818,15.0,3.0,934.0,0.465,210.0,0.351,574.0,0.687,475.0,1247.0,511.0,325.0,205.0,504.0,652.0,,109.0,0.416,0.298,0.551,50.3,54.7,13.4,14.7,0.517,17.3,39.2,0.286,0.0,7.41,1.14,1.0,0.0,0.0,0.0,MAAC
1998,First Round,4,New Mexico,13,Butler,0,32.0,0.75,11.0,3.0,846.0,0.472,301.0,0.402,430.0,0.757,333.0,1097.0,529.0,225.0,117.0,384.0,453.0,,114.9,0.317,0.417,0.587,50.3,62.5,10.7,9.3,0.556,15.7,32.7,0.24,1.0,7.24,7.74,10.0,1.0,0.0,0.0,WAC,33.0,0.667,8.0,6.0,730.0,0.445,152.0,0.318,616.0,0.663,370.0,1163.0,400.0,177.0,96.0,491.0,612.0,,101.0,0.566,0.291,0.535,53.3,54.8,8.0,7.9,0.491,19.1,35.1,0.375,0.0,-2.38,7.25,2.0,0.0,0.0,0.0,MW Coll
1998,First Round,6,UCLA,11,Miami (FL),0,33.0,0.727,12.0,6.0,985.0,0.49,169.0,0.345,604.0,0.664,435.0,1192.0,524.0,284.0,109.0,550.0,651.0,,107.8,0.452,0.244,0.561,50.2,53.2,11.2,7.8,0.532,18.4,37.8,0.3,0.0,16.14,-3.12,2.0,2.0,0.0,0.0,Pac-10,28.0,0.643,11.0,7.0,735.0,0.44,114.0,0.287,378.0,0.661,388.0,1120.0,395.0,259.0,120.0,496.0,563.0,,95.8,0.343,0.238,0.505,50.9,53.7,12.6,10.9,0.475,20.4,37.0,0.226,0.0,1.89,8.98,1.0,0.0,0.0,0.0,Big East
1998,First Round,3,Michigan,14,Davidson,0,34.0,0.735,11.0,5.0,932.0,0.489,260.0,0.419,506.0,0.694,422.0,1314.0,537.0,243.0,138.0,537.0,585.0,,111.2,0.382,0.326,0.584,54.8,57.6,10.3,10.5,0.557,19.2,38.8,0.265,1.0,10.38,8.41,1.0,0.0,0.0,0.0,Big Ten,30.0,0.667,13.0,2.0,747.0,0.433,209.0,0.351,435.0,0.673,416.0,1117.0,472.0,223.0,61.0,501.0,584.0,,100.8,0.374,0.345,0.526,52.2,63.2,10.5,5.4,0.493,19.8,38.0,0.252,0.0,-2.05,1.34,1.0,0.0,0.0,0.0,Southern
1998,Second Round,3,Michigan,6,UCLA,1,34.0,0.735,11.0,5.0,932.0,0.489,260.0,0.419,506.0,0.694,422.0,1314.0,537.0,243.0,138.0,537.0,585.0,,111.2,0.382,0.326,0.584,54.8,57.6,10.3,10.5,0.557,19.2,38.8,0.265,1.0,10.38,8.41,1.0,0.0,0.0,0.0,Big Ten,33.0,0.727,12.0,6.0,985.0,0.49,169.0,0.345,604.0,0.664,435.0,1192.0,524.0,284.0,109.0,550.0,651.0,,107.8,0.452,0.244,0.561,50.2,53.2,11.2,7.8,0.532,18.4,37.8,0.3,0.0,16.14,-3.12,2.0,2.0,0.0,0.0,Pac-10
1998,Sweet Sixteen,2,Kentucky,6,UCLA,0,39.0,0.897,14.0,2.0,1161.0,0.482,250.0,0.367,551.0,0.675,587.0,1640.0,691.0,341.0,240.0,583.0,722.0,,111.4,0.339,0.283,0.558,55.4,59.5,12.2,15.9,0.534,17.3,42.5,0.229,1.0,13.42,9.53,5.0,4.0,1.0,1.0,SEC,33.0,0.727,12.0,6.0,985.0,0.49,169.0,0.345,604.0,0.664,435.0,1192.0,524.0,284.0,109.0,550.0,651.0,,107.8,0.452,0.244,0.561,50.2,53.2,11.2,7.8,0.532,18.4,37.8,0.3,0.0,16.14,-3.12,2.0,2.0,0.0,0.0,Pac-10
1998,First Round,7,UMass,10,Saint Louis,1,32.0,0.656,12.0,4.0,817.0,0.447,111.0,0.339,486.0,0.7,475.0,1232.0,444.0,198.0,176.0,476.0,671.0,,104.0,0.38,0.179,0.517,54.2,54.3,9.2,13.3,0.478,18.1,42.8,0.266,0.0,2.82,9.18,2.0,0.0,0.0,0.0,A-10,33.0,0.667,11.0,5.0,768.0,0.431,183.0,0.354,502.0,0.662,378.0,1062.0,453.0,291.0,73.0,497.0,618.0,,98.3,0.425,0.29,0.518,46.8,59.0,12.9,5.9,0.482,18.8,32.8,0.282,0.0,-0.27,9.74,8.0,0.0,0.0,0.0,CUSA
1998,Second Round,2,Kentucky,10,Saint Louis,0,39.0,0.897,14.0,2.0,1161.0,0.482,250.0,0.367,551.0,0.675,587.0,1640.0,691.0,341.0,240.0,583.0,722.0,,111.4,0.339,0.283,0.558,55.4,59.5,12.2,15.9,0.534,17.3,42.5,0.229,1.0,13.42,9.53,5.0,4.0,1.0,1.0,SEC,33.0,0.667,11.0,5.0,768.0,0.431,183.0,0.354,502.0,0.662,378.0,1062.0,453.0,291.0,73.0,497.0,618.0,,98.3,0.425,0.29,0.518,46.8,59.0,12.9,5.9,0.482,18.8,32.8,0.282,0.0,-0.27,9.74,8.0,0.0,0.0,0.0,CUSA
1998,First Round,2,Kentucky,15,South Carolina State,0,39.0,0.897,14.0,2.0,1161.0,0.482,250.0,0.367,551.0,0.675,587.0,1640.0,691.0,341.0,240.0,583.0,722.0,,111.4,0.339,0.283,0.558,55.4,59.5,12.2,15.9,0.534,17.3,42.5,0.229,1.0,13.42,9.53,5.0,4.0,1.0,1.0,SEC,30.0,0.733,16.0,2.0,765.0,0.462,174.0,0.399,525.0,0.686,394.0,1090.0,319.0,217.0,130.0,521.0,594.0,,103.8,0.462,0.263,0.552,51.1,41.7,10.1,10.6,0.515,20.5,38.0,0.317,0.0,-2.54,-3.11,3.0,0.0,0.0,0.0,MEAC
1998,First Round,1,Arizona,16,Nicholls State,0,35.0,0.857,17.0,1.0,1146.0,0.488,269.0,0.377,616.0,0.716,513.0,1372.0,677.0,352.0,113.0,502.0,578.0,,115.6,0.366,0.304,0.576,51.8,59.1,12.8,7.2,0.545,15.4,39.1,0.262,1.0,22.24,2.32,19.0,9.0,4.0,1.0,Pac-10,29.0,0.655,15.0,1.0,798.0,0.46,157.0,0.326,475.0,0.693,352.0,962.0,482.0,298.0,89.0,457.0,582.0,,103.5,0.395,0.278,0.54,47.3,60.4,13.8,7.6,0.505,18.1,33.5,0.274,0.0,2.12,-7.45,2.0,0.0,0.0,0.0,Southland
1998,Second Round,1,Arizona,9,Illinois State,0,35.0,0.857,17.0,1.0,1146.0,0.488,269.0,0.377,616.0,0.716,513.0,1372.0,677.0,352.0,113.0,502.0,578.0,,115.6,0.366,0.304,0.576,51.8,59.1,12.8,7.2,0.545,15.4,39.1,0.262,1.0,22.24,2.32,19.0,9.0,4.0,1.0,Pac-10,31.0,0.806,16.0,2.0,865.0,0.479,220.0,0.375,413.0,0.674,342.0,1099.0,574.0,259.0,77.0,473.0,625.0,,106.2,0.34,0.325,0.564,50.2,66.4,11.6,6.8,0.54,18.4,32.4,0.229,0.0,6.62,3.02,2.0,0.0,0.0,0.0,MVC
1998,First Round,8,Tennessee,9,Illinois State,1,29.0,0.69,9.0,7.0,757.0,0.426,207.0,0.378,479.0,0.643,391.0,1128.0,392.0,240.0,174.0,453.0,584.0,,100.5,0.419,0.308,0.516,48.5,51.8,11.0,13.3,0.485,17.5,33.8,0.27,0.0,7.92,3.23,2.0,0.0,0.0,0.0,SEC,31.0,0.806,16.0,2.0,865.0,0.479,220.0,0.375,413.0,0.674,342.0,1099.0,574.0,259.0,77.0,473.0,625.0,,106.2,0.34,0.325,0.564,50.2,66.4,11.6,6.8,0.54,18.4,32.4,0.229,0.0,6.62,3.02,2.0,0.0,0.0,0.0,MVC
1998,Sweet Sixteen,1,Arizona,4,Maryland,0,35.0,0.857,17.0,1.0,1146.0,0.488,269.0,0.377,616.0,0.716,513.0,1372.0,677.0,352.0,113.0,502.0,578.0,,115.6,0.366,0.304,0.576,51.8,59.1,12.8,7.2,0.545,15.4,39.1,0.262,1.0,22.24,2.32,19.0,9.0,4.0,1.0,Pac-10,32.0,0.656,10.0,6.0,908.0,0.461,166.0,0.349,538.0,0.678,422.0,1271.0,602.0,275.0,158.0,525.0,637.0,,102.4,0.403,0.242,0.537,51.3,66.3,11.2,12.2,0.503,18.3,35.4,0.273,1.0,13.8,4.99,8.0,5.0,0.0,0.0,ACC
1998,First Round,5,Illinois,12,South Alabama,0,33.0,0.697,13.0,3.0,827.0,0.442,215.0,0.363,432.0,0.681,368.0,1109.0,469.0,244.0,90.0,443.0,617.0,,102.4,0.339,0.317,0.53,49.4,56.7,10.9,7.4,0.5,17.0,32.4,0.231,1.0,3.44,11.78,8.0,2.0,1.0,0.0,Big Ten,28.0,0.75,14.0,4.0,665.0,0.485,129.0,0.398,361.0,0.646,326.0,952.0,424.0,189.0,83.0,438.0,456.0,,104.3,0.408,0.236,0.556,56.3,63.8,10.8,9.1,0.532,21.1,40.9,0.263,0.0,-7.78,15.35,3.0,0.0,0.0,0.0,Sun Belt
1998,First Round,4,Maryland,13,Utah State,0,32.0,0.656,10.0,6.0,908.0,0.461,166.0,0.349,538.0,0.678,422.0,1271.0,602.0,275.0,158.0,525.0,637.0,,102.4,0.403,0.242,0.537,51.3,66.3,11.2,12.2,0.503,18.3,35.4,0.273,1.0,13.8,4.99,8.0,5.0,0.0,0.0,ACC,33.0,0.758,13.0,3.0,856.0,0.483,139.0,0.429,524.0,0.701,378.0,1174.0,352.0,183.0,68.0,440.0,574.0,,108.8,0.422,0.183,0.559,54.4,41.1,8.4,5.8,0.523,17.1,36.7,0.296,0.0,-1.08,7.62,1.0,0.0,0.0,0.0,Big West
1998,Second Round,4,Maryland,5,Illinois,0,32.0,0.656,10.0,6.0,908.0,0.461,166.0,0.349,538.0,0.678,422.0,1271.0,602.0,275.0,158.0,525.0,637.0,,102.4,0.403,0.242,0.537,51.3,66.3,11.2,12.2,0.503,18.3,35.4,0.273,1.0,13.8,4.99,8.0,5.0,0.0,0.0,ACC,33.0,0.697,13.0,3.0,827.0,0.442,215.0,0.363,432.0,0.681,368.0,1109.0,469.0,244.0,90.0,443.0,617.0,,102.4,0.339,0.317,0.53,49.4,56.7,10.9,7.4,0.5,17.0,32.4,0.231,1.0,3.44,11.78,8.0,2.0,1.0,0.0,Big Ten
1998,First Round,6,Arkansas,11,Nebraska,0,33.0,0.727,11.0,5.0,984.0,0.446,237.0,0.353,511.0,0.648,524.0,1306.0,526.0,356.0,158.0,548.0,680.0,78.7,104.2,0.357,0.304,0.526,49.6,53.5,13.7,11.4,0.499,17.5,38.8,0.231,1.0,15.08,1.09,13.0,6.0,3.0,1.0,SEC,32.0,0.625,10.0,6.0,867.0,0.447,150.0,0.344,406.0,0.626,473.0,1263.0,511.0,319.0,156.0,552.0,583.0,,98.7,0.335,0.225,0.51,50.8,58.9,13.7,12.0,0.486,19.7,39.2,0.209,0.0,3.41,5.3,7.0,0.0,0.0,0.0,Big 12
1998,First Round,3,Utah,14,San Francisco,0,34.0,0.882,12.0,2.0,809.0,0.48,175.0,0.373,588.0,0.73,383.0,1259.0,454.0,196.0,111.0,454.0,619.0,,111.1,0.478,0.278,0.576,57.8,56.1,9.1,9.3,0.532,18.0,38.2,0.349,1.0,2.74,14.35,7.0,4.0,1.0,0.0,WAC,30.0,0.633,7.0,7.0,816.0,0.467,179.0,0.346,386.0,0.701,419.0,1075.0,468.0,258.0,82.0,463.0,601.0,,106.4,0.315,0.296,0.546,54.2,57.4,12.5,7.9,0.518,18.7,40.4,0.221,0.0,3.12,4.67,1.0,0.0,0.0,0.0,WCC
1998,Second Round,3,Utah,6,Arkansas,0,34.0,0.882,12.0,2.0,809.0,0.48,175.0,0.373,588.0,0.73,383.0,1259.0,454.0,196.0,111.0,454.0,619.0,,111.1,0.478,0.278,0.576,57.8,56.1,9.1,9.3,0.532,18.0,38.2,0.349,1.0,2.74,14.35,7.0,4.0,1.0,0.0,WAC,33.0,0.727,11.0,5.0,984.0,0.446,237.0,0.353,511.0,0.648,524.0,1306.0,526.0,356.0,158.0,548.0,680.0,78.7,104.2,0.357,0.304,0.526,49.6,53.5,13.7,11.4,0.499,17.5,38.8,0.231,1.0,15.08,1.09,13.0,6.0,3.0,1.0,SEC
1998,Sweet Sixteen,3,Utah,10,West Virginia,0,34.0,0.882,12.0,2.0,809.0,0.48,175.0,0.373,588.0,0.73,383.0,1259.0,454.0,196.0,111.0,454.0,619.0,,111.1,0.478,0.278,0.576,57.8,56.1,9.1,9.3,0.532,18.0,38.2,0.349,1.0,2.74,14.35,7.0,4.0,1.0,0.0,WAC,33.0,0.727,11.0,7.0,1027.0,0.461,171.0,0.332,422.0,0.613,554.0,1325.0,523.0,407.0,116.0,445.0,613.0,,108.8,0.309,0.231,0.518,51.9,50.9,16.7,9.2,0.499,14.8,41.4,0.189,1.0,12.02,4.22,11.0,2.0,0.0,0.0,Big East
1998,First Round,7,Temple,10,West Virginia,1,30.0,0.7,13.0,3.0,668.0,0.402,216.0,0.327,418.0,0.676,396.0,1037.0,338.0,321.0,130.0,353.0,482.0,,103.1,0.372,0.397,0.504,48.0,50.6,16.8,14.0,0.467,15.3,35.9,0.252,0.0,-1.6,14.1,14.0,3.0,0.0,0.0,A-10,33.0,0.727,11.0,7.0,1027.0,0.461,171.0,0.332,422.0,0.613,554.0,1325.0,523.0,407.0,116.0,445.0,613.0,,108.8,0.309,0.231,0.518,51.9,50.9,16.7,9.2,0.499,14.8,41.4,0.189,1.0,12.02,4.22,11.0,2.0,0.0,0.0,Big East
1998,Second Round,2,Cincinnati,10,West Virginia,1,33.0,0.818,14.0,2.0,861.0,0.457,178.0,0.347,610.0,0.679,521.0,1324.0,414.0,258.0,146.0,526.0,633.0,,108.0,0.476,0.272,0.543,55.8,48.1,11.1,11.4,0.504,18.5,44.6,0.323,1.0,7.93,9.92,8.0,3.0,1.0,0.0,CUSA,33.0,0.727,11.0,7.0,1027.0,0.461,171.0,0.332,422.0,0.613,554.0,1325.0,523.0,407.0,116.0,445.0,613.0,,108.8,0.309,0.231,0.518,51.9,50.9,16.7,9.2,0.499,14.8,41.4,0.189,1.0,12.02,4.22,11.0,2.0,0.0,0.0,Big East
1998,First Round,2,Cincinnati,15,Northern Arizona,0,33.0,0.818,14.0,2.0,861.0,0.457,178.0,0.347,610.0,0.679,521.0,1324.0,414.0,258.0,146.0,526.0,633.0,,108.0,0.476,0.272,0.543,55.8,48.1,11.1,11.4,0.504,18.5,44.6,0.323,1.0,7.93,9.92,8.0,3.0,1.0,0.0,CUSA,29.0,0.724,13.0,3.0,806.0,0.511,254.0,0.43,460.0,0.734,288.0,982.0,524.0,226.0,83.0,486.0,556.0,,112.4,0.398,0.375,0.62,52.5,65.0,10.9,7.5,0.592,20.6,34.1,0.292,0.0,2.97,3.53,1.0,0.0,0.0,0.0,Big Sky
1999,First Round,1,Duke,16,Florida A&M,0,39.0,0.949,16.0,0.0,1244.0,0.514,293.0,0.396,800.0,0.705,587.0,1645.0,633.0,349.0,245.0,572.0,713.0,,121.3,0.469,0.305,0.605,55.8,50.9,11.8,13.2,0.574,16.2,44.3,0.33,1.0,27.07,7.72,15.0,10.0,8.0,2.0,ACC,31.0,0.387,8.0,11.0,769.0,0.387,149.0,0.281,565.0,0.624,566.0,1354.0,316.0,305.0,92.0,576.0,735.0,,93.1,0.456,0.267,0.466,51.6,41.1,12.6,7.2,0.425,19.3,40.5,0.285,0.0,-2.9,-11.71,1.0,0.0,0.0,0.0,MEAC
1999,Second Round,1,Duke,9,Tulsa,0,39.0,0.949,16.0,0.0,1244.0,0.514,293.0,0.396,800.0,0.705,587.0,1645.0,633.0,349.0,245.0,572.0,713.0,,121.3,0.469,0.305,0.605,55.8,50.9,11.8,13.2,0.574,16.2,44.3,0.33,1.0,27.07,7.72,15.0,10.0,8.0,2.0,ACC,33.0,0.697,9.0,5.0,776.0,0.435,223.0,0.352,544.0,0.659,429.0,1274.0,462.0,291.0,185.0,593.0,670.0,,98.9,0.463,0.355,0.533,52.2,59.5,12.4,14.9,0.497,21.4,36.5,0.305,0.0,1.25,9.49,1.0,0.0,0.0,0.0,WAC
1999,First Round,8,College of Charleston,9,Tulsa,1,31.0,0.903,16.0,0.0,830.0,0.488,140.0,0.367,458.0,0.706,395.0,1148.0,435.0,283.0,196.0,446.0,510.0,,109.1,0.381,0.224,0.562,54.8,52.4,13.7,17.0,0.529,18.2,40.1,0.269,0.0,-0.52,6.5,4.0,0.0,0.0,0.0,Southern,33.0,0.697,9.0,5.0,776.0,0.435,223.0,0.352,544.0,0.659,429.0,1274.0,462.0,291.0,185.0,593.0,670.0,,98.9,0.463,0.355,0.533,52.2,59.5,12.4,14.9,0.497,21.4,36.5,0.305,0.0,1.25,9.49,1.0,0.0,0.0,0.0,WAC
1999,Sweet Sixteen,1,Duke,12,Missouri State,0,39.0,0.949,16.0,0.0,1244.0,0.514,293.0,0.396,800.0,0.705,587.0,1645.0,633.0,349.0,245.0,572.0,713.0,,121.3,0.469,0.305,0.605,55.8,50.9,11.8,13.2,0.574,16.2,44.3,0.33,1.0,27.07,7.72,15.0,10.0,8.0,2.0,ACC,33.0,0.667,11.0,7.0,837.0,0.46,179.0,0.365,561.0,0.711,351.0,1160.0,500.0,299.0,139.0,468.0,567.0,,104.5,0.433,0.27,0.55,50.1,59.7,12.9,11.2,0.509,17.6,31.1,0.308,0.0,7.17,6.65,1.0,1.0,0.0,0.0,MVC
1999,First Round,5,Wisconsin,12,Missouri State,1,32.0,0.688,9.0,7.0,685.0,0.435,204.0,0.357,413.0,0.74,274.0,948.0,433.0,224.0,78.0,377.0,587.0,,102.0,0.355,0.364,0.541,48.8,63.2,11.5,7.7,0.5,17.0,28.4,0.263,1.0,-0.72,18.01,5.0,0.0,0.0,0.0,Big Ten,33.0,0.667,11.0,7.0,837.0,0.46,179.0,0.365,561.0,0.711,351.0,1160.0,500.0,299.0,139.0,468.0,567.0,,104.5,0.433,0.27,0.55,50.1,59.7,12.9,11.2,0.509,17.6,31.1,0.308,0.0,7.17,6.65,1.0,1.0,0.0,0.0,MVC
1999,Second Round,4,Tennessee,12,Missouri State,1,30.0,0.7,12.0,4.0,720.0,0.423,201.0,0.332,537.0,0.696,399.0,1160.0,410.0,262.0,190.0,484.0,552.0,71.1,101.6,0.452,0.356,0.526,50.2,56.9,12.2,15.2,0.482,18.9,36.3,0.315,0.0,5.67,8.51,3.0,0.0,0.0,0.0,SEC,33.0,0.667,11.0,7.0,837.0,0.46,179.0,0.365,561.0,0.711,351.0,1160.0,500.0,299.0,139.0,468.0,567.0,,104.5,0.433,0.27,0.55,50.1,59.7,12.9,11.2,0.509,17.6,31.1,0.308,0.0,7.17,6.65,1.0,1.0,0.0,0.0,MVC
1999,Elite Eight,1,Duke,6,Temple,0,39.0,0.949,16.0,0.0,1244.0,0.514,293.0,0.396,800.0,0.705,587.0,1645.0,633.0,349.0,245.0,572.0,713.0,,121.3,0.469,0.305,0.605,55.8,50.9,11.8,13.2,0.574,16.2,44.3,0.33,1.0,27.07,7.72,15.0,10.0,8.0,2.0,ACC,35.0,0.686,13.0,3.0,821.0,0.414,227.0,0.309,462.0,0.654,510.0,1273.0,447.0,349.0,128.0,374.0,527.0,,107.1,0.356,0.37,0.502,50.7,54.4,16.0,12.8,0.471,13.9,39.1,0.233,1.0,1.82,15.24,15.0,4.0,0.0,0.0,A-10
1999,Second Round,3,Cincinnati,6,Temple,1,33.0,0.818,12.0,4.0,890.0,0.464,166.0,0.327,494.0,0.68,476.0,1290.0,465.0,256.0,152.0,477.0,617.0,,107.8,0.379,0.265,0.539,54.5,52.2,11.3,11.7,0.507,17.4,42.7,0.257,1.0,7.66,12.47,9.0,3.0,1.0,0.0,CUSA,35.0,0.686,13.0,3.0,821.0,0.414,227.0,0.309,462.0,0.654,510.0,1273.0,447.0,349.0,128.0,374.0,527.0,,107.1,0.356,0.37,0.502,50.7,54.4,16.0,12.8,0.471,13.9,39.1,0.233,1.0,1.82,15.24,15.0,4.0,0.0,0.0,A-10
1999,Final Four,1,Duke,1,Michigan State,0,39.0,0.949,16.0,0.0,1244.0,0.514,293.0,0.396,800.0,0.705,587.0,1645.0,633.0,349.0,245.0,572.0,713.0,,121.3,0.469,0.305,0.605,55.8,50.9,11.8,13.2,0.574,16.2,44.3,0.33,1.0,27.07,7.72,15.0,10.0,8.0,2.0,ACC,38.0,0.868,15.0,1.0,1020.0,0.474,171.0,0.34,514.0,0.733,564.0,1379.0,569.0,298.0,100.0,533.0,689.0,,111.5,0.326,0.234,0.548,57.2,55.8,12.2,7.5,0.514,17.7,45.9,0.239,1.0,8.12,14.52,2.0,2.0,1.0,0.0,Big Ten
1999,National Championship,1,Duke,1,UConn,1,39.0,0.949,16.0,0.0,1244.0,0.514,293.0,0.396,800.0,0.705,587.0,1645.0,633.0,349.0,245.0,572.0,713.0,,121.3,0.469,0.305,0.605,55.8,50.9,11.8,13.2,0.574,16.2,44.3,0.33,1.0,27.07,7.72,15.0,10.0,8.0,2.0,ACC,36.0,0.944,16.0,2.0,986.0,0.467,174.0,0.344,635.0,0.732,503.0,1451.0,551.0,287.0,151.0,523.0,602.0,,109.4,0.411,0.24,0.551,54.9,55.9,11.3,9.6,0.508,17.2,41.1,0.301,1.0,11.61,13.12,13.0,7.0,1.0,1.0,Big East
1999,First Round,4,Tennessee,13,Delaware,0,30.0,0.7,12.0,4.0,720.0,0.423,201.0,0.332,537.0,0.696,399.0,1160.0,410.0,262.0,190.0,484.0,552.0,71.1,101.6,0.452,0.356,0.526,50.2,56.9,12.2,15.2,0.482,18.9,36.3,0.315,0.0,5.67,8.51,3.0,0.0,0.0,0.0,SEC,31.0,0.806,15.0,3.0,830.0,0.468,207.0,0.372,527.0,0.726,316.0,1125.0,451.0,234.0,139.0,455.0,536.0,,106.0,0.409,0.313,0.565,49.5,54.3,10.4,10.2,0.526,17.7,30.0,0.297,0.0,3.76,-2.16,2.0,0.0,0.0,0.0,AEC
1999,First Round,6,Temple,11,Kent State,0,35.0,0.686,13.0,3.0,821.0,0.414,227.0,0.309,462.0,0.654,510.0,1273.0,447.0,349.0,128.0,374.0,527.0,,107.1,0.356,0.37,0.502,50.7,54.4,16.0,12.8,0.471,13.9,39.1,0.233,1.0,1.82,15.24,15.0,4.0,0.0,0.0,A-10,30.0,0.767,13.0,5.0,782.0,0.446,168.0,0.346,424.0,0.684,391.0,1048.0,461.0,276.0,92.0,418.0,557.0,,104.1,0.353,0.277,0.526,50.8,59.0,13.3,8.1,0.494,16.9,36.2,0.242,0.0,0.98,6.24,1.0,0.0,0.0,0.0,MAC
1999,Sweet Sixteen,6,Temple,10,Purdue,0,35.0,0.686,13.0,3.0,821.0,0.414,227.0,0.309,462.0,0.654,510.0,1273.0,447.0,349.0,128.0,374.0,527.0,,107.1,0.356,0.37,0.502,50.7,54.4,16.0,12.8,0.471,13.9,39.1,0.233,1.0,1.82,15.24,15.0,4.0,0.0,0.0,A-10,34.0,0.618,7.0,9.0,813.0,0.439,183.0,0.318,519.0,0.671,437.0,1143.0,482.0,274.0,109.0,511.0,549.0,,101.6,0.418,0.311,0.524,49.7,59.3,12.0,8.3,0.488,18.7,37.3,0.28,0.0,4.72,8.52,16.0,4.0,0.0,0.0,Big Ten
1999,First Round,7,Texas,10,Purdue,1,32.0,0.594,13.0,3.0,748.0,0.424,153.0,0.324,540.0,0.65,456.0,1247.0,369.0,261.0,162.0,516.0,543.0,,99.1,0.471,0.268,0.507,53.0,49.3,11.8,12.9,0.468,19.3,39.2,0.306,0.0,3.36,7.53,7.0,1.0,0.0,0.0,Big 12,34.0,0.618,7.0,9.0,813.0,0.439,183.0,0.318,519.0,0.671,437.0,1143.0,482.0,274.0,109.0,511.0,549.0,,101.6,0.418,0.311,0.524,49.7,59.3,12.0,8.3,0.488,18.7,37.3,0.28,0.0,4.72,8.52,16.0,4.0,0.0,0.0,Big Ten
1999,Second Round,2,Miami (FL),10,Purdue,1,30.0,0.767,15.0,3.0,791.0,0.473,123.0,0.333,473.0,0.699,389.0,1180.0,458.0,259.0,158.0,575.0,521.0,,99.9,0.405,0.221,0.547,53.2,57.9,11.9,13.2,0.51,22.4,39.1,0.283,1.0,7.03,9.77,2.0,0.0,0.0,0.0,Big East,34.0,0.618,7.0,9.0,813.0,0.439,183.0,0.318,519.0,0.671,437.0,1143.0,482.0,274.0,109.0,511.0,549.0,,101.6,0.418,0.311,0.524,49.7,59.3,12.0,8.3,0.488,18.7,37.3,0.28,0.0,4.72,8.52,16.0,4.0,0.0,0.0,Big Ten
1999,First Round,3,Cincinnati,14,George Mason,0,33.0,0.818,12.0,4.0,890.0,0.464,166.0,0.327,494.0,0.68,476.0,1290.0,465.0,256.0,152.0,477.0,617.0,,107.8,0.379,0.265,0.539,54.5,52.2,11.3,11.7,0.507,17.4,42.7,0.257,1.0,7.66,12.47,9.0,3.0,1.0,0.0,CUSA,30.0,0.633,13.0,3.0,826.0,0.456,195.0,0.358,367.0,0.613,412.0,1082.0,398.0,304.0,136.0,444.0,550.0,,103.6,0.33,0.3,0.528,49.4,48.2,14.2,11.6,0.509,17.5,36.8,0.202,0.0,4.63,-0.06,1.0,0.0,0.0,0.0,CAA
1999,First Round,2,Miami (FL),15,Lafayette,0,30.0,0.767,15.0,3.0,791.0,0.473,123.0,0.333,473.0,0.699,389.0,1180.0,458.0,259.0,158.0,575.0,521.0,,99.9,0.405,0.221,0.547,53.2,57.9,11.9,13.2,0.51,22.4,39.1,0.283,1.0,7.03,9.77,2.0,0.0,0.0,0.0,Big East,30.0,0.733,10.0,2.0,708.0,0.432,238.0,0.34,513.0,0.703,322.0,1072.0,464.0,257.0,124.0,445.0,587.0,,102.2,0.445,0.427,0.545,49.0,65.5,12.1,11.0,0.504,18.3,30.3,0.313,0.0,0.6,-3.38,1.0,0.0,0.0,0.0,Patriot
1999,First Round,1,Michigan State,16,Mount St. Mary's,0,38.0,0.868,15.0,1.0,1020.0,0.474,171.0,0.34,514.0,0.733,564.0,1379.0,569.0,298.0,100.0,533.0,689.0,,111.5,0.326,0.234,0.548,57.2,55.8,12.2,7.5,0.514,17.7,45.9,0.239,1.0,8.12,14.52,2.0,2.0,1.0,0.0,Big Ten,30.0,0.5,10.0,10.0,756.0,0.429,198.0,0.337,339.0,0.689,341.0,1008.0,420.0,248.0,122.0,441.0,554.0,,97.9,0.279,0.333,0.513,46.0,55.6,11.8,9.8,0.485,18.1,31.7,0.192,0.0,-5.01,-2.34,2.0,0.0,0.0,0.0,NEC
1999,Second Round,1,Michigan State,9,Ole Miss,0,38.0,0.868,15.0,1.0,1020.0,0.474,171.0,0.34,514.0,0.733,564.0,1379.0,569.0,298.0,100.0,533.0,689.0,,111.5,0.326,0.234,0.548,57.2,55.8,12.2,7.5,0.514,17.7,45.9,0.239,1.0,8.12,14.52,2.0,2.0,1.0,0.0,Big Ten,33.0,0.606,8.0,8.0,911.0,0.468,193.0,0.318,525.0,0.628,423.0,1197.0,545.0,326.0,133.0,496.0,678.0,,105.4,0.43,0.311,0.542,50.5,59.8,13.5,10.2,0.518,17.5,35.6,0.27,1.0,9.83,5.14,1.0,0.0,0.0,0.0,SEC
1999,First Round,8,Villanova,9,Ole Miss,1,32.0,0.656,10.0,8.0,834.0,0.447,224.0,0.36,507.0,0.732,420.0,1183.0,484.0,232.0,146.0,491.0,558.0,,106.4,0.371,0.333,0.546,51.0,58.0,10.3,10.9,0.507,18.3,37.6,0.272,0.0,9.63,2.38,4.0,0.0,0.0,0.0,Big East,33.0,0.606,8.0,8.0,911.0,0.468,193.0,0.318,525.0,0.628,423.0,1197.0,545.0,326.0,133.0,496.0,678.0,,105.4,0.43,0.311,0.542,50.5,59.8,13.5,10.2,0.518,17.5,35.6,0.27,1.0,9.83,5.14,1.0,0.0,0.0,0.0,SEC
1999,Sweet Sixteen,1,Michigan State,13,Oklahoma,0,38.0,0.868,15.0,1.0,1020.0,0.474,171.0,0.34,514.0,0.733,564.0,1379.0,569.0,298.0,100.0,533.0,689.0,,111.5,0.326,0.234,0.548,57.2,55.8,12.2,7.5,0.514,17.7,45.9,0.239,1.0,8.12,14.52,2.0,2.0,1.0,0.0,Big Ten,33.0,0.667,11.0,5.0,776.0,0.421,274.0,0.388,420.0,0.651,428.0,1220.0,448.0,229.0,124.0,462.0,611.0,,102.8,0.35,0.383,0.522,52.0,57.7,10.5,10.1,0.495,17.7,35.6,0.228,0.0,3.5,9.78,6.0,1.0,0.0,0.0,Big 12
1999,Second Round,5,Charlotte,13,Oklahoma,1,34.0,0.676,10.0,6.0,793.0,0.417,251.0,0.374,499.0,0.673,463.0,1227.0,432.0,242.0,95.0,461.0,649.0,,103.4,0.39,0.353,0.518,50.8,54.5,10.7,7.8,0.483,17.0,37.7,0.262,0.0,3.69,7.6,1.0,0.0,0.0,0.0,CUSA,33.0,0.667,11.0,5.0,776.0,0.421,274.0,0.388,420.0,0.651,428.0,1220.0,448.0,229.0,124.0,462.0,611.0,,102.8,0.35,0.383,0.522,52.0,57.7,10.5,10.1,0.495,17.7,35.6,0.228,0.0,3.5,9.78,6.0,1.0,0.0,0.0,Big 12
1999,First Round,4,Arizona,13,Oklahoma,1,29.0,0.759,13.0,5.0,820.0,0.468,143.0,0.35,600.0,0.71,437.0,1208.0,419.0,213.0,93.0,487.0,522.0,,108.6,0.482,0.233,0.553,55.4,51.1,9.7,7.6,0.508,18.4,42.7,0.342,1.0,16.55,-1.24,20.0,9.0,4.0,1.0,Pac-10,33.0,0.667,11.0,5.0,776.0,0.421,274.0,0.388,420.0,0.651,428.0,1220.0,448.0,229.0,124.0,462.0,611.0,,102.8,0.35,0.383,0.522,52.0,57.7,10.5,10.1,0.495,17.7,35.6,0.228,0.0,3.5,9.78,6.0,1.0,0.0,0.0,Big 12
1999,Elite Eight,1,Michigan State,3,Kentucky,0,38.0,0.868,15.0,1.0,1020.0,0.474,171.0,0.34,514.0,0.733,564.0,1379.0,569.0,298.0,100.0,533.0,689.0,,111.5,0.326,0.234,0.548,57.2,55.8,12.2,7.5,0.514,17.7,45.9,0.239,1.0,8.12,14.52,2.0,2.0,1.0,0.0,Big Ten,37.0,0.757,11.0,5.0,1034.0,0.478,226.0,0.334,496.0,0.639,524.0,1470.0,605.0,286.0,199.0,547.0,629.0,,109.1,0.359,0.313,0.551,54.1,58.5,11.2,14.2,0.53,17.8,41.3,0.229,1.0,9.89,12.82,6.0,5.0,1.0,1.0,SEC
1999,First Round,5,Charlotte,12,Rhode Island,0,34.0,0.676,10.0,6.0,793.0,0.417,251.0,0.374,499.0,0.673,463.0,1227.0,432.0,242.0,95.0,461.0,649.0,,103.4,0.39,0.353,0.518,50.8,54.5,10.7,7.8,0.483,17.0,37.7,0.262,0.0,3.69,7.6,1.0,0.0,0.0,0.0,CUSA,33.0,0.606,10.0,6.0,881.0,0.461,130.0,0.342,485.0,0.663,474.0,1322.0,468.0,194.0,149.0,493.0,554.0,,104.7,0.382,0.199,0.526,53.5,53.1,8.5,11.0,0.495,17.9,41.4,0.254,0.0,6.37,3.2,14.0,4.0,1.0,1.0,A-10
1999,First Round,6,Kansas,11,Evansville,0,33.0,0.697,11.0,5.0,874.0,0.448,165.0,0.342,467.0,0.66,461.0,1350.0,521.0,265.0,142.0,516.0,590.0,70.4,101.6,0.363,0.248,0.52,52.5,59.6,11.3,10.6,0.49,18.4,37.6,0.239,1.0,8.09,8.2,10.0,6.0,2.0,0.0,Big 12,33.0,0.697,13.0,5.0,879.0,0.505,229.0,0.407,515.0,0.772,267.0,1073.0,568.0,208.0,61.0,521.0,591.0,,108.2,0.384,0.324,0.609,49.9,64.6,9.0,4.7,0.571,20.2,28.2,0.296,0.0,7.68,-1.78,4.0,0.0,0.0,0.0,MVC
1999,First Round,3,Kentucky,14,New Mexico State,0,37.0,0.757,11.0,5.0,1034.0,0.478,226.0,0.334,496.0,0.639,524.0,1470.0,605.0,286.0,199.0,547.0,629.0,,109.1,0.359,0.313,0.551,54.1,58.5,11.2,14.2,0.53,17.8,41.3,0.229,1.0,9.89,12.82,6.0,5.0,1.0,1.0,SEC,33.0,0.697,12.0,4.0,817.0,0.464,201.0,0.376,438.0,0.659,387.0,1129.0,417.0,230.0,87.0,459.0,576.0,,105.3,0.377,0.304,0.547,51.0,51.0,10.7,7.2,0.521,18.1,35.9,0.249,0.0,-2.14,4.49,19.0,7.0,2.0,0.0,Big West
1999,Second Round,3,Kentucky,6,Kansas,0,37.0,0.757,11.0,5.0,1034.0,0.478,226.0,0.334,496.0,0.639,524.0,1470.0,605.0,286.0,199.0,547.0,629.0,,109.1,0.359,0.313,0.551,54.1,58.5,11.2,14.2,0.53,17.8,41.3,0.229,1.0,9.89,12.82,6.0,5.0,1.0,1.0,SEC,33.0,0.697,11.0,5.0,874.0,0.448,165.0,0.342,467.0,0.66,461.0,1350.0,521.0,265.0,142.0,516.0,590.0,70.4,101.6,0.363,0.248,0.52,52.5,59.6,11.3,10.6,0.49,18.4,37.6,0.239,1.0,8.09,8.2,10.0,6.0,2.0,0.0,Big 12
1999,Sweet Sixteen,3,Kentucky,10,Miami (OH),0,37.0,0.757,11.0,5.0,1034.0,0.478,226.0,0.334,496.0,0.639,524.0,1470.0,605.0,286.0,199.0,547.0,629.0,,109.1,0.359,0.313,0.551,54.1,58.5,11.2,14.2,0.53,17.8,41.3,0.229,1.0,9.89,12.82,6.0,5.0,1.0,1.0,SEC,32.0,0.75,15.0,3.0,767.0,0.449,193.0,0.337,436.0,0.765,314.0,1041.0,387.0,215.0,62.0,381.0,585.0,,105.9,0.333,0.335,0.546,50.7,50.5,10.5,5.7,0.505,16.1,30.5,0.255,0.0,0.8,10.8,3.0,1.0,0.0,0.0,MAC
1999,First Round,7,Washington,10,Miami (OH),1,29.0,0.586,10.0,8.0,749.0,0.477,142.0,0.348,512.0,0.667,302.0,1030.0,445.0,188.0,93.0,473.0,490.0,,102.0,0.489,0.26,0.556,50.8,59.4,8.9,6.7,0.522,19.6,32.2,0.326,0.0,9.12,2.53,3.0,1.0,0.0,0.0,Pac-10,32.0,0.75,15.0,3.0,767.0,0.449,193.0,0.337,436.0,0.765,314.0,1041.0,387.0,215.0,62.0,381.0,585.0,,105.9,0.333,0.335,0.546,50.7,50.5,10.5,5.7,0.505,16.1,30.5,0.255,0.0,0.8,10.8,3.0,1.0,0.0,0.0,MAC
1999,Second Round,2,Utah,10,Miami (OH),1,33.0,0.848,14.0,0.0,863.0,0.477,212.0,0.345,414.0,0.699,407.0,1188.0,527.0,237.0,122.0,388.0,563.0,,113.8,0.327,0.34,0.563,56.4,61.1,11.5,10.6,0.536,15.7,39.0,0.229,1.0,2.04,15.8,8.0,4.0,1.0,0.0,WAC,32.0,0.75,15.0,3.0,767.0,0.449,193.0,0.337,436.0,0.765,314.0,1041.0,387.0,215.0,62.0,381.0,585.0,,105.9,0.333,0.335,0.546,50.7,50.5,10.5,5.7,0.505,16.1,30.5,0.255,0.0,0.8,10.8,3.0,1.0,0.0,0.0,MAC
1999,First Round,2,Utah,15,Arkansas State,0,33.0,0.848,14.0,0.0,863.0,0.477,212.0,0.345,414.0,0.699,407.0,1188.0,527.0,237.0,122.0,388.0,563.0,,113.8,0.327,0.34,0.563,56.4,61.1,11.5,10.6,0.536,15.7,39.0,0.229,1.0,2.04,15.8,8.0,4.0,1.0,0.0,WAC,30.0,0.6,9.0,5.0,798.0,0.457,159.0,0.326,451.0,0.689,359.0,1028.0,447.0,265.0,103.0,449.0,580.0,,102.7,0.375,0.279,0.536,48.3,56.0,12.3,8.5,0.502,17.9,33.6,0.258,0.0,3.08,0.24,1.0,0.0,0.0,0.0,Sun Belt
1999,First Round,1,Auburn,16,Winthrop,0,33.0,0.879,14.0,2.0,974.0,0.434,234.0,0.348,498.0,0.65,643.0,1452.0,461.0,327.0,112.0,425.0,628.0,72.2,112.5,0.341,0.299,0.514,55.8,47.3,13.7,9.1,0.486,14.0,46.2,0.222,1.0,13.88,10.73,6.0,2.0,0.0,0.0,SEC,29.0,0.724,9.0,1.0,673.0,0.432,196.0,0.349,453.0,0.655,366.0,1034.0,414.0,215.0,79.0,440.0,549.0,,102.0,0.444,0.36,0.529,51.4,61.5,11.0,7.7,0.495,18.9,35.5,0.291,0.0,-9.04,2.37,1.0,0.0,0.0,0.0,Big South
1999,Second Round,1,Auburn,9,Oklahoma State,0,33.0,0.879,14.0,2.0,974.0,0.434,234.0,0.348,498.0,0.65,643.0,1452.0,461.0,327.0,112.0,425.0,628.0,72.2,112.5,0.341,0.299,0.514,55.8,47.3,13.7,9.1,0.486,14.0,46.2,0.222,1.0,13.88,10.73,6.0,2.0,0.0,0.0,SEC,34.0,0.676,10.0,6.0,851.0,0.443,232.0,0.361,497.0,0.701,412.0,1201.0,578.0,262.0,99.0,450.0,577.0,,105.9,0.369,0.335,0.539,50.1,67.9,11.4,7.4,0.504,16.6,34.6,0.259,0.0,4.84,7.77,20.0,10.0,2.0,0.0,Big 12
1999,First Round,8,Syracuse,9,Oklahoma State,1,33.0,0.636,10.0,8.0,879.0,0.448,184.0,0.311,445.0,0.663,485.0,1310.0,538.0,328.0,229.0,541.0,590.0,,101.8,0.342,0.301,0.523,52.9,61.2,14.0,16.5,0.495,19.2,39.8,0.227,1.0,6.36,9.48,19.0,10.0,2.0,0.0,Big East,34.0,0.676,10.0,6.0,851.0,0.443,232.0,0.361,497.0,0.701,412.0,1201.0,578.0,262.0,99.0,450.0,577.0,,105.9,0.369,0.335,0.539,50.1,67.9,11.4,7.4,0.504,16.6,34.6,0.259,0.0,4.84,7.77,20.0,10.0,2.0,0.0,Big 12
1999,Sweet Sixteen,1,Auburn,4,Ohio State,1,33.0,0.879,14.0,2.0,974.0,0.434,234.0,0.348,498.0,0.65,643.0,1452.0,461.0,327.0,112.0,425.0,628.0,72.2,112.5,0.341,0.299,0.514,55.8,47.3,13.7,9.1,0.486,14.0,46.2,0.222,1.0,13.88,10.73,6.0,2.0,0.0,0.0,SEC,36.0,0.75,12.0,4.0,986.0,0.468,218.0,0.357,505.0,0.611,478.0,1303.0,498.0,297.0,148.0,509.0,651.0,,106.6,0.392,0.29,0.539,51.3,50.5,11.7,11.5,0.519,16.9,37.6,0.24,1.0,10.5,8.53,4.0,2.0,1.0,0.0,Big Ten
1999,Elite Eight,3,St. John's (NY),4,Ohio State,1,37.0,0.757,14.0,4.0,1070.0,0.459,226.0,0.357,558.0,0.682,585.0,1503.0,617.0,365.0,121.0,499.0,613.0,,111.2,0.351,0.271,0.537,54.1,57.7,13.9,7.9,0.507,15.5,42.0,0.239,1.0,13.39,9.3,7.0,2.0,0.0,0.0,Big East,36.0,0.75,12.0,4.0,986.0,0.468,218.0,0.357,505.0,0.611,478.0,1303.0,498.0,297.0,148.0,509.0,651.0,,106.6,0.392,0.29,0.539,51.3,50.5,11.7,11.5,0.519,16.9,37.6,0.24,1.0,10.5,8.53,4.0,2.0,1.0,0.0,Big Ten
1999,Final Four,1,UConn,4,Ohio State,0,36.0,0.944,16.0,2.0,986.0,0.467,174.0,0.344,635.0,0.732,503.0,1451.0,551.0,287.0,151.0,523.0,602.0,,109.4,0.411,0.24,0.551,54.9,55.9,11.3,9.6,0.508,17.2,41.1,0.301,1.0,11.61,13.12,13.0,7.0,1.0,1.0,Big East,36.0,0.75,12.0,4.0,986.0,0.468,218.0,0.357,505.0,0.611,478.0,1303.0,498.0,297.0,148.0,509.0,651.0,,106.6,0.392,0.29,0.539,51.3,50.5,11.7,11.5,0.519,16.9,37.6,0.24,1.0,10.5,8.53,4.0,2.0,1.0,0.0,Big Ten
1999,First Round,5,UCLA,12,Detroit,1,31.0,0.71,12.0,6.0,899.0,0.454,163.0,0.328,431.0,0.596,479.0,1197.0,487.0,308.0,113.0,527.0,720.0,,101.5,0.365,0.251,0.515,51.1,54.2,13.1,10.0,0.495,18.5,39.1,0.218,1.0,10.39,4.89,3.0,2.0,0.0,0.0,Pac-10,31.0,0.806,12.0,2.0,677.0,0.437,196.0,0.362,416.0,0.752,322.0,1031.0,392.0,189.0,82.0,388.0,518.0,,104.6,0.357,0.349,0.542,51.1,57.9,10.1,8.1,0.5,17.6,34.2,0.268,0.0,-5.28,13.38,2.0,0.0,0.0,0.0,MW Coll
1999,Second Round,4,Ohio State,12,Detroit,0,36.0,0.75,12.0,4.0,986.0,0.468,218.0,0.357,505.0,0.611,478.0,1303.0,498.0,297.0,148.0,509.0,651.0,,106.6,0.392,0.29,0.539,51.3,50.5,11.7,11.5,0.519,16.9,37.6,0.24,1.0,10.5,8.53,4.0,2.0,1.0,0.0,Big Ten,31.0,0.806,12.0,2.0,677.0,0.437,196.0,0.362,416.0,0.752,322.0,1031.0,392.0,189.0,82.0,388.0,518.0,,104.6,0.357,0.349,0.542,51.1,57.9,10.1,8.1,0.5,17.6,34.2,0.268,0.0,-5.28,13.38,2.0,0.0,0.0,0.0,MW Coll
1999,First Round,4,Ohio State,13,Murray State,0,36.0,0.75,12.0,4.0,986.0,0.468,218.0,0.357,505.0,0.611,478.0,1303.0,498.0,297.0,148.0,509.0,651.0,,106.6,0.392,0.29,0.539,51.3,50.5,11.7,11.5,0.519,16.9,37.6,0.24,1.0,10.5,8.53,4.0,2.0,1.0,0.0,Big Ten,33.0,0.818,16.0,2.0,961.0,0.469,188.0,0.344,480.0,0.681,521.0,1355.0,503.0,275.0,111.0,495.0,574.0,,110.1,0.344,0.266,0.543,55.1,52.3,11.7,8.3,0.515,17.2,43.0,0.234,0.0,7.03,-0.28,1.0,0.0,0.0,0.0,OVC
1999,First Round,6,Indiana,11,George Washington,1,34.0,0.676,9.0,7.0,922.0,0.469,193.0,0.361,528.0,0.697,369.0,1199.0,563.0,259.0,115.0,507.0,589.0,,104.1,0.385,0.272,0.552,48.9,61.1,10.5,7.9,0.518,17.9,31.7,0.269,1.0,13.74,3.47,23.0,14.0,5.0,3.0,Big Ten,29.0,0.69,13.0,3.0,801.0,0.413,181.0,0.31,522.0,0.723,494.0,1137.0,442.0,306.0,87.0,420.0,651.0,,104.6,0.372,0.3,0.505,50.2,55.2,13.9,7.4,0.459,15.5,39.8,0.269,0.0,13.03,-1.97,10.0,3.0,0.0,0.0,A-10
1999,First Round,3,St. John's (NY),14,Samford,0,37.0,0.757,14.0,4.0,1070.0,0.459,226.0,0.357,558.0,0.682,585.0,1503.0,617.0,365.0,121.0,499.0,613.0,,111.2,0.351,0.271,0.537,54.1,57.7,13.9,7.9,0.507,15.5,42.0,0.239,1.0,13.39,9.3,7.0,2.0,0.0,0.0,Big East,30.0,0.8,15.0,1.0,729.0,0.49,278.0,0.365,452.0,0.688,248.0,891.0,482.0,235.0,94.0,432.0,539.0,,110.1,0.442,0.512,0.608,47.7,66.1,11.8,8.3,0.584,19.4,28.3,0.304,0.0,-1.32,1.58,1.0,0.0,0.0,0.0,TAAC
1999,Second Round,3,St. John's (NY),6,Indiana,0,37.0,0.757,14.0,4.0,1070.0,0.459,226.0,0.357,558.0,0.682,585.0,1503.0,617.0,365.0,121.0,499.0,613.0,,111.2,0.351,0.271,0.537,54.1,57.7,13.9,7.9,0.507,15.5,42.0,0.239,1.0,13.39,9.3,7.0,2.0,0.0,0.0,Big East,34.0,0.676,9.0,7.0,922.0,0.469,193.0,0.361,528.0,0.697,369.0,1199.0,563.0,259.0,115.0,507.0,589.0,,104.1,0.385,0.272,0.552,48.9,61.1,10.5,7.9,0.518,17.9,31.7,0.269,1.0,13.74,3.47,23.0,14.0,5.0,3.0,Big Ten
1999,First Round,7,Louisville,10,Creighton,1,30.0,0.633,11.0,5.0,844.0,0.471,192.0,0.339,426.0,0.678,409.0,1052.0,503.0,281.0,146.0,500.0,642.0,,105.9,0.351,0.316,0.552,48.7,59.6,12.9,11.5,0.525,19.3,37.9,0.238,1.0,12.45,2.93,22.0,16.0,6.0,2.0,CUSA,31.0,0.71,11.0,7.0,800.0,0.455,236.0,0.382,521.0,0.714,426.0,1126.0,451.0,286.0,91.0,476.0,598.0,,109.2,0.415,0.352,0.56,54.3,56.4,13.3,8.7,0.522,18.5,39.7,0.297,0.0,9.06,3.2,2.0,0.0,0.0,0.0,MVC
1999,Second Round,2,Maryland,10,Creighton,0,34.0,0.824,13.0,3.0,1044.0,0.495,184.0,0.365,601.0,0.701,461.0,1343.0,674.0,431.0,202.0,567.0,672.0,,109.8,0.407,0.239,0.571,52.6,64.6,16.5,15.7,0.539,18.4,38.6,0.285,1.0,19.82,6.32,9.0,6.0,0.0,0.0,ACC,31.0,0.71,11.0,7.0,800.0,0.455,236.0,0.382,521.0,0.714,426.0,1126.0,451.0,286.0,91.0,476.0,598.0,,109.2,0.415,0.352,0.56,54.3,56.4,13.3,8.7,0.522,18.5,39.7,0.297,0.0,9.06,3.2,2.0,0.0,0.0,0.0,MVC
1999,First Round,2,Maryland,15,Valparaiso,0,34.0,0.824,13.0,3.0,1044.0,0.495,184.0,0.365,601.0,0.701,461.0,1343.0,674.0,431.0,202.0,567.0,672.0,,109.8,0.407,0.239,0.571,52.6,64.6,16.5,15.7,0.539,18.4,38.6,0.285,1.0,19.82,6.32,9.0,6.0,0.0,0.0,ACC,32.0,0.719,10.0,4.0,835.0,0.47,209.0,0.339,447.0,0.707,412.0,1217.0,525.0,204.0,146.0,501.0,556.0,,107.9,0.356,0.347,0.56,55.2,62.9,9.5,12.5,0.529,19.4,39.4,0.252,0.0,-0.7,5.1,4.0,1.0,0.0,0.0,Mid-Cont
1999,Sweet Sixteen,2,Maryland,3,St. John's (NY),1,34.0,0.824,13.0,3.0,1044.0,0.495,184.0,0.365,601.0,0.701,461.0,1343.0,674.0,431.0,202.0,567.0,672.0,,109.8,0.407,0.239,0.571,52.6,64.6,16.5,15.7,0.539,18.4,38.6,0.285,1.0,19.82,6.32,9.0,6.0,0.0,0.0,ACC,37.0,0.757,14.0,4.0,1070.0,0.459,226.0,0.357,558.0,0.682,585.0,1503.0,617.0,365.0,121.0,499.0,613.0,,111.2,0.351,0.271,0.537,54.1,57.7,13.9,7.9,0.507,15.5,42.0,0.239,1.0,13.39,9.3,7.0,2.0,0.0,0.0,Big East
1999,First Round,1,UConn,16,UTSA,0,36.0,0.944,16.0,2.0,986.0,0.467,174.0,0.344,635.0,0.732,503.0,1451.0,551.0,287.0,151.0,523.0,602.0,,109.4,0.411,0.24,0.551,54.9,55.9,11.3,9.6,0.508,17.2,41.1,0.301,1.0,11.61,13.12,13.0,7.0,1.0,1.0,Big East,29.0,0.621,12.0,6.0,804.0,0.474,196.0,0.344,443.0,0.616,350.0,1037.0,469.0,233.0,123.0,481.0,553.0,,103.9,0.424,0.335,0.551,48.8,58.3,10.8,9.8,0.532,19.1,33.3,0.261,0.0,2.97,-9.25,1.0,0.0,0.0,0.0,Southland
1999,Second Round,1,UConn,9,New Mexico,0,36.0,0.944,16.0,2.0,986.0,0.467,174.0,0.344,635.0,0.732,503.0,1451.0,551.0,287.0,151.0,523.0,602.0,,109.4,0.411,0.24,0.551,54.9,55.9,11.3,9.6,0.508,17.2,41.1,0.301,1.0,11.61,13.12,13.0,7.0,1.0,1.0,Big East,34.0,0.735,9.0,5.0,889.0,0.466,247.0,0.37,531.0,0.751,376.0,1220.0,482.0,224.0,111.0,429.0,463.0,,111.0,0.371,0.35,0.57,51.4,54.2,9.7,8.2,0.531,16.1,33.8,0.279,0.0,5.08,2.76,11.0,1.0,0.0,0.0,WAC
1999,First Round,8,Missouri,9,New Mexico,1,29.0,0.69,11.0,5.0,741.0,0.445,180.0,0.38,419.0,0.648,335.0,1092.0,411.0,256.0,107.0,424.0,519.0,,101.1,0.388,0.284,0.527,49.7,55.5,12.4,8.8,0.499,17.7,31.5,0.251,0.0,5.36,7.14,16.0,5.0,0.0,0.0,Big 12,34.0,0.735,9.0,5.0,889.0,0.466,247.0,0.37,531.0,0.751,376.0,1220.0,482.0,224.0,111.0,429.0,463.0,,111.0,0.371,0.35,0.57,51.4,54.2,9.7,8.2,0.531,16.1,33.8,0.279,0.0,5.08,2.76,11.0,1.0,0.0,0.0,WAC
1999,Sweet Sixteen,1,UConn,5,Iowa,0,36.0,0.944,16.0,2.0,986.0,0.467,174.0,0.344,635.0,0.732,503.0,1451.0,551.0,287.0,151.0,523.0,602.0,,109.4,0.411,0.24,0.551,54.9,55.9,11.3,9.6,0.508,17.2,41.1,0.301,1.0,11.61,13.12,13.0,7.0,1.0,1.0,Big East,30.0,0.667,9.0,7.0,741.0,0.463,188.0,0.373,547.0,0.701,398.0,1047.0,455.0,268.0,80.0,532.0,544.0,,105.3,0.487,0.315,0.562,52.9,61.4,12.7,7.4,0.521,21.2,40.5,0.341,1.0,12.13,3.24,11.0,5.0,0.0,0.0,Big Ten
1999,Second Round,4,Arkansas,5,Iowa,1,34.0,0.676,9.0,7.0,980.0,0.444,296.0,0.366,419.0,0.663,485.0,1266.0,563.0,332.0,147.0,494.0,633.0,73.5,106.7,0.286,0.366,0.534,48.0,57.4,13.2,10.9,0.511,16.5,36.2,0.19,0.0,11.34,1.63,14.0,6.0,3.0,1.0,SEC,30.0,0.667,9.0,7.0,741.0,0.463,188.0,0.373,547.0,0.701,398.0,1047.0,455.0,268.0,80.0,532.0,544.0,,105.3,0.487,0.315,0.562,52.9,61.4,12.7,7.4,0.521,21.2,40.5,0.341,1.0,12.13,3.24,11.0,5.0,0.0,0.0,Big Ten
1999,Elite Eight,1,UConn,10,Gonzaga,0,36.0,0.944,16.0,2.0,986.0,0.467,174.0,0.344,635.0,0.732,503.0,1451.0,551.0,287.0,151.0,523.0,602.0,,109.4,0.411,0.24,0.551,54.9,55.9,11.3,9.6,0.508,17.2,41.1,0.301,1.0,11.61,13.12,13.0,7.0,1.0,1.0,Big East,35.0,0.8,12.0,2.0,950.0,0.474,291.0,0.399,552.0,0.725,422.0,1301.0,572.0,289.0,135.0,501.0,642.0,,112.2,0.38,0.364,0.58,52.5,60.2,11.8,9.2,0.547,17.5,36.5,0.275,1.0,9.91,5.13,1.0,1.0,0.0,0.0,WCC
1999,Sweet Sixteen,6,Florida,10,Gonzaga,1,31.0,0.71,10.0,6.0,832.0,0.473,289.0,0.379,535.0,0.703,358.0,1108.0,495.0,311.0,119.0,556.0,615.0,,107.1,0.433,0.433,0.587,50.7,59.5,13.4,9.6,0.555,20.8,34.5,0.304,1.0,13.0,2.76,1.0,1.0,0.0,0.0,SEC,35.0,0.8,12.0,2.0,950.0,0.474,291.0,0.399,552.0,0.725,422.0,1301.0,572.0,289.0,135.0,501.0,642.0,,112.2,0.38,0.364,0.58,52.5,60.2,11.8,9.2,0.547,17.5,36.5,0.275,1.0,9.91,5.13,1.0,1.0,0.0,0.0,WCC
1999,First Round,7,Minnesota,10,Gonzaga,1,28.0,0.607,8.0,8.0,714.0,0.453,133.0,0.373,367.0,0.68,363.0,1066.0,427.0,217.0,165.0,412.0,508.0,,101.8,0.343,0.227,0.526,52.9,59.8,11.5,15.7,0.495,18.4,37.5,0.233,0.0,5.57,7.96,8.0,3.0,1.0,0.0,Big Ten,35.0,0.8,12.0,2.0,950.0,0.474,291.0,0.399,552.0,0.725,422.0,1301.0,572.0,289.0,135.0,501.0,642.0,,112.2,0.38,0.364,0.58,52.5,60.2,11.8,9.2,0.547,17.5,36.5,0.275,1.0,9.91,5.13,1.0,1.0,0.0,0.0,WCC
1999,Second Round,2,Stanford,10,Gonzaga,1,33.0,0.788,15.0,3.0,801.0,0.438,194.0,0.345,629.0,0.706,460.0,1342.0,515.0,187.0,96.0,435.0,552.0,,108.9,0.487,0.308,0.538,55.9,64.3,8.4,7.3,0.491,16.2,40.2,0.344,1.0,7.0,15.23,7.0,2.0,1.0,0.0,Pac-10,35.0,0.8,12.0,2.0,950.0,0.474,291.0,0.399,552.0,0.725,422.0,1301.0,572.0,289.0,135.0,501.0,642.0,,112.2,0.38,0.364,0.58,52.5,60.2,11.8,9.2,0.547,17.5,36.5,0.275,1.0,9.91,5.13,1.0,1.0,0.0,0.0,WCC
1999,First Round,5,Iowa,12,Alabama-Birmingham,0,30.0,0.667,9.0,7.0,741.0,0.463,188.0,0.373,547.0,0.701,398.0,1047.0,455.0,268.0,80.0,532.0,544.0,,105.3,0.487,0.315,0.562,52.9,61.4,12.7,7.4,0.521,21.2,40.5,0.341,1.0,12.13,3.24,11.0,5.0,0.0,0.0,Big Ten,32.0,0.625,10.0,6.0,855.0,0.453,155.0,0.323,503.0,0.68,441.0,1237.0,465.0,293.0,88.0,545.0,631.0,,101.2,0.392,0.254,0.528,51.4,54.4,12.5,7.1,0.494,19.6,37.7,0.266,0.0,7.35,1.61,1.0,0.0,0.0,0.0,CUSA
1999,First Round,4,Arkansas,13,Siena,0,34.0,0.676,9.0,7.0,980.0,0.444,296.0,0.366,419.0,0.663,485.0,1266.0,563.0,332.0,147.0,494.0,633.0,73.5,106.7,0.286,0.366,0.534,48.0,57.4,13.2,10.9,0.511,16.5,36.2,0.19,0.0,11.34,1.63,14.0,6.0,3.0,1.0,SEC,31.0,0.806,13.0,5.0,884.0,0.45,246.0,0.372,672.0,0.787,444.0,1223.0,495.0,321.0,115.0,584.0,757.0,,106.6,0.434,0.337,0.566,50.4,56.0,12.7,8.6,0.512,19.8,37.5,0.342,0.0,13.83,-11.79,1.0,0.0,0.0,0.0,MAAC
1999,First Round,6,Florida,11,Penn,0,31.0,0.71,10.0,6.0,832.0,0.473,289.0,0.379,535.0,0.703,358.0,1108.0,495.0,311.0,119.0,556.0,615.0,,107.1,0.433,0.433,0.587,50.7,59.5,13.4,9.6,0.555,20.8,34.5,0.304,1.0,13.0,2.76,1.0,1.0,0.0,0.0,SEC,27.0,0.778,13.0,1.0,689.0,0.469,208.0,0.393,335.0,0.65,297.0,995.0,412.0,149.0,81.0,350.0,432.0,,109.2,0.351,0.36,0.561,53.6,59.8,8.5,8.2,0.54,17.0,33.4,0.228,0.0,1.34,4.94,4.0,0.0,0.0,0.0,Ivy
1999,Second Round,6,Florida,14,Weber State,0,31.0,0.71,10.0,6.0,832.0,0.473,289.0,0.379,535.0,0.703,358.0,1108.0,495.0,311.0,119.0,556.0,615.0,,107.1,0.433,0.433,0.587,50.7,59.5,13.4,9.6,0.555,20.8,34.5,0.304,1.0,13.0,2.76,1.0,1.0,0.0,0.0,SEC,33.0,0.758,13.0,3.0,947.0,0.479,211.0,0.377,506.0,0.707,431.0,1182.0,525.0,311.0,89.0,492.0,581.0,,109.7,0.362,0.283,0.563,52.7,55.4,13.1,7.2,0.532,17.5,37.7,0.256,0.0,9.04,-3.75,2.0,0.0,0.0,0.0,Big Sky
1999,First Round,3,UNC,14,Weber State,1,34.0,0.706,10.0,6.0,868.0,0.471,175.0,0.38,517.0,0.718,435.0,1358.0,541.0,192.0,134.0,530.0,505.0,,106.8,0.391,0.25,0.556,56.3,62.3,8.4,10.0,0.519,19.5,40.9,0.281,1.0,5.68,11.09,2.0,1.0,1.0,0.0,ACC,33.0,0.758,13.0,3.0,947.0,0.479,211.0,0.377,506.0,0.707,431.0,1182.0,525.0,311.0,89.0,492.0,581.0,,109.7,0.362,0.283,0.563,52.7,55.4,13.1,7.2,0.532,17.5,37.7,0.256,0.0,9.04,-3.75,2.0,0.0,0.0,0.0,Big Sky
1999,First Round,2,Stanford,15,Alcorn State,0,33.0,0.788,15.0,3.0,801.0,0.438,194.0,0.345,629.0,0.706,460.0,1342.0,515.0,187.0,96.0,435.0,552.0,,108.9,0.487,0.308,0.538,55.9,64.3,8.4,7.3,0.491,16.2,40.2,0.344,1.0,7.0,15.23,7.0,2.0,1.0,0.0,Pac-10,30.0,0.767,14.0,2.0,796.0,0.419,186.0,0.323,496.0,0.642,552.0,1365.0,404.0,329.0,118.0,579.0,593.0,,99.4,0.406,0.303,0.501,54.7,50.8,14.4,9.7,0.467,20.3,43.4,0.261,0.0,-2.06,-0.7,5.0,0.0,0.0,0.0,SWAC
2000,First Round,1,Duke,16,Lamar,0,34.0,0.853,15.0,1.0,1045.0,0.481,284.0,0.383,618.0,0.742,453.0,1313.0,584.0,333.0,191.0,480.0,552.0,,115.8,0.384,0.342,0.583,50.6,55.9,12.9,11.3,0.547,15.7,37.4,0.285,1.0,22.65,2.9,16.0,11.0,8.0,2.0,ACC,31.0,0.484,8.0,10.0,672.0,0.39,216.0,0.336,389.0,0.686,381.0,1128.0,408.0,225.0,86.0,486.0,530.0,,96.5,0.329,0.373,0.489,51.2,60.7,11.1,7.5,0.452,19.6,34.9,0.226,0.0,-9.05,2.9,4.0,0.0,0.0,0.0,Southland
2000,Second Round,1,Duke,8,Kansas,0,34.0,0.853,15.0,1.0,1045.0,0.481,284.0,0.383,618.0,0.742,453.0,1313.0,584.0,333.0,191.0,480.0,552.0,,115.8,0.384,0.342,0.583,50.6,55.9,12.9,11.3,0.547,15.7,37.4,0.285,1.0,22.65,2.9,16.0,11.0,8.0,2.0,ACC,34.0,0.706,11.0,5.0,1044.0,0.46,159.0,0.343,429.0,0.65,564.0,1505.0,630.0,312.0,187.0,589.0,725.0,76.3,102.7,0.291,0.204,0.518,55.1,60.3,12.0,13.2,0.495,18.6,42.0,0.189,1.0,12.92,5.02,11.0,6.0,2.0,0.0,Big 12
2000,Sweet Sixteen,1,Duke,5,Florida,1,34.0,0.853,15.0,1.0,1045.0,0.481,284.0,0.383,618.0,0.742,453.0,1313.0,584.0,333.0,191.0,480.0,552.0,,115.8,0.384,0.342,0.583,50.6,55.9,12.9,11.3,0.547,15.7,37.4,0.285,1.0,22.65,2.9,16.0,11.0,8.0,2.0,ACC,37.0,0.784,12.0,4.0,1104.0,0.48,266.0,0.363,628.0,0.71,538.0,1452.0,611.0,365.0,141.0,607.0,750.0,,111.5,0.385,0.318,0.57,53.6,55.3,13.1,9.9,0.538,18.2,40.5,0.273,1.0,18.49,4.99,2.0,2.0,1.0,0.0,SEC
2000,Second Round,4,Illinois,5,Florida,1,32.0,0.688,11.0,5.0,834.0,0.433,231.0,0.354,525.0,0.688,397.0,1177.0,499.0,297.0,119.0,458.0,619.0,,103.8,0.396,0.339,0.53,50.0,59.8,12.7,10.0,0.493,16.7,33.1,0.273,1.0,9.87,9.85,9.0,2.0,1.0,0.0,Big Ten,37.0,0.784,12.0,4.0,1104.0,0.48,266.0,0.363,628.0,0.71,538.0,1452.0,611.0,365.0,141.0,607.0,750.0,,111.5,0.385,0.318,0.57,53.6,55.3,13.1,9.9,0.538,18.2,40.5,0.273,1.0,18.49,4.99,2.0,2.0,1.0,0.0,SEC
2000,Elite Eight,3,Oklahoma State,5,Florida,1,34.0,0.794,12.0,4.0,933.0,0.479,216.0,0.386,538.0,0.701,393.0,1311.0,642.0,260.0,122.0,484.0,578.0,,108.8,0.395,0.287,0.567,52.6,68.8,10.8,9.5,0.535,17.3,34.6,0.276,1.0,7.78,12.23,21.0,11.0,2.0,0.0,Big 12,37.0,0.784,12.0,4.0,1104.0,0.48,266.0,0.363,628.0,0.71,538.0,1452.0,611.0,365.0,141.0,607.0,750.0,,111.5,0.385,0.318,0.57,53.6,55.3,13.1,9.9,0.538,18.2,40.5,0.273,1.0,18.49,4.99,2.0,2.0,1.0,0.0,SEC
2000,National Championship,1,Michigan State,5,Florida,0,39.0,0.821,13.0,3.0,1018.0,0.474,253.0,0.378,600.0,0.735,521.0,1521.0,602.0,256.0,105.0,569.0,721.0,,112.1,0.38,0.311,0.57,58.9,59.1,9.9,7.7,0.533,18.3,42.1,0.279,1.0,10.07,14.97,3.0,3.0,2.0,1.0,Big Ten,37.0,0.784,12.0,4.0,1104.0,0.48,266.0,0.363,628.0,0.71,538.0,1452.0,611.0,365.0,141.0,607.0,750.0,,111.5,0.385,0.318,0.57,53.6,55.3,13.1,9.9,0.538,18.2,40.5,0.273,1.0,18.49,4.99,2.0,2.0,1.0,0.0,SEC
2000,First Round,8,Kansas,9,DePaul,0,34.0,0.706,11.0,5.0,1044.0,0.46,159.0,0.343,429.0,0.65,564.0,1505.0,630.0,312.0,187.0,589.0,725.0,76.3,102.7,0.291,0.204,0.518,55.1,60.3,12.0,13.2,0.495,18.6,42.0,0.189,1.0,12.92,5.02,11.0,6.0,2.0,0.0,Big 12,33.0,0.636,9.0,7.0,877.0,0.453,195.0,0.346,438.0,0.669,518.0,1302.0,494.0,267.0,126.0,538.0,597.0,,105.6,0.339,0.291,0.531,55.6,56.3,11.8,9.8,0.504,19.3,44.5,0.226,0.0,5.34,9.33,8.0,2.0,0.0,0.0,CUSA
2000,First Round,5,Florida,12,Butler,0,37.0,0.784,12.0,4.0,1104.0,0.48,266.0,0.363,628.0,0.71,538.0,1452.0,611.0,365.0,141.0,607.0,750.0,,111.5,0.385,0.318,0.57,53.6,55.3,13.1,9.9,0.538,18.2,40.5,0.273,1.0,18.49,4.99,2.0,2.0,1.0,0.0,SEC,31.0,0.742,12.0,2.0,753.0,0.471,153.0,0.377,448.0,0.659,322.0,1054.0,430.0,237.0,88.0,391.0,513.0,,105.8,0.425,0.254,0.548,52.7,57.1,11.9,8.4,0.519,16.9,33.6,0.28,0.0,-1.53,13.77,3.0,0.0,0.0,0.0,MW Coll
2000,Final Four,5,Florida,8,UNC,0,37.0,0.784,12.0,4.0,1104.0,0.48,266.0,0.363,628.0,0.71,538.0,1452.0,611.0,365.0,141.0,607.0,750.0,,111.5,0.385,0.318,0.57,53.6,55.3,13.1,9.9,0.538,18.2,40.5,0.273,1.0,18.49,4.99,2.0,2.0,1.0,0.0,SEC,36.0,0.611,9.0,7.0,1014.0,0.491,169.0,0.343,518.0,0.7,436.0,1394.0,609.0,210.0,178.0,536.0,580.0,,107.9,0.358,0.238,0.562,52.8,60.1,8.3,11.2,0.532,18.1,37.3,0.251,1.0,10.32,6.68,3.0,2.0,2.0,0.0,ACC
2000,Second Round,1,Stanford,8,UNC,1,31.0,0.871,15.0,3.0,819.0,0.468,245.0,0.4,564.0,0.71,399.0,1309.0,539.0,141.0,167.0,450.0,518.0,,112.1,0.454,0.35,0.575,56.5,65.8,6.5,12.4,0.538,17.5,38.5,0.322,1.0,11.7,13.96,8.0,2.0,1.0,0.0,Pac-10,36.0,0.611,9.0,7.0,1014.0,0.491,169.0,0.343,518.0,0.7,436.0,1394.0,609.0,210.0,178.0,536.0,580.0,,107.9,0.358,0.238,0.562,52.8,60.1,8.3,11.2,0.532,18.1,37.3,0.251,1.0,10.32,6.68,3.0,2.0,2.0,0.0,ACC
2000,Sweet Sixteen,4,Tennessee,8,UNC,1,33.0,0.788,12.0,4.0,909.0,0.45,266.0,0.361,545.0,0.683,480.0,1314.0,481.0,290.0,193.0,520.0,618.0,72.9,108.0,0.395,0.365,0.548,51.7,52.9,11.9,13.6,0.516,17.8,38.9,0.27,1.0,12.39,6.54,4.0,1.0,0.0,0.0,SEC,36.0,0.611,9.0,7.0,1014.0,0.491,169.0,0.343,518.0,0.7,436.0,1394.0,609.0,210.0,178.0,536.0,580.0,,107.9,0.358,0.238,0.562,52.8,60.1,8.3,11.2,0.532,18.1,37.3,0.251,1.0,10.32,6.68,3.0,2.0,2.0,0.0,ACC
2000,Elite Eight,7,Tulsa,8,UNC,1,37.0,0.865,12.0,2.0,1050.0,0.472,264.0,0.346,610.0,0.705,480.0,1390.0,631.0,433.0,175.0,571.0,730.0,,109.9,0.389,0.344,0.565,51.2,60.1,16.0,12.1,0.532,17.8,36.3,0.274,1.0,9.77,10.17,2.0,1.0,0.0,0.0,WAC,36.0,0.611,9.0,7.0,1014.0,0.491,169.0,0.343,518.0,0.7,436.0,1394.0,609.0,210.0,178.0,536.0,580.0,,107.9,0.358,0.238,0.562,52.8,60.1,8.3,11.2,0.532,18.1,37.3,0.251,1.0,10.32,6.68,3.0,2.0,2.0,0.0,ACC
2000,First Round,4,Illinois,13,Penn,0,32.0,0.688,11.0,5.0,834.0,0.433,231.0,0.354,525.0,0.688,397.0,1177.0,499.0,297.0,119.0,458.0,619.0,,103.8,0.396,0.339,0.53,50.0,59.8,12.7,10.0,0.493,16.7,33.1,0.273,1.0,9.87,9.85,9.0,2.0,1.0,0.0,Big Ten,29.0,0.724,14.0,0.0,707.0,0.452,189.0,0.351,339.0,0.644,310.0,1056.0,436.0,158.0,119.0,369.0,475.0,,103.4,0.336,0.344,0.535,52.7,61.7,8.4,10.9,0.512,16.9,32.2,0.217,0.0,-2.35,6.35,5.0,0.0,0.0,0.0,Ivy
2000,First Round,6,Indiana,11,Pepperdine,1,29.0,0.69,10.0,6.0,811.0,0.478,127.0,0.378,504.0,0.709,329.0,1128.0,466.0,217.0,141.0,424.0,524.0,,105.5,0.419,0.198,0.554,51.3,57.5,10.2,11.3,0.515,17.2,33.0,0.297,1.0,13.46,5.97,24.0,14.0,5.0,3.0,Big Ten,34.0,0.735,12.0,2.0,929.0,0.444,237.0,0.344,386.0,0.669,420.0,1295.0,494.0,319.0,99.0,504.0,659.0,,101.0,0.276,0.329,0.524,50.9,53.2,13.0,7.5,0.5,17.5,32.8,0.184,0.0,5.34,7.77,2.0,0.0,0.0,0.0,WCC
2000,Second Round,3,Oklahoma State,11,Pepperdine,0,34.0,0.794,12.0,4.0,933.0,0.479,216.0,0.386,538.0,0.701,393.0,1311.0,642.0,260.0,122.0,484.0,578.0,,108.8,0.395,0.287,0.567,52.6,68.8,10.8,9.5,0.535,17.3,34.6,0.276,1.0,7.78,12.23,21.0,11.0,2.0,0.0,Big 12,34.0,0.735,12.0,2.0,929.0,0.444,237.0,0.344,386.0,0.669,420.0,1295.0,494.0,319.0,99.0,504.0,659.0,,101.0,0.276,0.329,0.524,50.9,53.2,13.0,7.5,0.5,17.5,32.8,0.184,0.0,5.34,7.77,2.0,0.0,0.0,0.0,WCC
2000,First Round,3,Oklahoma State,14,Hofstra,0,34.0,0.794,12.0,4.0,933.0,0.479,216.0,0.386,538.0,0.701,393.0,1311.0,642.0,260.0,122.0,484.0,578.0,,108.8,0.395,0.287,0.567,52.6,68.8,10.8,9.5,0.535,17.3,34.6,0.276,1.0,7.78,12.23,21.0,11.0,2.0,0.0,Big 12,31.0,0.774,16.0,2.0,827.0,0.456,225.0,0.359,428.0,0.687,390.0,1125.0,435.0,270.0,121.0,415.0,565.0,,108.4,0.344,0.346,0.547,53.2,52.6,12.7,11.2,0.518,16.4,36.2,0.236,0.0,1.21,4.02,1.0,0.0,0.0,0.0,AEC
2000,Sweet Sixteen,3,Oklahoma State,10,Seton Hall,0,34.0,0.794,12.0,4.0,933.0,0.479,216.0,0.386,538.0,0.701,393.0,1311.0,642.0,260.0,122.0,484.0,578.0,,108.8,0.395,0.287,0.567,52.6,68.8,10.8,9.5,0.535,17.3,34.6,0.276,1.0,7.78,12.23,21.0,11.0,2.0,0.0,Big 12,32.0,0.688,10.0,6.0,807.0,0.433,250.0,0.365,431.0,0.678,431.0,1211.0,458.0,225.0,198.0,476.0,551.0,,104.2,0.341,0.367,0.53,49.0,56.8,10.2,13.8,0.5,18.0,36.6,0.231,0.0,5.35,5.29,1.0,1.0,0.0,0.0,Big East
2000,First Round,7,Oregon,10,Seton Hall,1,30.0,0.733,13.0,5.0,808.0,0.469,172.0,0.312,481.0,0.745,336.0,1037.0,491.0,206.0,88.0,469.0,592.0,,104.9,0.375,0.321,0.559,51.3,60.8,9.5,7.1,0.519,18.8,34.8,0.279,0.0,8.21,6.53,2.0,0.0,0.0,0.0,Pac-10,32.0,0.688,10.0,6.0,807.0,0.433,250.0,0.365,431.0,0.678,431.0,1211.0,458.0,225.0,198.0,476.0,551.0,,104.2,0.341,0.367,0.53,49.0,56.8,10.2,13.8,0.5,18.0,36.6,0.231,0.0,5.35,5.29,1.0,1.0,0.0,0.0,Big East
2000,Second Round,2,Temple,10,Seton Hall,1,33.0,0.818,14.0,2.0,790.0,0.413,274.0,0.348,406.0,0.656,497.0,1287.0,471.0,312.0,140.0,324.0,459.0,,111.4,0.324,0.411,0.512,53.1,59.6,15.4,15.1,0.485,12.8,40.0,0.212,1.0,2.35,18.29,16.0,4.0,0.0,0.0,A-10,32.0,0.688,10.0,6.0,807.0,0.433,250.0,0.365,431.0,0.678,431.0,1211.0,458.0,225.0,198.0,476.0,551.0,,104.2,0.341,0.367,0.53,49.0,56.8,10.2,13.8,0.5,18.0,36.6,0.231,0.0,5.35,5.29,1.0,1.0,0.0,0.0,Big East
2000,First Round,2,Temple,15,Lafayette,0,33.0,0.818,14.0,2.0,790.0,0.413,274.0,0.348,406.0,0.656,497.0,1287.0,471.0,312.0,140.0,324.0,459.0,,111.4,0.324,0.411,0.512,53.1,59.6,15.4,15.1,0.485,12.8,40.0,0.212,1.0,2.35,18.29,16.0,4.0,0.0,0.0,A-10,31.0,0.774,11.0,1.0,774.0,0.454,249.0,0.39,483.0,0.719,342.0,1109.0,473.0,313.0,104.0,499.0,558.0,,104.1,0.394,0.375,0.563,51.0,61.1,14.3,9.3,0.527,19.8,33.4,0.283,0.0,2.59,-2.17,2.0,0.0,0.0,0.0,Patriot
2000,First Round,1,Michigan State,16,Valparaiso,0,39.0,0.821,13.0,3.0,1018.0,0.474,253.0,0.378,600.0,0.735,521.0,1521.0,602.0,256.0,105.0,569.0,721.0,,112.1,0.38,0.311,0.57,58.9,59.1,9.9,7.7,0.533,18.3,42.1,0.279,1.0,10.07,14.97,3.0,3.0,2.0,1.0,Big Ten,32.0,0.594,10.0,6.0,758.0,0.445,228.0,0.368,384.0,0.651,399.0,1172.0,459.0,236.0,120.0,535.0,556.0,,100.5,0.347,0.364,0.537,53.9,60.6,11.1,10.6,0.512,21.3,37.4,0.226,0.0,-8.57,5.68,5.0,1.0,0.0,0.0,Mid-Cont
2000,Second Round,1,Michigan State,8,Utah,0,39.0,0.821,13.0,3.0,1018.0,0.474,253.0,0.378,600.0,0.735,521.0,1521.0,602.0,256.0,105.0,569.0,721.0,,112.1,0.38,0.311,0.57,58.9,59.1,9.9,7.7,0.533,18.3,42.1,0.279,1.0,10.07,14.97,3.0,3.0,2.0,1.0,Big Ten,32.0,0.719,10.0,4.0,782.0,0.482,222.0,0.387,466.0,0.719,326.0,1077.0,496.0,198.0,89.0,462.0,586.0,,109.6,0.399,0.353,0.583,53.8,63.4,9.6,8.2,0.55,19.3,34.1,0.287,0.0,2.61,9.62,9.0,4.0,1.0,0.0,MWC
2000,Sweet Sixteen,1,Michigan State,4,Syracuse,0,39.0,0.821,13.0,3.0,1018.0,0.474,253.0,0.378,600.0,0.735,521.0,1521.0,602.0,256.0,105.0,569.0,721.0,,112.1,0.38,0.311,0.57,58.9,59.1,9.9,7.7,0.533,18.3,42.1,0.279,1.0,10.07,14.97,3.0,3.0,2.0,1.0,Big Ten,32.0,0.813,13.0,3.0,876.0,0.469,171.0,0.354,477.0,0.705,440.0,1199.0,564.0,286.0,167.0,448.0,506.0,,109.7,0.362,0.258,0.548,52.6,64.4,13.1,13.1,0.514,17.0,40.2,0.255,1.0,10.1,7.57,20.0,11.0,2.0,0.0,Big East
2000,Elite Eight,1,Michigan State,2,Iowa State,0,39.0,0.821,13.0,3.0,1018.0,0.474,253.0,0.378,600.0,0.735,521.0,1521.0,602.0,256.0,105.0,569.0,721.0,,112.1,0.38,0.311,0.57,58.9,59.1,9.9,7.7,0.533,18.3,42.1,0.279,1.0,10.07,14.97,3.0,3.0,2.0,1.0,Big Ten,37.0,0.865,14.0,2.0,1038.0,0.485,190.0,0.367,632.0,0.703,452.0,1422.0,565.0,277.0,119.0,518.0,566.0,,110.1,0.42,0.242,0.564,54.5,54.4,10.5,7.8,0.529,16.8,36.0,0.295,1.0,10.55,8.54,2.0,1.0,0.0,0.0,Big 12
2000,Final Four,1,Michigan State,8,Wisconsin,0,39.0,0.821,13.0,3.0,1018.0,0.474,253.0,0.378,600.0,0.735,521.0,1521.0,602.0,256.0,105.0,569.0,721.0,,112.1,0.38,0.311,0.57,58.9,59.1,9.9,7.7,0.533,18.3,42.1,0.279,1.0,10.07,14.97,3.0,3.0,2.0,1.0,Big Ten,36.0,0.611,8.0,8.0,765.0,0.427,207.0,0.344,420.0,0.681,298.0,1107.0,478.0,236.0,102.0,408.0,658.0,,98.0,0.344,0.336,0.517,48.6,62.5,10.7,8.7,0.484,16.4,26.3,0.234,1.0,-3.28,19.95,6.0,1.0,1.0,0.0,Big Ten
2000,Second Round,1,Arizona,8,Wisconsin,1,34.0,0.794,15.0,3.0,904.0,0.457,155.0,0.322,636.0,0.73,412.0,1306.0,537.0,255.0,192.0,510.0,496.0,,104.4,0.441,0.244,0.544,51.8,59.4,10.2,12.9,0.497,17.6,35.4,0.322,1.0,12.05,6.92,21.0,9.0,4.0,1.0,Pac-10,36.0,0.611,8.0,8.0,765.0,0.427,207.0,0.344,420.0,0.681,298.0,1107.0,478.0,236.0,102.0,408.0,658.0,,98.0,0.344,0.336,0.517,48.6,62.5,10.7,8.7,0.484,16.4,26.3,0.234,1.0,-3.28,19.95,6.0,1.0,1.0,0.0,Big Ten
2000,Sweet Sixteen,4,LSU,8,Wisconsin,1,34.0,0.824,12.0,4.0,915.0,0.487,196.0,0.351,552.0,0.643,448.0,1373.0,503.0,313.0,180.0,593.0,549.0,,106.0,0.456,0.297,0.563,55.5,55.0,12.9,13.8,0.539,20.6,40.0,0.294,1.0,8.06,10.84,1.0,1.0,0.0,0.0,SEC,36.0,0.611,8.0,8.0,765.0,0.427,207.0,0.344,420.0,0.681,298.0,1107.0,478.0,236.0,102.0,408.0,658.0,,98.0,0.344,0.336,0.517,48.6,62.5,10.7,8.7,0.484,16.4,26.3,0.234,1.0,-3.28,19.95,6.0,1.0,1.0,0.0,Big Ten
2000,Elite Eight,6,Purdue,8,Wisconsin,1,34.0,0.706,12.0,4.0,849.0,0.444,206.0,0.35,601.0,0.684,473.0,1225.0,482.0,261.0,104.0,505.0,597.0,,106.2,0.459,0.308,0.537,51.9,56.8,11.1,7.9,0.497,17.8,38.7,0.314,1.0,8.81,8.05,17.0,5.0,0.0,0.0,Big Ten,36.0,0.611,8.0,8.0,765.0,0.427,207.0,0.344,420.0,0.681,298.0,1107.0,478.0,236.0,102.0,408.0,658.0,,98.0,0.344,0.336,0.517,48.6,62.5,10.7,8.7,0.484,16.4,26.3,0.234,1.0,-3.28,19.95,6.0,1.0,1.0,0.0,Big Ten
2000,First Round,8,Utah,9,Saint Louis,0,32.0,0.719,10.0,4.0,782.0,0.482,222.0,0.387,466.0,0.719,326.0,1077.0,496.0,198.0,89.0,462.0,586.0,,109.6,0.399,0.353,0.583,53.8,63.4,9.6,8.2,0.55,19.3,34.1,0.287,0.0,2.61,9.62,9.0,4.0,1.0,0.0,MWC,33.0,0.576,7.0,9.0,729.0,0.43,146.0,0.338,520.0,0.686,394.0,1164.0,401.0,254.0,126.0,586.0,665.0,,94.3,0.447,0.255,0.517,50.8,55.0,11.3,9.2,0.473,22.2,35.7,0.307,0.0,-1.0,9.99,1.0,0.0,0.0,0.0,CUSA
2000,First Round,5,Kentucky,12,St. Bonaventure,0,33.0,0.697,12.0,4.0,793.0,0.423,188.0,0.292,506.0,0.688,473.0,1300.0,427.0,201.0,185.0,502.0,537.0,,101.6,0.392,0.343,0.513,53.4,53.8,9.0,14.8,0.474,18.4,40.3,0.27,1.0,4.81,13.72,7.0,5.0,1.0,1.0,SEC,31.0,0.677,11.0,5.0,767.0,0.447,177.0,0.346,425.0,0.661,431.0,1131.0,386.0,257.0,87.0,488.0,560.0,,102.7,0.375,0.298,0.528,52.1,50.3,12.4,7.8,0.499,19.4,39.9,0.248,0.0,1.99,7.46,2.0,0.0,0.0,0.0,A-10
2000,First Round,4,Syracuse,13,Samford,0,32.0,0.813,13.0,3.0,876.0,0.469,171.0,0.354,477.0,0.705,440.0,1199.0,564.0,286.0,167.0,448.0,506.0,,109.7,0.362,0.258,0.548,52.6,64.4,13.1,13.1,0.514,17.0,40.2,0.255,1.0,10.1,7.57,20.0,11.0,2.0,0.0,Big East,32.0,0.656,12.0,6.0,825.0,0.5,313.0,0.389,360.0,0.699,267.0,996.0,543.0,230.0,102.0,438.0,532.0,,112.1,0.312,0.488,0.613,50.6,65.8,11.1,9.3,0.595,18.8,29.3,0.218,0.0,-2.11,5.31,2.0,0.0,0.0,0.0,TAAC
2000,Second Round,4,Syracuse,5,Kentucky,0,32.0,0.813,13.0,3.0,876.0,0.469,171.0,0.354,477.0,0.705,440.0,1199.0,564.0,286.0,167.0,448.0,506.0,,109.7,0.362,0.258,0.548,52.6,64.4,13.1,13.1,0.514,17.0,40.2,0.255,1.0,10.1,7.57,20.0,11.0,2.0,0.0,Big East,33.0,0.697,12.0,4.0,793.0,0.423,188.0,0.292,506.0,0.688,473.0,1300.0,427.0,201.0,185.0,502.0,537.0,,101.6,0.392,0.343,0.513,53.4,53.8,9.0,14.8,0.474,18.4,40.3,0.27,1.0,4.81,13.72,7.0,5.0,1.0,1.0,SEC
2000,First Round,6,UCLA,11,Ball State,0,33.0,0.636,10.0,8.0,952.0,0.48,205.0,0.371,383.0,0.587,447.0,1252.0,545.0,282.0,145.0,549.0,626.0,,104.4,0.329,0.278,0.543,52.6,57.2,11.8,10.9,0.532,19.3,38.7,0.193,0.0,9.29,6.0,4.0,3.0,0.0,0.0,Pac-10,31.0,0.71,11.0,7.0,834.0,0.453,215.0,0.4,417.0,0.612,398.0,1138.0,428.0,258.0,131.0,420.0,530.0,,105.1,0.37,0.292,0.532,48.9,51.3,11.8,10.4,0.512,16.3,34.6,0.227,0.0,5.63,2.21,2.0,0.0,0.0,0.0,MAC
2000,First Round,3,Maryland,14,Iona,0,35.0,0.714,11.0,5.0,1001.0,0.465,195.0,0.353,486.0,0.685,476.0,1354.0,667.0,355.0,235.0,570.0,638.0,,103.6,0.33,0.257,0.539,51.1,66.6,13.7,16.3,0.511,18.6,37.2,0.226,1.0,11.36,6.57,10.0,6.0,0.0,0.0,ACC,31.0,0.645,13.0,5.0,846.0,0.451,147.0,0.344,604.0,0.725,444.0,1272.0,529.0,233.0,216.0,557.0,607.0,,102.1,0.444,0.227,0.537,51.9,62.5,9.7,14.6,0.49,19.7,38.3,0.322,0.0,4.45,-5.67,1.0,0.0,0.0,0.0,MAAC
2000,Second Round,3,Maryland,6,UCLA,0,35.0,0.714,11.0,5.0,1001.0,0.465,195.0,0.353,486.0,0.685,476.0,1354.0,667.0,355.0,235.0,570.0,638.0,,103.6,0.33,0.257,0.539,51.1,66.6,13.7,16.3,0.511,18.6,37.2,0.226,1.0,11.36,6.57,10.0,6.0,0.0,0.0,ACC,33.0,0.636,10.0,8.0,952.0,0.48,205.0,0.371,383.0,0.587,447.0,1252.0,545.0,282.0,145.0,549.0,626.0,,104.4,0.329,0.278,0.543,52.6,57.2,11.8,10.9,0.532,19.3,38.7,0.193,0.0,9.29,6.0,4.0,3.0,0.0,0.0,Pac-10
2000,Sweet Sixteen,2,Iowa State,6,UCLA,0,37.0,0.865,14.0,2.0,1038.0,0.485,190.0,0.367,632.0,0.703,452.0,1422.0,565.0,277.0,119.0,518.0,566.0,,110.1,0.42,0.242,0.564,54.5,54.4,10.5,7.8,0.529,16.8,36.0,0.295,1.0,10.55,8.54,2.0,1.0,0.0,0.0,Big 12,33.0,0.636,10.0,8.0,952.0,0.48,205.0,0.371,383.0,0.587,447.0,1252.0,545.0,282.0,145.0,549.0,626.0,,104.4,0.329,0.278,0.543,52.6,57.2,11.8,10.9,0.532,19.3,38.7,0.193,0.0,9.29,6.0,4.0,3.0,0.0,0.0,Pac-10
2000,First Round,7,Auburn,10,Creighton,0,34.0,0.706,9.0,7.0,874.0,0.413,227.0,0.327,448.0,0.655,533.0,1335.0,438.0,247.0,110.0,450.0,582.0,,102.9,0.323,0.328,0.496,52.6,50.1,10.5,8.8,0.466,15.6,40.0,0.212,0.0,4.23,9.36,7.0,2.0,0.0,0.0,SEC,33.0,0.697,11.0,7.0,819.0,0.477,289.0,0.416,483.0,0.72,315.0,1084.0,510.0,262.0,77.0,484.0,605.0,,108.9,0.391,0.404,0.592,51.7,62.3,11.8,6.7,0.561,19.2,31.6,0.281,0.0,5.56,2.72,3.0,0.0,0.0,0.0,MVC
2000,First Round,2,Iowa State,15,Central Connecticut,0,37.0,0.865,14.0,2.0,1038.0,0.485,190.0,0.367,632.0,0.703,452.0,1422.0,565.0,277.0,119.0,518.0,566.0,,110.1,0.42,0.242,0.564,54.5,54.4,10.5,7.8,0.529,16.8,36.0,0.295,1.0,10.55,8.54,2.0,1.0,0.0,0.0,Big 12,31.0,0.806,15.0,3.0,832.0,0.451,148.0,0.356,470.0,0.707,443.0,1262.0,451.0,276.0,156.0,479.0,554.0,,103.7,0.36,0.225,0.528,53.8,54.2,12.5,12.7,0.491,18.1,39.6,0.255,0.0,-0.89,1.31,1.0,0.0,0.0,0.0,NEC
2000,Second Round,2,Iowa State,7,Auburn,0,37.0,0.865,14.0,2.0,1038.0,0.485,190.0,0.367,632.0,0.703,452.0,1422.0,565.0,277.0,119.0,518.0,566.0,,110.1,0.42,0.242,0.564,54.5,54.4,10.5,7.8,0.529,16.8,36.0,0.295,1.0,10.55,8.54,2.0,1.0,0.0,0.0,Big 12,34.0,0.706,9.0,7.0,874.0,0.413,227.0,0.327,448.0,0.655,533.0,1335.0,438.0,247.0,110.0,450.0,582.0,,102.9,0.323,0.328,0.496,52.6,50.1,10.5,8.8,0.466,15.6,40.0,0.212,0.0,4.23,9.36,7.0,2.0,0.0,0.0,SEC
2000,First Round,1,Stanford,16,South Carolina State,0,31.0,0.871,15.0,3.0,819.0,0.468,245.0,0.4,564.0,0.71,399.0,1309.0,539.0,141.0,167.0,450.0,518.0,,112.1,0.454,0.35,0.575,56.5,65.8,6.5,12.4,0.538,17.5,38.5,0.322,1.0,11.7,13.96,8.0,2.0,1.0,0.0,Pac-10,34.0,0.588,14.0,5.0,829.0,0.392,213.0,0.334,515.0,0.673,590.0,1393.0,370.0,237.0,138.0,485.0,485.0,,101.1,0.361,0.301,0.481,52.5,44.6,10.0,10.0,0.442,16.4,42.0,0.243,0.0,-4.96,-5.45,4.0,0.0,0.0,0.0,MEAC
2000,First Round,8,UNC,9,Missouri,0,36.0,0.611,9.0,7.0,1014.0,0.491,169.0,0.343,518.0,0.7,436.0,1394.0,609.0,210.0,178.0,536.0,580.0,,107.9,0.358,0.238,0.562,52.8,60.1,8.3,11.2,0.532,18.1,37.3,0.251,1.0,10.32,6.68,3.0,2.0,2.0,0.0,ACC,31.0,0.581,10.0,6.0,771.0,0.423,291.0,0.362,469.0,0.71,335.0,1039.0,426.0,275.0,61.0,412.0,601.0,,103.6,0.363,0.441,0.539,46.5,55.3,12.4,4.8,0.503,16.2,28.9,0.257,0.0,8.49,4.06,1.0,0.0,0.0,0.0,Big 12
2000,First Round,5,UConn,12,Utah State,0,35.0,0.714,10.0,6.0,956.0,0.462,184.0,0.386,515.0,0.728,506.0,1373.0,529.0,230.0,179.0,495.0,596.0,,109.3,0.341,0.23,0.542,53.6,55.3,9.6,11.9,0.506,17.1,41.9,0.249,1.0,7.88,9.04,14.0,7.0,1.0,1.0,Big East,34.0,0.824,16.0,0.0,879.0,0.466,194.0,0.362,445.0,0.628,415.0,1233.0,487.0,235.0,126.0,453.0,580.0,,106.6,0.376,0.284,0.539,52.4,55.4,10.4,10.6,0.517,16.9,35.8,0.236,0.0,-0.07,8.89,2.0,0.0,0.0,0.0,Big West
2000,First Round,4,Tennessee,13,Louisiana,0,33.0,0.788,12.0,4.0,909.0,0.45,266.0,0.361,545.0,0.683,480.0,1314.0,481.0,290.0,193.0,520.0,618.0,72.9,108.0,0.395,0.365,0.548,51.7,52.9,11.9,13.6,0.516,17.8,38.9,0.27,1.0,12.39,6.54,4.0,1.0,0.0,0.0,SEC,34.0,0.735,13.0,3.0,880.0,0.43,200.0,0.333,479.0,0.616,508.0,901.0,496.0,271.0,115.0,,212.0,,,0.38,0.294,0.505,49.0,56.4,,12.2,0.479,,50.6,0.234,0.0,0.55,1.81,1.0,0.0,0.0,0.0,Sun Belt
2000,Second Round,4,Tennessee,5,UConn,0,33.0,0.788,12.0,4.0,909.0,0.45,266.0,0.361,545.0,0.683,480.0,1314.0,481.0,290.0,193.0,520.0,618.0,72.9,108.0,0.395,0.365,0.548,51.7,52.9,11.9,13.6,0.516,17.8,38.9,0.27,1.0,12.39,6.54,4.0,1.0,0.0,0.0,SEC,35.0,0.714,10.0,6.0,956.0,0.462,184.0,0.386,515.0,0.728,506.0,1373.0,529.0,230.0,179.0,495.0,596.0,,109.3,0.341,0.23,0.542,53.6,55.3,9.6,11.9,0.506,17.1,41.9,0.249,1.0,7.88,9.04,14.0,7.0,1.0,1.0,Big East
2000,First Round,6,Miami (FL),11,Arkansas,0,34.0,0.676,13.0,3.0,849.0,0.431,132.0,0.3,516.0,0.748,489.0,1282.0,498.0,286.0,126.0,504.0,615.0,,100.6,0.35,0.223,0.51,51.5,58.7,12.3,10.1,0.464,18.0,39.8,0.262,0.0,2.01,9.82,3.0,1.0,0.0,0.0,Big East,34.0,0.559,7.0,9.0,931.0,0.429,292.0,0.351,375.0,0.603,451.0,1159.0,458.0,379.0,120.0,494.0,705.0,,101.0,0.287,0.384,0.513,45.8,49.2,15.1,9.2,0.497,16.7,33.8,0.173,0.0,8.56,3.82,15.0,6.0,3.0,1.0,SEC
2000,Sweet Sixteen,6,Miami (FL),7,Tulsa,1,34.0,0.676,13.0,3.0,849.0,0.431,132.0,0.3,516.0,0.748,489.0,1282.0,498.0,286.0,126.0,504.0,615.0,,100.6,0.35,0.223,0.51,51.5,58.7,12.3,10.1,0.464,18.0,39.8,0.262,0.0,2.01,9.82,3.0,1.0,0.0,0.0,Big East,37.0,0.865,12.0,2.0,1050.0,0.472,264.0,0.346,610.0,0.705,480.0,1390.0,631.0,433.0,175.0,571.0,730.0,,109.9,0.389,0.344,0.565,51.2,60.1,16.0,12.1,0.532,17.8,36.3,0.274,1.0,9.77,10.17,2.0,1.0,0.0,0.0,WAC
2000,Second Round,2,Cincinnati,7,Tulsa,1,33.0,0.879,16.0,0.0,898.0,0.48,165.0,0.359,599.0,0.701,405.0,1277.0,513.0,236.0,223.0,448.0,566.0,,110.7,0.456,0.245,0.562,53.4,57.1,10.2,16.5,0.524,16.4,37.0,0.32,1.0,12.9,11.72,10.0,3.0,1.0,0.0,CUSA,37.0,0.865,12.0,2.0,1050.0,0.472,264.0,0.346,610.0,0.705,480.0,1390.0,631.0,433.0,175.0,571.0,730.0,,109.9,0.389,0.344,0.565,51.2,60.1,16.0,12.1,0.532,17.8,36.3,0.274,1.0,9.77,10.17,2.0,1.0,0.0,0.0,WAC
2000,First Round,3,Ohio State,14,Appalachian State,0,30.0,0.767,13.0,3.0,797.0,0.456,145.0,0.318,443.0,0.704,381.0,1126.0,387.0,194.0,200.0,377.0,521.0,,106.5,0.36,0.261,0.533,52.1,48.6,9.5,17.1,0.497,15.6,36.8,0.253,1.0,6.34,11.21,5.0,2.0,1.0,0.0,Big Ten,32.0,0.719,13.0,3.0,915.0,0.486,200.0,0.388,500.0,0.709,374.0,1151.0,534.0,325.0,127.0,506.0,627.0,,107.6,0.375,0.274,0.571,50.6,58.4,13.8,9.9,0.539,18.6,34.3,0.266,0.0,4.58,-2.09,1.0,0.0,0.0,0.0,Southern
2000,Second Round,3,Ohio State,6,Miami (FL),1,30.0,0.767,13.0,3.0,797.0,0.456,145.0,0.318,443.0,0.704,381.0,1126.0,387.0,194.0,200.0,377.0,521.0,,106.5,0.36,0.261,0.533,52.1,48.6,9.5,17.1,0.497,15.6,36.8,0.253,1.0,6.34,11.21,5.0,2.0,1.0,0.0,Big Ten,34.0,0.676,13.0,3.0,849.0,0.431,132.0,0.3,516.0,0.748,489.0,1282.0,498.0,286.0,126.0,504.0,615.0,,100.6,0.35,0.223,0.51,51.5,58.7,12.3,10.1,0.464,18.0,39.8,0.262,0.0,2.01,9.82,3.0,1.0,0.0,0.0,Big East
2000,First Round,7,Tulsa,10,UNLV,0,37.0,0.865,12.0,2.0,1050.0,0.472,264.0,0.346,610.0,0.705,480.0,1390.0,631.0,433.0,175.0,571.0,730.0,,109.9,0.389,0.344,0.565,51.2,60.1,16.0,12.1,0.532,17.8,36.3,0.274,1.0,9.77,10.17,2.0,1.0,0.0,0.0,WAC,31.0,0.742,10.0,4.0,929.0,0.455,167.0,0.316,523.0,0.681,463.0,1302.0,623.0,263.0,139.0,549.0,626.0,,103.6,0.376,0.258,0.529,52.5,67.1,10.7,10.1,0.496,18.6,37.2,0.256,0.0,13.48,-3.74,2.0,0.0,0.0,0.0,MWC
2000,First Round,2,Cincinnati,15,UNC Wilmington,0,33.0,0.879,16.0,0.0,898.0,0.48,165.0,0.359,599.0,0.701,405.0,1277.0,513.0,236.0,223.0,448.0,566.0,,110.7,0.456,0.245,0.562,53.4,57.1,10.2,16.5,0.524,16.4,37.0,0.32,1.0,12.9,11.72,10.0,3.0,1.0,0.0,CUSA,31.0,0.581,8.0,8.0,667.0,0.415,176.0,0.372,353.0,0.629,323.0,1075.0,375.0,221.0,67.0,566.0,566.0,,88.8,0.349,0.294,0.497,50.0,56.2,10.5,6.4,0.469,23.2,30.4,0.219,0.0,-9.4,11.81,1.0,0.0,0.0,0.0,CAA
2000,First Round,1,Arizona,16,Jackson State,0,34.0,0.794,15.0,3.0,904.0,0.457,155.0,0.322,636.0,0.73,412.0,1306.0,537.0,255.0,192.0,510.0,496.0,,104.4,0.441,0.244,0.544,51.8,59.4,10.2,12.9,0.497,17.6,35.4,0.322,1.0,12.05,6.92,21.0,9.0,4.0,1.0,Pac-10,33.0,0.515,10.0,8.0,766.0,0.409,91.0,0.251,582.0,0.639,528.0,1343.0,414.0,252.0,172.0,627.0,673.0,,91.2,0.486,0.193,0.478,51.8,54.0,10.4,12.5,0.433,21.4,40.6,0.31,0.0,-10.77,-1.42,2.0,0.0,0.0,0.0,SWAC
2000,First Round,8,Wisconsin,9,Fresno State,0,36.0,0.611,8.0,8.0,765.0,0.427,207.0,0.344,420.0,0.681,298.0,1107.0,478.0,236.0,102.0,408.0,658.0,,98.0,0.344,0.336,0.517,48.6,62.5,10.7,8.7,0.484,16.4,26.3,0.234,1.0,-3.28,19.95,6.0,1.0,1.0,0.0,Big Ten,34.0,0.706,11.0,3.0,1021.0,0.471,279.0,0.351,478.0,0.703,422.0,1309.0,654.0,282.0,161.0,509.0,597.0,,109.9,0.314,0.366,0.562,48.8,64.1,11.1,10.3,0.536,17.0,34.2,0.221,0.0,14.2,-5.03,17.0,13.0,4.0,1.0,WAC
2000,First Round,5,Texas,12,Indiana State,0,33.0,0.727,13.0,3.0,876.0,0.468,185.0,0.378,523.0,0.646,431.0,1296.0,481.0,244.0,168.0,515.0,594.0,,105.1,0.433,0.261,0.546,52.8,54.9,10.4,12.1,0.518,18.6,37.0,0.28,1.0,9.64,10.8,8.0,1.0,0.0,0.0,Big 12,32.0,0.688,14.0,4.0,756.0,0.435,161.0,0.355,463.0,0.705,314.0,1058.0,406.0,292.0,104.0,421.0,549.0,,98.7,0.378,0.26,0.521,49.0,53.7,13.5,8.5,0.481,17.0,28.5,0.266,0.0,-2.09,8.63,1.0,0.0,0.0,0.0,MVC
2000,First Round,4,LSU,13,Southeast Missouri State,0,34.0,0.824,12.0,4.0,915.0,0.487,196.0,0.351,552.0,0.643,448.0,1373.0,503.0,313.0,180.0,593.0,549.0,,106.0,0.456,0.297,0.563,55.5,55.0,12.9,13.8,0.539,20.6,40.0,0.294,1.0,8.06,10.84,1.0,1.0,0.0,0.0,SEC,31.0,0.774,14.0,4.0,748.0,0.445,193.0,0.346,465.0,0.702,346.0,1140.0,383.0,188.0,164.0,478.0,542.0,,102.0,0.394,0.332,0.54,50.8,51.2,8.9,12.9,0.503,19.3,33.3,0.277,0.0,-4.9,9.32,1.0,0.0,0.0,0.0,OVC
2000,Second Round,4,LSU,5,Texas,0,34.0,0.824,12.0,4.0,915.0,0.487,196.0,0.351,552.0,0.643,448.0,1373.0,503.0,313.0,180.0,593.0,549.0,,106.0,0.456,0.297,0.563,55.5,55.0,12.9,13.8,0.539,20.6,40.0,0.294,1.0,8.06,10.84,1.0,1.0,0.0,0.0,SEC,33.0,0.727,13.0,3.0,876.0,0.468,185.0,0.378,523.0,0.646,431.0,1296.0,481.0,244.0,168.0,515.0,594.0,,105.1,0.433,0.261,0.546,52.8,54.9,10.4,12.1,0.518,18.6,37.0,0.28,1.0,9.64,10.8,8.0,1.0,0.0,0.0,Big 12
2000,First Round,6,Purdue,11,Dayton,0,34.0,0.706,12.0,4.0,849.0,0.444,206.0,0.35,601.0,0.684,473.0,1225.0,482.0,261.0,104.0,505.0,597.0,,106.2,0.459,0.308,0.537,51.9,56.8,11.1,7.9,0.497,17.8,38.7,0.314,1.0,8.81,8.05,17.0,5.0,0.0,0.0,Big Ten,31.0,0.71,11.0,5.0,752.0,0.433,218.0,0.369,492.0,0.713,447.0,1153.0,412.0,215.0,70.0,429.0,559.0,,108.1,0.398,0.34,0.537,53.2,54.8,10.5,5.9,0.496,17.2,41.1,0.284,0.0,3.74,6.21,2.0,0.0,0.0,0.0,A-10
2000,Sweet Sixteen,6,Purdue,10,Gonzaga,0,34.0,0.706,12.0,4.0,849.0,0.444,206.0,0.35,601.0,0.684,473.0,1225.0,482.0,261.0,104.0,505.0,597.0,,106.2,0.459,0.308,0.537,51.9,56.8,11.1,7.9,0.497,17.8,38.7,0.314,1.0,8.81,8.05,17.0,5.0,0.0,0.0,Big Ten,35.0,0.743,11.0,3.0,965.0,0.479,260.0,0.364,529.0,0.665,409.0,1325.0,587.0,202.0,150.0,469.0,651.0,,112.1,0.395,0.355,0.568,51.7,60.8,8.3,11.2,0.544,16.4,34.2,0.263,0.0,11.05,5.33,1.0,1.0,0.0,0.0,WCC
2000,First Round,7,Louisville,10,Gonzaga,1,31.0,0.613,10.0,6.0,849.0,0.466,165.0,0.328,406.0,0.704,382.0,1045.0,518.0,286.0,136.0,490.0,569.0,,103.2,0.317,0.276,0.541,48.8,61.0,13.0,11.0,0.511,18.9,36.1,0.223,0.0,6.78,8.15,23.0,16.0,6.0,2.0,CUSA,35.0,0.743,11.0,3.0,965.0,0.479,260.0,0.364,529.0,0.665,409.0,1325.0,587.0,202.0,150.0,469.0,651.0,,112.1,0.395,0.355,0.568,51.7,60.8,8.3,11.2,0.544,16.4,34.2,0.263,0.0,11.05,5.33,1.0,1.0,0.0,0.0,WCC
2000,Second Round,2,St. John's (NY),10,Gonzaga,1,33.0,0.758,12.0,4.0,929.0,0.464,149.0,0.314,426.0,0.677,,1133.0,541.0,352.0,89.0,399.0,631.0,,,0.314,0.237,0.529,49.9,58.2,,7.6,0.501,14.8,,0.213,0.0,7.09,7.17,8.0,2.0,0.0,0.0,Big East,35.0,0.743,11.0,3.0,965.0,0.479,260.0,0.364,529.0,0.665,409.0,1325.0,587.0,202.0,150.0,469.0,651.0,,112.1,0.395,0.355,0.568,51.7,60.8,8.3,11.2,0.544,16.4,34.2,0.263,0.0,11.05,5.33,1.0,1.0,0.0,0.0,WCC
2000,First Round,3,Oklahoma,14,Winthrop,0,34.0,0.794,12.0,4.0,917.0,0.458,263.0,0.383,449.0,0.71,443.0,1254.0,525.0,241.0,89.0,435.0,643.0,,110.6,0.315,0.343,0.552,52.7,57.3,10.5,7.3,0.523,15.9,36.5,0.224,1.0,7.48,11.77,7.0,1.0,0.0,0.0,Big 12,30.0,0.7,11.0,3.0,733.0,0.426,251.0,0.358,476.0,0.664,394.0,1171.0,406.0,215.0,104.0,474.0,584.0,,102.8,0.417,0.408,0.532,52.4,55.4,10.1,9.5,0.499,18.7,35.1,0.277,0.0,-3.41,2.38,2.0,0.0,0.0,0.0,Big South
2000,Second Round,3,Oklahoma,6,Purdue,1,34.0,0.794,12.0,4.0,917.0,0.458,263.0,0.383,449.0,0.71,443.0,1254.0,525.0,241.0,89.0,435.0,643.0,,110.6,0.315,0.343,0.552,52.7,57.3,10.5,7.3,0.523,15.9,36.5,0.224,1.0,7.48,11.77,7.0,1.0,0.0,0.0,Big 12,34.0,0.706,12.0,4.0,849.0,0.444,206.0,0.35,601.0,0.684,473.0,1225.0,482.0,261.0,104.0,505.0,597.0,,106.2,0.459,0.308,0.537,51.9,56.8,11.1,7.9,0.497,17.8,38.7,0.314,1.0,8.81,8.05,17.0,5.0,0.0,0.0,Big Ten
2000,First Round,2,St. John's (NY),15,Northern Arizona,0,33.0,0.758,12.0,4.0,929.0,0.464,149.0,0.314,426.0,0.677,,1133.0,541.0,352.0,89.0,399.0,631.0,,,0.314,0.237,0.529,49.9,58.2,,7.6,0.501,14.8,,0.213,0.0,7.09,7.17,8.0,2.0,0.0,0.0,Big East,31.0,0.645,11.0,5.0,775.0,0.477,263.0,0.391,467.0,0.751,295.0,1101.0,493.0,120.0,96.0,514.0,574.0,,106.6,0.383,0.414,0.593,52.2,63.6,5.6,7.6,0.558,21.1,31.6,0.287,0.0,1.81,2.53,1.0,0.0,0.0,0.0,Big Sky
2001,Play-In,16,Northwestern State,16,Winthrop,0,32.0,0.594,11.0,9.0,768.0,0.414,175.0,0.318,581.0,0.662,410.0,1178.0,392.0,308.0,133.0,537.0,765.0,,95.1,0.473,0.297,0.504,48.0,51.0,12.8,10.0,0.461,19.1,32.5,0.313,0.0,-3.77,-7.33,1.0,0.0,0.0,0.0,Southland,31.0,0.581,11.0,3.0,684.0,0.408,215.0,0.351,454.0,0.687,398.0,1103.0,351.0,223.0,78.0,441.0,610.0,,100.2,0.394,0.366,0.512,52.2,51.3,11.0,7.5,0.472,18.1,35.8,0.271,0.0,-9.76,6.03,3.0,0.0,0.0,0.0,Big South
2001,First Round,1,Illinois,16,Northwestern State,0,35.0,0.771,13.0,3.0,929.0,0.454,247.0,0.364,620.0,0.705,479.0,1400.0,550.0,269.0,146.0,524.0,772.0,,108.4,0.43,0.331,0.553,54.8,59.2,10.7,11.6,0.514,17.5,38.4,0.303,1.0,11.95,11.37,3.0,2.0,0.0,0.0,Big Ten,32.0,0.594,11.0,9.0,768.0,0.414,175.0,0.318,581.0,0.662,410.0,1178.0,392.0,308.0,133.0,537.0,765.0,,95.1,0.473,0.297,0.504,48.0,51.0,12.8,10.0,0.461,19.1,32.5,0.313,0.0,-3.77,-7.33,1.0,0.0,0.0,0.0,Southland
2001,Second Round,1,Illinois,9,Charlotte,0,35.0,0.771,13.0,3.0,929.0,0.454,247.0,0.364,620.0,0.705,479.0,1400.0,550.0,269.0,146.0,524.0,772.0,,108.4,0.43,0.331,0.553,54.8,59.2,10.7,11.6,0.514,17.5,38.4,0.303,1.0,11.95,11.37,3.0,2.0,0.0,0.0,Big Ten,33.0,0.667,10.0,6.0,873.0,0.437,305.0,0.36,532.0,0.685,411.0,1267.0,471.0,231.0,97.0,418.0,663.0,,108.4,0.389,0.424,0.546,50.1,54.0,9.7,7.3,0.513,15.0,33.0,0.266,0.0,11.63,2.62,2.0,0.0,0.0,0.0,CUSA
2001,First Round,8,Tennessee,9,Charlotte,1,33.0,0.667,8.0,8.0,909.0,0.459,257.0,0.369,593.0,0.68,421.0,1301.0,528.0,232.0,191.0,528.0,712.0,,106.9,0.44,0.352,0.557,50.1,58.1,9.3,13.3,0.524,18.1,34.3,0.299,1.0,14.6,0.93,5.0,1.0,0.0,0.0,SEC,33.0,0.667,10.0,6.0,873.0,0.437,305.0,0.36,532.0,0.685,411.0,1267.0,471.0,231.0,97.0,418.0,663.0,,108.4,0.389,0.424,0.546,50.1,54.0,9.7,7.3,0.513,15.0,33.0,0.266,0.0,11.63,2.62,2.0,0.0,0.0,0.0,CUSA
2001,Sweet Sixteen,1,Illinois,4,Kansas,0,35.0,0.771,13.0,3.0,929.0,0.454,247.0,0.364,620.0,0.705,479.0,1400.0,550.0,269.0,146.0,524.0,772.0,,108.4,0.43,0.331,0.553,54.8,59.2,10.7,11.6,0.514,17.5,38.4,0.303,1.0,11.95,11.37,3.0,2.0,0.0,0.0,Big Ten,33.0,0.788,12.0,4.0,1002.0,0.502,183.0,0.394,520.0,0.659,443.0,1407.0,641.0,217.0,170.0,532.0,648.0,,110.2,0.395,0.233,0.571,54.9,64.0,8.8,12.4,0.548,18.3,38.7,0.261,1.0,14.69,5.54,12.0,7.0,2.0,0.0,Big 12
2001,Elite Eight,1,Illinois,2,Arizona,1,35.0,0.771,13.0,3.0,929.0,0.454,247.0,0.364,620.0,0.705,479.0,1400.0,550.0,269.0,146.0,524.0,772.0,,108.4,0.43,0.331,0.553,54.8,59.2,10.7,11.6,0.514,17.5,38.4,0.303,1.0,11.95,11.37,3.0,2.0,0.0,0.0,Big Ten,36.0,0.778,15.0,3.0,1015.0,0.476,193.0,0.355,703.0,0.748,487.0,1433.0,585.0,283.0,159.0,546.0,630.0,,111.5,0.441,0.255,0.568,54.5,57.6,10.8,10.7,0.522,17.5,40.0,0.33,1.0,15.68,11.17,1.0,1.0,1.0,0.0,Pac-10
2001,National Championship,1,Duke,2,Arizona,0,39.0,0.897,13.0,3.0,1217.0,0.481,407.0,0.385,697.0,0.696,538.0,1505.0,701.0,411.0,196.0,531.0,659.0,,117.8,0.396,0.418,0.588,50.7,57.6,13.7,10.5,0.561,15.0,37.0,0.275,1.0,24.47,7.72,17.0,12.0,9.0,3.0,ACC,36.0,0.778,15.0,3.0,1015.0,0.476,193.0,0.355,703.0,0.748,487.0,1433.0,585.0,283.0,159.0,546.0,630.0,,111.5,0.441,0.255,0.568,54.5,57.6,10.8,10.7,0.522,17.5,40.0,0.33,1.0,15.68,11.17,1.0,1.0,1.0,0.0,Pac-10
2001,Final Four,1,Michigan State,2,Arizona,1,33.0,0.848,13.0,3.0,957.0,0.489,146.0,0.322,493.0,0.719,514.0,1404.0,579.0,210.0,133.0,451.0,611.0,,115.3,0.351,0.231,0.559,61.1,60.5,9.5,11.1,0.526,16.5,47.1,0.252,1.0,11.25,13.87,4.0,4.0,3.0,1.0,Big Ten,36.0,0.778,15.0,3.0,1015.0,0.476,193.0,0.355,703.0,0.748,487.0,1433.0,585.0,283.0,159.0,546.0,630.0,,111.5,0.441,0.255,0.568,54.5,57.6,10.8,10.7,0.522,17.5,40.0,0.33,1.0,15.68,11.17,1.0,1.0,1.0,0.0,Pac-10
2001,First Round,5,Syracuse,12,Hawaii,0,34.0,0.735,10.0,6.0,885.0,0.436,185.0,0.335,520.0,0.715,442.0,1213.0,545.0,325.0,203.0,441.0,681.0,,104.3,0.358,0.272,0.521,48.2,61.6,13.7,16.1,0.482,15.7,35.2,0.256,0.0,4.83,6.32,21.0,11.0,2.0,0.0,Big East,31.0,0.548,8.0,8.0,797.0,0.468,177.0,0.349,483.0,0.725,335.0,999.0,557.0,183.0,74.0,516.0,605.0,,102.5,0.391,0.298,0.558,49.9,69.9,8.3,5.7,0.52,20.4,33.8,0.284,0.0,3.62,3.26,2.0,0.0,0.0,0.0,WAC
2001,First Round,4,Kansas,13,Cal State Northridge,0,33.0,0.788,12.0,4.0,1002.0,0.502,183.0,0.394,520.0,0.659,443.0,1407.0,641.0,217.0,170.0,532.0,648.0,,110.2,0.395,0.233,0.571,54.9,64.0,8.8,12.4,0.548,18.3,38.7,0.261,1.0,14.69,5.54,12.0,7.0,2.0,0.0,Big 12,32.0,0.688,13.0,3.0,910.0,0.494,217.0,0.397,613.0,0.709,373.0,1158.0,608.0,267.0,77.0,489.0,716.0,,111.3,0.47,0.297,0.588,50.7,66.8,11.2,6.1,0.553,17.8,33.9,0.333,0.0,10.38,-4.43,1.0,0.0,0.0,0.0,Big Sky
2001,Second Round,4,Kansas,5,Syracuse,0,33.0,0.788,12.0,4.0,1002.0,0.502,183.0,0.394,520.0,0.659,443.0,1407.0,641.0,217.0,170.0,532.0,648.0,,110.2,0.395,0.233,0.571,54.9,64.0,8.8,12.4,0.548,18.3,38.7,0.261,1.0,14.69,5.54,12.0,7.0,2.0,0.0,Big 12,34.0,0.735,10.0,6.0,885.0,0.436,185.0,0.335,520.0,0.715,442.0,1213.0,545.0,325.0,203.0,441.0,681.0,,104.3,0.358,0.272,0.521,48.2,61.6,13.7,16.1,0.482,15.7,35.2,0.256,0.0,4.83,6.32,21.0,11.0,2.0,0.0,Big East
2001,First Round,6,Notre Dame,11,Xavier,0,30.0,0.667,11.0,5.0,814.0,0.462,219.0,0.384,491.0,0.688,370.0,1214.0,527.0,199.0,178.0,434.0,501.0,,108.0,0.405,0.323,0.556,51.1,64.7,9.2,12.9,0.524,17.1,34.7,0.279,0.0,10.3,4.05,3.0,0.0,0.0,0.0,Big East,29.0,0.724,12.0,4.0,706.0,0.427,178.0,0.303,540.0,0.703,391.0,1125.0,398.0,208.0,115.0,415.0,551.0,,104.4,0.465,0.355,0.528,52.1,56.4,10.2,10.4,0.481,17.1,37.2,0.327,0.0,5.56,6.59,5.0,0.0,0.0,0.0,A-10
2001,First Round,3,Ole Miss,14,Iona,0,35.0,0.771,11.0,5.0,865.0,0.442,224.0,0.342,542.0,0.654,416.0,1227.0,500.0,285.0,115.0,500.0,719.0,,102.3,0.423,0.335,0.531,49.9,57.8,11.7,8.4,0.499,17.5,33.7,0.277,1.0,2.84,12.26,2.0,1.0,0.0,0.0,SEC,33.0,0.667,12.0,6.0,912.0,0.481,159.0,0.383,566.0,0.689,378.0,1239.0,481.0,259.0,183.0,557.0,717.0,,103.1,0.434,0.219,0.557,51.4,52.7,10.5,13.0,0.523,19.6,33.5,0.299,0.0,4.53,-4.28,2.0,0.0,0.0,0.0,MAAC
2001,Second Round,3,Ole Miss,6,Notre Dame,0,35.0,0.771,11.0,5.0,865.0,0.442,224.0,0.342,542.0,0.654,416.0,1227.0,500.0,285.0,115.0,500.0,719.0,,102.3,0.423,0.335,0.531,49.9,57.8,11.7,8.4,0.499,17.5,33.7,0.277,1.0,2.84,12.26,2.0,1.0,0.0,0.0,SEC,30.0,0.667,11.0,5.0,814.0,0.462,219.0,0.384,491.0,0.688,370.0,1214.0,527.0,199.0,178.0,434.0,501.0,,108.0,0.405,0.323,0.556,51.1,64.7,9.2,12.9,0.524,17.1,34.7,0.279,0.0,10.3,4.05,3.0,0.0,0.0,0.0,Big East
2001,First Round,7,Wake Forest,10,Butler,1,30.0,0.633,8.0,8.0,838.0,0.462,177.0,0.358,443.0,0.727,342.0,1104.0,465.0,219.0,136.0,375.0,572.0,,107.8,0.336,0.272,0.546,50.7,55.5,10.3,11.6,0.51,15.1,32.2,0.244,1.0,9.36,11.17,8.0,3.0,0.0,0.0,ACC,32.0,0.75,11.0,3.0,755.0,0.46,251.0,0.407,467.0,0.716,305.0,922.0,388.0,222.0,89.0,377.0,505.0,,109.8,0.397,0.376,0.57,47.8,51.4,10.9,7.5,0.536,16.2,31.9,0.284,0.0,1.17,11.38,1.0,0.0,0.0,0.0,MW Coll
2001,Second Round,2,Arizona,10,Butler,0,36.0,0.778,15.0,3.0,1015.0,0.476,193.0,0.355,703.0,0.748,487.0,1433.0,585.0,283.0,159.0,546.0,630.0,,111.5,0.441,0.255,0.568,54.5,57.6,10.8,10.7,0.522,17.5,40.0,0.33,1.0,15.68,11.17,1.0,1.0,1.0,0.0,Pac-10,32.0,0.75,11.0,3.0,755.0,0.46,251.0,0.407,467.0,0.716,305.0,922.0,388.0,222.0,89.0,377.0,505.0,,109.8,0.397,0.376,0.57,47.8,51.4,10.9,7.5,0.536,16.2,31.9,0.284,0.0,1.17,11.38,1.0,0.0,0.0,0.0,MW Coll
2001,First Round,2,Arizona,15,Eastern Illinois,1,36.0,0.778,15.0,3.0,1015.0,0.476,193.0,0.355,703.0,0.748,487.0,1433.0,585.0,283.0,159.0,546.0,630.0,,111.5,0.441,0.255,0.568,54.5,57.6,10.8,10.7,0.522,17.5,40.0,0.33,1.0,15.68,11.17,1.0,1.0,1.0,0.0,Pac-10,31.0,0.677,11.0,5.0,915.0,0.474,230.0,0.394,504.0,0.775,359.0,1124.0,514.0,197.0,116.0,427.0,577.0,,111.0,0.337,0.302,0.572,49.6,56.2,8.5,7.9,0.533,16.0,32.9,0.261,0.0,8.34,-7.34,2.0,0.0,0.0,0.0,OVC
2001,Sweet Sixteen,2,Arizona,3,Ole Miss,0,36.0,0.778,15.0,3.0,1015.0,0.476,193.0,0.355,703.0,0.748,487.0,1433.0,585.0,283.0,159.0,546.0,630.0,,111.5,0.441,0.255,0.568,54.5,57.6,10.8,10.7,0.522,17.5,40.0,0.33,1.0,15.68,11.17,1.0,1.0,1.0,0.0,Pac-10,35.0,0.771,11.0,5.0,865.0,0.442,224.0,0.342,542.0,0.654,416.0,1227.0,500.0,285.0,115.0,500.0,719.0,,102.3,0.423,0.335,0.531,49.9,57.8,11.7,8.4,0.499,17.5,33.7,0.277,1.0,2.84,12.26,2.0,1.0,0.0,0.0,SEC
2001,First Round,1,Duke,16,Monmouth,0,39.0,0.897,13.0,3.0,1217.0,0.481,407.0,0.385,697.0,0.696,538.0,1505.0,701.0,411.0,196.0,531.0,659.0,,117.8,0.396,0.418,0.588,50.7,57.6,13.7,10.5,0.561,15.0,37.0,0.275,1.0,24.47,7.72,17.0,12.0,9.0,3.0,ACC,31.0,0.677,15.0,5.0,756.0,0.454,201.0,0.353,467.0,0.689,300.0,1055.0,439.0,280.0,105.0,471.0,517.0,,100.8,0.407,0.343,0.549,48.7,58.1,12.9,10.5,0.515,19.2,29.0,0.281,0.0,-6.76,2.94,1.0,0.0,0.0,0.0,NEC
2001,Second Round,1,Duke,9,Missouri,0,39.0,0.897,13.0,3.0,1217.0,0.481,407.0,0.385,697.0,0.696,538.0,1505.0,701.0,411.0,196.0,531.0,659.0,,117.8,0.396,0.418,0.588,50.7,57.6,13.7,10.5,0.561,15.0,37.0,0.275,1.0,24.47,7.72,17.0,12.0,9.0,3.0,ACC,33.0,0.606,9.0,7.0,847.0,0.42,279.0,0.38,520.0,0.701,466.0,1259.0,418.0,258.0,132.0,497.0,679.0,,103.9,0.368,0.364,0.527,49.5,49.4,10.8,8.9,0.49,17.4,36.2,0.258,0.0,7.85,2.91,2.0,0.0,0.0,0.0,Big 12
2001,First Round,8,Georgia,9,Missouri,1,31.0,0.516,9.0,7.0,845.0,0.464,142.0,0.345,425.0,0.672,397.0,1193.0,471.0,195.0,149.0,485.0,569.0,,104.8,0.347,0.226,0.532,53.2,55.7,9.1,12.2,0.503,18.6,36.5,0.234,0.0,6.9,5.82,15.0,4.0,1.0,1.0,SEC,33.0,0.606,9.0,7.0,847.0,0.42,279.0,0.38,520.0,0.701,466.0,1259.0,418.0,258.0,132.0,497.0,679.0,,103.9,0.368,0.364,0.527,49.5,49.4,10.8,8.9,0.49,17.4,36.2,0.258,0.0,7.85,2.91,2.0,0.0,0.0,0.0,Big 12
2001,Sweet Sixteen,1,Duke,4,UCLA,0,39.0,0.897,13.0,3.0,1217.0,0.481,407.0,0.385,697.0,0.696,538.0,1505.0,701.0,411.0,196.0,531.0,659.0,,117.8,0.396,0.418,0.588,50.7,57.6,13.7,10.5,0.561,15.0,37.0,0.275,1.0,24.47,7.72,17.0,12.0,9.0,3.0,ACC,32.0,0.719,14.0,4.0,902.0,0.463,190.0,0.355,550.0,0.663,441.0,1219.0,464.0,249.0,127.0,515.0,670.0,,105.5,0.426,0.275,0.543,51.7,51.4,10.3,10.5,0.512,18.0,37.2,0.282,1.0,13.69,3.44,5.0,4.0,0.0,0.0,Pac-10
2001,Elite Eight,1,Duke,6,USC,0,39.0,0.897,13.0,3.0,1217.0,0.481,407.0,0.385,697.0,0.696,538.0,1505.0,701.0,411.0,196.0,531.0,659.0,,117.8,0.396,0.418,0.588,50.7,57.6,13.7,10.5,0.561,15.0,37.0,0.275,1.0,24.47,7.72,17.0,12.0,9.0,3.0,ACC,34.0,0.706,11.0,7.0,898.0,0.459,208.0,0.348,616.0,0.706,422.0,1250.0,514.0,259.0,151.0,512.0,617.0,,106.7,0.447,0.305,0.553,51.6,57.2,10.5,11.0,0.513,17.8,35.7,0.315,1.0,11.0,5.53,2.0,1.0,0.0,0.0,Pac-10
2001,Second Round,3,Boston College,6,USC,1,32.0,0.844,13.0,3.0,879.0,0.454,230.0,0.353,559.0,0.709,486.0,1166.0,464.0,326.0,97.0,423.0,652.0,,113.6,0.407,0.337,0.552,51.3,52.8,14.5,8.2,0.514,15.5,41.6,0.289,1.0,10.71,7.28,3.0,0.0,0.0,0.0,Big East,34.0,0.706,11.0,7.0,898.0,0.459,208.0,0.348,616.0,0.706,422.0,1250.0,514.0,259.0,151.0,512.0,617.0,,106.7,0.447,0.305,0.553,51.6,57.2,10.5,11.0,0.513,17.8,35.7,0.315,1.0,11.0,5.53,2.0,1.0,0.0,0.0,Pac-10
2001,Sweet Sixteen,2,Kentucky,6,USC,1,34.0,0.706,12.0,4.0,988.0,0.482,245.0,0.346,492.0,0.655,464.0,1311.0,539.0,229.0,151.0,513.0,631.0,,110.2,0.366,0.345,0.563,51.9,54.6,9.3,10.8,0.541,17.6,39.2,0.24,1.0,13.9,6.42,8.0,6.0,1.0,1.0,SEC,34.0,0.706,11.0,7.0,898.0,0.459,208.0,0.348,616.0,0.706,422.0,1250.0,514.0,259.0,151.0,512.0,617.0,,106.7,0.447,0.305,0.553,51.6,57.2,10.5,11.0,0.513,17.8,35.7,0.315,1.0,11.0,5.53,2.0,1.0,0.0,0.0,Pac-10
2001,Final Four,1,Duke,3,Maryland,0,39.0,0.897,13.0,3.0,1217.0,0.481,407.0,0.385,697.0,0.696,538.0,1505.0,701.0,411.0,196.0,531.0,659.0,,117.8,0.396,0.418,0.588,50.7,57.6,13.7,10.5,0.561,15.0,37.0,0.275,1.0,24.47,7.72,17.0,12.0,9.0,3.0,ACC,36.0,0.694,10.0,6.0,1120.0,0.484,205.0,0.38,622.0,0.696,543.0,1478.0,692.0,322.0,213.0,523.0,713.0,,113.6,0.387,0.233,0.56,53.2,61.8,11.9,14.3,0.529,16.0,40.7,0.269,1.0,18.04,5.79,11.0,7.0,1.0,0.0,ACC
2001,Elite Eight,1,Stanford,3,Maryland,1,34.0,0.912,16.0,2.0,953.0,0.511,252.0,0.429,671.0,0.743,365.0,1244.0,568.0,187.0,108.0,438.0,778.0,,119.4,0.484,0.315,0.617,55.6,59.6,7.9,7.7,0.579,16.0,35.8,0.36,1.0,15.27,10.5,9.0,3.0,1.0,0.0,Pac-10,36.0,0.694,10.0,6.0,1120.0,0.484,205.0,0.38,622.0,0.696,543.0,1478.0,692.0,322.0,213.0,523.0,713.0,,113.6,0.387,0.233,0.56,53.2,61.8,11.9,14.3,0.529,16.0,40.7,0.269,1.0,18.04,5.79,11.0,7.0,1.0,0.0,ACC
2001,First Round,5,Ohio State,12,Utah State,1,31.0,0.645,11.0,5.0,775.0,0.471,169.0,0.381,487.0,0.699,355.0,1090.0,473.0,161.0,160.0,471.0,607.0,,105.8,0.424,0.269,0.558,53.4,61.0,7.7,13.8,0.522,19.2,37.5,0.296,1.0,5.31,10.36,6.0,2.0,1.0,0.0,Big Ten,34.0,0.824,13.0,3.0,852.0,0.485,200.0,0.39,500.0,0.673,370.0,1177.0,511.0,220.0,132.0,486.0,581.0,,109.0,0.423,0.292,0.57,52.9,60.0,10.0,11.1,0.542,18.7,35.5,0.285,0.0,-1.32,11.31,3.0,0.0,0.0,0.0,Big West
2001,Second Round,4,UCLA,12,Utah State,0,32.0,0.719,14.0,4.0,902.0,0.463,190.0,0.355,550.0,0.663,441.0,1219.0,464.0,249.0,127.0,515.0,670.0,,105.5,0.426,0.275,0.543,51.7,51.4,10.3,10.5,0.512,18.0,37.2,0.282,1.0,13.69,3.44,5.0,4.0,0.0,0.0,Pac-10,34.0,0.824,13.0,3.0,852.0,0.485,200.0,0.39,500.0,0.673,370.0,1177.0,511.0,220.0,132.0,486.0,581.0,,109.0,0.423,0.292,0.57,52.9,60.0,10.0,11.1,0.542,18.7,35.5,0.285,0.0,-1.32,11.31,3.0,0.0,0.0,0.0,Big West
2001,First Round,4,UCLA,13,Hofstra,0,32.0,0.719,14.0,4.0,902.0,0.463,190.0,0.355,550.0,0.663,441.0,1219.0,464.0,249.0,127.0,515.0,670.0,,105.5,0.426,0.275,0.543,51.7,51.4,10.3,10.5,0.512,18.0,37.2,0.282,1.0,13.69,3.44,5.0,4.0,0.0,0.0,Pac-10,31.0,0.839,16.0,2.0,784.0,0.473,167.0,0.332,522.0,0.647,373.0,1166.0,414.0,237.0,119.0,511.0,547.0,,103.5,0.487,0.304,0.553,54.2,52.8,10.9,10.3,0.524,20.0,36.4,0.315,0.0,-2.55,7.66,2.0,0.0,0.0,0.0,AEC
2001,First Round,6,USC,11,Oklahoma State,0,34.0,0.706,11.0,7.0,898.0,0.459,208.0,0.348,616.0,0.706,422.0,1250.0,514.0,259.0,151.0,512.0,617.0,,106.7,0.447,0.305,0.553,51.6,57.2,10.5,11.0,0.513,17.8,35.7,0.315,1.0,11.0,5.53,2.0,1.0,0.0,0.0,Pac-10,30.0,0.667,10.0,6.0,767.0,0.464,129.0,0.327,466.0,0.633,364.0,1139.0,406.0,241.0,115.0,506.0,568.0,,99.6,0.446,0.239,0.532,52.3,52.9,11.3,9.8,0.503,20.2,34.8,0.282,0.0,2.43,8.4,22.0,11.0,2.0,0.0,Big 12
2001,First Round,3,Boston College,14,Southern Utah,0,32.0,0.844,13.0,3.0,879.0,0.454,230.0,0.353,559.0,0.709,486.0,1166.0,464.0,326.0,97.0,423.0,652.0,,113.6,0.407,0.337,0.552,51.3,52.8,14.5,8.2,0.514,15.5,41.6,0.289,1.0,10.71,7.28,3.0,0.0,0.0,0.0,Big East,31.0,0.806,13.0,3.0,783.0,0.489,197.0,0.4,480.0,0.713,335.0,997.0,462.0,321.0,87.0,470.0,613.0,,108.6,0.42,0.308,0.584,50.9,59.0,15.5,9.6,0.55,19.7,36.5,0.3,0.0,-0.86,3.88,1.0,0.0,0.0,0.0,Mid-Cont
2001,First Round,7,Iowa,10,Creighton,0,35.0,0.657,7.0,9.0,815.0,0.43,210.0,0.366,753.0,0.705,482.0,1351.0,474.0,191.0,83.0,520.0,783.0,,106.1,0.564,0.302,0.54,54.7,58.2,7.8,6.6,0.485,17.8,38.6,0.397,0.0,9.44,4.81,2.0,1.0,0.0,0.0,Big Ten,32.0,0.75,14.0,4.0,788.0,0.442,249.0,0.359,500.0,0.702,357.0,1084.0,490.0,293.0,114.0,426.0,646.0,,106.2,0.4,0.389,0.548,50.8,62.2,13.4,10.3,0.512,16.7,32.3,0.281,0.0,3.67,8.74,4.0,0.0,0.0,0.0,MVC
2001,First Round,2,Kentucky,15,Holy Cross,0,34.0,0.706,12.0,4.0,988.0,0.482,245.0,0.346,492.0,0.655,464.0,1311.0,539.0,229.0,151.0,513.0,631.0,,110.2,0.366,0.345,0.563,51.9,54.6,9.3,10.8,0.541,17.6,39.2,0.24,1.0,13.9,6.42,8.0,6.0,1.0,1.0,SEC,30.0,0.733,10.0,2.0,640.0,0.445,136.0,0.351,618.0,0.657,388.0,1155.0,385.0,188.0,157.0,512.0,583.0,,101.1,0.654,0.27,0.54,55.6,60.2,9.3,14.3,0.493,21.4,39.9,0.43,0.0,-7.05,6.74,3.0,1.0,0.0,0.0,Patriot
2001,Second Round,2,Kentucky,7,Iowa,0,34.0,0.706,12.0,4.0,988.0,0.482,245.0,0.346,492.0,0.655,464.0,1311.0,539.0,229.0,151.0,513.0,631.0,,110.2,0.366,0.345,0.563,51.9,54.6,9.3,10.8,0.541,17.6,39.2,0.24,1.0,13.9,6.42,8.0,6.0,1.0,1.0,SEC,35.0,0.657,7.0,9.0,815.0,0.43,210.0,0.366,753.0,0.705,482.0,1351.0,474.0,191.0,83.0,520.0,783.0,,106.1,0.564,0.302,0.54,54.7,58.2,7.8,6.6,0.485,17.8,38.6,0.397,0.0,9.44,4.81,2.0,1.0,0.0,0.0,Big Ten
2001,First Round,1,Michigan State,16,Alabama State,0,33.0,0.848,13.0,3.0,957.0,0.489,146.0,0.322,493.0,0.719,514.0,1404.0,579.0,210.0,133.0,451.0,611.0,,115.3,0.351,0.231,0.559,61.1,60.5,9.5,11.1,0.526,16.5,47.1,0.252,1.0,11.25,13.87,4.0,4.0,3.0,1.0,Big Ten,31.0,0.71,15.0,3.0,756.0,0.441,165.0,0.326,458.0,0.658,386.0,1175.0,410.0,260.0,93.0,510.0,502.0,,98.7,0.406,0.295,0.522,49.5,54.2,12.0,6.9,0.489,20.0,34.0,0.267,0.0,-11.39,2.4,1.0,0.0,0.0,0.0,SWAC
2001,Second Round,1,Michigan State,9,Fresno State,0,33.0,0.848,13.0,3.0,957.0,0.489,146.0,0.322,493.0,0.719,514.0,1404.0,579.0,210.0,133.0,451.0,611.0,,115.3,0.351,0.231,0.559,61.1,60.5,9.5,11.1,0.526,16.5,47.1,0.252,1.0,11.25,13.87,4.0,4.0,3.0,1.0,Big Ten,33.0,0.788,13.0,3.0,954.0,0.47,241.0,0.355,540.0,0.681,389.0,1240.0,592.0,330.0,209.0,551.0,626.0,,109.8,0.391,0.334,0.559,50.7,62.1,13.5,15.3,0.529,18.6,34.6,0.266,1.0,13.08,2.56,18.0,13.0,4.0,1.0,WAC
2001,First Round,8,California,9,Fresno State,1,31.0,0.645,11.0,7.0,813.0,0.479,176.0,0.35,502.0,0.686,281.0,998.0,508.0,225.0,66.0,424.0,570.0,,105.5,0.431,0.296,0.563,49.3,62.5,10.3,6.1,0.53,17.2,27.9,0.295,0.0,7.43,7.34,5.0,2.0,0.0,0.0,Pac-10,33.0,0.788,13.0,3.0,954.0,0.47,241.0,0.355,540.0,0.681,389.0,1240.0,592.0,330.0,209.0,551.0,626.0,,109.8,0.391,0.334,0.559,50.7,62.1,13.5,15.3,0.529,18.6,34.6,0.266,1.0,13.08,2.56,18.0,13.0,4.0,1.0,WAC
2001,Sweet Sixteen,1,Michigan State,12,Gonzaga,0,33.0,0.848,13.0,3.0,957.0,0.489,146.0,0.322,493.0,0.719,514.0,1404.0,579.0,210.0,133.0,451.0,611.0,,115.3,0.351,0.231,0.559,61.1,60.5,9.5,11.1,0.526,16.5,47.1,0.252,1.0,11.25,13.87,4.0,4.0,3.0,1.0,Big Ten,33.0,0.788,13.0,1.0,915.0,0.51,245.0,0.404,645.0,0.681,369.0,1265.0,537.0,191.0,135.0,472.0,619.0,,116.3,0.528,0.338,0.606,53.6,58.7,8.2,10.2,0.579,17.4,35.0,0.36,0.0,12.17,0.4,2.0,2.0,0.0,0.0,WCC
2001,First Round,5,Virginia,12,Gonzaga,1,29.0,0.69,9.0,7.0,852.0,0.455,204.0,0.369,556.0,0.736,437.0,1131.0,420.0,221.0,98.0,399.0,590.0,,112.7,0.403,0.295,0.552,53.9,49.3,10.1,8.4,0.51,15.2,39.5,0.297,1.0,16.17,2.77,9.0,2.0,0.0,0.0,ACC,33.0,0.788,13.0,1.0,915.0,0.51,245.0,0.404,645.0,0.681,369.0,1265.0,537.0,191.0,135.0,472.0,619.0,,116.3,0.528,0.338,0.606,53.6,58.7,8.2,10.2,0.579,17.4,35.0,0.36,0.0,12.17,0.4,2.0,2.0,0.0,0.0,WCC
2001,Elite Eight,1,Michigan State,11,Temple,0,33.0,0.848,13.0,3.0,957.0,0.489,146.0,0.322,493.0,0.719,514.0,1404.0,579.0,210.0,133.0,451.0,611.0,,115.3,0.351,0.231,0.559,61.1,60.5,9.5,11.1,0.526,16.5,47.1,0.252,1.0,11.25,13.87,4.0,4.0,3.0,1.0,Big Ten,37.0,0.649,12.0,4.0,926.0,0.427,281.0,0.345,471.0,0.7,494.0,1322.0,416.0,270.0,138.0,307.0,585.0,,113.3,0.31,0.376,0.523,50.1,44.9,11.7,12.9,0.492,11.0,36.9,0.217,1.0,3.63,12.57,17.0,5.0,0.0,0.0,A-10
2001,First Round,6,Texas,11,Temple,1,34.0,0.735,12.0,4.0,819.0,0.412,215.0,0.343,543.0,0.65,483.0,1346.0,414.0,268.0,191.0,502.0,771.0,,100.1,0.42,0.315,0.502,50.4,50.5,11.2,14.0,0.466,17.4,36.2,0.273,0.0,3.82,10.44,9.0,1.0,0.0,0.0,Big 12,37.0,0.649,12.0,4.0,926.0,0.427,281.0,0.345,471.0,0.7,494.0,1322.0,416.0,270.0,138.0,307.0,585.0,,113.3,0.31,0.376,0.523,50.1,44.9,11.7,12.9,0.492,11.0,36.9,0.217,1.0,3.63,12.57,17.0,5.0,0.0,0.0,A-10
2001,Second Round,3,Florida,11,Temple,1,31.0,0.774,12.0,4.0,849.0,0.481,256.0,0.383,555.0,0.729,319.0,1145.0,538.0,271.0,114.0,451.0,589.0,,111.4,0.431,0.379,0.59,51.7,63.4,12.0,9.4,0.554,17.5,30.9,0.315,1.0,13.41,7.95,3.0,2.0,1.0,0.0,SEC,37.0,0.649,12.0,4.0,926.0,0.427,281.0,0.345,471.0,0.7,494.0,1322.0,416.0,270.0,138.0,307.0,585.0,,113.3,0.31,0.376,0.523,50.1,44.9,11.7,12.9,0.492,11.0,36.9,0.217,1.0,3.63,12.57,17.0,5.0,0.0,0.0,A-10
2001,Sweet Sixteen,7,Penn State,11,Temple,1,33.0,0.636,7.0,9.0,835.0,0.426,278.0,0.367,587.0,0.764,349.0,1069.0,481.0,279.0,117.0,407.0,657.0,,106.4,0.391,0.386,0.545,44.7,57.6,11.7,8.0,0.496,14.9,28.4,0.299,0.0,13.03,-0.61,2.0,1.0,0.0,0.0,Big Ten,37.0,0.649,12.0,4.0,926.0,0.427,281.0,0.345,471.0,0.7,494.0,1322.0,416.0,270.0,138.0,307.0,585.0,,113.3,0.31,0.376,0.523,50.1,44.9,11.7,12.9,0.492,11.0,36.9,0.217,1.0,3.63,12.57,17.0,5.0,0.0,0.0,A-10
2001,First Round,4,Oklahoma,13,Indiana State,1,33.0,0.788,12.0,4.0,859.0,0.446,242.0,0.381,494.0,0.74,420.0,1184.0,444.0,281.0,91.0,420.0,706.0,,109.0,0.347,0.331,0.547,51.9,51.7,12.5,7.9,0.509,15.8,35.9,0.257,1.0,5.73,9.83,8.0,1.0,0.0,0.0,Big 12,34.0,0.647,10.0,8.0,861.0,0.46,213.0,0.359,544.0,0.705,334.0,1069.0,521.0,237.0,100.0,402.0,576.0,,108.0,0.412,0.317,0.554,47.7,60.5,10.3,7.1,0.517,15.2,29.2,0.291,0.0,4.56,2.41,2.0,0.0,0.0,0.0,MVC
2001,Second Round,12,Gonzaga,13,Indiana State,0,33.0,0.788,13.0,1.0,915.0,0.51,245.0,0.404,645.0,0.681,369.0,1265.0,537.0,191.0,135.0,472.0,619.0,,116.3,0.528,0.338,0.606,53.6,58.7,8.2,10.2,0.579,17.4,35.0,0.36,0.0,12.17,0.4,2.0,2.0,0.0,0.0,WCC,34.0,0.647,10.0,8.0,861.0,0.46,213.0,0.359,544.0,0.705,334.0,1069.0,521.0,237.0,100.0,402.0,576.0,,108.0,0.412,0.317,0.554,47.7,60.5,10.3,7.1,0.517,15.2,29.2,0.291,0.0,4.56,2.41,2.0,0.0,0.0,0.0,MVC
2001,First Round,3,Florida,14,Western Kentucky,0,31.0,0.774,12.0,4.0,849.0,0.481,256.0,0.383,555.0,0.729,319.0,1145.0,538.0,271.0,114.0,451.0,589.0,,111.4,0.431,0.379,0.59,51.7,63.4,12.0,9.4,0.554,17.5,30.9,0.315,1.0,13.41,7.95,3.0,2.0,1.0,0.0,SEC,31.0,0.774,14.0,2.0,812.0,0.454,213.0,0.352,466.0,0.691,441.0,1240.0,452.0,246.0,155.0,453.0,588.0,,108.2,0.377,0.338,0.546,56.8,55.7,11.6,13.2,0.513,17.7,40.8,0.26,0.0,1.41,7.28,1.0,0.0,0.0,0.0,Sun Belt
2001,First Round,7,Penn State,10,Providence,0,33.0,0.636,7.0,9.0,835.0,0.426,278.0,0.367,587.0,0.764,349.0,1069.0,481.0,279.0,117.0,407.0,657.0,,106.4,0.391,0.386,0.545,44.7,57.6,11.7,8.0,0.496,14.9,28.4,0.299,0.0,13.03,-0.61,2.0,1.0,0.0,0.0,Big Ten,31.0,0.677,11.0,5.0,806.0,0.446,249.0,0.4,498.0,0.719,391.0,1129.0,506.0,286.0,172.0,467.0,644.0,71.6,106.2,0.383,0.344,0.552,50.0,62.8,12.9,13.6,0.514,17.9,36.0,0.275,0.0,6.75,7.0,2.0,0.0,0.0,0.0,Big East
2001,First Round,2,UNC,15,Princeton,0,33.0,0.788,13.0,3.0,945.0,0.479,189.0,0.364,532.0,0.67,411.0,1363.0,576.0,244.0,184.0,518.0,576.0,,106.5,0.403,0.263,0.556,52.6,61.0,10.0,12.7,0.527,18.1,35.2,0.27,1.0,12.84,7.12,1.0,0.0,0.0,0.0,ACC,27.0,0.593,11.0,3.0,540.0,0.449,218.0,0.352,264.0,0.727,174.0,692.0,383.0,180.0,61.0,340.0,456.0,,100.8,0.302,0.515,0.568,46.2,70.9,11.6,7.8,0.539,19.8,24.3,0.219,0.0,-14.09,11.56,1.0,0.0,0.0,0.0,Ivy
2001,Second Round,2,UNC,7,Penn State,1,33.0,0.788,13.0,3.0,945.0,0.479,189.0,0.364,532.0,0.67,411.0,1363.0,576.0,244.0,184.0,518.0,576.0,,106.5,0.403,0.263,0.556,52.6,61.0,10.0,12.7,0.527,18.1,35.2,0.27,1.0,12.84,7.12,1.0,0.0,0.0,0.0,ACC,33.0,0.636,7.0,9.0,835.0,0.426,278.0,0.367,587.0,0.764,349.0,1069.0,481.0,279.0,117.0,407.0,657.0,,106.4,0.391,0.386,0.545,44.7,57.6,11.7,8.0,0.496,14.9,28.4,0.299,0.0,13.03,-0.61,2.0,1.0,0.0,0.0,Big Ten
2001,First Round,1,Stanford,16,UNC Greensboro,0,34.0,0.912,16.0,2.0,953.0,0.511,252.0,0.429,671.0,0.743,365.0,1244.0,568.0,187.0,108.0,438.0,778.0,,119.4,0.484,0.315,0.617,55.6,59.6,7.9,7.7,0.579,16.0,35.8,0.36,1.0,15.27,10.5,9.0,3.0,1.0,0.0,Pac-10,31.0,0.613,10.0,6.0,773.0,0.444,184.0,0.383,552.0,0.769,343.0,1049.0,414.0,271.0,118.0,475.0,648.0,,103.2,0.412,0.276,0.548,47.8,53.6,12.3,9.4,0.497,18.6,32.4,0.317,0.0,-0.23,-4.79,2.0,0.0,0.0,0.0,Southern
2001,Second Round,1,Stanford,9,St. Joseph's,0,34.0,0.912,16.0,2.0,953.0,0.511,252.0,0.429,671.0,0.743,365.0,1244.0,568.0,187.0,108.0,438.0,778.0,,119.4,0.484,0.315,0.617,55.6,59.6,7.9,7.7,0.579,16.0,35.8,0.36,1.0,15.27,10.5,9.0,3.0,1.0,0.0,Pac-10,33.0,0.788,14.0,2.0,905.0,0.482,255.0,0.356,560.0,0.693,368.0,1241.0,590.0,204.0,128.0,479.0,652.0,,110.2,0.43,0.381,0.58,52.2,65.2,8.6,9.3,0.549,17.5,33.5,0.298,0.0,10.62,2.11,2.0,1.0,0.0,0.0,A-10
2001,First Round,8,Georgia Tech,9,St. Joseph's,1,30.0,0.567,8.0,8.0,776.0,0.426,260.0,0.371,457.0,0.69,345.0,1125.0,488.0,238.0,136.0,474.0,645.0,,100.2,0.363,0.384,0.531,48.4,62.9,10.5,10.8,0.497,18.2,30.3,0.251,0.0,7.81,6.71,2.0,0.0,0.0,0.0,ACC,33.0,0.788,14.0,2.0,905.0,0.482,255.0,0.356,560.0,0.693,368.0,1241.0,590.0,204.0,128.0,479.0,652.0,,110.2,0.43,0.381,0.58,52.2,65.2,8.6,9.3,0.549,17.5,33.5,0.298,0.0,10.62,2.11,2.0,1.0,0.0,0.0,A-10
2001,Sweet Sixteen,1,Stanford,5,Cincinnati,0,34.0,0.912,16.0,2.0,953.0,0.511,252.0,0.429,671.0,0.743,365.0,1244.0,568.0,187.0,108.0,438.0,778.0,,119.4,0.484,0.315,0.617,55.6,59.6,7.9,7.7,0.579,16.0,35.8,0.36,1.0,15.27,10.5,9.0,3.0,1.0,0.0,Pac-10,35.0,0.714,11.0,5.0,921.0,0.444,214.0,0.357,530.0,0.697,464.0,1216.0,451.0,194.0,118.0,380.0,666.0,,110.0,0.366,0.289,0.531,49.5,49.0,8.3,8.9,0.495,13.5,36.9,0.255,1.0,6.57,9.62,11.0,4.0,1.0,0.0,CUSA
2001,First Round,5,Cincinnati,12,BYU,0,35.0,0.714,11.0,5.0,921.0,0.444,214.0,0.357,530.0,0.697,464.0,1216.0,451.0,194.0,118.0,380.0,666.0,,110.0,0.366,0.289,0.531,49.5,49.0,8.3,8.9,0.495,13.5,36.9,0.255,1.0,6.57,9.62,11.0,4.0,1.0,0.0,CUSA,33.0,0.727,10.0,4.0,744.0,0.459,185.0,0.381,651.0,0.78,292.0,1052.0,414.0,203.0,108.0,433.0,491.0,,108.8,0.515,0.299,0.576,50.2,55.6,9.5,9.3,0.516,17.7,29.5,0.402,0.0,2.3,8.65,1.0,0.0,0.0,0.0,MWC
2001,Second Round,5,Cincinnati,13,Kent State,0,35.0,0.714,11.0,5.0,921.0,0.444,214.0,0.357,530.0,0.697,464.0,1216.0,451.0,194.0,118.0,380.0,666.0,,110.0,0.366,0.289,0.531,49.5,49.0,8.3,8.9,0.495,13.5,36.9,0.255,1.0,6.57,9.62,11.0,4.0,1.0,0.0,CUSA,34.0,0.706,13.0,5.0,823.0,0.429,180.0,0.349,564.0,0.763,403.0,1103.0,429.0,233.0,105.0,346.0,671.0,,108.3,0.385,0.269,0.527,48.4,52.1,10.6,8.3,0.476,13.2,34.0,0.294,0.0,0.34,8.34,2.0,0.0,0.0,0.0,MAC
2001,First Round,4,Indiana,13,Kent State,1,34.0,0.618,10.0,6.0,858.0,0.453,181.0,0.362,511.0,0.636,377.0,1268.0,513.0,231.0,178.0,496.0,650.0,,100.8,0.424,0.264,0.529,51.4,59.8,9.7,12.8,0.5,17.9,31.5,0.27,1.0,5.87,11.71,1.0,0.0,0.0,0.0,Big Ten,34.0,0.706,13.0,5.0,823.0,0.429,180.0,0.349,564.0,0.763,403.0,1103.0,429.0,233.0,105.0,346.0,671.0,,108.3,0.385,0.269,0.527,48.4,52.1,10.6,8.3,0.476,13.2,34.0,0.294,0.0,0.34,8.34,2.0,0.0,0.0,0.0,MAC
2001,First Round,6,Wisconsin,11,Georgia State,1,29.0,0.621,9.0,7.0,575.0,0.426,174.0,0.365,399.0,0.702,233.0,869.0,358.0,172.0,68.0,337.0,520.0,,99.4,0.421,0.354,0.532,50.3,62.3,9.9,7.7,0.491,17.2,27.1,0.296,0.0,-5.24,20.14,1.0,0.0,0.0,0.0,Big Ten,34.0,0.853,16.0,2.0,929.0,0.449,276.0,0.354,567.0,0.702,441.0,1171.0,449.0,351.0,129.0,435.0,617.0,,110.8,0.391,0.377,0.551,49.8,48.3,14.4,9.4,0.516,15.1,36.3,0.274,0.0,6.59,-1.34,13.0,8.0,0.0,0.0,TAAC
2001,Second Round,3,Maryland,11,Georgia State,0,36.0,0.694,10.0,6.0,1120.0,0.484,205.0,0.38,622.0,0.696,543.0,1478.0,692.0,322.0,213.0,523.0,713.0,,113.6,0.387,0.233,0.56,53.2,61.8,11.9,14.3,0.529,16.0,40.7,0.269,1.0,18.04,5.79,11.0,7.0,1.0,0.0,ACC,34.0,0.853,16.0,2.0,929.0,0.449,276.0,0.354,567.0,0.702,441.0,1171.0,449.0,351.0,129.0,435.0,617.0,,110.8,0.391,0.377,0.551,49.8,48.3,14.4,9.4,0.516,15.1,36.3,0.274,0.0,6.59,-1.34,13.0,8.0,0.0,0.0,TAAC
2001,First Round,3,Maryland,14,George Mason,0,36.0,0.694,10.0,6.0,1120.0,0.484,205.0,0.38,622.0,0.696,543.0,1478.0,692.0,322.0,213.0,523.0,713.0,,113.6,0.387,0.233,0.56,53.2,61.8,11.9,14.3,0.529,16.0,40.7,0.269,1.0,18.04,5.79,11.0,7.0,1.0,0.0,ACC,30.0,0.6,11.0,5.0,784.0,0.46,142.0,0.323,417.0,0.659,357.0,1018.0,411.0,252.0,129.0,429.0,544.0,,103.3,0.371,0.257,0.53,50.3,52.4,12.2,11.4,0.501,17.6,34.5,0.245,0.0,1.84,3.28,2.0,0.0,0.0,0.0,CAA
2001,Sweet Sixteen,3,Maryland,10,Georgetown,0,36.0,0.694,10.0,6.0,1120.0,0.484,205.0,0.38,622.0,0.696,543.0,1478.0,692.0,322.0,213.0,523.0,713.0,,113.6,0.387,0.233,0.56,53.2,61.8,11.9,14.3,0.529,16.0,40.7,0.269,1.0,18.04,5.79,11.0,7.0,1.0,0.0,ACC,33.0,0.758,10.0,6.0,924.0,0.437,186.0,0.332,540.0,0.661,607.0,1481.0,547.0,324.0,198.0,550.0,694.0,,105.3,0.386,0.265,0.514,55.7,59.2,13.3,14.8,0.481,18.0,45.3,0.255,0.0,7.02,5.04,1.0,1.0,0.0,0.0,Big East
2001,First Round,7,Arkansas,10,Georgetown,1,31.0,0.645,10.0,6.0,881.0,0.443,273.0,0.368,441.0,0.69,410.0,1100.0,476.0,365.0,124.0,451.0,654.0,,106.8,0.321,0.372,0.54,46.3,54.0,15.7,10.6,0.511,16.4,34.6,0.222,1.0,11.07,6.18,16.0,6.0,3.0,1.0,SEC,33.0,0.758,10.0,6.0,924.0,0.437,186.0,0.332,540.0,0.661,607.0,1481.0,547.0,324.0,198.0,550.0,694.0,,105.3,0.386,0.265,0.514,55.7,59.2,13.3,14.8,0.481,18.0,45.3,0.255,0.0,7.02,5.04,1.0,1.0,0.0,0.0,Big East
2001,First Round,2,Iowa State,15,Hampton,1,31.0,0.806,13.0,3.0,823.0,0.474,182.0,0.417,623.0,0.728,375.0,1228.0,429.0,190.0,102.0,467.0,636.0,,109.6,0.493,0.251,0.572,56.3,52.1,8.5,8.1,0.527,17.9,36.2,0.359,1.0,9.99,5.91,3.0,1.0,0.0,0.0,Big 12,32.0,0.781,14.0,4.0,850.0,0.46,200.0,0.348,571.0,0.684,434.0,1243.0,449.0,218.0,185.0,489.0,596.0,,107.6,0.452,0.311,0.551,51.7,52.8,9.5,13.6,0.515,17.9,38.2,0.309,0.0,2.25,-5.91,1.0,0.0,0.0,0.0,MEAC
2001,Second Round,10,Georgetown,15,Hampton,0,33.0,0.758,10.0,6.0,924.0,0.437,186.0,0.332,540.0,0.661,607.0,1481.0,547.0,324.0,198.0,550.0,694.0,,105.3,0.386,0.265,0.514,55.7,59.2,13.3,14.8,0.481,18.0,45.3,0.255,0.0,7.02,5.04,1.0,1.0,0.0,0.0,Big East,32.0,0.781,14.0,4.0,850.0,0.46,200.0,0.348,571.0,0.684,434.0,1243.0,449.0,218.0,185.0,489.0,596.0,,107.6,0.452,0.311,0.551,51.7,52.8,9.5,13.6,0.515,17.9,38.2,0.309,0.0,2.25,-5.91,1.0,0.0,0.0,0.0,MEAC
2002,Play-In,16,Alcorn State,16,Siena,1,31.0,0.677,16.0,2.0,900.0,0.465,173.0,0.378,500.0,0.644,453.0,1243.0,496.0,258.0,125.0,538.0,,,,0.402,0.237,0.537,53.3,55.1,,6.4,0.51,18.9,,0.258,0.0,0.49,-11.77,6.0,0.0,0.0,0.0,SWAC,36.0,0.472,9.0,9.0,853.0,0.417,250.0,0.346,561.0,0.744,402.0,1361.0,465.0,199.0,149.0,550.0,,,,0.369,0.353,0.524,50.4,54.5,,7.2,0.478,18.6,,0.274,0.0,-2.91,0.17,1.0,0.0,0.0,0.0,MAAC
2002,First Round,1,Maryland,16,Siena,0,36.0,0.889,15.0,1.0,1083.0,0.482,217.0,0.374,677.0,0.726,473.0,1479.0,714.0,302.0,216.0,495.0,,,,0.415,0.258,0.569,52.4,65.9,,9.4,0.53,15.5,,0.301,1.0,18.19,5.27,12.0,8.0,2.0,1.0,ACC,36.0,0.472,9.0,9.0,853.0,0.417,250.0,0.346,561.0,0.744,402.0,1361.0,465.0,199.0,149.0,550.0,,,,0.369,0.353,0.524,50.4,54.5,,7.2,0.478,18.6,,0.274,0.0,-2.91,0.17,1.0,0.0,0.0,0.0,MAAC
2002,Second Round,1,Maryland,8,Wisconsin,0,36.0,0.889,15.0,1.0,1083.0,0.482,217.0,0.374,677.0,0.726,473.0,1479.0,714.0,302.0,216.0,495.0,,,,0.415,0.258,0.569,52.4,65.9,,9.4,0.53,15.5,,0.301,1.0,18.19,5.27,12.0,8.0,2.0,1.0,ACC,32.0,0.594,11.0,5.0,731.0,0.436,211.0,0.356,471.0,0.719,328.0,1032.0,407.0,188.0,60.0,414.0,,,,0.391,0.354,0.54,49.9,55.7,,3.5,0.499,17.2,,0.281,0.0,1.16,8.94,1.0,0.0,0.0,0.0,Big Ten
2002,Sweet Sixteen,1,Maryland,4,Kentucky,0,36.0,0.889,15.0,1.0,1083.0,0.482,217.0,0.374,677.0,0.726,473.0,1479.0,714.0,302.0,216.0,495.0,,,,0.415,0.258,0.569,52.4,65.9,,9.4,0.53,15.5,,0.301,1.0,18.19,5.27,12.0,8.0,2.0,1.0,ACC,32.0,0.688,10.0,6.0,905.0,0.448,219.0,0.316,431.0,0.676,492.0,1283.0,471.0,252.0,153.0,460.0,,,,0.316,0.342,0.529,53.7,52.0,,8.1,0.502,16.5,,0.213,1.0,9.73,9.43,9.0,7.0,1.0,1.0,SEC
2002,Elite Eight,1,Maryland,2,UConn,0,36.0,0.889,15.0,1.0,1083.0,0.482,217.0,0.374,677.0,0.726,473.0,1479.0,714.0,302.0,216.0,495.0,,,,0.415,0.258,0.569,52.4,65.9,,9.4,0.53,15.5,,0.301,1.0,18.19,5.27,12.0,8.0,2.0,1.0,ACC,34.0,0.794,13.0,3.0,972.0,0.483,154.0,0.394,548.0,0.696,464.0,1381.0,494.0,256.0,236.0,545.0,,,,0.391,0.194,0.555,53.0,50.8,,10.8,0.521,18.6,,0.272,1.0,8.82,6.57,15.0,8.0,1.0,1.0,Big East
2002,National Championship,1,Maryland,5,Indiana,0,36.0,0.889,15.0,1.0,1083.0,0.482,217.0,0.374,677.0,0.726,473.0,1479.0,714.0,302.0,216.0,495.0,,,,0.415,0.258,0.569,52.4,65.9,,9.4,0.53,15.5,,0.301,1.0,18.19,5.27,12.0,8.0,2.0,1.0,ACC,37.0,0.676,11.0,5.0,916.0,0.46,270.0,0.41,505.0,0.696,406.0,1303.0,546.0,254.0,192.0,508.0,,,,0.365,0.331,0.558,51.2,59.6,,9.3,0.528,17.9,,0.254,1.0,5.53,13.66,2.0,1.0,1.0,0.0,Big Ten
2002,Sweet Sixteen,1,Duke,5,Indiana,1,35.0,0.886,13.0,3.0,1093.0,0.495,301.0,0.363,625.0,0.69,428.0,1303.0,625.0,351.0,113.0,501.0,,,,0.41,0.376,0.59,50.7,57.2,,5.3,0.563,16.0,,0.283,1.0,21.3,7.6,18.0,13.0,9.0,3.0,ACC,37.0,0.676,11.0,5.0,916.0,0.46,270.0,0.41,505.0,0.696,406.0,1303.0,546.0,254.0,192.0,508.0,,,,0.365,0.331,0.558,51.2,59.6,,9.3,0.528,17.9,,0.254,1.0,5.53,13.66,2.0,1.0,1.0,0.0,Big Ten
2002,Final Four,2,Oklahoma,5,Indiana,1,36.0,0.861,13.0,3.0,1011.0,0.443,236.0,0.35,549.0,0.767,543.0,1439.0,517.0,325.0,134.0,427.0,,,,0.314,0.295,0.535,54.0,51.1,,6.8,0.495,14.0,,0.241,1.0,9.43,11.59,9.0,2.0,1.0,0.0,Big 12,37.0,0.676,11.0,5.0,916.0,0.46,270.0,0.41,505.0,0.696,406.0,1303.0,546.0,254.0,192.0,508.0,,,,0.365,0.331,0.558,51.2,59.6,,9.3,0.528,17.9,,0.254,1.0,5.53,13.66,2.0,1.0,1.0,0.0,Big Ten
2002,First Round,8,Wisconsin,9,St. John's (NY),0,32.0,0.594,11.0,5.0,731.0,0.436,211.0,0.356,471.0,0.719,328.0,1032.0,407.0,188.0,60.0,414.0,,,,0.391,0.354,0.54,49.9,55.7,,3.5,0.499,17.2,,0.281,0.0,1.16,8.94,1.0,0.0,0.0,0.0,Big Ten,32.0,0.625,9.0,7.0,784.0,0.401,139.0,0.287,543.0,0.67,498.0,1206.0,368.0,323.0,120.0,484.0,,,,0.415,0.248,0.481,50.0,46.9,,6.8,0.437,17.1,,0.278,0.0,1.6,6.21,9.0,2.0,0.0,0.0,Big East
2002,First Round,5,Marquette,12,Tulsa,1,33.0,0.788,13.0,3.0,871.0,0.473,173.0,0.379,498.0,0.692,420.0,1170.0,462.0,279.0,113.0,455.0,,,,0.391,0.248,0.553,53.4,53.0,,6.4,0.52,17.2,,0.271,1.0,4.38,12.79,1.0,0.0,0.0,0.0,CUSA,34.0,0.794,15.0,3.0,961.0,0.477,259.0,0.405,545.0,0.753,373.0,1214.0,586.0,269.0,153.0,436.0,,,,0.359,0.317,0.578,50.9,61.0,,7.7,0.541,15.6,,0.27,0.0,10.81,1.85,1.0,0.0,0.0,0.0,WAC
2002,Second Round,4,Kentucky,12,Tulsa,0,32.0,0.688,10.0,6.0,905.0,0.448,219.0,0.316,431.0,0.676,492.0,1283.0,471.0,252.0,153.0,460.0,,,,0.316,0.342,0.529,53.7,52.0,,8.1,0.502,16.5,,0.213,1.0,9.73,9.43,9.0,7.0,1.0,1.0,SEC,34.0,0.794,15.0,3.0,961.0,0.477,259.0,0.405,545.0,0.753,373.0,1214.0,586.0,269.0,153.0,436.0,,,,0.359,0.317,0.578,50.9,61.0,,7.7,0.541,15.6,,0.27,0.0,10.81,1.85,1.0,0.0,0.0,0.0,WAC
2002,First Round,4,Kentucky,13,Valparaiso,0,32.0,0.688,10.0,6.0,905.0,0.448,219.0,0.316,431.0,0.676,492.0,1283.0,471.0,252.0,153.0,460.0,,,,0.316,0.342,0.529,53.7,52.0,,8.1,0.502,16.5,,0.213,1.0,9.73,9.43,9.0,7.0,1.0,1.0,SEC,33.0,0.758,12.0,2.0,893.0,0.449,275.0,0.35,503.0,0.667,448.0,1242.0,570.0,334.0,136.0,437.0,,,,0.379,0.395,0.546,50.8,63.8,,7.3,0.518,15.7,,0.253,0.0,5.38,4.01,6.0,1.0,0.0,0.0,Mid-Cont
2002,First Round,6,Texas Tech,11,Southern Illinois,1,32.0,0.719,10.0,6.0,931.0,0.466,146.0,0.376,524.0,0.682,419.0,1230.0,588.0,243.0,134.0,397.0,,,,0.384,0.194,0.536,49.2,63.2,,6.5,0.502,14.4,,0.262,1.0,10.66,4.06,25.0,14.0,5.0,3.0,Big 12,36.0,0.778,14.0,4.0,976.0,0.461,220.0,0.366,545.0,0.619,483.0,1396.0,547.0,262.0,171.0,493.0,,,,0.416,0.284,0.536,52.2,56.0,,8.5,0.513,16.3,,0.258,0.0,6.37,3.41,1.0,1.0,0.0,0.0,MVC
2002,Second Round,3,Georgia,11,Southern Illinois,1,32.0,0.688,10.0,6.0,871.0,0.447,189.0,0.321,513.0,0.737,468.0,1226.0,495.0,281.0,114.0,455.0,,,,0.357,0.302,0.537,51.5,56.8,,5.8,0.496,16.7,,0.263,1.0,10.39,4.29,16.0,4.0,1.0,1.0,SEC,36.0,0.778,14.0,4.0,976.0,0.461,220.0,0.366,545.0,0.619,483.0,1396.0,547.0,262.0,171.0,493.0,,,,0.416,0.284,0.536,52.2,56.0,,8.5,0.513,16.3,,0.258,0.0,6.37,3.41,1.0,1.0,0.0,0.0,MVC
2002,Sweet Sixteen,2,UConn,11,Southern Illinois,0,34.0,0.794,13.0,3.0,972.0,0.483,154.0,0.394,548.0,0.696,464.0,1381.0,494.0,256.0,236.0,545.0,,,,0.391,0.194,0.555,53.0,50.8,,10.8,0.521,18.6,,0.272,1.0,8.82,6.57,15.0,8.0,1.0,1.0,Big East,36.0,0.778,14.0,4.0,976.0,0.461,220.0,0.366,545.0,0.619,483.0,1396.0,547.0,262.0,171.0,493.0,,,,0.416,0.284,0.536,52.2,56.0,,8.5,0.513,16.3,,0.258,0.0,6.37,3.41,1.0,1.0,0.0,0.0,MVC
2002,First Round,3,Georgia,14,Murray State,0,32.0,0.688,10.0,6.0,871.0,0.447,189.0,0.321,513.0,0.737,468.0,1226.0,495.0,281.0,114.0,455.0,,,,0.357,0.302,0.537,51.5,56.8,,5.8,0.496,16.7,,0.263,1.0,10.39,4.29,16.0,4.0,1.0,1.0,SEC,32.0,0.594,10.0,6.0,941.0,0.45,210.0,0.322,422.0,0.723,510.0,1281.0,465.0,258.0,158.0,456.0,,,,0.279,0.312,0.53,53.9,49.4,,8.6,0.5,16.1,,0.202,0.0,3.79,-3.12,2.0,0.0,0.0,0.0,OVC
2002,First Round,7,NC State,10,Michigan State,0,34.0,0.676,9.0,7.0,863.0,0.452,278.0,0.36,561.0,0.755,354.0,1119.0,547.0,269.0,72.0,452.0,,,,0.389,0.405,0.567,49.8,63.4,,4.0,0.525,16.6,,0.294,1.0,6.87,8.96,2.0,0.0,0.0,0.0,ACC,31.0,0.613,10.0,6.0,764.0,0.462,180.0,0.393,442.0,0.771,377.0,1163.0,438.0,155.0,93.0,461.0,,,,0.346,0.277,0.558,55.9,57.3,,5.4,0.516,19.3,,0.267,1.0,3.12,11.79,5.0,4.0,3.0,1.0,Big Ten
2002,First Round,2,UConn,15,Hampton,0,34.0,0.794,13.0,3.0,972.0,0.483,154.0,0.394,548.0,0.696,464.0,1381.0,494.0,256.0,236.0,545.0,,,,0.391,0.194,0.555,53.0,50.8,,10.8,0.521,18.6,,0.272,1.0,8.82,6.57,15.0,8.0,1.0,1.0,Big East,33.0,0.788,17.0,1.0,933.0,0.481,218.0,0.354,539.0,0.67,457.0,1241.0,470.0,265.0,115.0,489.0,,,,0.415,0.317,0.565,52.0,50.4,,5.8,0.537,17.4,,0.278,0.0,4.72,-5.13,2.0,0.0,0.0,0.0,MEAC
2002,Second Round,2,UConn,7,NC State,0,34.0,0.794,13.0,3.0,972.0,0.483,154.0,0.394,548.0,0.696,464.0,1381.0,494.0,256.0,236.0,545.0,,,,0.391,0.194,0.555,53.0,50.8,,10.8,0.521,18.6,,0.272,1.0,8.82,6.57,15.0,8.0,1.0,1.0,Big East,34.0,0.676,9.0,7.0,863.0,0.452,278.0,0.36,561.0,0.755,354.0,1119.0,547.0,269.0,72.0,452.0,,,,0.389,0.405,0.567,49.8,63.4,,4.0,0.525,16.6,,0.294,1.0,6.87,8.96,2.0,0.0,0.0,0.0,ACC
2002,First Round,1,Kansas,16,Holy Cross,0,37.0,0.892,16.0,0.0,1259.0,0.506,224.0,0.418,623.0,0.719,557.0,1638.0,767.0,357.0,210.0,602.0,,,,0.349,0.216,0.58,55.5,60.9,,8.5,0.551,17.2,,0.251,1.0,22.92,1.46,13.0,8.0,3.0,0.0,Big 12,33.0,0.545,9.0,5.0,694.0,0.406,148.0,0.337,547.0,0.692,420.0,1176.0,438.0,258.0,103.0,470.0,,,,0.462,0.257,0.499,54.3,63.1,,6.3,0.449,18.4,,0.32,0.0,-10.29,8.67,4.0,1.0,0.0,0.0,Patriot
2002,Second Round,1,Kansas,8,Stanford,0,37.0,0.892,16.0,0.0,1259.0,0.506,224.0,0.418,623.0,0.719,557.0,1638.0,767.0,357.0,210.0,602.0,,,,0.349,0.216,0.58,55.5,60.9,,8.5,0.551,17.2,,0.251,1.0,22.92,1.46,13.0,8.0,3.0,0.0,Big 12,30.0,0.667,12.0,6.0,822.0,0.451,207.0,0.34,569.0,0.7,446.0,1254.0,480.0,152.0,130.0,409.0,,,,0.446,0.334,0.548,55.7,58.4,,7.2,0.508,15.6,,0.312,1.0,12.66,4.37,10.0,3.0,1.0,0.0,Pac-10
2002,Sweet Sixteen,1,Kansas,4,Illinois,0,37.0,0.892,16.0,0.0,1259.0,0.506,224.0,0.418,623.0,0.719,557.0,1638.0,767.0,357.0,210.0,602.0,,,,0.349,0.216,0.58,55.5,60.9,,8.5,0.551,17.2,,0.251,1.0,22.92,1.46,13.0,8.0,3.0,0.0,Big 12,35.0,0.743,11.0,5.0,908.0,0.47,254.0,0.367,638.0,0.74,392.0,1264.0,590.0,258.0,141.0,511.0,,,,0.446,0.358,0.578,53.1,65.0,,7.2,0.536,17.9,,0.33,1.0,10.91,8.3,4.0,3.0,0.0,0.0,Big Ten
2002,Elite Eight,1,Kansas,2,Oregon,1,37.0,0.892,16.0,0.0,1259.0,0.506,224.0,0.418,623.0,0.719,557.0,1638.0,767.0,357.0,210.0,602.0,,,,0.349,0.216,0.58,55.5,60.9,,8.5,0.551,17.2,,0.251,1.0,22.92,1.46,13.0,8.0,3.0,0.0,Big 12,35.0,0.743,14.0,4.0,1014.0,0.487,304.0,0.422,662.0,0.769,384.0,1280.0,580.0,261.0,114.0,482.0,,,,0.414,0.346,0.601,51.7,57.2,,5.2,0.56,16.2,,0.318,1.0,17.05,2.62,3.0,1.0,0.0,0.0,Pac-10
2002,Final Four,1,Kansas,1,Maryland,1,37.0,0.892,16.0,0.0,1259.0,0.506,224.0,0.418,623.0,0.719,557.0,1638.0,767.0,357.0,210.0,602.0,,,,0.349,0.216,0.58,55.5,60.9,,8.5,0.551,17.2,,0.251,1.0,22.92,1.46,13.0,8.0,3.0,0.0,Big 12,36.0,0.889,15.0,1.0,1083.0,0.482,217.0,0.374,677.0,0.726,473.0,1479.0,714.0,302.0,216.0,495.0,,,,0.415,0.258,0.569,52.4,65.9,,9.4,0.53,15.5,,0.301,1.0,18.19,5.27,12.0,8.0,2.0,1.0,ACC
2002,First Round,8,Stanford,9,Western Kentucky,0,30.0,0.667,12.0,6.0,822.0,0.451,207.0,0.34,569.0,0.7,446.0,1254.0,480.0,152.0,130.0,409.0,,,,0.446,0.334,0.548,55.7,58.4,,7.2,0.508,15.6,,0.312,1.0,12.66,4.37,10.0,3.0,1.0,0.0,Pac-10,32.0,0.875,13.0,1.0,876.0,0.465,279.0,0.38,460.0,0.699,410.0,1229.0,501.0,228.0,106.0,456.0,,,,0.349,0.39,0.567,54.6,57.2,,5.9,0.539,17.2,,0.244,0.0,5.75,4.71,2.0,0.0,0.0,0.0,Sun Belt
2002,First Round,5,Florida,12,Creighton,1,31.0,0.71,10.0,6.0,892.0,0.47,232.0,0.353,479.0,0.697,430.0,1203.0,519.0,307.0,141.0,463.0,,,,0.362,0.346,0.561,52.9,58.2,,7.9,0.531,17.2,,0.252,1.0,13.8,8.48,4.0,2.0,1.0,0.0,SEC,32.0,0.719,14.0,4.0,849.0,0.464,230.0,0.372,493.0,0.73,384.0,1142.0,488.0,261.0,125.0,458.0,,,,0.369,0.338,0.563,52.8,57.5,,7.2,0.527,17.6,,0.27,0.0,5.37,3.02,5.0,0.0,0.0,0.0,MVC
2002,Second Round,4,Illinois,12,Creighton,0,35.0,0.743,11.0,5.0,908.0,0.47,254.0,0.367,638.0,0.74,392.0,1264.0,590.0,258.0,141.0,511.0,,,,0.446,0.358,0.578,53.1,65.0,,7.2,0.536,17.9,,0.33,1.0,10.91,8.3,4.0,3.0,0.0,0.0,Big Ten,32.0,0.719,14.0,4.0,849.0,0.464,230.0,0.372,493.0,0.73,384.0,1142.0,488.0,261.0,125.0,458.0,,,,0.369,0.338,0.563,52.8,57.5,,7.2,0.527,17.6,,0.27,0.0,5.37,3.02,5.0,0.0,0.0,0.0,MVC
2002,First Round,4,Illinois,13,San Diego State,0,35.0,0.743,11.0,5.0,908.0,0.47,254.0,0.367,638.0,0.74,392.0,1264.0,590.0,258.0,141.0,511.0,,,,0.446,0.358,0.578,53.1,65.0,,7.2,0.536,17.9,,0.33,1.0,10.91,8.3,4.0,3.0,0.0,0.0,Big Ten,33.0,0.636,7.0,7.0,906.0,0.476,147.0,0.359,496.0,0.66,400.0,1219.0,472.0,225.0,123.0,508.0,,,,0.395,0.215,0.543,52.4,52.1,,6.6,0.515,18.4,,0.261,0.0,5.41,2.29,8.0,4.0,3.0,1.0,MWC
2002,First Round,6,Texas,11,Boston College,0,34.0,0.647,10.0,6.0,949.0,0.453,200.0,0.368,559.0,0.687,524.0,1356.0,516.0,211.0,131.0,466.0,,,,0.388,0.26,0.535,53.3,54.4,,6.4,0.5,15.8,,0.267,0.0,11.33,2.98,10.0,2.0,0.0,0.0,Big 12,32.0,0.625,8.0,8.0,801.0,0.419,212.0,0.337,540.0,0.696,452.0,1192.0,431.0,259.0,106.0,449.0,,,,0.406,0.329,0.516,49.6,53.8,,5.8,0.474,16.4,,0.282,0.0,6.91,2.04,4.0,0.0,0.0,0.0,Big East
2002,First Round,3,Mississippi State,14,McNeese State,0,35.0,0.771,10.0,6.0,943.0,0.48,192.0,0.348,504.0,0.653,457.0,1359.0,566.0,294.0,123.0,583.0,,,,0.393,0.28,0.554,54.5,60.0,,5.9,0.529,20.0,,0.256,0.0,7.38,7.04,1.0,0.0,0.0,0.0,SEC,30.0,0.7,17.0,3.0,743.0,0.44,171.0,0.367,445.0,0.653,406.0,1139.0,387.0,260.0,153.0,480.0,,,,0.404,0.276,0.523,52.9,52.1,,9.3,0.491,19.3,,0.264,0.0,-4.42,3.83,2.0,0.0,0.0,0.0,Southland
2002,Second Round,3,Mississippi State,6,Texas,1,35.0,0.771,10.0,6.0,943.0,0.48,192.0,0.348,504.0,0.653,457.0,1359.0,566.0,294.0,123.0,583.0,,,,0.393,0.28,0.554,54.5,60.0,,5.9,0.529,20.0,,0.256,0.0,7.38,7.04,1.0,0.0,0.0,0.0,SEC,34.0,0.647,10.0,6.0,949.0,0.453,200.0,0.368,559.0,0.687,524.0,1356.0,516.0,211.0,131.0,466.0,,,,0.388,0.26,0.535,53.3,54.4,,6.4,0.5,15.8,,0.267,0.0,11.33,2.98,10.0,2.0,0.0,0.0,Big 12
2002,Sweet Sixteen,2,Oregon,6,Texas,0,35.0,0.743,14.0,4.0,1014.0,0.487,304.0,0.422,662.0,0.769,384.0,1280.0,580.0,261.0,114.0,482.0,,,,0.414,0.346,0.601,51.7,57.2,,5.2,0.56,16.2,,0.318,1.0,17.05,2.62,3.0,1.0,0.0,0.0,Pac-10,34.0,0.647,10.0,6.0,949.0,0.453,200.0,0.368,559.0,0.687,524.0,1356.0,516.0,211.0,131.0,466.0,,,,0.388,0.26,0.535,53.3,54.4,,6.4,0.5,15.8,,0.267,0.0,11.33,2.98,10.0,2.0,0.0,0.0,Big 12
2002,First Round,7,Wake Forest,10,Pepperdine,0,34.0,0.618,9.0,7.0,1001.0,0.478,240.0,0.366,547.0,0.738,438.0,1309.0,553.0,220.0,140.0,497.0,,,,0.354,0.313,0.57,52.0,55.2,,6.6,0.535,16.9,,0.261,1.0,14.28,0.98,6.0,0.0,0.0,0.0,ACC,31.0,0.71,13.0,1.0,906.0,0.455,233.0,0.367,474.0,0.717,410.0,1176.0,445.0,229.0,159.0,449.0,,,,0.332,0.319,0.547,49.1,49.1,,8.5,0.514,16.3,,0.238,0.0,11.12,-2.52,1.0,0.0,0.0,0.0,WCC
2002,First Round,2,Oregon,15,Montana,0,35.0,0.743,14.0,4.0,1014.0,0.487,304.0,0.422,662.0,0.769,384.0,1280.0,580.0,261.0,114.0,482.0,,,,0.414,0.346,0.601,51.7,57.2,,5.2,0.56,16.2,,0.318,1.0,17.05,2.62,3.0,1.0,0.0,0.0,Pac-10,31.0,0.516,7.0,7.0,760.0,0.455,213.0,0.357,485.0,0.673,306.0,1047.0,452.0,164.0,120.0,464.0,,,,0.432,0.357,0.551,48.6,59.5,,6.8,0.519,18.7,,0.29,0.0,-1.39,-2.81,1.0,0.0,0.0,0.0,Big Sky
2002,Second Round,2,Oregon,7,Wake Forest,0,35.0,0.743,14.0,4.0,1014.0,0.487,304.0,0.422,662.0,0.769,384.0,1280.0,580.0,261.0,114.0,482.0,,,,0.414,0.346,0.601,51.7,57.2,,5.2,0.56,16.2,,0.318,1.0,17.05,2.62,3.0,1.0,0.0,0.0,Pac-10,34.0,0.618,9.0,7.0,1001.0,0.478,240.0,0.366,547.0,0.738,438.0,1309.0,553.0,220.0,140.0,497.0,,,,0.354,0.313,0.57,52.0,55.2,,6.6,0.535,16.9,,0.261,1.0,14.28,0.98,6.0,0.0,0.0,0.0,ACC
2002,First Round,1,Duke,16,Winthrop,0,35.0,0.886,13.0,3.0,1093.0,0.495,301.0,0.363,625.0,0.69,428.0,1303.0,625.0,351.0,113.0,501.0,,,,0.41,0.376,0.59,50.7,57.2,,5.3,0.563,16.0,,0.283,1.0,21.3,7.6,18.0,13.0,9.0,3.0,ACC,31.0,0.613,10.0,4.0,725.0,0.418,194.0,0.308,448.0,0.655,405.0,1178.0,359.0,236.0,129.0,459.0,,,,0.394,0.363,0.508,52.1,49.5,,7.7,0.474,18.2,,0.258,0.0,-8.25,1.72,4.0,0.0,0.0,0.0,Big South
2002,Second Round,1,Duke,8,Notre Dame,0,35.0,0.886,13.0,3.0,1093.0,0.495,301.0,0.363,625.0,0.69,428.0,1303.0,625.0,351.0,113.0,501.0,,,,0.41,0.376,0.59,50.7,57.2,,5.3,0.563,16.0,,0.283,1.0,21.3,7.6,18.0,13.0,9.0,3.0,ACC,33.0,0.667,10.0,6.0,934.0,0.459,244.0,0.379,489.0,0.709,436.0,1351.0,629.0,259.0,163.0,435.0,,,,0.339,0.316,0.55,52.1,67.3,,7.8,0.518,15.5,,0.24,1.0,11.07,4.61,4.0,0.0,0.0,0.0,Big East
2002,First Round,8,Notre Dame,9,Charlotte,0,33.0,0.667,10.0,6.0,934.0,0.459,244.0,0.379,489.0,0.709,436.0,1351.0,629.0,259.0,163.0,435.0,,,,0.339,0.316,0.55,52.1,67.3,,7.8,0.518,15.5,,0.24,1.0,11.07,4.61,4.0,0.0,0.0,0.0,Big East,30.0,0.6,11.0,5.0,761.0,0.44,247.0,0.365,436.0,0.708,377.0,1136.0,416.0,203.0,72.0,408.0,,,,0.356,0.391,0.545,52.2,54.7,,6.2,0.511,16.8,,0.252,0.0,7.56,6.06,3.0,0.0,0.0,0.0,CUSA
2002,First Round,5,Indiana,12,Utah,0,37.0,0.676,11.0,5.0,916.0,0.46,270.0,0.41,505.0,0.696,406.0,1303.0,546.0,254.0,192.0,508.0,,,,0.365,0.331,0.558,51.2,59.6,,9.3,0.528,17.9,,0.254,1.0,5.53,13.66,2.0,1.0,1.0,0.0,Big Ten,30.0,0.7,10.0,4.0,688.0,0.469,236.0,0.405,406.0,0.673,263.0,917.0,439.0,180.0,82.0,397.0,,,,0.411,0.397,0.575,50.6,63.8,,5.6,0.549,18.5,,0.277,0.0,-0.69,11.37,10.0,4.0,1.0,0.0,MWC
2002,Second Round,5,Indiana,13,UNC Wilmington,0,37.0,0.676,11.0,5.0,916.0,0.46,270.0,0.41,505.0,0.696,406.0,1303.0,546.0,254.0,192.0,508.0,,,,0.365,0.331,0.558,51.2,59.6,,9.3,0.528,17.9,,0.254,1.0,5.53,13.66,2.0,1.0,1.0,0.0,Big Ten,33.0,0.697,14.0,4.0,784.0,0.435,221.0,0.373,451.0,0.689,374.0,1136.0,453.0,274.0,104.0,403.0,,,,0.363,0.328,0.53,49.6,57.8,,6.0,0.496,16.0,,0.25,0.0,-1.99,8.15,2.0,0.0,0.0,0.0,CAA
2002,First Round,4,USC,13,UNC Wilmington,1,32.0,0.688,12.0,6.0,909.0,0.441,201.0,0.347,475.0,0.692,455.0,1231.0,504.0,287.0,129.0,389.0,,,,0.333,0.281,0.522,51.3,55.4,,7.1,0.489,14.0,,0.23,1.0,9.9,6.59,3.0,1.0,0.0,0.0,Pac-10,33.0,0.697,14.0,4.0,784.0,0.435,221.0,0.373,451.0,0.689,374.0,1136.0,453.0,274.0,104.0,403.0,,,,0.363,0.328,0.53,49.6,57.8,,6.0,0.496,16.0,,0.25,0.0,-1.99,8.15,2.0,0.0,0.0,0.0,CAA
2002,Elite Eight,5,Indiana,10,Kent State,0,37.0,0.676,11.0,5.0,916.0,0.46,270.0,0.41,505.0,0.696,406.0,1303.0,546.0,254.0,192.0,508.0,,,,0.365,0.331,0.558,51.2,59.6,,9.3,0.528,17.9,,0.254,1.0,5.53,13.66,2.0,1.0,1.0,0.0,Big Ten,36.0,0.833,17.0,1.0,986.0,0.469,224.0,0.365,536.0,0.728,474.0,1322.0,483.0,229.0,72.0,391.0,,,,0.35,0.292,0.557,53.7,49.0,,3.7,0.522,13.8,,0.255,0.0,5.71,7.97,1.0,1.0,0.0,0.0,MAC
2002,Sweet Sixteen,3,Pitt,10,Kent State,1,35.0,0.829,13.0,3.0,928.0,0.47,220.0,0.323,454.0,0.605,464.0,1345.0,590.0,235.0,156.0,498.0,,,,0.38,0.345,0.543,54.5,63.6,,8.1,0.526,17.6,,0.23,0.0,3.25,11.43,2.0,1.0,0.0,0.0,Big East,36.0,0.833,17.0,1.0,986.0,0.469,224.0,0.365,536.0,0.728,474.0,1322.0,483.0,229.0,72.0,391.0,,,,0.35,0.292,0.557,53.7,49.0,,3.7,0.522,13.8,,0.255,0.0,5.71,7.97,1.0,1.0,0.0,0.0,MAC
2002,First Round,7,Oklahoma State,10,Kent State,1,32.0,0.719,10.0,6.0,835.0,0.448,167.0,0.327,456.0,0.644,481.0,1279.0,460.0,247.0,110.0,486.0,,,,0.38,0.274,0.521,54.4,55.1,,6.0,0.493,18.1,,0.245,0.0,2.62,11.78,23.0,11.0,2.0,0.0,Big 12,36.0,0.833,17.0,1.0,986.0,0.469,224.0,0.365,536.0,0.728,474.0,1322.0,483.0,229.0,72.0,391.0,,,,0.35,0.292,0.557,53.7,49.0,,3.7,0.522,13.8,,0.255,0.0,5.71,7.97,1.0,1.0,0.0,0.0,MAC
2002,Second Round,2,Alabama,10,Kent State,1,35.0,0.771,12.0,4.0,910.0,0.439,217.0,0.309,621.0,0.736,509.0,1369.0,460.0,257.0,113.0,490.0,,,,0.408,0.339,0.538,52.8,50.5,,5.6,0.492,16.5,,0.3,1.0,9.52,7.41,3.0,0.0,0.0,0.0,SEC,36.0,0.833,17.0,1.0,986.0,0.469,224.0,0.365,536.0,0.728,474.0,1322.0,483.0,229.0,72.0,391.0,,,,0.35,0.292,0.557,53.7,49.0,,3.7,0.522,13.8,,0.255,0.0,5.71,7.97,1.0,1.0,0.0,0.0,MAC
2002,First Round,6,California,11,Penn,0,32.0,0.719,12.0,6.0,835.0,0.452,187.0,0.314,453.0,0.677,365.0,1087.0,487.0,254.0,132.0,423.0,,,,0.362,0.322,0.533,48.8,58.3,,7.6,0.502,16.3,,0.245,0.0,4.3,8.79,6.0,2.0,0.0,0.0,Pac-10,32.0,0.781,11.0,3.0,815.0,0.479,266.0,0.398,446.0,0.732,265.0,1035.0,561.0,209.0,108.0,421.0,,,,0.358,0.393,0.588,49.0,68.8,,6.1,0.557,17.5,,0.262,0.0,3.31,4.65,6.0,0.0,0.0,0.0,Ivy
2002,First Round,3,Pitt,14,Central Connecticut,0,35.0,0.829,13.0,3.0,928.0,0.47,220.0,0.323,454.0,0.605,464.0,1345.0,590.0,235.0,156.0,498.0,,,,0.38,0.345,0.543,54.5,63.6,,8.1,0.526,17.6,,0.23,0.0,3.25,11.43,2.0,1.0,0.0,0.0,Big East,32.0,0.844,19.0,1.0,814.0,0.458,139.0,0.35,513.0,0.736,418.0,1247.0,426.0,215.0,107.0,480.0,,,,0.392,0.223,0.541,54.9,52.3,,5.8,0.497,18.5,,0.289,0.0,-6.16,5.05,2.0,0.0,0.0,0.0,NEC
2002,Second Round,3,Pitt,6,California,0,35.0,0.829,13.0,3.0,928.0,0.47,220.0,0.323,454.0,0.605,464.0,1345.0,590.0,235.0,156.0,498.0,,,,0.38,0.345,0.543,54.5,63.6,,8.1,0.526,17.6,,0.23,0.0,3.25,11.43,2.0,1.0,0.0,0.0,Big East,32.0,0.719,12.0,6.0,835.0,0.452,187.0,0.314,453.0,0.677,365.0,1087.0,487.0,254.0,132.0,423.0,,,,0.362,0.322,0.533,48.8,58.3,,7.6,0.502,16.3,,0.245,0.0,4.3,8.79,6.0,2.0,0.0,0.0,Pac-10
2002,First Round,2,Alabama,15,Florida Atlantic,0,35.0,0.771,12.0,4.0,910.0,0.439,217.0,0.309,621.0,0.736,509.0,1369.0,460.0,257.0,113.0,490.0,,,,0.408,0.339,0.538,52.8,50.5,,5.6,0.492,16.5,,0.3,1.0,9.52,7.41,3.0,0.0,0.0,0.0,SEC,31.0,0.613,13.0,7.0,859.0,0.427,178.0,0.338,407.0,0.666,505.0,1212.0,483.0,294.0,108.0,474.0,,,,0.304,0.262,0.5,50.9,56.2,,6.0,0.471,17.1,,0.202,0.0,-0.43,-3.51,1.0,0.0,0.0,0.0,A-Sun
2002,First Round,1,Cincinnati,16,Boston University,0,35.0,0.886,14.0,2.0,967.0,0.467,209.0,0.362,595.0,0.709,462.0,1396.0,480.0,167.0,154.0,416.0,,,,0.405,0.279,0.554,54.0,49.6,,7.6,0.517,14.4,,0.287,1.0,11.43,13.16,12.0,4.0,1.0,0.0,CUSA,32.0,0.688,13.0,3.0,748.0,0.423,203.0,0.358,448.0,0.688,393.0,1200.0,399.0,192.0,84.0,415.0,,,,0.368,0.321,0.517,51.9,53.3,,4.8,0.481,16.7,,0.254,0.0,-5.48,0.8,2.0,0.0,0.0,0.0,AEC
2002,Second Round,1,Cincinnati,8,UCLA,1,35.0,0.886,14.0,2.0,967.0,0.467,209.0,0.362,595.0,0.709,462.0,1396.0,480.0,167.0,154.0,416.0,,,,0.405,0.279,0.554,54.0,49.6,,7.6,0.517,14.4,,0.287,1.0,11.43,13.16,12.0,4.0,1.0,0.0,CUSA,33.0,0.636,11.0,7.0,902.0,0.472,223.0,0.39,449.0,0.692,393.0,1209.0,475.0,182.0,93.0,496.0,,,,0.339,0.299,0.558,52.1,52.7,,4.6,0.53,18.3,,0.235,0.0,8.5,4.65,6.0,5.0,0.0,0.0,Pac-10
2002,First Round,8,UCLA,9,Ole Miss,0,33.0,0.636,11.0,7.0,902.0,0.472,223.0,0.39,449.0,0.692,393.0,1209.0,475.0,182.0,93.0,496.0,,,,0.339,0.299,0.558,52.1,52.7,,4.6,0.53,18.3,,0.235,0.0,8.5,4.65,6.0,5.0,0.0,0.0,Pac-10,31.0,0.645,9.0,7.0,745.0,0.46,235.0,0.38,507.0,0.738,334.0,1031.0,427.0,226.0,57.0,476.0,,,,0.425,0.382,0.574,51.9,57.3,,3.5,0.533,19.7,,0.313,0.0,4.5,9.11,3.0,1.0,0.0,0.0,SEC
2002,Sweet Sixteen,8,UCLA,12,Missouri,1,33.0,0.636,11.0,7.0,902.0,0.472,223.0,0.39,449.0,0.692,393.0,1209.0,475.0,182.0,93.0,496.0,,,,0.339,0.299,0.558,52.1,52.7,,4.6,0.53,18.3,,0.235,0.0,8.5,4.65,6.0,5.0,0.0,0.0,Pac-10,36.0,0.667,9.0,7.0,1031.0,0.458,326.0,0.391,489.0,0.69,535.0,1415.0,539.0,264.0,154.0,511.0,,,,0.315,0.37,0.555,53.0,52.3,,7.2,0.53,16.5,,0.217,0.0,11.56,2.66,3.0,1.0,0.0,0.0,Big 12
2002,First Round,5,Miami (FL),12,Missouri,1,32.0,0.75,10.0,6.0,818.0,0.43,236.0,0.345,523.0,0.771,388.0,1174.0,525.0,285.0,190.0,460.0,,,,0.356,0.36,0.538,48.8,64.2,,10.1,0.492,17.1,,0.275,0.0,7.14,5.86,4.0,0.0,0.0,0.0,Big East,36.0,0.667,9.0,7.0,1031.0,0.458,326.0,0.391,489.0,0.69,535.0,1415.0,539.0,264.0,154.0,511.0,,,,0.315,0.37,0.555,53.0,52.3,,7.2,0.53,16.5,,0.217,0.0,11.56,2.66,3.0,1.0,0.0,0.0,Big 12
2002,Second Round,4,Ohio State,12,Missouri,1,32.0,0.75,11.0,5.0,825.0,0.485,175.0,0.376,537.0,0.675,351.0,1052.0,483.0,193.0,75.0,421.0,,,,0.467,0.274,0.568,52.5,58.5,,4.5,0.536,16.8,,0.316,1.0,8.6,7.54,7.0,2.0,1.0,0.0,Big Ten,36.0,0.667,9.0,7.0,1031.0,0.458,326.0,0.391,489.0,0.69,535.0,1415.0,539.0,264.0,154.0,511.0,,,,0.315,0.37,0.555,53.0,52.3,,7.2,0.53,16.5,,0.217,0.0,11.56,2.66,3.0,1.0,0.0,0.0,Big 12
2002,Elite Eight,2,Oklahoma,12,Missouri,0,36.0,0.861,13.0,3.0,1011.0,0.443,236.0,0.35,549.0,0.767,543.0,1439.0,517.0,325.0,134.0,427.0,,,,0.314,0.295,0.535,54.0,51.1,,6.8,0.495,14.0,,0.241,1.0,9.43,11.59,9.0,2.0,1.0,0.0,Big 12,36.0,0.667,9.0,7.0,1031.0,0.458,326.0,0.391,489.0,0.69,535.0,1415.0,539.0,264.0,154.0,511.0,,,,0.315,0.37,0.555,53.0,52.3,,7.2,0.53,16.5,,0.217,0.0,11.56,2.66,3.0,1.0,0.0,0.0,Big 12
2002,First Round,4,Ohio State,13,Davidson,0,32.0,0.75,11.0,5.0,825.0,0.485,175.0,0.376,537.0,0.675,351.0,1052.0,483.0,193.0,75.0,421.0,,,,0.467,0.274,0.568,52.5,58.5,,4.5,0.536,16.8,,0.316,1.0,8.6,7.54,7.0,2.0,1.0,0.0,Big Ten,31.0,0.677,11.0,5.0,776.0,0.436,249.0,0.353,391.0,0.681,369.0,1193.0,484.0,210.0,116.0,486.0,,,,0.323,0.397,0.534,51.2,62.4,,6.4,0.506,19.2,,0.22,0.0,-4.84,5.45,2.0,0.0,0.0,0.0,Southern
2002,First Round,6,Gonzaga,11,Wyoming,1,33.0,0.879,13.0,1.0,907.0,0.47,237.0,0.391,626.0,0.732,425.0,1370.0,522.0,189.0,113.0,458.0,,,,0.443,0.314,0.573,56.0,57.6,,5.6,0.531,16.4,,0.324,0.0,8.89,5.01,3.0,2.0,0.0,0.0,WCC,31.0,0.71,11.0,3.0,795.0,0.456,132.0,0.3,602.0,0.698,394.0,1245.0,418.0,212.0,136.0,449.0,,,,0.494,0.252,0.539,55.3,52.6,,7.6,0.493,17.2,,0.345,0.0,6.38,2.24,1.0,0.0,0.0,0.0,MWC
2002,Second Round,3,Arizona,11,Wyoming,0,34.0,0.706,12.0,6.0,935.0,0.459,258.0,0.376,665.0,0.731,430.0,1286.0,527.0,207.0,103.0,478.0,,,,0.446,0.336,0.565,50.4,56.4,,4.6,0.522,16.2,,0.326,1.0,15.87,1.04,23.0,11.0,5.0,1.0,Pac-10,31.0,0.71,11.0,3.0,795.0,0.456,132.0,0.3,602.0,0.698,394.0,1245.0,418.0,212.0,136.0,449.0,,,,0.494,0.252,0.539,55.3,52.6,,7.6,0.493,17.2,,0.345,0.0,6.38,2.24,1.0,0.0,0.0,0.0,MWC
2002,First Round,3,Arizona,14,UCSB,0,34.0,0.706,12.0,6.0,935.0,0.459,258.0,0.376,665.0,0.731,430.0,1286.0,527.0,207.0,103.0,478.0,,,,0.446,0.336,0.565,50.4,56.4,,4.6,0.522,16.2,,0.326,1.0,15.87,1.04,23.0,11.0,5.0,1.0,Pac-10,31.0,0.645,11.0,7.0,693.0,0.449,201.0,0.403,479.0,0.756,301.0,1078.0,454.0,171.0,87.0,423.0,,,,0.411,0.323,0.56,52.6,65.5,,5.4,0.514,18.6,,0.31,0.0,-1.81,7.36,1.0,0.0,0.0,0.0,Big West
2002,First Round,7,Xavier,10,Hawaii,0,32.0,0.813,14.0,2.0,777.0,0.449,197.0,0.357,566.0,0.721,389.0,1188.0,400.0,215.0,143.0,435.0,,,,0.453,0.319,0.55,52.7,51.5,,7.6,0.505,17.1,,0.327,0.0,4.59,9.32,2.0,0.0,0.0,0.0,A-10,33.0,0.818,15.0,3.0,818.0,0.45,241.0,0.38,490.0,0.684,338.0,1103.0,546.0,230.0,116.0,407.0,,,,0.394,0.349,0.548,49.0,66.7,,6.3,0.516,15.9,,0.27,0.0,1.21,8.61,3.0,0.0,0.0,0.0,WAC
2002,First Round,2,Oklahoma,15,UIC,0,36.0,0.861,13.0,3.0,1011.0,0.443,236.0,0.35,549.0,0.767,543.0,1439.0,517.0,325.0,134.0,427.0,,,,0.314,0.295,0.535,54.0,51.1,,6.8,0.495,14.0,,0.241,1.0,9.43,11.59,9.0,2.0,1.0,0.0,Big 12,34.0,0.588,8.0,8.0,862.0,0.441,251.0,0.405,528.0,0.658,423.0,1180.0,462.0,195.0,48.0,435.0,,,,0.411,0.317,0.536,49.0,53.6,,2.6,0.506,15.7,,0.27,0.0,2.15,-0.69,2.0,0.0,0.0,0.0,Horizon
2002,Second Round,2,Oklahoma,7,Xavier,0,36.0,0.861,13.0,3.0,1011.0,0.443,236.0,0.35,549.0,0.767,543.0,1439.0,517.0,325.0,134.0,427.0,,,,0.314,0.295,0.535,54.0,51.1,,6.8,0.495,14.0,,0.241,1.0,9.43,11.59,9.0,2.0,1.0,0.0,Big 12,32.0,0.813,14.0,2.0,777.0,0.449,197.0,0.357,566.0,0.721,389.0,1188.0,400.0,215.0,143.0,435.0,,,,0.453,0.319,0.55,52.7,51.5,,7.6,0.505,17.1,,0.327,0.0,4.59,9.32,2.0,0.0,0.0,0.0,A-10
2002,Sweet Sixteen,2,Oklahoma,3,Arizona,0,36.0,0.861,13.0,3.0,1011.0,0.443,236.0,0.35,549.0,0.767,543.0,1439.0,517.0,325.0,134.0,427.0,,,,0.314,0.295,0.535,54.0,51.1,,6.8,0.495,14.0,,0.241,1.0,9.43,11.59,9.0,2.0,1.0,0.0,Big 12,34.0,0.706,12.0,6.0,935.0,0.459,258.0,0.376,665.0,0.731,430.0,1286.0,527.0,207.0,103.0,478.0,,,,0.446,0.336,0.565,50.4,56.4,,4.6,0.522,16.2,,0.326,1.0,15.87,1.04,23.0,11.0,5.0,1.0,Pac-10
2003,Play-In,16,Texas Southern,16,UNC Asheville,1,31.0,0.581,11.0,7.0,771.0,0.448,190.0,0.331,536.0,0.612,411.0,1184.0,442.0,198.0,67.0,472.0,571.0,,,0.509,0.334,0.531,52.3,57.3,,3.6,0.503,18.1,,0.311,0.0,-2.95,-6.61,1.0,0.0,0.0,0.0,SWAC,32.0,0.469,7.0,7.0,801.0,0.433,212.0,0.362,506.0,0.761,393.0,1142.0,430.0,230.0,99.0,514.0,616.0,,,0.36,0.317,0.536,49.0,53.7,,5.0,0.491,19.2,,0.274,0.0,-1.06,-12.13,1.0,0.0,0.0,0.0,Big South
2003,First Round,1,Texas,16,UNC Asheville,0,33.0,0.788,13.0,3.0,916.0,0.446,196.0,0.356,590.0,0.721,531.0,1386.0,478.0,206.0,121.0,431.0,675.0,,,0.398,0.268,0.536,54.5,52.2,,6.2,0.493,15.0,,0.287,1.0,14.32,4.6,11.0,3.0,1.0,0.0,Big 12,32.0,0.469,7.0,7.0,801.0,0.433,212.0,0.362,506.0,0.761,393.0,1142.0,430.0,230.0,99.0,514.0,616.0,,,0.36,0.317,0.536,49.0,53.7,,5.0,0.491,19.2,,0.274,0.0,-1.06,-12.13,1.0,0.0,0.0,0.0,Big South
2003,Second Round,1,Texas,9,Purdue,0,33.0,0.788,13.0,3.0,916.0,0.446,196.0,0.356,590.0,0.721,531.0,1386.0,478.0,206.0,121.0,431.0,675.0,,,0.398,0.268,0.536,54.5,52.2,,6.2,0.493,15.0,,0.287,1.0,14.32,4.6,11.0,3.0,1.0,0.0,Big 12,30.0,0.633,10.0,6.0,715.0,0.437,157.0,0.336,569.0,0.752,312.0,1015.0,360.0,216.0,85.0,413.0,598.0,,,0.462,0.285,0.54,49.6,50.3,,7.5,0.484,17.1,,0.347,1.0,8.0,7.96,18.0,5.0,0.0,0.0,Big Ten
2003,First Round,8,LSU,9,Purdue,1,32.0,0.656,8.0,8.0,851.0,0.482,215.0,0.377,409.0,0.646,346.0,1124.0,515.0,255.0,132.0,446.0,524.0,,,0.358,0.323,0.562,51.7,60.5,,7.4,0.542,17.7,,0.231,1.0,7.58,8.5,2.0,1.0,0.0,0.0,SEC,30.0,0.633,10.0,6.0,715.0,0.437,157.0,0.336,569.0,0.752,312.0,1015.0,360.0,216.0,85.0,413.0,598.0,,,0.462,0.285,0.54,49.6,50.3,,7.5,0.484,17.1,,0.347,1.0,8.0,7.96,18.0,5.0,0.0,0.0,Big Ten
2003,Sweet Sixteen,1,Texas,5,UConn,0,33.0,0.788,13.0,3.0,916.0,0.446,196.0,0.356,590.0,0.721,531.0,1386.0,478.0,206.0,121.0,431.0,675.0,,,0.398,0.268,0.536,54.5,52.2,,6.2,0.493,15.0,,0.287,1.0,14.32,4.6,11.0,3.0,1.0,0.0,Big 12,33.0,0.697,10.0,6.0,964.0,0.469,196.0,0.386,498.0,0.677,486.0,1407.0,502.0,192.0,253.0,507.0,604.0,,,0.358,0.247,0.545,53.4,52.1,,11.7,0.516,17.4,,0.242,1.0,12.51,3.33,16.0,9.0,1.0,1.0,Big East
2003,Second Round,4,Stanford,5,UConn,1,33.0,0.727,14.0,4.0,851.0,0.442,231.0,0.356,458.0,0.678,449.0,1279.0,482.0,177.0,117.0,470.0,618.0,,,0.351,0.337,0.532,53.6,56.6,,6.1,0.502,17.3,,0.238,0.0,4.81,8.45,11.0,3.0,1.0,0.0,Pac-10,33.0,0.697,10.0,6.0,964.0,0.469,196.0,0.386,498.0,0.677,486.0,1407.0,502.0,192.0,253.0,507.0,604.0,,,0.358,0.247,0.545,53.4,52.1,,11.7,0.516,17.4,,0.242,1.0,12.51,3.33,16.0,9.0,1.0,1.0,Big East
2003,Elite Eight,1,Texas,7,Michigan State,0,33.0,0.788,13.0,3.0,916.0,0.446,196.0,0.356,590.0,0.721,531.0,1386.0,478.0,206.0,121.0,431.0,675.0,,,0.398,0.268,0.536,54.5,52.2,,6.2,0.493,15.0,,0.287,1.0,14.32,4.6,11.0,3.0,1.0,0.0,Big 12,35.0,0.629,10.0,6.0,812.0,0.452,179.0,0.375,564.0,0.735,373.0,1226.0,474.0,217.0,121.0,502.0,707.0,,,0.427,0.266,0.548,54.2,58.4,,6.8,0.502,18.9,,0.314,1.0,2.61,13.51,6.0,5.0,3.0,1.0,Big Ten
2003,Sweet Sixteen,6,Maryland,7,Michigan State,1,31.0,0.677,11.0,5.0,901.0,0.464,204.0,0.39,466.0,0.713,409.0,1241.0,573.0,322.0,198.0,431.0,588.0,,,0.337,0.27,0.549,51.8,63.6,,10.6,0.517,16.1,,0.24,1.0,13.93,6.62,13.0,9.0,2.0,1.0,ACC,35.0,0.629,10.0,6.0,812.0,0.452,179.0,0.375,564.0,0.735,373.0,1226.0,474.0,217.0,121.0,502.0,707.0,,,0.427,0.266,0.548,54.2,58.4,,6.8,0.502,18.9,,0.314,1.0,2.61,13.51,6.0,5.0,3.0,1.0,Big Ten
2003,Second Round,2,Florida,7,Michigan State,1,33.0,0.758,12.0,4.0,883.0,0.476,287.0,0.39,431.0,0.703,352.0,1149.0,542.0,249.0,131.0,438.0,559.0,,,0.33,0.396,0.578,50.8,61.4,,7.0,0.553,16.9,,0.232,1.0,9.99,8.56,5.0,2.0,1.0,0.0,SEC,35.0,0.629,10.0,6.0,812.0,0.452,179.0,0.375,564.0,0.735,373.0,1226.0,474.0,217.0,121.0,502.0,707.0,,,0.427,0.266,0.548,54.2,58.4,,6.8,0.502,18.9,,0.314,1.0,2.61,13.51,6.0,5.0,3.0,1.0,Big Ten
2003,Final Four,1,Texas,3,Syracuse,1,33.0,0.788,13.0,3.0,916.0,0.446,196.0,0.356,590.0,0.721,531.0,1386.0,478.0,206.0,121.0,431.0,675.0,,,0.398,0.268,0.536,54.5,52.2,,6.2,0.493,15.0,,0.287,1.0,14.32,4.6,11.0,3.0,1.0,0.0,Big 12,35.0,0.857,13.0,3.0,1020.0,0.475,186.0,0.344,559.0,0.694,478.0,1425.0,523.0,298.0,247.0,494.0,592.0,,,0.376,0.252,0.551,51.7,51.3,,11.0,0.519,16.3,,0.26,1.0,14.27,4.75,22.0,12.0,3.0,1.0,Big East
2003,Elite Eight,1,Oklahoma,3,Syracuse,1,34.0,0.794,12.0,4.0,853.0,0.446,250.0,0.392,436.0,0.693,414.0,1251.0,482.0,237.0,123.0,412.0,619.0,,,0.329,0.334,0.541,53.3,56.5,,6.8,0.512,15.7,,0.228,1.0,5.03,13.83,10.0,3.0,1.0,0.0,Big 12,35.0,0.857,13.0,3.0,1020.0,0.475,186.0,0.344,559.0,0.694,478.0,1425.0,523.0,298.0,247.0,494.0,592.0,,,0.376,0.252,0.551,51.7,51.3,,11.0,0.519,16.3,,0.26,1.0,14.27,4.75,22.0,12.0,3.0,1.0,Big East
2003,National Championship,2,Kansas,3,Syracuse,1,38.0,0.789,14.0,2.0,1182.0,0.494,183.0,0.335,594.0,0.656,550.0,1589.0,653.0,373.0,192.0,562.0,633.0,,,0.379,0.228,0.556,55.2,55.2,,8.2,0.532,16.6,,0.248,1.0,16.06,8.94,14.0,9.0,4.0,0.0,Big 12,35.0,0.857,13.0,3.0,1020.0,0.475,186.0,0.344,559.0,0.694,478.0,1425.0,523.0,298.0,247.0,494.0,592.0,,,0.376,0.252,0.551,51.7,51.3,,11.0,0.519,16.3,,0.26,1.0,14.27,4.75,22.0,12.0,3.0,1.0,Big East
2003,First Round,5,UConn,12,BYU,0,33.0,0.697,10.0,6.0,964.0,0.469,196.0,0.386,498.0,0.677,486.0,1407.0,502.0,192.0,253.0,507.0,604.0,,,0.358,0.247,0.545,53.4,52.1,,11.7,0.516,17.4,,0.242,1.0,12.51,3.33,16.0,9.0,1.0,1.0,Big East,32.0,0.719,11.0,3.0,765.0,0.463,194.0,0.375,575.0,0.755,353.0,1134.0,428.0,222.0,82.0,436.0,688.0,,,0.461,0.313,0.57,53.3,55.9,,5.0,0.521,17.8,,0.348,0.0,4.22,9.42,2.0,0.0,0.0,0.0,MWC
2003,First Round,4,Stanford,13,San Diego,0,33.0,0.727,14.0,4.0,851.0,0.442,231.0,0.356,458.0,0.678,449.0,1279.0,482.0,177.0,117.0,470.0,618.0,,,0.351,0.337,0.532,53.6,56.6,,6.1,0.502,17.3,,0.238,0.0,4.81,8.45,11.0,3.0,1.0,0.0,Pac-10,30.0,0.6,10.0,4.0,765.0,0.47,210.0,0.379,525.0,0.665,354.0,1147.0,496.0,162.0,101.0,536.0,602.0,,,0.485,0.341,0.566,53.5,64.8,,5.6,0.535,21.1,,0.323,0.0,5.27,0.19,1.0,0.0,0.0,0.0,WCC
2003,First Round,6,Maryland,11,UNC Wilmington,0,31.0,0.677,11.0,5.0,901.0,0.464,204.0,0.39,466.0,0.713,409.0,1241.0,573.0,322.0,198.0,431.0,588.0,,,0.337,0.27,0.549,51.8,63.6,,10.6,0.517,16.1,,0.24,1.0,13.93,6.62,13.0,9.0,2.0,1.0,ACC,31.0,0.774,15.0,3.0,801.0,0.459,216.0,0.372,396.0,0.692,309.0,1022.0,456.0,283.0,58.0,352.0,572.0,,,0.327,0.333,0.548,48.5,56.9,,3.6,0.52,14.8,,0.227,0.0,1.09,7.44,1.0,0.0,0.0,0.0,CAA
2003,First Round,3,Xavier,14,Troy,0,32.0,0.813,15.0,1.0,850.0,0.448,206.0,0.361,576.0,0.746,460.0,1259.0,523.0,172.0,96.0,407.0,500.0,,,0.407,0.301,0.548,53.8,61.5,,4.9,0.502,15.2,,0.304,1.0,10.02,6.06,3.0,0.0,0.0,0.0,A-10,32.0,0.813,14.0,2.0,914.0,0.432,312.0,0.341,416.0,0.686,486.0,1285.0,495.0,309.0,167.0,435.0,531.0,,,0.286,0.433,0.532,50.9,54.2,,8.6,0.506,15.3,,0.197,0.0,5.67,-2.82,1.0,0.0,0.0,0.0,A-Sun
2003,Second Round,3,Xavier,6,Maryland,1,32.0,0.813,15.0,1.0,850.0,0.448,206.0,0.361,576.0,0.746,460.0,1259.0,523.0,172.0,96.0,407.0,500.0,,,0.407,0.301,0.548,53.8,61.5,,4.9,0.502,15.2,,0.304,1.0,10.02,6.06,3.0,0.0,0.0,0.0,A-10,31.0,0.677,11.0,5.0,901.0,0.464,204.0,0.39,466.0,0.713,409.0,1241.0,573.0,322.0,198.0,431.0,588.0,,,0.337,0.27,0.549,51.8,63.6,,10.6,0.517,16.1,,0.24,1.0,13.93,6.62,13.0,9.0,2.0,1.0,ACC
2003,First Round,7,Michigan State,10,Colorado,0,35.0,0.629,10.0,6.0,812.0,0.452,179.0,0.375,564.0,0.735,373.0,1226.0,474.0,217.0,121.0,502.0,707.0,,,0.427,0.266,0.548,54.2,58.4,,6.8,0.502,18.9,,0.314,1.0,2.61,13.51,6.0,5.0,3.0,1.0,Big Ten,32.0,0.625,9.0,7.0,869.0,0.443,159.0,0.326,508.0,0.669,461.0,1351.0,424.0,196.0,214.0,447.0,568.0,,,0.387,0.248,0.518,53.5,48.8,,10.6,0.484,16.1,,0.259,0.0,9.09,3.73,2.0,0.0,0.0,0.0,Big 12
2003,First Round,2,Florida,15,Sam Houston State,0,33.0,0.758,12.0,4.0,883.0,0.476,287.0,0.39,431.0,0.703,352.0,1149.0,542.0,249.0,131.0,438.0,559.0,,,0.33,0.396,0.578,50.8,61.4,,7.0,0.553,16.9,,0.232,1.0,9.99,8.56,5.0,2.0,1.0,0.0,SEC,30.0,0.767,17.0,3.0,751.0,0.459,194.0,0.358,489.0,0.705,338.0,1111.0,502.0,252.0,174.0,475.0,578.0,,,0.424,0.331,0.556,51.3,66.8,,10.1,0.518,19.5,,0.299,0.0,-1.13,-0.52,1.0,0.0,0.0,0.0,Southland
2003,First Round,1,Oklahoma,16,South Carolina State,0,34.0,0.794,12.0,4.0,853.0,0.446,250.0,0.392,436.0,0.693,414.0,1251.0,482.0,237.0,123.0,412.0,619.0,,,0.329,0.334,0.541,53.3,56.5,,6.8,0.512,15.7,,0.228,1.0,5.03,13.83,10.0,3.0,1.0,0.0,Big 12,31.0,0.645,15.0,3.0,765.0,0.455,161.0,0.333,547.0,0.699,396.0,1145.0,316.0,247.0,89.0,602.0,643.0,,,0.465,0.288,0.545,51.0,41.3,,5.0,0.502,22.7,,0.325,0.0,-1.39,-7.82,5.0,0.0,0.0,0.0,MEAC
2003,Second Round,1,Oklahoma,8,California,0,34.0,0.794,12.0,4.0,853.0,0.446,250.0,0.392,436.0,0.693,414.0,1251.0,482.0,237.0,123.0,412.0,619.0,,,0.329,0.334,0.541,53.3,56.5,,6.8,0.512,15.7,,0.228,1.0,5.03,13.83,10.0,3.0,1.0,0.0,Big 12,31.0,0.71,13.0,5.0,847.0,0.466,198.0,0.374,409.0,0.681,350.0,1095.0,487.0,203.0,87.0,433.0,533.0,,,0.33,0.291,0.547,50.7,57.5,,4.8,0.52,17.1,,0.225,0.0,6.1,5.68,7.0,2.0,0.0,0.0,Pac-10
2003,Sweet Sixteen,1,Oklahoma,12,Butler,0,34.0,0.794,12.0,4.0,853.0,0.446,250.0,0.392,436.0,0.693,414.0,1251.0,482.0,237.0,123.0,412.0,619.0,,,0.329,0.334,0.541,53.3,56.5,,6.8,0.512,15.7,,0.228,1.0,5.03,13.83,10.0,3.0,1.0,0.0,Big 12,33.0,0.818,14.0,2.0,786.0,0.475,274.0,0.392,383.0,0.719,261.0,923.0,420.0,207.0,59.0,353.0,528.0,,,0.322,0.422,0.584,47.9,53.4,,3.5,0.558,15.6,,0.231,0.0,-0.54,9.65,1.0,1.0,0.0,0.0,Horizon
2003,First Round,5,Mississippi State,12,Butler,1,31.0,0.677,9.0,7.0,806.0,0.469,173.0,0.341,366.0,0.674,374.0,1148.0,445.0,268.0,116.0,479.0,490.0,,,0.316,0.295,0.544,54.5,55.2,,6.9,0.519,19.5,,0.213,1.0,3.99,13.66,2.0,0.0,0.0,0.0,SEC,33.0,0.818,14.0,2.0,786.0,0.475,274.0,0.392,383.0,0.719,261.0,923.0,420.0,207.0,59.0,353.0,528.0,,,0.322,0.422,0.584,47.9,53.4,,3.5,0.558,15.6,,0.231,0.0,-0.54,9.65,1.0,1.0,0.0,0.0,Horizon
2003,Second Round,4,Louisville,12,Butler,1,32.0,0.781,11.0,5.0,902.0,0.463,272.0,0.362,536.0,0.696,442.0,1220.0,529.0,237.0,148.0,426.0,725.0,,,0.395,0.386,0.564,51.5,58.6,,8.3,0.532,15.5,,0.275,1.0,17.19,2.62,9.0,6.0,4.0,1.0,CUSA,33.0,0.818,14.0,2.0,786.0,0.475,274.0,0.392,383.0,0.719,261.0,923.0,420.0,207.0,59.0,353.0,528.0,,,0.322,0.422,0.584,47.9,53.4,,3.5,0.558,15.6,,0.231,0.0,-0.54,9.65,1.0,1.0,0.0,0.0,Horizon
2003,First Round,8,California,9,NC State,0,31.0,0.71,13.0,5.0,847.0,0.466,198.0,0.374,409.0,0.681,350.0,1095.0,487.0,203.0,87.0,433.0,533.0,,,0.33,0.291,0.547,50.7,57.5,,4.8,0.52,17.1,,0.225,0.0,6.1,5.68,7.0,2.0,0.0,0.0,Pac-10,31.0,0.581,9.0,7.0,755.0,0.456,248.0,0.356,488.0,0.77,290.0,989.0,456.0,238.0,100.0,440.0,580.0,,,0.383,0.42,0.574,49.8,60.4,,6.0,0.531,18.4,,0.295,0.0,5.77,5.99,3.0,0.0,0.0,0.0,ACC
2003,First Round,4,Louisville,13,Austin Peay,0,32.0,0.781,11.0,5.0,902.0,0.463,272.0,0.362,536.0,0.696,442.0,1220.0,529.0,237.0,148.0,426.0,725.0,,,0.395,0.386,0.564,51.5,58.6,,8.3,0.532,15.5,,0.275,1.0,17.19,2.62,9.0,6.0,4.0,1.0,CUSA,31.0,0.742,13.0,3.0,758.0,0.46,192.0,0.347,496.0,0.69,339.0,1084.0,424.0,225.0,143.0,476.0,567.0,,,0.436,0.336,0.554,50.9,55.9,,8.1,0.518,19.3,,0.301,0.0,-4.25,3.41,2.0,0.0,0.0,0.0,OVC
2003,First Round,6,Oklahoma State,11,Penn,0,32.0,0.688,10.0,6.0,800.0,0.448,157.0,0.317,467.0,0.65,397.0,1175.0,408.0,286.0,171.0,474.0,644.0,,,0.403,0.278,0.523,50.8,51.0,,9.6,0.492,18.2,,0.262,0.0,3.38,11.24,24.0,11.0,2.0,0.0,Big 12,28.0,0.786,14.0,0.0,668.0,0.466,251.0,0.413,371.0,0.709,254.0,926.0,418.0,199.0,59.0,370.0,500.0,,,0.365,0.425,0.583,51.8,62.6,,4.1,0.554,18.0,,0.259,0.0,1.04,7.41,7.0,0.0,0.0,0.0,Ivy
2003,First Round,3,Syracuse,14,Manhattan,0,35.0,0.857,13.0,3.0,1020.0,0.475,186.0,0.344,559.0,0.694,478.0,1425.0,523.0,298.0,247.0,494.0,592.0,,,0.376,0.252,0.551,51.7,51.3,,11.0,0.519,16.3,,0.26,1.0,14.27,4.75,22.0,12.0,3.0,1.0,Big East,30.0,0.767,14.0,4.0,774.0,0.447,166.0,0.346,560.0,0.788,342.0,1032.0,418.0,275.0,115.0,423.0,650.0,,,0.411,0.277,0.55,49.1,54.0,,6.9,0.495,17.0,,0.324,0.0,3.8,1.98,1.0,0.0,0.0,0.0,MAAC
2003,Second Round,3,Syracuse,6,Oklahoma State,0,35.0,0.857,13.0,3.0,1020.0,0.475,186.0,0.344,559.0,0.694,478.0,1425.0,523.0,298.0,247.0,494.0,592.0,,,0.376,0.252,0.551,51.7,51.3,,11.0,0.519,16.3,,0.26,1.0,14.27,4.75,22.0,12.0,3.0,1.0,Big East,32.0,0.688,10.0,6.0,800.0,0.448,157.0,0.317,467.0,0.65,397.0,1175.0,408.0,286.0,171.0,474.0,644.0,,,0.403,0.278,0.523,50.8,51.0,,9.6,0.492,18.2,,0.262,0.0,3.38,11.24,24.0,11.0,2.0,0.0,Big 12
2003,Sweet Sixteen,3,Syracuse,10,Auburn,0,35.0,0.857,13.0,3.0,1020.0,0.475,186.0,0.344,559.0,0.694,478.0,1425.0,523.0,298.0,247.0,494.0,592.0,,,0.376,0.252,0.551,51.7,51.3,,11.0,0.519,16.3,,0.26,1.0,14.27,4.75,22.0,12.0,3.0,1.0,Big East,34.0,0.647,8.0,8.0,879.0,0.465,198.0,0.346,452.0,0.66,417.0,1200.0,457.0,269.0,176.0,541.0,561.0,,,0.362,0.303,0.543,51.5,52.0,,9.1,0.517,19.6,,0.239,0.0,5.02,7.66,8.0,3.0,0.0,0.0,SEC
2003,First Round,7,St. Joseph's,10,Auburn,1,30.0,0.767,12.0,4.0,725.0,0.443,239.0,0.363,422.0,0.686,339.0,1060.0,417.0,217.0,166.0,387.0,563.0,,,0.376,0.402,0.547,49.9,57.5,,14.6,0.516,16.7,,0.258,0.0,2.32,12.29,3.0,1.0,0.0,0.0,A-10,34.0,0.647,8.0,8.0,879.0,0.465,198.0,0.346,452.0,0.66,417.0,1200.0,457.0,269.0,176.0,541.0,561.0,,,0.362,0.303,0.543,51.5,52.0,,9.1,0.517,19.6,,0.239,0.0,5.02,7.66,8.0,3.0,0.0,0.0,SEC
2003,Second Round,2,Wake Forest,10,Auburn,1,31.0,0.806,13.0,3.0,805.0,0.453,191.0,0.341,611.0,0.752,459.0,1292.0,441.0,201.0,143.0,475.0,578.0,,,0.457,0.315,0.557,56.5,54.8,,7.7,0.506,18.0,,0.344,1.0,11.31,5.65,7.0,0.0,0.0,0.0,ACC,34.0,0.647,8.0,8.0,879.0,0.465,198.0,0.346,452.0,0.66,417.0,1200.0,457.0,269.0,176.0,541.0,561.0,,,0.362,0.303,0.543,51.5,52.0,,9.1,0.517,19.6,,0.239,0.0,5.02,7.66,8.0,3.0,0.0,0.0,SEC
2003,First Round,2,Wake Forest,15,ETSU,0,31.0,0.806,13.0,3.0,805.0,0.453,191.0,0.341,611.0,0.752,459.0,1292.0,441.0,201.0,143.0,475.0,578.0,,,0.457,0.315,0.557,56.5,54.8,,7.7,0.506,18.0,,0.344,1.0,11.31,5.65,7.0,0.0,0.0,0.0,ACC,31.0,0.645,11.0,5.0,899.0,0.465,167.0,0.352,578.0,0.731,437.0,1201.0,448.0,354.0,156.0,561.0,590.0,,,0.409,0.245,0.551,51.7,49.8,,8.1,0.508,19.5,,0.299,0.0,6.53,-7.43,1.0,0.0,0.0,0.0,Southern
2003,First Round,1,Kentucky,16,IUPUI,0,36.0,0.889,16.0,0.0,1026.0,0.488,208.0,0.356,522.0,0.704,460.0,1324.0,574.0,281.0,176.0,501.0,625.0,,,0.353,0.278,0.567,54.3,55.9,,8.8,0.538,17.0,,0.248,1.0,11.98,10.49,10.0,8.0,1.0,1.0,SEC,34.0,0.588,10.0,4.0,833.0,0.449,215.0,0.343,542.0,0.7,404.0,1118.0,457.0,289.0,61.0,547.0,654.0,,,0.417,0.337,0.545,50.4,54.9,,3.3,0.507,19.7,,0.292,0.0,-0.46,-1.97,1.0,0.0,0.0,0.0,Mid-Cont
2003,Second Round,1,Kentucky,9,Utah,0,36.0,0.889,16.0,0.0,1026.0,0.488,208.0,0.356,522.0,0.704,460.0,1324.0,574.0,281.0,176.0,501.0,625.0,,,0.353,0.278,0.567,54.3,55.9,,8.8,0.538,17.0,,0.248,1.0,11.98,10.49,10.0,8.0,1.0,1.0,SEC,33.0,0.758,11.0,3.0,757.0,0.451,236.0,0.381,441.0,0.711,333.0,1093.0,427.0,163.0,124.0,427.0,658.0,,,0.369,0.369,0.555,51.9,56.4,,7.6,0.521,17.8,,0.263,0.0,-0.92,11.92,11.0,4.0,1.0,0.0,MWC
2003,First Round,8,Oregon,9,Utah,1,33.0,0.697,10.0,8.0,934.0,0.458,291.0,0.386,530.0,0.774,377.0,1190.0,567.0,263.0,91.0,504.0,692.0,,,0.336,0.369,0.569,49.4,60.7,,4.5,0.529,17.6,,0.26,0.0,12.95,1.1,4.0,1.0,0.0,0.0,Pac-10,33.0,0.758,11.0,3.0,757.0,0.451,236.0,0.381,441.0,0.711,333.0,1093.0,427.0,163.0,124.0,427.0,658.0,,,0.369,0.369,0.555,51.9,56.4,,7.6,0.521,17.8,,0.263,0.0,-0.92,11.92,11.0,4.0,1.0,0.0,MWC
2003,Sweet Sixteen,1,Kentucky,5,Wisconsin,0,36.0,0.889,16.0,0.0,1026.0,0.488,208.0,0.356,522.0,0.704,460.0,1324.0,574.0,281.0,176.0,501.0,625.0,,,0.353,0.278,0.567,54.3,55.9,,8.8,0.538,17.0,,0.248,1.0,11.98,10.49,10.0,8.0,1.0,1.0,SEC,32.0,0.75,12.0,4.0,798.0,0.463,201.0,0.357,453.0,0.732,326.0,1045.0,423.0,221.0,88.0,334.0,478.0,,,0.359,0.327,0.558,51.5,53.0,,5.3,0.521,14.2,,0.263,1.0,3.91,13.56,2.0,1.0,0.0,0.0,Big Ten
2003,Elite Eight,1,Kentucky,3,Marquette,1,36.0,0.889,16.0,0.0,1026.0,0.488,208.0,0.356,522.0,0.704,460.0,1324.0,574.0,281.0,176.0,501.0,625.0,,,0.353,0.278,0.567,54.3,55.9,,8.8,0.538,17.0,,0.248,1.0,11.98,10.49,10.0,8.0,1.0,1.0,SEC,33.0,0.818,14.0,2.0,901.0,0.482,202.0,0.398,585.0,0.771,487.0,1208.0,533.0,198.0,117.0,438.0,622.0,,,0.406,0.272,0.58,53.1,59.2,,6.0,0.536,16.4,,0.313,1.0,12.3,3.98,2.0,1.0,1.0,0.0,CUSA
2003,Sweet Sixteen,2,Pitt,3,Marquette,1,33.0,0.848,13.0,3.0,893.0,0.506,208.0,0.364,479.0,0.64,369.0,1203.0,589.0,271.0,134.0,484.0,591.0,,,0.424,0.324,0.583,55.0,66.0,,7.7,0.565,18.6,,0.271,1.0,7.46,14.04,3.0,2.0,0.0,0.0,Big East,33.0,0.818,14.0,2.0,901.0,0.482,202.0,0.398,585.0,0.771,487.0,1208.0,533.0,198.0,117.0,438.0,622.0,,,0.406,0.272,0.58,53.1,59.2,,6.0,0.536,16.4,,0.313,1.0,12.3,3.98,2.0,1.0,1.0,0.0,CUSA
2003,Final Four,2,Kansas,3,Marquette,0,38.0,0.789,14.0,2.0,1182.0,0.494,183.0,0.335,594.0,0.656,550.0,1589.0,653.0,373.0,192.0,562.0,633.0,,,0.379,0.228,0.556,55.2,55.2,,8.2,0.532,16.6,,0.248,1.0,16.06,8.94,14.0,9.0,4.0,0.0,Big 12,33.0,0.818,14.0,2.0,901.0,0.482,202.0,0.398,585.0,0.771,487.0,1208.0,533.0,198.0,117.0,438.0,622.0,,,0.406,0.272,0.58,53.1,59.2,,6.0,0.536,16.4,,0.313,1.0,12.3,3.98,2.0,1.0,1.0,0.0,CUSA
2003,First Round,5,Wisconsin,12,Weber State,0,32.0,0.75,12.0,4.0,798.0,0.463,201.0,0.357,453.0,0.732,326.0,1045.0,423.0,221.0,88.0,334.0,478.0,,,0.359,0.327,0.558,51.5,53.0,,5.3,0.521,14.2,,0.263,1.0,3.91,13.56,2.0,1.0,0.0,0.0,Big Ten,32.0,0.813,14.0,0.0,800.0,0.468,189.0,0.328,596.0,0.731,345.0,1078.0,455.0,211.0,24.0,403.0,601.0,,,0.477,0.337,0.569,51.5,56.9,,1.4,0.523,16.1,,0.349,0.0,4.49,0.07,1.0,0.0,0.0,0.0,Big Sky
2003,Second Round,5,Wisconsin,13,Tulsa,0,32.0,0.75,12.0,4.0,798.0,0.463,201.0,0.357,453.0,0.732,326.0,1045.0,423.0,221.0,88.0,334.0,478.0,,,0.359,0.327,0.558,51.5,53.0,,5.3,0.521,14.2,,0.263,1.0,3.91,13.56,2.0,1.0,0.0,0.0,Big Ten,33.0,0.697,12.0,6.0,877.0,0.465,217.0,0.367,452.0,0.73,365.0,1221.0,488.0,242.0,159.0,467.0,565.0,,,0.329,0.314,0.556,51.3,55.6,,8.2,0.523,17.7,,0.24,0.0,4.69,5.72,2.0,0.0,0.0,0.0,WAC
2003,First Round,4,Dayton,13,Tulsa,1,30.0,0.8,14.0,2.0,738.0,0.451,227.0,0.359,479.0,0.714,403.0,1091.0,452.0,159.0,88.0,397.0,529.0,,,0.41,0.386,0.558,53.6,61.2,,5.2,0.52,16.9,,0.292,0.0,7.0,4.0,3.0,0.0,0.0,0.0,A-10,33.0,0.697,12.0,6.0,877.0,0.465,217.0,0.367,452.0,0.73,365.0,1221.0,488.0,242.0,159.0,467.0,565.0,,,0.329,0.314,0.556,51.3,55.6,,8.2,0.523,17.7,,0.24,0.0,4.69,5.72,2.0,0.0,0.0,0.0,WAC
2003,First Round,6,Missouri,11,Southern Illinois,0,33.0,0.667,9.0,7.0,870.0,0.444,252.0,0.361,397.0,0.662,437.0,1301.0,452.0,185.0,144.0,457.0,562.0,,,0.306,0.357,0.532,52.2,52.0,,7.3,0.508,16.9,,0.203,0.0,7.73,7.15,4.0,1.0,0.0,0.0,Big 12,31.0,0.774,16.0,2.0,847.0,0.47,191.0,0.387,422.0,0.7,336.0,1028.0,430.0,245.0,96.0,388.0,600.0,,,0.335,0.274,0.553,49.1,50.8,,5.8,0.523,15.7,,0.234,0.0,6.73,1.83,2.0,1.0,0.0,0.0,MVC
2003,First Round,3,Marquette,14,Holy Cross,0,33.0,0.818,14.0,2.0,901.0,0.482,202.0,0.398,585.0,0.771,487.0,1208.0,533.0,198.0,117.0,438.0,622.0,,,0.406,0.272,0.58,53.1,59.2,,6.0,0.536,16.4,,0.313,1.0,12.3,3.98,2.0,1.0,1.0,0.0,CUSA,31.0,0.839,13.0,1.0,759.0,0.462,170.0,0.362,492.0,0.708,377.0,1131.0,489.0,246.0,138.0,426.0,577.0,,,0.423,0.285,0.552,56.0,64.4,,8.7,0.514,17.8,,0.299,0.0,-1.53,6.79,5.0,1.0,0.0,0.0,Patriot
2003,Second Round,3,Marquette,6,Missouri,1,33.0,0.818,14.0,2.0,901.0,0.482,202.0,0.398,585.0,0.771,487.0,1208.0,533.0,198.0,117.0,438.0,622.0,,,0.406,0.272,0.58,53.1,59.2,,6.0,0.536,16.4,,0.313,1.0,12.3,3.98,2.0,1.0,1.0,0.0,CUSA,33.0,0.667,9.0,7.0,870.0,0.444,252.0,0.361,397.0,0.662,437.0,1301.0,452.0,185.0,144.0,457.0,562.0,,,0.306,0.357,0.532,52.2,52.0,,7.3,0.508,16.9,,0.203,0.0,7.73,7.15,4.0,1.0,0.0,0.0,Big 12
2003,First Round,7,Indiana,10,Alabama,0,34.0,0.618,8.0,8.0,788.0,0.426,254.0,0.349,546.0,0.718,387.0,1234.0,470.0,146.0,175.0,392.0,613.0,,,0.411,0.393,0.537,50.3,59.6,,8.8,0.494,15.1,,0.295,0.0,5.59,7.04,3.0,1.0,1.0,0.0,Big Ten,29.0,0.586,7.0,9.0,695.0,0.42,183.0,0.322,429.0,0.713,389.0,1079.0,352.0,187.0,112.0,380.0,527.0,,,0.364,0.344,0.516,52.6,50.6,,7.0,0.476,16.4,,0.26,0.0,5.24,8.13,4.0,0.0,0.0,0.0,SEC
2003,First Round,2,Pitt,15,Wagner,0,33.0,0.848,13.0,3.0,893.0,0.506,208.0,0.364,479.0,0.64,369.0,1203.0,589.0,271.0,134.0,484.0,591.0,,,0.424,0.324,0.583,55.0,66.0,,7.7,0.565,18.6,,0.271,1.0,7.46,14.04,3.0,2.0,0.0,0.0,Big East,32.0,0.656,14.0,4.0,865.0,0.47,225.0,0.382,448.0,0.727,381.0,1098.0,514.0,239.0,89.0,482.0,566.0,,,0.335,0.32,0.563,51.5,59.4,,4.9,0.531,18.4,,0.243,0.0,0.73,-4.06,1.0,0.0,0.0,0.0,NEC
2003,Second Round,2,Pitt,7,Indiana,0,33.0,0.848,13.0,3.0,893.0,0.506,208.0,0.364,479.0,0.64,369.0,1203.0,589.0,271.0,134.0,484.0,591.0,,,0.424,0.324,0.583,55.0,66.0,,7.7,0.565,18.6,,0.271,1.0,7.46,14.04,3.0,2.0,0.0,0.0,Big East,34.0,0.618,8.0,8.0,788.0,0.426,254.0,0.349,546.0,0.718,387.0,1234.0,470.0,146.0,175.0,392.0,613.0,,,0.411,0.393,0.537,50.3,59.6,,8.8,0.494,15.1,,0.295,0.0,5.59,7.04,3.0,1.0,1.0,0.0,Big Ten
2003,First Round,1,Arizona,16,Vermont,0,32.0,0.875,17.0,1.0,973.0,0.461,228.0,0.353,551.0,0.709,479.0,1374.0,569.0,274.0,136.0,468.0,559.0,,,0.368,0.306,0.549,54.0,58.5,,6.5,0.515,15.9,,0.261,1.0,18.2,5.22,24.0,12.0,5.0,1.0,Pac-10,33.0,0.636,11.0,5.0,835.0,0.447,179.0,0.344,426.0,0.666,425.0,1295.0,477.0,230.0,102.0,479.0,520.0,,,0.342,0.278,0.523,55.2,57.1,,5.5,0.494,18.1,,0.228,0.0,-4.67,3.36,1.0,0.0,0.0,0.0,AEC
2003,Second Round,1,Arizona,9,Gonzaga,0,32.0,0.875,17.0,1.0,973.0,0.461,228.0,0.353,551.0,0.709,479.0,1374.0,569.0,274.0,136.0,468.0,559.0,,,0.368,0.306,0.549,54.0,58.5,,6.5,0.515,15.9,,0.261,1.0,18.2,5.22,24.0,12.0,5.0,1.0,Pac-10,33.0,0.727,12.0,2.0,862.0,0.468,239.0,0.376,595.0,0.724,394.0,1234.0,520.0,218.0,116.0,474.0,619.0,,,0.446,0.345,0.573,54.1,60.3,,6.2,0.533,17.5,,0.323,0.0,9.79,2.47,4.0,2.0,0.0,0.0,WCC
2003,First Round,8,Cincinnati,9,Gonzaga,1,29.0,0.586,9.0,7.0,667.0,0.404,197.0,0.344,423.0,0.69,366.0,1030.0,357.0,152.0,125.0,307.0,556.0,,,0.371,0.347,0.503,50.2,53.5,,8.1,0.463,13.6,,0.256,0.0,1.17,11.73,13.0,4.0,1.0,0.0,CUSA,33.0,0.727,12.0,2.0,862.0,0.468,239.0,0.376,595.0,0.724,394.0,1234.0,520.0,218.0,116.0,474.0,619.0,,,0.446,0.345,0.573,54.1,60.3,,6.2,0.533,17.5,,0.323,0.0,9.79,2.47,4.0,2.0,0.0,0.0,WCC
2003,Sweet Sixteen,1,Arizona,5,Notre Dame,0,32.0,0.875,17.0,1.0,973.0,0.461,228.0,0.353,551.0,0.709,479.0,1374.0,569.0,274.0,136.0,468.0,559.0,,,0.368,0.306,0.549,54.0,58.5,,6.5,0.515,15.9,,0.261,1.0,18.2,5.22,24.0,12.0,5.0,1.0,Pac-10,34.0,0.706,10.0,6.0,917.0,0.446,283.0,0.385,575.0,0.761,378.0,1303.0,558.0,248.0,189.0,446.0,551.0,,,0.368,0.358,0.558,49.8,60.9,,8.5,0.515,15.6,,0.28,1.0,13.64,3.67,5.0,1.0,0.0,0.0,Big East
2003,Second Round,4,Illinois,5,Notre Dame,1,32.0,0.781,11.0,5.0,859.0,0.479,233.0,0.366,437.0,0.725,305.0,1133.0,575.0,227.0,100.0,418.0,598.0,,,0.336,0.355,0.574,52.1,66.9,,5.7,0.544,16.7,,0.244,1.0,9.7,10.12,5.0,3.0,0.0,0.0,Big Ten,34.0,0.706,10.0,6.0,917.0,0.446,283.0,0.385,575.0,0.761,378.0,1303.0,558.0,248.0,189.0,446.0,551.0,,,0.368,0.358,0.558,49.8,60.9,,8.5,0.515,15.6,,0.28,1.0,13.64,3.67,5.0,1.0,0.0,0.0,Big East
2003,Elite Eight,1,Arizona,2,Kansas,1,32.0,0.875,17.0,1.0,973.0,0.461,228.0,0.353,551.0,0.709,479.0,1374.0,569.0,274.0,136.0,468.0,559.0,,,0.368,0.306,0.549,54.0,58.5,,6.5,0.515,15.9,,0.261,1.0,18.2,5.22,24.0,12.0,5.0,1.0,Pac-10,38.0,0.789,14.0,2.0,1182.0,0.494,183.0,0.335,594.0,0.656,550.0,1589.0,653.0,373.0,192.0,562.0,633.0,,,0.379,0.228,0.556,55.2,55.2,,8.2,0.532,16.6,,0.248,1.0,16.06,8.94,14.0,9.0,4.0,0.0,Big 12
2003,First Round,5,Notre Dame,12,Milwaukee,0,34.0,0.706,10.0,6.0,917.0,0.446,283.0,0.385,575.0,0.761,378.0,1303.0,558.0,248.0,189.0,446.0,551.0,,,0.368,0.358,0.558,49.8,60.9,,8.5,0.515,15.6,,0.28,1.0,13.64,3.67,5.0,1.0,0.0,0.0,Big East,32.0,0.75,13.0,3.0,874.0,0.471,246.0,0.354,472.0,0.693,370.0,1101.0,542.0,283.0,114.0,475.0,649.0,,,0.367,0.375,0.566,50.1,62.0,,6.5,0.537,17.9,,0.254,0.0,8.04,-0.33,1.0,0.0,0.0,0.0,Horizon
2003,First Round,4,Illinois,13,Western Kentucky,0,32.0,0.781,11.0,5.0,859.0,0.479,233.0,0.366,437.0,0.725,305.0,1133.0,575.0,227.0,100.0,418.0,598.0,,,0.336,0.355,0.574,52.1,66.9,,5.7,0.544,16.7,,0.244,1.0,9.7,10.12,5.0,3.0,0.0,0.0,Big Ten,33.0,0.727,12.0,2.0,860.0,0.461,253.0,0.364,457.0,0.66,411.0,1186.0,473.0,234.0,120.0,497.0,608.0,,,0.371,0.372,0.554,52.1,55.0,,6.5,0.529,18.5,,0.245,0.0,3.91,3.8,3.0,0.0,0.0,0.0,Sun Belt
2003,First Round,6,Creighton,11,Central Michigan,1,34.0,0.853,15.0,3.0,974.0,0.498,270.0,0.39,470.0,0.693,373.0,1155.0,575.0,283.0,153.0,461.0,591.0,,,0.347,0.354,0.59,51.2,59.0,,8.1,0.567,16.8,,0.24,1.0,10.68,4.64,6.0,0.0,0.0,0.0,MVC,32.0,0.781,14.0,4.0,864.0,0.504,224.0,0.39,601.0,0.762,347.0,1079.0,504.0,237.0,120.0,577.0,658.0,,,0.46,0.335,0.611,52.1,58.3,,6.5,0.569,21.6,,0.351,0.0,9.09,-2.37,1.0,0.0,0.0,0.0,MAC
2003,Second Round,3,Duke,11,Central Michigan,0,33.0,0.788,11.0,5.0,897.0,0.453,244.0,0.363,639.0,0.712,431.0,1206.0,444.0,286.0,178.0,462.0,698.0,,,0.453,0.339,0.556,51.0,49.5,,9.4,0.514,16.1,,0.323,1.0,14.87,4.98,19.0,14.0,9.0,3.0,ACC,32.0,0.781,14.0,4.0,864.0,0.504,224.0,0.39,601.0,0.762,347.0,1079.0,504.0,237.0,120.0,577.0,658.0,,,0.46,0.335,0.611,52.1,58.3,,6.5,0.569,21.6,,0.351,0.0,9.09,-2.37,1.0,0.0,0.0,0.0,MAC
2003,First Round,3,Duke,14,Colorado State,0,33.0,0.788,11.0,5.0,897.0,0.453,244.0,0.363,639.0,0.712,431.0,1206.0,444.0,286.0,178.0,462.0,698.0,,,0.453,0.339,0.556,51.0,49.5,,9.4,0.514,16.1,,0.323,1.0,14.87,4.98,19.0,14.0,9.0,3.0,ACC,33.0,0.576,5.0,9.0,876.0,0.505,137.0,0.361,561.0,0.697,374.0,1175.0,514.0,179.0,149.0,553.0,682.0,,,0.465,0.219,0.579,53.3,58.7,,7.8,0.545,20.7,,0.324,0.0,6.15,-0.77,1.0,0.0,0.0,0.0,MWC
2003,First Round,7,Memphis,10,Arizona State,1,30.0,0.767,13.0,3.0,787.0,0.435,210.0,0.344,448.0,0.654,448.0,1203.0,493.0,216.0,152.0,412.0,563.0,,,0.379,0.337,0.523,52.7,62.6,,8.7,0.493,16.2,,0.248,0.0,7.76,5.47,6.0,3.0,1.0,0.0,CUSA,32.0,0.625,11.0,7.0,886.0,0.482,131.0,0.324,561.0,0.674,434.0,1162.0,506.0,173.0,139.0,437.0,626.0,,,0.453,0.22,0.552,53.0,57.1,,7.7,0.518,16.4,,0.305,1.0,9.79,5.22,3.0,0.0,0.0,0.0,Pac-10
2003,Second Round,2,Kansas,10,Arizona State,1,38.0,0.789,14.0,2.0,1182.0,0.494,183.0,0.335,594.0,0.656,550.0,1589.0,653.0,373.0,192.0,562.0,633.0,,,0.379,0.228,0.556,55.2,55.2,,8.2,0.532,16.6,,0.248,1.0,16.06,8.94,14.0,9.0,4.0,0.0,Big 12,32.0,0.625,11.0,7.0,886.0,0.482,131.0,0.324,561.0,0.674,434.0,1162.0,506.0,173.0,139.0,437.0,626.0,,,0.453,0.22,0.552,53.0,57.1,,7.7,0.518,16.4,,0.305,1.0,9.79,5.22,3.0,0.0,0.0,0.0,Pac-10
2003,First Round,2,Kansas,15,Utah State,0,38.0,0.789,14.0,2.0,1182.0,0.494,183.0,0.335,594.0,0.656,550.0,1589.0,653.0,373.0,192.0,562.0,633.0,,,0.379,0.228,0.556,55.2,55.2,,8.2,0.532,16.6,,0.248,1.0,16.06,8.94,14.0,9.0,4.0,0.0,Big 12,33.0,0.727,12.0,6.0,799.0,0.463,134.0,0.294,465.0,0.714,414.0,1154.0,471.0,168.0,69.0,406.0,528.0,,,0.377,0.264,0.539,55.6,58.9,,4.1,0.501,16.6,,0.269,0.0,-3.34,7.49,4.0,0.0,0.0,0.0,Big West
2003,Sweet Sixteen,2,Kansas,3,Duke,0,38.0,0.789,14.0,2.0,1182.0,0.494,183.0,0.335,594.0,0.656,550.0,1589.0,653.0,373.0,192.0,562.0,633.0,,,0.379,0.228,0.556,55.2,55.2,,8.2,0.532,16.6,,0.248,1.0,16.06,8.94,14.0,9.0,4.0,0.0,Big 12,33.0,0.788,11.0,5.0,897.0,0.453,244.0,0.363,639.0,0.712,431.0,1206.0,444.0,286.0,178.0,462.0,698.0,,,0.453,0.339,0.556,51.0,49.5,,9.4,0.514,16.1,,0.323,1.0,14.87,4.98,19.0,14.0,9.0,3.0,ACC
2004,Play-In,16,Lehigh,16,Florida A&M,1,31.0,0.645,10.0,4.0,729.0,0.424,198.0,0.346,426.0,0.716,357.0,1132.0,412.0,229.0,108.0,450.0,577.0,,,0.346,0.334,0.52,51.5,56.5,,6.4,0.482,18.4,,0.248,0.0,-6.58,-0.72,1.0,0.0,0.0,0.0,Patriot,32.0,0.469,10.0,8.0,747.0,0.415,271.0,0.347,546.0,0.708,,1089.0,405.0,271.0,51.0,537.0,693.0,,,0.428,0.434,0.533,47.5,54.2,,2.9,0.49,19.9,,0.303,0.0,1.06,-10.91,1.0,0.0,0.0,0.0,MEAC
2004,First Round,1,Kentucky,16,Florida A&M,0,32.0,0.844,13.0,3.0,862.0,0.472,204.0,0.357,437.0,0.697,371.0,1160.0,504.0,249.0,110.0,468.0,584.0,,,0.343,0.313,0.556,53.6,58.5,,6.3,0.527,18.0,,0.239,1.0,8.82,10.01,11.0,8.0,1.0,1.0,SEC,32.0,0.469,10.0,8.0,747.0,0.415,271.0,0.347,546.0,0.708,,1089.0,405.0,271.0,51.0,537.0,693.0,,,0.428,0.434,0.533,47.5,54.2,,2.9,0.49,19.9,,0.303,0.0,1.06,-10.91,1.0,0.0,0.0,0.0,MEAC
2004,Second Round,1,Kentucky,9,Alabama-Birmingham,1,32.0,0.844,13.0,3.0,862.0,0.472,204.0,0.357,437.0,0.697,371.0,1160.0,504.0,249.0,110.0,468.0,584.0,,,0.343,0.313,0.556,53.6,58.5,,6.3,0.527,18.0,,0.239,1.0,8.82,10.01,11.0,8.0,1.0,1.0,SEC,32.0,0.688,12.0,4.0,882.0,0.44,213.0,0.33,437.0,0.666,401.0,1119.0,564.0,371.0,115.0,431.0,681.0,,,0.327,0.322,0.521,46.6,63.9,,6.5,0.493,15.7,,0.218,0.0,9.21,2.54,1.0,1.0,0.0,0.0,CUSA
2004,First Round,8,Washington,9,Alabama-Birmingham,1,31.0,0.613,12.0,6.0,890.0,0.466,201.0,0.353,562.0,0.713,382.0,1103.0,501.0,226.0,91.0,472.0,667.0,,,0.412,0.298,0.556,49.9,56.3,,4.9,0.518,17.1,,0.294,0.0,15.48,-6.02,2.0,0.0,0.0,0.0,Pac-10,32.0,0.688,12.0,4.0,882.0,0.44,213.0,0.33,437.0,0.666,401.0,1119.0,564.0,371.0,115.0,431.0,681.0,,,0.327,0.322,0.521,46.6,63.9,,6.5,0.493,15.7,,0.218,0.0,9.21,2.54,1.0,1.0,0.0,0.0,CUSA
2004,Sweet Sixteen,4,Kansas,9,Alabama-Birmingham,1,33.0,0.727,12.0,4.0,895.0,0.465,188.0,0.335,525.0,0.707,409.0,1303.0,572.0,232.0,165.0,485.0,661.0,,,0.386,0.292,0.55,52.8,63.9,,8.4,0.514,17.6,,0.273,1.0,11.12,5.98,6.0,4.0,0.0,0.0,Big 12,32.0,0.688,12.0,4.0,882.0,0.44,213.0,0.33,437.0,0.666,401.0,1119.0,564.0,371.0,115.0,431.0,681.0,,,0.327,0.322,0.521,46.6,63.9,,6.5,0.493,15.7,,0.218,0.0,9.21,2.54,1.0,1.0,0.0,0.0,CUSA
2004,First Round,5,Providence,12,Pacific,1,29.0,0.69,11.0,5.0,717.0,0.45,228.0,0.362,398.0,0.72,342.0,976.0,455.0,264.0,143.0,433.0,469.0,,,0.347,0.395,0.555,50.5,63.5,,8.8,0.522,18.9,,0.25,1.0,6.6,8.27,3.0,0.0,0.0,0.0,Big East,33.0,0.758,17.0,1.0,764.0,0.468,195.0,0.357,549.0,0.736,304.0,1101.0,478.0,194.0,103.0,471.0,561.0,,,0.457,0.334,0.572,50.5,62.6,,5.5,0.528,19.2,,0.336,0.0,1.26,4.51,2.0,0.0,0.0,0.0,Big West
2004,Second Round,4,Kansas,12,Pacific,0,33.0,0.727,12.0,4.0,895.0,0.465,188.0,0.335,525.0,0.707,409.0,1303.0,572.0,232.0,165.0,485.0,661.0,,,0.386,0.292,0.55,52.8,63.9,,8.4,0.514,17.6,,0.273,1.0,11.12,5.98,6.0,4.0,0.0,0.0,Big 12,33.0,0.758,17.0,1.0,764.0,0.468,195.0,0.357,549.0,0.736,304.0,1101.0,478.0,194.0,103.0,471.0,561.0,,,0.457,0.334,0.572,50.5,62.6,,5.5,0.528,19.2,,0.336,0.0,1.26,4.51,2.0,0.0,0.0,0.0,Big West
2004,First Round,4,Kansas,13,UIC,0,33.0,0.727,12.0,4.0,895.0,0.465,188.0,0.335,525.0,0.707,409.0,1303.0,572.0,232.0,165.0,485.0,661.0,,,0.386,0.292,0.55,52.8,63.9,,8.4,0.514,17.6,,0.273,1.0,11.12,5.98,6.0,4.0,0.0,0.0,Big 12,32.0,0.75,12.0,4.0,810.0,0.451,158.0,0.385,445.0,0.636,423.0,1126.0,468.0,247.0,85.0,405.0,572.0,,,0.39,0.228,0.522,52.2,57.8,,7.7,0.495,16.0,,0.248,0.0,0.74,5.26,3.0,0.0,0.0,0.0,Horizon
2004,First Round,6,Boston College,11,Utah,0,34.0,0.706,10.0,6.0,819.0,0.455,128.0,0.326,546.0,0.679,425.0,1224.0,543.0,241.0,102.0,457.0,537.0,,,0.447,0.218,0.53,52.2,66.3,,5.2,0.491,17.3,,0.304,0.0,3.45,8.54,5.0,0.0,0.0,0.0,Big East,33.0,0.727,9.0,5.0,768.0,0.471,196.0,0.387,402.0,0.723,355.0,1140.0,426.0,146.0,111.0,463.0,566.0,,,0.341,0.31,0.563,56.0,55.5,,6.7,0.531,19.6,,0.247,0.0,-2.72,14.09,1.0,0.0,0.0,0.0,MWC
2004,First Round,3,Georgia Tech,14,Northern Iowa,0,38.0,0.737,9.0,7.0,1029.0,0.465,267.0,0.366,586.0,0.692,429.0,1422.0,579.0,338.0,172.0,578.0,795.0,,,0.383,0.329,0.557,50.1,56.3,,7.7,0.525,18.1,,0.265,1.0,11.6,9.06,3.0,1.0,1.0,0.0,ACC,31.0,0.677,12.0,6.0,723.0,0.44,223.0,0.354,478.0,0.738,268.0,1068.0,410.0,165.0,63.0,388.0,517.0,,,0.394,0.383,0.55,49.9,56.7,,3.6,0.508,16.6,,0.291,0.0,2.88,3.99,1.0,0.0,0.0,0.0,MVC
2004,Second Round,3,Georgia Tech,6,Boston College,0,38.0,0.737,9.0,7.0,1029.0,0.465,267.0,0.366,586.0,0.692,429.0,1422.0,579.0,338.0,172.0,578.0,795.0,,,0.383,0.329,0.557,50.1,56.3,,7.7,0.525,18.1,,0.265,1.0,11.6,9.06,3.0,1.0,1.0,0.0,ACC,34.0,0.706,10.0,6.0,819.0,0.455,128.0,0.326,546.0,0.679,425.0,1224.0,543.0,241.0,102.0,457.0,537.0,,,0.447,0.218,0.53,52.2,66.3,,5.2,0.491,17.3,,0.304,0.0,3.45,8.54,5.0,0.0,0.0,0.0,Big East
2004,Sweet Sixteen,3,Georgia Tech,10,Nevada,0,38.0,0.737,9.0,7.0,1029.0,0.465,267.0,0.366,586.0,0.692,429.0,1422.0,579.0,338.0,172.0,578.0,795.0,,,0.383,0.329,0.557,50.1,56.3,,7.7,0.525,18.1,,0.265,1.0,11.6,9.06,3.0,1.0,1.0,0.0,ACC,34.0,0.735,13.0,5.0,901.0,0.453,172.0,0.343,605.0,0.729,449.0,1322.0,478.0,218.0,154.0,445.0,624.0,,,0.417,0.252,0.541,53.9,53.1,,7.8,0.496,15.7,,0.304,1.0,9.33,5.58,1.0,1.0,0.0,0.0,WAC
2004,First Round,7,Michigan State,10,Nevada,1,30.0,0.6,12.0,4.0,748.0,0.492,190.0,0.401,452.0,0.771,270.0,910.0,441.0,214.0,54.0,438.0,630.0,,,0.386,0.312,0.595,51.4,59.0,,3.6,0.555,19.6,,0.298,0.0,8.72,3.43,7.0,5.0,3.0,1.0,Big Ten,34.0,0.735,13.0,5.0,901.0,0.453,172.0,0.343,605.0,0.729,449.0,1322.0,478.0,218.0,154.0,445.0,624.0,,,0.417,0.252,0.541,53.9,53.1,,7.8,0.496,15.7,,0.304,1.0,9.33,5.58,1.0,1.0,0.0,0.0,WAC
2004,Second Round,2,Gonzaga,10,Nevada,1,31.0,0.903,14.0,0.0,899.0,0.509,195.0,0.397,543.0,0.75,348.0,1230.0,556.0,192.0,116.0,418.0,500.0,,,0.41,0.278,0.601,55.8,61.8,,6.1,0.565,16.5,,0.308,1.0,13.83,5.1,5.0,2.0,0.0,0.0,WCC,34.0,0.735,13.0,5.0,901.0,0.453,172.0,0.343,605.0,0.729,449.0,1322.0,478.0,218.0,154.0,445.0,624.0,,,0.417,0.252,0.541,53.9,53.1,,7.8,0.496,15.7,,0.304,1.0,9.33,5.58,1.0,1.0,0.0,0.0,WAC
2004,Elite Eight,3,Georgia Tech,4,Kansas,0,38.0,0.737,9.0,7.0,1029.0,0.465,267.0,0.366,586.0,0.692,429.0,1422.0,579.0,338.0,172.0,578.0,795.0,,,0.383,0.329,0.557,50.1,56.3,,7.7,0.525,18.1,,0.265,1.0,11.6,9.06,3.0,1.0,1.0,0.0,ACC,33.0,0.727,12.0,4.0,895.0,0.465,188.0,0.335,525.0,0.707,409.0,1303.0,572.0,232.0,165.0,485.0,661.0,,,0.386,0.292,0.55,52.8,63.9,,8.4,0.514,17.6,,0.273,1.0,11.12,5.98,6.0,4.0,0.0,0.0,Big 12
2004,First Round,2,Gonzaga,15,Valparaiso,0,31.0,0.903,14.0,0.0,899.0,0.509,195.0,0.397,543.0,0.75,348.0,1230.0,556.0,192.0,116.0,418.0,500.0,,,0.41,0.278,0.601,55.8,61.8,,6.1,0.565,16.5,,0.308,1.0,13.83,5.1,5.0,2.0,0.0,0.0,WCC,31.0,0.581,11.0,5.0,765.0,0.44,165.0,0.308,522.0,0.705,368.0,1183.0,474.0,210.0,97.0,500.0,692.0,,,0.425,0.307,0.53,51.6,62.0,,5.4,0.487,19.3,,0.3,0.0,0.82,-0.91,7.0,1.0,0.0,0.0,Mid-Cont
2004,First Round,1,Duke,16,Alabama State,0,37.0,0.838,13.0,3.0,1018.0,0.471,263.0,0.364,655.0,0.736,474.0,1351.0,536.0,340.0,240.0,511.0,699.0,,,0.412,0.334,0.572,51.6,52.7,,11.1,0.532,16.5,,0.303,1.0,15.78,9.9,20.0,15.0,10.0,3.0,ACC,31.0,0.516,11.0,7.0,639.0,0.42,173.0,0.335,453.0,0.656,360.0,1066.0,315.0,219.0,95.0,537.0,581.0,,,0.454,0.339,0.514,51.9,49.3,,5.8,0.476,22.5,,0.297,0.0,-12.51,1.41,2.0,0.0,0.0,0.0,SWAC
2004,Second Round,1,Duke,8,Seton Hall,0,37.0,0.838,13.0,3.0,1018.0,0.471,263.0,0.364,655.0,0.736,474.0,1351.0,536.0,340.0,240.0,511.0,699.0,,,0.412,0.334,0.572,51.6,52.7,,11.1,0.532,16.5,,0.303,1.0,15.78,9.9,20.0,15.0,10.0,3.0,ACC,31.0,0.677,10.0,6.0,806.0,0.458,181.0,0.347,435.0,0.714,359.0,1134.0,406.0,207.0,95.0,403.0,573.0,,,0.346,0.296,0.544,51.7,50.4,,5.3,0.51,16.4,,0.247,0.0,7.31,6.97,1.0,0.0,0.0,0.0,Big East
2004,Sweet Sixteen,1,Duke,5,Illinois,0,37.0,0.838,13.0,3.0,1018.0,0.471,263.0,0.364,655.0,0.736,474.0,1351.0,536.0,340.0,240.0,511.0,699.0,,,0.412,0.334,0.572,51.6,52.7,,11.1,0.532,16.5,,0.303,1.0,15.78,9.9,20.0,15.0,10.0,3.0,ACC,33.0,0.788,13.0,3.0,887.0,0.467,231.0,0.349,397.0,0.695,381.0,1151.0,565.0,224.0,122.0,401.0,618.0,,,0.301,0.349,0.553,52.0,63.7,,7.0,0.528,15.6,,0.209,1.0,8.42,8.52,3.0,2.0,0.0,0.0,Big Ten
2004,Second Round,4,Cincinnati,5,Illinois,1,32.0,0.781,12.0,4.0,867.0,0.458,237.0,0.387,484.0,0.669,420.0,1197.0,517.0,241.0,168.0,393.0,620.0,,,0.382,0.323,0.549,52.9,59.6,,9.8,0.521,14.9,,0.256,1.0,11.39,7.37,14.0,4.0,1.0,0.0,CUSA,33.0,0.788,13.0,3.0,887.0,0.467,231.0,0.349,397.0,0.695,381.0,1151.0,565.0,224.0,122.0,401.0,618.0,,,0.301,0.349,0.553,52.0,63.7,,7.0,0.528,15.6,,0.209,1.0,8.42,8.52,3.0,2.0,0.0,0.0,Big Ten
2004,Elite Eight,1,Duke,7,Xavier,0,37.0,0.838,13.0,3.0,1018.0,0.471,263.0,0.364,655.0,0.736,474.0,1351.0,536.0,340.0,240.0,511.0,699.0,,,0.412,0.334,0.572,51.6,52.7,,11.1,0.532,16.5,,0.303,1.0,15.78,9.9,20.0,15.0,10.0,3.0,ACC,37.0,0.703,10.0,6.0,908.0,0.441,284.0,0.376,535.0,0.689,439.0,1327.0,494.0,252.0,87.0,459.0,619.0,,,0.378,0.367,0.543,51.6,54.4,,4.2,0.51,15.9,,0.26,0.0,4.66,9.18,4.0,1.0,0.0,0.0,A-10
2004,Sweet Sixteen,3,Texas,7,Xavier,1,33.0,0.758,12.0,4.0,904.0,0.442,227.0,0.372,494.0,0.68,517.0,1355.0,447.0,219.0,125.0,388.0,645.0,,,0.355,0.298,0.529,54.5,49.4,,6.7,0.497,14.0,,0.241,1.0,10.46,8.06,12.0,4.0,1.0,0.0,Big 12,37.0,0.703,10.0,6.0,908.0,0.441,284.0,0.376,535.0,0.689,439.0,1327.0,494.0,252.0,87.0,459.0,619.0,,,0.378,0.367,0.543,51.6,54.4,,4.2,0.51,15.9,,0.26,0.0,4.66,9.18,4.0,1.0,0.0,0.0,A-10
2004,Second Round,2,Mississippi State,7,Xavier,1,30.0,0.867,14.0,2.0,822.0,0.465,198.0,0.354,476.0,0.664,444.0,1231.0,416.0,280.0,132.0,458.0,489.0,,,0.406,0.317,0.55,55.4,50.6,,7.5,0.522,17.9,,0.27,1.0,11.76,5.02,3.0,0.0,0.0,0.0,SEC,37.0,0.703,10.0,6.0,908.0,0.441,284.0,0.376,535.0,0.689,439.0,1327.0,494.0,252.0,87.0,459.0,619.0,,,0.378,0.367,0.543,51.6,54.4,,4.2,0.51,15.9,,0.26,0.0,4.66,9.18,4.0,1.0,0.0,0.0,A-10
2004,Final Four,1,Duke,2,UConn,1,37.0,0.838,13.0,3.0,1018.0,0.471,263.0,0.364,655.0,0.736,474.0,1351.0,536.0,340.0,240.0,511.0,699.0,,,0.412,0.334,0.572,51.6,52.7,,11.1,0.532,16.5,,0.303,1.0,15.78,9.9,20.0,15.0,10.0,3.0,ACC,39.0,0.846,12.0,4.0,1154.0,0.48,249.0,0.402,516.0,0.623,586.0,1742.0,681.0,233.0,315.0,532.0,624.0,,,0.345,0.258,0.549,56.1,59.0,,12.6,0.532,16.0,,0.215,1.0,14.17,8.47,17.0,10.0,2.0,2.0,Big East
2004,First Round,8,Seton Hall,9,Arizona,0,31.0,0.677,10.0,6.0,806.0,0.458,181.0,0.347,435.0,0.714,359.0,1134.0,406.0,207.0,95.0,403.0,573.0,,,0.346,0.296,0.544,51.7,50.4,,5.3,0.51,16.4,,0.247,0.0,7.31,6.97,1.0,0.0,0.0,0.0,Big East,30.0,0.667,11.0,7.0,942.0,0.486,219.0,0.386,511.0,0.786,421.0,1177.0,560.0,206.0,135.0,448.0,483.0,,,0.335,0.293,0.582,52.7,59.4,,6.9,0.543,16.6,,0.264,1.0,20.16,-4.87,25.0,12.0,5.0,1.0,Pac-10
2004,First Round,5,Illinois,12,Murray State,0,33.0,0.788,13.0,3.0,887.0,0.467,231.0,0.349,397.0,0.695,381.0,1151.0,565.0,224.0,122.0,401.0,618.0,,,0.301,0.349,0.553,52.0,63.7,,7.0,0.528,15.6,,0.209,1.0,8.42,8.52,3.0,2.0,0.0,0.0,Big Ten,34.0,0.824,14.0,2.0,994.0,0.495,224.0,0.34,518.0,0.71,416.0,1261.0,636.0,271.0,146.0,476.0,615.0,,,0.363,0.328,0.579,53.2,64.0,,7.4,0.551,16.8,,0.258,0.0,8.51,-1.29,1.0,0.0,0.0,0.0,OVC
2004,First Round,4,Cincinnati,13,ETSU,0,32.0,0.781,12.0,4.0,867.0,0.458,237.0,0.387,484.0,0.669,420.0,1197.0,517.0,241.0,168.0,393.0,620.0,,,0.382,0.323,0.549,52.9,59.6,,9.8,0.521,14.9,,0.256,1.0,11.39,7.37,14.0,4.0,1.0,0.0,CUSA,33.0,0.818,15.0,1.0,946.0,0.459,201.0,0.347,525.0,0.689,411.0,1269.0,505.0,382.0,192.0,514.0,557.0,,,0.37,0.282,0.541,50.0,53.4,,9.3,0.508,17.5,,0.255,0.0,6.33,-2.14,2.0,0.0,0.0,0.0,Southern
2004,First Round,6,UNC,11,Air Force,0,30.0,0.633,8.0,8.0,877.0,0.459,195.0,0.352,515.0,0.688,460.0,1189.0,538.0,287.0,120.0,462.0,556.0,,,0.392,0.29,0.543,52.8,61.3,,6.7,0.51,16.9,,0.269,1.0,18.51,0.89,15.0,9.0,4.0,0.0,ACC,29.0,0.759,12.0,2.0,585.0,0.481,245.0,0.379,322.0,0.711,174.0,623.0,386.0,225.0,68.0,318.0,481.0,,,0.373,0.532,0.607,43.4,66.0,,5.7,0.582,18.2,,0.265,0.0,-9.42,18.54,1.0,0.0,0.0,0.0,MWC
2004,First Round,3,Texas,14,Princeton,0,33.0,0.758,12.0,4.0,904.0,0.442,227.0,0.372,494.0,0.68,517.0,1355.0,447.0,219.0,125.0,388.0,645.0,,,0.355,0.298,0.529,54.5,49.4,,6.7,0.497,14.0,,0.241,1.0,10.46,8.06,12.0,4.0,1.0,0.0,Big 12,28.0,0.714,13.0,1.0,634.0,0.481,169.0,0.338,323.0,0.711,241.0,856.0,376.0,192.0,90.0,372.0,507.0,,,0.344,0.379,0.573,52.4,59.3,,6.8,0.545,19.5,,0.245,0.0,-8.15,9.69,2.0,0.0,0.0,0.0,Ivy
2004,Second Round,3,Texas,6,UNC,0,33.0,0.758,12.0,4.0,904.0,0.442,227.0,0.372,494.0,0.68,517.0,1355.0,447.0,219.0,125.0,388.0,645.0,,,0.355,0.298,0.529,54.5,49.4,,6.7,0.497,14.0,,0.241,1.0,10.46,8.06,12.0,4.0,1.0,0.0,Big 12,30.0,0.633,8.0,8.0,877.0,0.459,195.0,0.352,515.0,0.688,460.0,1189.0,538.0,287.0,120.0,462.0,556.0,,,0.392,0.29,0.543,52.8,61.3,,6.7,0.51,16.9,,0.269,1.0,18.51,0.89,15.0,9.0,4.0,0.0,ACC
2004,First Round,7,Xavier,10,Louisville,0,37.0,0.703,10.0,6.0,908.0,0.441,284.0,0.376,535.0,0.689,439.0,1327.0,494.0,252.0,87.0,459.0,619.0,,,0.378,0.367,0.543,51.6,54.4,,4.2,0.51,15.9,,0.26,0.0,4.66,9.18,4.0,1.0,0.0,0.0,A-10,30.0,0.667,9.0,7.0,737.0,0.419,241.0,0.338,480.0,0.749,351.0,1126.0,460.0,249.0,151.0,413.0,616.0,,,0.365,0.406,0.532,50.2,62.4,,9.0,0.488,16.7,,0.273,1.0,7.8,10.8,10.0,6.0,4.0,1.0,CUSA
2004,First Round,2,Mississippi State,15,Monmouth,0,30.0,0.867,14.0,2.0,822.0,0.465,198.0,0.354,476.0,0.664,444.0,1231.0,416.0,280.0,132.0,458.0,489.0,,,0.406,0.317,0.55,55.4,50.6,,7.5,0.522,17.9,,0.27,1.0,11.76,5.02,3.0,0.0,0.0,0.0,SEC,33.0,0.636,12.0,6.0,752.0,0.417,236.0,0.35,513.0,0.74,303.0,1088.0,454.0,252.0,84.0,446.0,579.0,,,0.385,0.375,0.529,47.2,60.4,,4.5,0.483,17.3,,0.285,0.0,-4.52,-0.31,2.0,0.0,0.0,0.0,NEC
2004,First Round,1,St. Joseph's,16,Liberty,0,32.0,0.938,16.0,0.0,866.0,0.475,313.0,0.404,431.0,0.702,308.0,1043.0,520.0,285.0,111.0,370.0,546.0,,,0.337,0.425,0.586,47.3,60.0,,6.2,0.561,14.9,,0.237,1.0,11.01,9.03,4.0,2.0,0.0,0.0,A-10,33.0,0.545,12.0,4.0,819.0,0.428,206.0,0.307,440.0,0.676,441.0,1235.0,461.0,292.0,104.0,528.0,644.0,,,0.34,0.35,0.514,51.5,56.3,,5.5,0.482,19.2,,0.23,0.0,-2.83,-0.3,1.0,0.0,0.0,0.0,Big South
2004,Second Round,1,St. Joseph's,8,Texas Tech,0,32.0,0.938,16.0,0.0,866.0,0.475,313.0,0.404,431.0,0.702,308.0,1043.0,520.0,285.0,111.0,370.0,546.0,,,0.337,0.425,0.586,47.3,60.0,,6.2,0.561,14.9,,0.237,1.0,11.01,9.03,4.0,2.0,0.0,0.0,A-10,34.0,0.676,9.0,7.0,922.0,0.464,125.0,0.337,521.0,0.741,385.0,1153.0,505.0,278.0,117.0,424.0,562.0,,,0.354,0.187,0.537,48.7,54.8,,6.1,0.496,15.5,,0.262,0.0,7.49,7.22,26.0,14.0,5.0,3.0,Big 12
2004,Sweet Sixteen,1,St. Joseph's,4,Wake Forest,0,32.0,0.938,16.0,0.0,866.0,0.475,313.0,0.404,431.0,0.702,308.0,1043.0,520.0,285.0,111.0,370.0,546.0,,,0.337,0.425,0.586,47.3,60.0,,6.2,0.561,14.9,,0.237,1.0,11.01,9.03,4.0,2.0,0.0,0.0,A-10,31.0,0.677,9.0,7.0,882.0,0.476,236.0,0.386,590.0,0.712,417.0,1148.0,487.0,277.0,95.0,457.0,641.0,,,0.447,0.33,0.576,52.2,55.2,,5.2,0.539,16.9,,0.318,1.0,19.39,-0.94,8.0,1.0,0.0,0.0,ACC
2004,Elite Eight,1,St. Joseph's,2,Oklahoma State,1,32.0,0.938,16.0,0.0,866.0,0.475,313.0,0.404,431.0,0.702,308.0,1043.0,520.0,285.0,111.0,370.0,546.0,,,0.337,0.425,0.586,47.3,60.0,,6.2,0.561,14.9,,0.237,1.0,11.01,9.03,4.0,2.0,0.0,0.0,A-10,35.0,0.886,14.0,2.0,1002.0,0.513,166.0,0.376,528.0,0.695,393.0,1253.0,561.0,271.0,128.0,468.0,655.0,,,0.389,0.226,0.583,53.9,56.0,,6.7,0.556,16.8,,0.27,1.0,10.54,10.3,25.0,12.0,3.0,0.0,Big 12
2004,First Round,8,Texas Tech,9,Charlotte,0,34.0,0.676,9.0,7.0,922.0,0.464,125.0,0.337,521.0,0.741,385.0,1153.0,505.0,278.0,117.0,424.0,562.0,,,0.354,0.187,0.537,48.7,54.8,,6.1,0.496,15.5,,0.262,0.0,7.49,7.22,26.0,14.0,5.0,3.0,Big 12,30.0,0.7,12.0,4.0,812.0,0.45,232.0,0.34,518.0,0.649,441.0,1220.0,484.0,264.0,90.0,458.0,570.0,,,0.442,0.378,0.543,53.0,59.6,,7.5,0.514,17.3,,0.287,0.0,13.42,-1.18,4.0,0.0,0.0,0.0,CUSA
2004,First Round,5,Florida,12,Manhattan,1,31.0,0.645,9.0,7.0,829.0,0.482,249.0,0.377,462.0,0.75,306.0,1081.0,492.0,200.0,98.0,454.0,586.0,,,0.358,0.385,0.589,50.6,59.3,,5.5,0.555,18.4,,0.269,1.0,11.84,4.44,6.0,2.0,1.0,0.0,SEC,31.0,0.806,16.0,2.0,762.0,0.442,180.0,0.368,607.0,0.761,374.0,1079.0,338.0,287.0,128.0,395.0,636.0,,,0.463,0.284,0.549,50.9,44.4,,7.8,0.494,15.8,,0.352,0.0,3.44,5.86,2.0,0.0,0.0,0.0,MAAC
2004,Second Round,4,Wake Forest,12,Manhattan,0,31.0,0.677,9.0,7.0,882.0,0.476,236.0,0.386,590.0,0.712,417.0,1148.0,487.0,277.0,95.0,457.0,641.0,,,0.447,0.33,0.576,52.2,55.2,,5.2,0.539,16.9,,0.318,1.0,19.39,-0.94,8.0,1.0,0.0,0.0,ACC,31.0,0.806,16.0,2.0,762.0,0.442,180.0,0.368,607.0,0.761,374.0,1079.0,338.0,287.0,128.0,395.0,636.0,,,0.463,0.284,0.549,50.9,44.4,,7.8,0.494,15.8,,0.352,0.0,3.44,5.86,2.0,0.0,0.0,0.0,MAAC
2004,First Round,4,Wake Forest,13,VCU,0,31.0,0.677,9.0,7.0,882.0,0.476,236.0,0.386,590.0,0.712,417.0,1148.0,487.0,277.0,95.0,457.0,641.0,,,0.447,0.33,0.576,52.2,55.2,,5.2,0.539,16.9,,0.318,1.0,19.39,-0.94,8.0,1.0,0.0,0.0,ACC,31.0,0.742,14.0,4.0,811.0,0.475,208.0,0.392,372.0,0.606,377.0,1159.0,407.0,209.0,120.0,510.0,549.0,,,0.36,0.31,0.551,53.2,50.2,,6.8,0.536,20.3,,0.218,0.0,1.39,5.41,1.0,0.0,0.0,0.0,CAA
2004,First Round,6,Wisconsin,11,Richmond,0,32.0,0.781,12.0,4.0,754.0,0.447,190.0,0.337,492.0,0.719,347.0,1049.0,425.0,220.0,90.0,320.0,493.0,,,0.405,0.334,0.544,52.0,56.4,,5.6,0.503,13.7,,0.292,1.0,4.02,14.94,3.0,1.0,0.0,0.0,Big Ten,33.0,0.606,10.0,6.0,737.0,0.411,188.0,0.31,467.0,0.721,403.0,1164.0,406.0,235.0,143.0,432.0,617.0,,,0.361,0.339,0.507,50.0,55.1,,8.3,0.463,17.1,,0.26,0.0,-1.65,11.72,3.0,0.0,0.0,0.0,A-10
2004,First Round,3,Pitt,14,UCF,0,36.0,0.861,13.0,3.0,904.0,0.471,150.0,0.306,488.0,0.652,466.0,1320.0,523.0,215.0,169.0,455.0,532.0,,,0.389,0.255,0.537,53.9,57.9,,8.5,0.51,16.7,,0.254,1.0,2.4,15.8,1.0,1.0,0.0,0.0,Big East,31.0,0.806,17.0,3.0,792.0,0.457,232.0,0.353,365.0,0.716,382.0,1129.0,520.0,279.0,141.0,473.0,574.0,,,0.294,0.38,0.552,53.3,65.7,,8.6,0.524,19.3,,0.211,0.0,-4.65,6.52,3.0,0.0,0.0,0.0,A-Sun
2004,Second Round,3,Pitt,6,Wisconsin,0,36.0,0.861,13.0,3.0,904.0,0.471,150.0,0.306,488.0,0.652,466.0,1320.0,523.0,215.0,169.0,455.0,532.0,,,0.389,0.255,0.537,53.9,57.9,,8.5,0.51,16.7,,0.254,1.0,2.4,15.8,1.0,1.0,0.0,0.0,Big East,32.0,0.781,12.0,4.0,754.0,0.447,190.0,0.337,492.0,0.719,347.0,1049.0,425.0,220.0,90.0,320.0,493.0,,,0.405,0.334,0.544,52.0,56.4,,5.6,0.503,13.7,,0.292,1.0,4.02,14.94,3.0,1.0,0.0,0.0,Big Ten
2004,First Round,7,Memphis,10,South Carolina,0,30.0,0.733,12.0,4.0,736.0,0.42,259.0,0.359,441.0,0.657,402.0,1139.0,425.0,218.0,150.0,383.0,543.0,,,0.383,0.412,0.525,52.3,57.7,,9.1,0.494,15.6,,0.252,0.0,7.13,5.93,7.0,3.0,1.0,0.0,CUSA,34.0,0.676,8.0,8.0,846.0,0.434,226.0,0.327,465.0,0.674,423.0,1224.0,499.0,300.0,178.0,448.0,609.0,,,0.354,0.355,0.524,49.3,59.0,,9.3,0.492,16.4,,0.239,0.0,4.95,7.81,9.0,3.0,0.0,0.0,SEC
2004,First Round,2,Oklahoma State,15,Eastern Washington,0,35.0,0.886,14.0,2.0,1002.0,0.513,166.0,0.376,528.0,0.695,393.0,1253.0,561.0,271.0,128.0,468.0,655.0,,,0.389,0.226,0.583,53.9,56.0,,6.7,0.556,16.8,,0.27,1.0,10.54,10.3,25.0,12.0,3.0,0.0,Big 12,30.0,0.567,11.0,3.0,747.0,0.475,179.0,0.367,429.0,0.706,279.0,918.0,480.0,192.0,49.0,453.0,605.0,,,0.386,0.31,0.564,49.6,64.3,,3.1,0.531,19.6,,0.273,0.0,0.06,0.78,1.0,0.0,0.0,0.0,Big Sky
2004,Second Round,2,Oklahoma State,7,Memphis,0,35.0,0.886,14.0,2.0,1002.0,0.513,166.0,0.376,528.0,0.695,393.0,1253.0,561.0,271.0,128.0,468.0,655.0,,,0.389,0.226,0.583,53.9,56.0,,6.7,0.556,16.8,,0.27,1.0,10.54,10.3,25.0,12.0,3.0,0.0,Big 12,30.0,0.733,12.0,4.0,736.0,0.42,259.0,0.359,441.0,0.657,402.0,1139.0,425.0,218.0,150.0,383.0,543.0,,,0.383,0.412,0.525,52.3,57.7,,9.1,0.494,15.6,,0.252,0.0,7.13,5.93,7.0,3.0,1.0,0.0,CUSA
2004,Sweet Sixteen,2,Oklahoma State,3,Pitt,0,35.0,0.886,14.0,2.0,1002.0,0.513,166.0,0.376,528.0,0.695,393.0,1253.0,561.0,271.0,128.0,468.0,655.0,,,0.389,0.226,0.583,53.9,56.0,,6.7,0.556,16.8,,0.27,1.0,10.54,10.3,25.0,12.0,3.0,0.0,Big 12,36.0,0.861,13.0,3.0,904.0,0.471,150.0,0.306,488.0,0.652,466.0,1320.0,523.0,215.0,169.0,455.0,532.0,,,0.389,0.255,0.537,53.9,57.9,,8.5,0.51,16.7,,0.254,1.0,2.4,15.8,1.0,1.0,0.0,0.0,Big East
2004,Final Four,2,Oklahoma State,3,Georgia Tech,1,35.0,0.886,14.0,2.0,1002.0,0.513,166.0,0.376,528.0,0.695,393.0,1253.0,561.0,271.0,128.0,468.0,655.0,,,0.389,0.226,0.583,53.9,56.0,,6.7,0.556,16.8,,0.27,1.0,10.54,10.3,25.0,12.0,3.0,0.0,Big 12,38.0,0.737,9.0,7.0,1029.0,0.465,267.0,0.366,586.0,0.692,429.0,1422.0,579.0,338.0,172.0,578.0,795.0,,,0.383,0.329,0.557,50.1,56.3,,7.7,0.525,18.1,,0.265,1.0,11.6,9.06,3.0,1.0,1.0,0.0,ACC
2004,National Championship,2,UConn,3,Georgia Tech,0,39.0,0.846,12.0,4.0,1154.0,0.48,249.0,0.402,516.0,0.623,586.0,1742.0,681.0,233.0,315.0,532.0,624.0,,,0.345,0.258,0.549,56.1,59.0,,12.6,0.532,16.0,,0.215,1.0,14.17,8.47,17.0,10.0,2.0,2.0,Big East,38.0,0.737,9.0,7.0,1029.0,0.465,267.0,0.366,586.0,0.692,429.0,1422.0,579.0,338.0,172.0,578.0,795.0,,,0.383,0.329,0.557,50.1,56.3,,7.7,0.525,18.1,,0.265,1.0,11.6,9.06,3.0,1.0,1.0,0.0,ACC
2004,First Round,1,Stanford,16,UTSA,0,32.0,0.938,17.0,1.0,849.0,0.479,169.0,0.364,489.0,0.751,366.0,1178.0,513.0,206.0,140.0,453.0,573.0,,,0.368,0.262,0.566,55.0,60.4,,8.0,0.527,17.9,,0.276,1.0,4.9,12.56,12.0,3.0,1.0,0.0,Pac-10,33.0,0.576,11.0,5.0,813.0,0.429,234.0,0.361,540.0,0.697,415.0,1242.0,421.0,251.0,99.0,564.0,635.0,,,0.409,0.342,0.53,50.6,51.8,,5.0,0.491,19.9,,0.285,0.0,-1.03,-6.19,2.0,0.0,0.0,0.0,Southland
2004,Second Round,1,Stanford,8,Alabama,1,32.0,0.938,17.0,1.0,849.0,0.479,169.0,0.364,489.0,0.751,366.0,1178.0,513.0,206.0,140.0,453.0,573.0,,,0.368,0.262,0.566,55.0,60.4,,8.0,0.527,17.9,,0.276,1.0,4.9,12.56,12.0,3.0,1.0,0.0,Pac-10,33.0,0.606,8.0,8.0,813.0,0.451,233.0,0.378,521.0,0.709,366.0,1148.0,395.0,213.0,111.0,423.0,598.0,,,0.408,0.342,0.553,50.4,48.6,,5.9,0.516,16.4,,0.289,0.0,8.58,5.71,5.0,1.0,0.0,0.0,SEC
2004,Sweet Sixteen,5,Syracuse,8,Alabama,1,31.0,0.742,11.0,5.0,847.0,0.464,141.0,0.328,430.0,0.643,423.0,1180.0,465.0,235.0,205.0,396.0,554.0,,,0.366,0.235,0.528,50.6,54.9,,11.1,0.502,15.6,,0.235,0.0,8.0,5.07,23.0,13.0,3.0,1.0,Big East,33.0,0.606,8.0,8.0,813.0,0.451,233.0,0.378,521.0,0.709,366.0,1148.0,395.0,213.0,111.0,423.0,598.0,,,0.408,0.342,0.553,50.4,48.6,,5.9,0.516,16.4,,0.289,0.0,8.58,5.71,5.0,1.0,0.0,0.0,SEC
2004,Elite Eight,2,UConn,8,Alabama,0,39.0,0.846,12.0,4.0,1154.0,0.48,249.0,0.402,516.0,0.623,586.0,1742.0,681.0,233.0,315.0,532.0,624.0,,,0.345,0.258,0.549,56.1,59.0,,12.6,0.532,16.0,,0.215,1.0,14.17,8.47,17.0,10.0,2.0,2.0,Big East,33.0,0.606,8.0,8.0,813.0,0.451,233.0,0.378,521.0,0.709,366.0,1148.0,395.0,213.0,111.0,423.0,598.0,,,0.408,0.342,0.553,50.4,48.6,,5.9,0.516,16.4,,0.289,0.0,8.58,5.71,5.0,1.0,0.0,0.0,SEC
2004,First Round,8,Alabama,9,Southern Illinois,0,33.0,0.606,8.0,8.0,813.0,0.451,233.0,0.378,521.0,0.709,366.0,1148.0,395.0,213.0,111.0,423.0,598.0,,,0.408,0.342,0.553,50.4,48.6,,5.9,0.516,16.4,,0.289,0.0,8.58,5.71,5.0,1.0,0.0,0.0,SEC,30.0,0.833,17.0,1.0,787.0,0.443,185.0,0.338,372.0,0.689,393.0,1057.0,424.0,302.0,91.0,360.0,576.0,,,0.304,0.309,0.524,50.5,53.9,,5.9,0.495,15.1,,0.21,0.0,3.22,7.49,1.0,0.0,0.0,0.0,MVC
2004,First Round,5,Syracuse,12,BYU,0,31.0,0.742,11.0,5.0,847.0,0.464,141.0,0.328,430.0,0.643,423.0,1180.0,465.0,235.0,205.0,396.0,554.0,,,0.366,0.235,0.528,50.6,54.9,,11.1,0.502,15.6,,0.235,0.0,8.0,5.07,23.0,13.0,3.0,1.0,Big East,30.0,0.7,10.0,4.0,764.0,0.486,171.0,0.351,501.0,0.724,316.0,1017.0,445.0,208.0,98.0,409.0,566.0,,,0.44,0.31,0.579,54.4,58.2,,6.3,0.541,17.7,,0.319,0.0,7.66,5.04,3.0,0.0,0.0,0.0,MWC
2004,First Round,4,Maryland,13,UTEP,0,32.0,0.625,7.0,9.0,891.0,0.441,165.0,0.337,530.0,0.631,485.0,1322.0,451.0,274.0,215.0,485.0,631.0,,,0.416,0.242,0.512,51.7,50.6,,11.3,0.482,16.7,,0.262,1.0,12.12,4.85,14.0,9.0,2.0,1.0,ACC,32.0,0.75,13.0,5.0,834.0,0.477,197.0,0.384,614.0,0.752,328.0,1106.0,523.0,228.0,86.0,445.0,572.0,,,0.467,0.293,0.58,49.9,62.7,,4.6,0.533,17.2,,0.351,0.0,9.85,1.57,1.0,0.0,0.0,0.0,WAC
2004,Second Round,4,Maryland,5,Syracuse,1,32.0,0.625,7.0,9.0,891.0,0.441,165.0,0.337,530.0,0.631,485.0,1322.0,451.0,274.0,215.0,485.0,631.0,,,0.416,0.242,0.512,51.7,50.6,,11.3,0.482,16.7,,0.262,1.0,12.12,4.85,14.0,9.0,2.0,1.0,ACC,31.0,0.742,11.0,5.0,847.0,0.464,141.0,0.328,430.0,0.643,423.0,1180.0,465.0,235.0,205.0,396.0,554.0,,,0.366,0.235,0.528,50.6,54.9,,11.1,0.502,15.6,,0.235,0.0,8.0,5.07,23.0,13.0,3.0,1.0,Big East
2004,First Round,6,Vanderbilt,11,Western Michigan,0,33.0,0.697,8.0,8.0,841.0,0.449,263.0,0.367,469.0,0.711,367.0,1150.0,541.0,248.0,112.0,419.0,576.0,,,0.352,0.382,0.552,50.4,64.3,,6.2,0.519,16.1,,0.25,1.0,7.32,8.37,3.0,1.0,0.0,0.0,SEC,31.0,0.839,15.0,3.0,845.0,0.459,217.0,0.371,527.0,0.721,449.0,1177.0,474.0,276.0,83.0,411.0,600.0,,,0.397,0.318,0.556,54.2,56.1,,5.0,0.518,15.8,,0.286,0.0,8.01,3.99,1.0,0.0,0.0,0.0,MAC
2004,First Round,3,NC State,14,Louisiana,0,31.0,0.677,11.0,5.0,760.0,0.45,260.0,0.345,481.0,0.799,317.0,1046.0,454.0,208.0,69.0,420.0,576.0,,,0.357,0.446,0.573,50.5,59.7,,4.1,0.527,17.5,,0.285,1.0,7.39,11.06,4.0,0.0,0.0,0.0,ACC,29.0,0.69,12.0,3.0,797.0,0.465,237.0,0.371,403.0,0.689,341.0,988.0,474.0,260.0,62.0,419.0,538.0,,,0.341,0.372,0.56,48.7,59.5,,3.7,0.534,17.4,,0.235,0.0,6.46,-0.22,2.0,0.0,0.0,0.0,Sun Belt
2004,Second Round,3,NC State,6,Vanderbilt,1,31.0,0.677,11.0,5.0,760.0,0.45,260.0,0.345,481.0,0.799,317.0,1046.0,454.0,208.0,69.0,420.0,576.0,,,0.357,0.446,0.573,50.5,59.7,,4.1,0.527,17.5,,0.285,1.0,7.39,11.06,4.0,0.0,0.0,0.0,ACC,33.0,0.697,8.0,8.0,841.0,0.449,263.0,0.367,469.0,0.711,367.0,1150.0,541.0,248.0,112.0,419.0,576.0,,,0.352,0.382,0.552,50.4,64.3,,6.2,0.519,16.1,,0.25,1.0,7.32,8.37,3.0,1.0,0.0,0.0,SEC
2004,Sweet Sixteen,2,UConn,6,Vanderbilt,0,39.0,0.846,12.0,4.0,1154.0,0.48,249.0,0.402,516.0,0.623,586.0,1742.0,681.0,233.0,315.0,532.0,624.0,,,0.345,0.258,0.549,56.1,59.0,,12.6,0.532,16.0,,0.215,1.0,14.17,8.47,17.0,10.0,2.0,2.0,Big East,33.0,0.697,8.0,8.0,841.0,0.449,263.0,0.367,469.0,0.711,367.0,1150.0,541.0,248.0,112.0,419.0,576.0,,,0.352,0.382,0.552,50.4,64.3,,6.2,0.519,16.1,,0.25,1.0,7.32,8.37,3.0,1.0,0.0,0.0,SEC
2004,First Round,7,DePaul,10,Dayton,0,32.0,0.688,12.0,4.0,813.0,0.463,163.0,0.362,468.0,0.697,382.0,1159.0,437.0,176.0,74.0,422.0,562.0,,,0.382,0.256,0.544,53.1,53.8,,4.1,0.51,16.9,,0.267,0.0,5.18,3.89,1.0,0.0,0.0,0.0,CUSA,33.0,0.727,12.0,4.0,780.0,0.447,207.0,0.321,477.0,0.665,409.0,1266.0,489.0,150.0,94.0,467.0,577.0,,,0.411,0.369,0.538,55.0,62.7,,5.0,0.506,18.3,,0.273,0.0,0.57,6.55,1.0,0.0,0.0,0.0,A-10
2004,First Round,2,UConn,15,Vermont,0,39.0,0.846,12.0,4.0,1154.0,0.48,249.0,0.402,516.0,0.623,586.0,1742.0,681.0,233.0,315.0,532.0,624.0,,,0.345,0.258,0.549,56.1,59.0,,12.6,0.532,16.0,,0.215,1.0,14.17,8.47,17.0,10.0,2.0,2.0,Big East,31.0,0.71,15.0,3.0,734.0,0.422,203.0,0.329,374.0,0.679,360.0,1126.0,447.0,218.0,87.0,387.0,475.0,,,0.317,0.355,0.511,51.8,60.9,,5.1,0.48,16.2,,0.215,0.0,-4.57,1.83,2.0,0.0,0.0,0.0,AEC
2004,Second Round,2,UConn,7,DePaul,0,39.0,0.846,12.0,4.0,1154.0,0.48,249.0,0.402,516.0,0.623,586.0,1742.0,681.0,233.0,315.0,532.0,624.0,,,0.345,0.258,0.549,56.1,59.0,,12.6,0.532,16.0,,0.215,1.0,14.17,8.47,17.0,10.0,2.0,2.0,Big East,32.0,0.688,12.0,4.0,813.0,0.463,163.0,0.362,468.0,0.697,382.0,1159.0,437.0,176.0,74.0,422.0,562.0,,,0.382,0.256,0.544,53.1,53.8,,4.1,0.51,16.9,,0.267,0.0,5.18,3.89,1.0,0.0,0.0,0.0,CUSA
2005,Play-In,16,Alabama A&M,16,Oakland,1,32.0,0.563,12.0,6.0,762.0,0.401,198.0,0.302,507.0,0.613,423.0,1210.0,426.0,338.0,124.0,488.0,619.0,,,0.435,0.345,0.486,47.0,55.9,,6.5,0.453,17.6,,0.267,0.0,-3.78,-8.18,1.0,0.0,0.0,0.0,SWAC,32.0,0.406,7.0,9.0,811.0,0.45,201.0,0.339,446.0,0.665,384.0,1044.0,474.0,228.0,77.0,390.0,561.0,,,0.372,0.329,0.534,48.9,58.4,,4.4,0.505,15.5,,0.247,0.0,1.82,-4.48,1.0,0.0,0.0,0.0,Mid-Cont
2005,First Round,1,UNC,16,Oakland,0,37.0,0.892,14.0,2.0,1128.0,0.499,277.0,0.403,724.0,0.725,502.0,1499.0,706.0,362.0,142.0,594.0,662.0,,,0.442,0.304,0.596,55.1,62.6,,6.2,0.56,17.8,,0.32,1.0,23.52,4.9,16.0,10.0,5.0,1.0,ACC,32.0,0.406,7.0,9.0,811.0,0.45,201.0,0.339,446.0,0.665,384.0,1044.0,474.0,228.0,77.0,390.0,561.0,,,0.372,0.329,0.534,48.9,58.4,,4.4,0.505,15.5,,0.247,0.0,1.82,-4.48,1.0,0.0,0.0,0.0,Mid-Cont
2005,Second Round,1,UNC,9,Iowa State,0,37.0,0.892,14.0,2.0,1128.0,0.499,277.0,0.403,724.0,0.725,502.0,1499.0,706.0,362.0,142.0,594.0,662.0,,,0.442,0.304,0.596,55.1,62.6,,6.2,0.56,17.8,,0.32,1.0,23.52,4.9,16.0,10.0,5.0,1.0,ACC,31.0,0.613,9.0,7.0,784.0,0.437,113.0,0.292,431.0,0.682,376.0,1100.0,444.0,295.0,120.0,405.0,524.0,,,0.352,0.216,0.504,49.6,56.6,,6.9,0.469,16.2,,0.24,0.0,3.14,8.23,1.0,0.0,0.0,0.0,Big 12
2005,First Round,8,Minnesota,9,Iowa State,1,32.0,0.656,10.0,6.0,771.0,0.452,170.0,0.349,463.0,0.706,373.0,1091.0,453.0,292.0,145.0,516.0,512.0,,,0.384,0.285,0.539,52.0,58.8,,8.5,0.501,20.4,,0.271,0.0,4.04,8.06,2.0,1.0,0.0,0.0,Big Ten,31.0,0.613,9.0,7.0,784.0,0.437,113.0,0.292,431.0,0.682,376.0,1100.0,444.0,295.0,120.0,405.0,524.0,,,0.352,0.216,0.504,49.6,56.6,,6.9,0.469,16.2,,0.24,0.0,3.14,8.23,1.0,0.0,0.0,0.0,Big 12
2005,Sweet Sixteen,1,UNC,5,Villanova,0,37.0,0.892,14.0,2.0,1128.0,0.499,277.0,0.403,724.0,0.725,502.0,1499.0,706.0,362.0,142.0,594.0,662.0,,,0.442,0.304,0.596,55.1,62.6,,6.2,0.56,17.8,,0.32,1.0,23.52,4.9,16.0,10.0,5.0,1.0,ACC,32.0,0.75,11.0,5.0,801.0,0.435,225.0,0.359,509.0,0.736,463.0,1193.0,385.0,267.0,178.0,409.0,596.0,,,0.376,0.34,0.539,52.9,48.1,,10.5,0.496,15.9,,0.277,1.0,9.72,9.34,3.0,1.0,0.0,0.0,Big East
2005,Second Round,4,Florida,5,Villanova,1,32.0,0.75,12.0,4.0,844.0,0.482,244.0,0.39,506.0,0.707,366.0,1186.0,475.0,228.0,146.0,444.0,598.0,,,0.409,0.358,0.583,54.2,56.3,,8.4,0.552,17.5,,0.289,1.0,10.39,9.8,7.0,2.0,1.0,0.0,SEC,32.0,0.75,11.0,5.0,801.0,0.435,225.0,0.359,509.0,0.736,463.0,1193.0,385.0,267.0,178.0,409.0,596.0,,,0.376,0.34,0.539,52.9,48.1,,10.5,0.496,15.9,,0.277,1.0,9.72,9.34,3.0,1.0,0.0,0.0,Big East
2005,Elite Eight,1,UNC,6,Wisconsin,0,37.0,0.892,14.0,2.0,1128.0,0.499,277.0,0.403,724.0,0.725,502.0,1499.0,706.0,362.0,142.0,594.0,662.0,,,0.442,0.304,0.596,55.1,62.6,,6.2,0.56,17.8,,0.32,1.0,23.52,4.9,16.0,10.0,5.0,1.0,ACC,34.0,0.735,11.0,5.0,788.0,0.44,250.0,0.391,464.0,0.677,342.0,1176.0,444.0,179.0,62.0,389.0,513.0,,,0.383,0.358,0.542,52.7,56.3,,3.4,0.51,15.5,,0.259,1.0,3.7,13.06,4.0,2.0,0.0,0.0,Big Ten
2005,Final Four,1,UNC,5,Michigan State,0,37.0,0.892,14.0,2.0,1128.0,0.499,277.0,0.403,724.0,0.725,502.0,1499.0,706.0,362.0,142.0,594.0,662.0,,,0.442,0.304,0.596,55.1,62.6,,6.2,0.56,17.8,,0.32,1.0,23.52,4.9,16.0,10.0,5.0,1.0,ACC,33.0,0.788,13.0,3.0,914.0,0.487,219.0,0.356,543.0,0.777,397.0,1198.0,565.0,258.0,87.0,451.0,640.0,,,0.373,0.328,0.587,55.2,61.8,,5.0,0.546,17.0,,0.29,1.0,13.85,6.63,8.0,6.0,4.0,1.0,Big Ten
2005,Sweet Sixteen,1,Duke,5,Michigan State,1,33.0,0.818,11.0,5.0,853.0,0.445,290.0,0.38,585.0,0.713,432.0,1261.0,421.0,287.0,220.0,454.0,612.0,,,0.429,0.398,0.56,51.1,49.4,,11.0,0.521,16.5,,0.305,1.0,13.0,10.02,21.0,16.0,10.0,3.0,ACC,33.0,0.788,13.0,3.0,914.0,0.487,219.0,0.356,543.0,0.777,397.0,1198.0,565.0,258.0,87.0,451.0,640.0,,,0.373,0.328,0.587,55.2,61.8,,5.0,0.546,17.0,,0.29,1.0,13.85,6.63,8.0,6.0,4.0,1.0,Big Ten
2005,Elite Eight,2,Kentucky,5,Michigan State,1,34.0,0.824,14.0,2.0,901.0,0.464,218.0,0.343,483.0,0.663,417.0,1197.0,509.0,311.0,147.0,445.0,582.0,,,0.375,0.327,0.548,50.9,56.5,,8.0,0.521,16.3,,0.249,1.0,9.01,10.15,12.0,9.0,1.0,1.0,SEC,33.0,0.788,13.0,3.0,914.0,0.487,219.0,0.356,543.0,0.777,397.0,1198.0,565.0,258.0,87.0,451.0,640.0,,,0.373,0.328,0.587,55.2,61.8,,5.0,0.546,17.0,,0.29,1.0,13.85,6.63,8.0,6.0,4.0,1.0,Big Ten
2005,First Round,5,Villanova,12,New Mexico,0,32.0,0.75,11.0,5.0,801.0,0.435,225.0,0.359,509.0,0.736,463.0,1193.0,385.0,267.0,178.0,409.0,596.0,,,0.376,0.34,0.539,52.9,48.1,,10.5,0.496,15.9,,0.277,1.0,9.72,9.34,3.0,1.0,0.0,0.0,Big East,33.0,0.788,10.0,4.0,855.0,0.493,269.0,0.391,513.0,0.679,327.0,1127.0,491.0,252.0,115.0,454.0,558.0,,,0.436,0.397,0.596,51.6,57.4,,6.2,0.571,17.8,,0.296,0.0,6.36,4.72,1.0,0.0,0.0,0.0,MWC
2005,First Round,4,Florida,13,Ohio,0,32.0,0.75,12.0,4.0,844.0,0.482,244.0,0.39,506.0,0.707,366.0,1186.0,475.0,228.0,146.0,444.0,598.0,,,0.409,0.358,0.583,54.2,56.3,,8.4,0.552,17.5,,0.289,1.0,10.39,9.8,7.0,2.0,1.0,0.0,SEC,32.0,0.656,11.0,7.0,773.0,0.461,182.0,0.328,560.0,0.698,348.0,1050.0,374.0,273.0,86.0,423.0,571.0,,,0.479,0.331,0.556,49.6,48.4,,4.9,0.516,17.1,,0.334,0.0,3.99,1.4,1.0,0.0,0.0,0.0,MAC
2005,First Round,6,Wisconsin,11,Northern Iowa,0,34.0,0.735,11.0,5.0,788.0,0.44,250.0,0.391,464.0,0.677,342.0,1176.0,444.0,179.0,62.0,389.0,513.0,,,0.383,0.358,0.542,52.7,56.3,,3.4,0.51,15.5,,0.259,1.0,3.7,13.06,4.0,2.0,0.0,0.0,Big Ten,32.0,0.656,11.0,7.0,847.0,0.48,226.0,0.381,391.0,0.698,283.0,1071.0,491.0,192.0,138.0,373.0,556.0,,,0.318,0.336,0.569,50.8,58.0,,7.9,0.545,15.5,,0.222,0.0,5.47,4.65,2.0,0.0,0.0,0.0,MVC
2005,Second Round,6,Wisconsin,14,Bucknell,0,34.0,0.735,11.0,5.0,788.0,0.44,250.0,0.391,464.0,0.677,342.0,1176.0,444.0,179.0,62.0,389.0,513.0,,,0.383,0.358,0.542,52.7,56.3,,3.4,0.51,15.5,,0.259,1.0,3.7,13.06,4.0,2.0,0.0,0.0,Big Ten,33.0,0.697,10.0,4.0,704.0,0.444,218.0,0.369,471.0,0.701,306.0,1044.0,416.0,262.0,96.0,508.0,630.0,,,0.424,0.373,0.551,50.3,59.1,,5.8,0.513,21.1,,0.297,0.0,-5.26,7.38,1.0,0.0,0.0,0.0,Patriot
2005,First Round,3,Kansas,14,Bucknell,1,30.0,0.767,12.0,4.0,801.0,0.476,198.0,0.367,451.0,0.695,350.0,1129.0,495.0,197.0,115.0,433.0,574.0,,,0.385,0.32,0.565,52.4,61.8,,6.7,0.534,17.9,,0.268,1.0,12.24,8.44,7.0,4.0,0.0,0.0,Big 12,33.0,0.697,10.0,4.0,704.0,0.444,218.0,0.369,471.0,0.701,306.0,1044.0,416.0,262.0,96.0,508.0,630.0,,,0.424,0.373,0.551,50.3,59.1,,5.8,0.513,21.1,,0.297,0.0,-5.26,7.38,1.0,0.0,0.0,0.0,Patriot
2005,Sweet Sixteen,6,Wisconsin,10,NC State,0,34.0,0.735,11.0,5.0,788.0,0.44,250.0,0.391,464.0,0.677,342.0,1176.0,444.0,179.0,62.0,389.0,513.0,,,0.383,0.358,0.542,52.7,56.3,,3.4,0.51,15.5,,0.259,1.0,3.7,13.06,4.0,2.0,0.0,0.0,Big Ten,35.0,0.6,7.0,9.0,871.0,0.455,294.0,0.37,523.0,0.705,375.0,1121.0,529.0,260.0,156.0,435.0,658.0,,,0.387,0.415,0.564,48.3,60.7,,8.4,0.532,16.1,,0.273,1.0,6.86,9.29,5.0,1.0,0.0,0.0,ACC
2005,First Round,7,Charlotte,10,NC State,1,29.0,0.724,12.0,4.0,763.0,0.432,232.0,0.368,499.0,0.684,420.0,1119.0,409.0,252.0,92.0,389.0,495.0,,,0.413,0.357,0.534,51.0,53.6,,8.2,0.497,15.5,,0.282,0.0,11.8,-2.17,5.0,0.0,0.0,0.0,CUSA,35.0,0.6,7.0,9.0,871.0,0.455,294.0,0.37,523.0,0.705,375.0,1121.0,529.0,260.0,156.0,435.0,658.0,,,0.387,0.415,0.564,48.3,60.7,,8.4,0.532,16.1,,0.273,1.0,6.86,9.29,5.0,1.0,0.0,0.0,ACC
2005,Second Round,2,UConn,10,NC State,1,31.0,0.742,13.0,3.0,862.0,0.46,154.0,0.317,541.0,0.7,478.0,1412.0,531.0,189.0,275.0,468.0,492.0,,,0.413,0.26,0.54,57.1,61.6,,13.7,0.502,17.3,,0.289,1.0,13.23,5.58,18.0,10.0,2.0,2.0,Big East,35.0,0.6,7.0,9.0,871.0,0.455,294.0,0.37,523.0,0.705,375.0,1121.0,529.0,260.0,156.0,435.0,658.0,,,0.387,0.415,0.564,48.3,60.7,,8.4,0.532,16.1,,0.273,1.0,6.86,9.29,5.0,1.0,0.0,0.0,ACC
2005,First Round,2,UConn,15,UCF,0,31.0,0.742,13.0,3.0,862.0,0.46,154.0,0.317,541.0,0.7,478.0,1412.0,531.0,189.0,275.0,468.0,492.0,,,0.413,0.26,0.54,57.1,61.6,,13.7,0.502,17.3,,0.289,1.0,13.23,5.58,18.0,10.0,2.0,2.0,Big East,33.0,0.727,13.0,7.0,784.0,0.461,283.0,0.373,453.0,0.696,405.0,1174.0,512.0,221.0,143.0,496.0,622.0,,,0.382,0.446,0.573,54.2,65.3,,8.2,0.544,19.8,,0.266,0.0,-6.35,1.44,4.0,0.0,0.0,0.0,A-Sun
2005,First Round,1,Washington,16,Montana,0,35.0,0.829,14.0,4.0,1102.0,0.485,257.0,0.384,565.0,0.733,523.0,1305.0,660.0,288.0,87.0,499.0,718.0,,,0.339,0.295,0.574,52.8,59.9,,4.3,0.542,15.9,,0.249,1.0,20.97,-1.21,3.0,1.0,0.0,0.0,Pac-10,31.0,0.581,9.0,5.0,735.0,0.458,182.0,0.354,500.0,0.677,322.0,1118.0,424.0,182.0,93.0,528.0,533.0,,,0.46,0.32,0.55,52.6,57.7,,5.1,0.514,21.2,,0.311,0.0,-1.44,-2.2,1.0,0.0,0.0,0.0,Big Sky
2005,Second Round,1,Washington,8,Pacific,0,35.0,0.829,14.0,4.0,1102.0,0.485,257.0,0.384,565.0,0.733,523.0,1305.0,660.0,288.0,87.0,499.0,718.0,,,0.339,0.295,0.574,52.8,59.9,,4.3,0.542,15.9,,0.249,1.0,20.97,-1.21,3.0,1.0,0.0,0.0,Pac-10,31.0,0.871,18.0,0.0,794.0,0.497,201.0,0.382,469.0,0.743,310.0,1104.0,462.0,154.0,96.0,424.0,455.0,,,0.395,0.329,0.595,54.6,58.2,,5.3,0.56,18.3,,0.293,0.0,5.18,3.76,3.0,0.0,0.0,0.0,Big West
2005,Sweet Sixteen,1,Washington,4,Louisville,1,35.0,0.829,14.0,4.0,1102.0,0.485,257.0,0.384,565.0,0.733,523.0,1305.0,660.0,288.0,87.0,499.0,718.0,,,0.339,0.295,0.574,52.8,59.9,,4.3,0.542,15.9,,0.249,1.0,20.97,-1.21,3.0,1.0,0.0,0.0,Pac-10,38.0,0.868,14.0,2.0,1011.0,0.467,361.0,0.398,683.0,0.723,489.0,1475.0,590.0,327.0,148.0,535.0,701.0,,,0.436,0.418,0.586,54.1,58.4,,7.0,0.55,17.0,,0.315,1.0,13.82,8.74,11.0,7.0,5.0,1.0,CUSA
2005,Final Four,1,Illinois,4,Louisville,0,39.0,0.949,15.0,1.0,1092.0,0.484,344.0,0.392,474.0,0.728,425.0,1338.0,727.0,300.0,123.0,428.0,611.0,,,0.288,0.388,0.585,52.3,66.6,,5.9,0.56,14.3,,0.21,1.0,12.23,11.88,4.0,3.0,1.0,0.0,Big Ten,38.0,0.868,14.0,2.0,1011.0,0.467,361.0,0.398,683.0,0.723,489.0,1475.0,590.0,327.0,148.0,535.0,701.0,,,0.436,0.418,0.586,54.1,58.4,,7.0,0.55,17.0,,0.315,1.0,13.82,8.74,11.0,7.0,5.0,1.0,CUSA
2005,First Round,8,Pacific,9,Pitt,0,31.0,0.871,18.0,0.0,794.0,0.497,201.0,0.382,469.0,0.743,310.0,1104.0,462.0,154.0,96.0,424.0,455.0,,,0.395,0.329,0.595,54.6,58.2,,5.3,0.56,18.3,,0.293,0.0,5.18,3.76,3.0,0.0,0.0,0.0,Big West,29.0,0.69,10.0,6.0,738.0,0.471,175.0,0.379,446.0,0.659,414.0,1103.0,439.0,189.0,120.0,419.0,496.0,,,0.432,0.295,0.555,56.3,59.5,,7.5,0.527,18.2,,0.285,1.0,6.84,7.69,2.0,1.0,0.0,0.0,Big East
2005,First Round,5,Georgia Tech,12,George Washington,0,32.0,0.625,8.0,8.0,849.0,0.452,190.0,0.333,483.0,0.691,400.0,1248.0,471.0,265.0,162.0,483.0,648.0,,,0.372,0.304,0.537,51.6,55.5,,8.6,0.503,17.9,,0.257,1.0,9.41,7.8,4.0,1.0,1.0,0.0,ACC,30.0,0.733,11.0,5.0,833.0,0.476,162.0,0.362,480.0,0.693,390.0,1098.0,484.0,293.0,128.0,448.0,528.0,,,0.396,0.255,0.555,52.2,58.1,,7.6,0.522,17.7,,0.274,0.0,9.66,0.96,1.0,0.0,0.0,0.0,A-10
2005,First Round,4,Louisville,13,Louisiana,0,38.0,0.868,14.0,2.0,1011.0,0.467,361.0,0.398,683.0,0.723,489.0,1475.0,590.0,327.0,148.0,535.0,701.0,,,0.436,0.418,0.586,54.1,58.4,,7.0,0.55,17.0,,0.315,1.0,13.82,8.74,11.0,7.0,5.0,1.0,CUSA,31.0,0.645,11.0,4.0,804.0,0.446,200.0,0.333,431.0,0.659,437.0,1092.0,375.0,291.0,85.0,482.0,604.0,,,0.363,0.334,0.53,52.2,46.6,,5.3,0.502,18.6,,0.239,0.0,3.37,2.33,1.0,0.0,0.0,0.0,Sun Belt
2005,Second Round,4,Louisville,5,Georgia Tech,0,38.0,0.868,14.0,2.0,1011.0,0.467,361.0,0.398,683.0,0.723,489.0,1475.0,590.0,327.0,148.0,535.0,701.0,,,0.436,0.418,0.586,54.1,58.4,,7.0,0.55,17.0,,0.315,1.0,13.82,8.74,11.0,7.0,5.0,1.0,CUSA,32.0,0.625,8.0,8.0,849.0,0.452,190.0,0.333,483.0,0.691,400.0,1248.0,471.0,265.0,162.0,483.0,648.0,,,0.372,0.304,0.537,51.6,55.5,,8.6,0.503,17.9,,0.257,1.0,9.41,7.8,4.0,1.0,1.0,0.0,ACC
2005,Elite Eight,4,Louisville,7,West Virginia,0,38.0,0.868,14.0,2.0,1011.0,0.467,361.0,0.398,683.0,0.723,489.0,1475.0,590.0,327.0,148.0,535.0,701.0,,,0.436,0.418,0.586,54.1,58.4,,7.0,0.55,17.0,,0.315,1.0,13.82,8.74,11.0,7.0,5.0,1.0,CUSA,35.0,0.686,8.0,8.0,868.0,0.45,319.0,0.36,446.0,0.742,340.0,1065.0,578.0,280.0,130.0,412.0,530.0,,,0.311,0.459,0.564,47.0,66.6,,6.9,0.532,15.7,,0.231,0.0,5.77,6.0,3.0,1.0,0.0,0.0,Big East
2005,Sweet Sixteen,6,Texas Tech,7,West Virginia,1,33.0,0.667,10.0,6.0,932.0,0.476,145.0,0.396,526.0,0.756,368.0,1156.0,553.0,259.0,123.0,424.0,554.0,,,0.356,0.187,0.554,49.6,59.3,,6.3,0.513,15.6,,0.269,1.0,11.27,4.97,27.0,15.0,5.0,3.0,Big 12,35.0,0.686,8.0,8.0,868.0,0.45,319.0,0.36,446.0,0.742,340.0,1065.0,578.0,280.0,130.0,412.0,530.0,,,0.311,0.459,0.564,47.0,66.6,,6.9,0.532,15.7,,0.231,0.0,5.77,6.0,3.0,1.0,0.0,0.0,Big East
2005,Second Round,2,Wake Forest,7,West Virginia,1,33.0,0.818,13.0,3.0,965.0,0.491,251.0,0.399,620.0,0.684,465.0,1315.0,531.0,284.0,118.0,484.0,640.0,,,0.461,0.32,0.584,54.9,55.0,,5.9,0.555,16.8,,0.315,1.0,20.23,0.01,9.0,1.0,0.0,0.0,ACC,35.0,0.686,8.0,8.0,868.0,0.45,319.0,0.36,446.0,0.742,340.0,1065.0,578.0,280.0,130.0,412.0,530.0,,,0.311,0.459,0.564,47.0,66.6,,6.9,0.532,15.7,,0.231,0.0,5.77,6.0,3.0,1.0,0.0,0.0,Big East
2005,First Round,6,Texas Tech,11,UCLA,0,33.0,0.667,10.0,6.0,932.0,0.476,145.0,0.396,526.0,0.756,368.0,1156.0,553.0,259.0,123.0,424.0,554.0,,,0.356,0.187,0.554,49.6,59.3,,6.3,0.513,15.6,,0.269,1.0,11.27,4.97,27.0,15.0,5.0,3.0,Big 12,29.0,0.621,11.0,7.0,748.0,0.452,186.0,0.346,456.0,0.719,343.0,1068.0,417.0,169.0,74.0,464.0,532.0,,,0.383,0.325,0.547,52.9,55.7,,4.3,0.508,19.2,,0.276,0.0,7.63,1.53,4.0,2.0,0.0,0.0,Pac-10
2005,First Round,3,Gonzaga,14,Winthrop,0,31.0,0.839,12.0,2.0,856.0,0.503,153.0,0.38,589.0,0.739,368.0,1191.0,486.0,169.0,106.0,416.0,536.0,,,0.468,0.237,0.59,55.8,56.8,,5.8,0.548,16.7,,0.346,0.0,12.53,0.76,6.0,2.0,0.0,0.0,WCC,33.0,0.818,15.0,1.0,767.0,0.445,220.0,0.364,491.0,0.677,371.0,1154.0,477.0,269.0,125.0,464.0,616.0,,,0.421,0.35,0.543,52.4,62.2,,7.5,0.509,18.3,,0.285,0.0,-5.43,5.91,5.0,0.0,0.0,0.0,Big South
2005,Second Round,3,Gonzaga,6,Texas Tech,1,31.0,0.839,12.0,2.0,856.0,0.503,153.0,0.38,589.0,0.739,368.0,1191.0,486.0,169.0,106.0,416.0,536.0,,,0.468,0.237,0.59,55.8,56.8,,5.8,0.548,16.7,,0.346,0.0,12.53,0.76,6.0,2.0,0.0,0.0,WCC,33.0,0.667,10.0,6.0,932.0,0.476,145.0,0.396,526.0,0.756,368.0,1156.0,553.0,259.0,123.0,424.0,554.0,,,0.356,0.187,0.554,49.6,59.3,,6.3,0.513,15.6,,0.269,1.0,11.27,4.97,27.0,15.0,5.0,3.0,Big 12
2005,First Round,7,West Virginia,10,Creighton,0,35.0,0.686,8.0,8.0,868.0,0.45,319.0,0.36,446.0,0.742,340.0,1065.0,578.0,280.0,130.0,412.0,530.0,,,0.311,0.459,0.564,47.0,66.6,,6.9,0.532,15.7,,0.231,0.0,5.77,6.0,3.0,1.0,0.0,0.0,Big East,34.0,0.676,11.0,7.0,823.0,0.452,293.0,0.414,482.0,0.73,336.0,1063.0,483.0,234.0,111.0,412.0,598.0,,,0.363,0.388,0.567,47.8,58.7,,6.1,0.533,16.2,,0.265,0.0,4.55,5.59,7.0,0.0,0.0,0.0,MVC
2005,First Round,2,Wake Forest,15,Chattanooga,0,33.0,0.818,13.0,3.0,965.0,0.491,251.0,0.399,620.0,0.684,465.0,1315.0,531.0,284.0,118.0,484.0,640.0,,,0.461,0.32,0.584,54.9,55.0,,5.9,0.555,16.8,,0.315,1.0,20.23,0.01,9.0,1.0,0.0,0.0,ACC,31.0,0.645,10.0,6.0,795.0,0.455,168.0,0.303,495.0,0.679,509.0,1284.0,450.0,231.0,60.0,535.0,523.0,,,0.418,0.317,0.538,57.5,56.6,,3.4,0.503,20.4,,0.284,0.0,-2.1,0.73,1.0,0.0,0.0,0.0,Southern
2005,First Round,1,Duke,16,Delaware State,0,33.0,0.818,11.0,5.0,853.0,0.445,290.0,0.38,585.0,0.713,432.0,1261.0,421.0,287.0,220.0,454.0,612.0,,,0.429,0.398,0.56,51.1,49.4,,11.0,0.521,16.5,,0.305,1.0,13.0,10.02,21.0,16.0,10.0,3.0,ACC,33.0,0.576,14.0,4.0,667.0,0.421,213.0,0.342,496.0,0.743,334.0,911.0,351.0,264.0,92.0,461.0,538.0,,,0.421,0.392,0.537,47.0,52.6,,5.8,0.488,19.5,,0.313,0.0,-9.38,2.71,1.0,0.0,0.0,0.0,MEAC
2005,Second Round,1,Duke,9,Mississippi State,0,33.0,0.818,11.0,5.0,853.0,0.445,290.0,0.38,585.0,0.713,432.0,1261.0,421.0,287.0,220.0,454.0,612.0,,,0.429,0.398,0.56,51.1,49.4,,11.0,0.521,16.5,,0.305,1.0,13.0,10.02,21.0,16.0,10.0,3.0,ACC,34.0,0.676,9.0,7.0,870.0,0.444,199.0,0.337,527.0,0.665,492.0,1389.0,475.0,232.0,114.0,503.0,532.0,,,0.404,0.301,0.528,55.8,54.6,,5.7,0.495,17.7,,0.269,0.0,6.94,5.61,4.0,0.0,0.0,0.0,SEC
2005,First Round,8,Stanford,9,Mississippi State,1,31.0,0.581,11.0,7.0,774.0,0.435,124.0,0.342,501.0,0.737,380.0,1112.0,373.0,207.0,86.0,428.0,559.0,,,0.382,0.204,0.517,50.4,48.2,,4.8,0.47,16.9,,0.282,0.0,4.29,4.8,2.0,1.0,0.0,0.0,Pac-10,34.0,0.676,9.0,7.0,870.0,0.444,199.0,0.337,527.0,0.665,492.0,1389.0,475.0,232.0,114.0,503.0,532.0,,,0.404,0.301,0.528,55.8,54.6,,5.7,0.495,17.7,,0.269,0.0,6.94,5.61,4.0,0.0,0.0,0.0,SEC
2005,First Round,5,Michigan State,12,Old Dominion,0,33.0,0.788,13.0,3.0,914.0,0.487,219.0,0.356,543.0,0.777,397.0,1198.0,565.0,258.0,87.0,451.0,640.0,,,0.373,0.328,0.587,55.2,61.8,,5.0,0.546,17.0,,0.29,1.0,13.85,6.63,8.0,6.0,4.0,1.0,Big Ten,34.0,0.824,15.0,3.0,869.0,0.444,210.0,0.337,482.0,0.699,409.0,1239.0,552.0,329.0,151.0,416.0,597.0,,,0.352,0.319,0.532,51.4,63.5,,8.2,0.497,15.4,,0.246,0.0,0.35,5.62,3.0,0.0,0.0,0.0,CAA
2005,Second Round,5,Michigan State,13,Vermont,0,33.0,0.788,13.0,3.0,914.0,0.487,219.0,0.356,543.0,0.777,397.0,1198.0,565.0,258.0,87.0,451.0,640.0,,,0.373,0.328,0.587,55.2,61.8,,5.0,0.546,17.0,,0.29,1.0,13.85,6.63,8.0,6.0,4.0,1.0,Big Ten,32.0,0.781,16.0,2.0,805.0,0.435,269.0,0.358,420.0,0.722,397.0,1208.0,493.0,216.0,55.0,380.0,506.0,,,0.314,0.406,0.54,53.7,61.2,,3.1,0.507,15.1,,0.227,0.0,3.58,4.22,3.0,0.0,0.0,0.0,AEC
2005,First Round,4,Syracuse,13,Vermont,1,34.0,0.794,11.0,5.0,946.0,0.484,156.0,0.313,500.0,0.667,470.0,1291.0,525.0,276.0,157.0,465.0,539.0,,,0.383,0.255,0.551,52.8,55.5,,8.1,0.524,16.7,,0.256,1.0,9.18,6.77,24.0,13.0,3.0,1.0,Big East,32.0,0.781,16.0,2.0,805.0,0.435,269.0,0.358,420.0,0.722,397.0,1208.0,493.0,216.0,55.0,380.0,506.0,,,0.314,0.406,0.54,53.7,61.2,,3.1,0.507,15.1,,0.227,0.0,3.58,4.22,3.0,0.0,0.0,0.0,AEC
2005,First Round,6,Utah,11,UTEP,0,35.0,0.829,13.0,1.0,837.0,0.514,155.0,0.328,550.0,0.715,374.0,1194.0,516.0,211.0,94.0,503.0,506.0,,,0.472,0.291,0.597,59.1,61.6,,5.3,0.562,20.2,,0.338,0.0,-1.28,15.28,2.0,1.0,0.0,0.0,MWC,35.0,0.771,14.0,4.0,901.0,0.461,208.0,0.364,606.0,0.792,386.0,1197.0,579.0,255.0,104.0,426.0,581.0,,,0.391,0.292,0.564,51.1,64.3,,5.4,0.514,15.5,,0.31,0.0,7.28,2.32,1.0,0.0,0.0,0.0,WAC
2005,First Round,3,Oklahoma,14,Niagara,0,33.0,0.758,12.0,4.0,908.0,0.476,214.0,0.372,450.0,0.69,428.0,1172.0,511.0,291.0,135.0,449.0,607.0,,,0.342,0.302,0.559,53.0,56.3,,7.7,0.532,16.8,,0.236,1.0,9.43,10.54,11.0,3.0,1.0,0.0,Big 12,30.0,0.667,13.0,5.0,833.0,0.435,270.0,0.359,601.0,0.76,471.0,1222.0,473.0,206.0,98.0,387.0,568.0,,,0.413,0.393,0.554,54.7,56.8,,5.4,0.505,14.5,,0.314,0.0,13.31,-10.19,1.0,0.0,0.0,0.0,MAAC
2005,Second Round,3,Oklahoma,6,Utah,1,33.0,0.758,12.0,4.0,908.0,0.476,214.0,0.372,450.0,0.69,428.0,1172.0,511.0,291.0,135.0,449.0,607.0,,,0.342,0.302,0.559,53.0,56.3,,7.7,0.532,16.8,,0.236,1.0,9.43,10.54,11.0,3.0,1.0,0.0,Big 12,35.0,0.829,13.0,1.0,837.0,0.514,155.0,0.328,550.0,0.715,374.0,1194.0,516.0,211.0,94.0,503.0,506.0,,,0.472,0.291,0.597,59.1,61.6,,5.3,0.562,20.2,,0.338,0.0,-1.28,15.28,2.0,1.0,0.0,0.0,MWC
2005,Sweet Sixteen,2,Kentucky,6,Utah,0,34.0,0.824,14.0,2.0,901.0,0.464,218.0,0.343,483.0,0.663,417.0,1197.0,509.0,311.0,147.0,445.0,582.0,,,0.375,0.327,0.548,50.9,56.5,,8.0,0.521,16.3,,0.249,1.0,9.01,10.15,12.0,9.0,1.0,1.0,SEC,35.0,0.829,13.0,1.0,837.0,0.514,155.0,0.328,550.0,0.715,374.0,1194.0,516.0,211.0,94.0,503.0,506.0,,,0.472,0.291,0.597,59.1,61.6,,5.3,0.562,20.2,,0.338,0.0,-1.28,15.28,2.0,1.0,0.0,0.0,MWC
2005,First Round,7,Cincinnati,10,Iowa,0,33.0,0.758,12.0,4.0,839.0,0.436,221.0,0.349,606.0,0.69,471.0,1355.0,493.0,179.0,225.0,435.0,586.0,,,0.457,0.33,0.535,52.9,58.8,,11.2,0.494,15.7,,0.315,1.0,10.04,7.6,15.0,4.0,1.0,0.0,CUSA,33.0,0.636,7.0,9.0,841.0,0.459,210.0,0.376,515.0,0.691,371.0,1196.0,501.0,247.0,174.0,476.0,618.0,,,0.407,0.305,0.551,50.9,59.6,,9.2,0.517,17.9,,0.281,1.0,10.21,4.77,3.0,1.0,0.0,0.0,Big Ten
2005,First Round,2,Kentucky,15,Eastern Kentucky,0,34.0,0.824,14.0,2.0,901.0,0.464,218.0,0.343,483.0,0.663,417.0,1197.0,509.0,311.0,147.0,445.0,582.0,,,0.375,0.327,0.548,50.9,56.5,,8.0,0.521,16.3,,0.249,1.0,9.01,10.15,12.0,9.0,1.0,1.0,SEC,31.0,0.71,11.0,5.0,845.0,0.477,194.0,0.351,372.0,0.67,360.0,1103.0,480.0,232.0,122.0,451.0,599.0,,,0.313,0.311,0.554,52.1,56.8,,7.2,0.531,18.1,,0.21,0.0,-1.55,-1.13,1.0,0.0,0.0,0.0,OVC
2005,Second Round,2,Kentucky,7,Cincinnati,0,34.0,0.824,14.0,2.0,901.0,0.464,218.0,0.343,483.0,0.663,417.0,1197.0,509.0,311.0,147.0,445.0,582.0,,,0.375,0.327,0.548,50.9,56.5,,8.0,0.521,16.3,,0.249,1.0,9.01,10.15,12.0,9.0,1.0,1.0,SEC,33.0,0.758,12.0,4.0,839.0,0.436,221.0,0.349,606.0,0.69,471.0,1355.0,493.0,179.0,225.0,435.0,586.0,,,0.457,0.33,0.535,52.9,58.8,,11.2,0.494,15.7,,0.315,1.0,10.04,7.6,15.0,4.0,1.0,0.0,CUSA
2005,First Round,1,Illinois,16,Fairleigh Dickinson,0,39.0,0.949,15.0,1.0,1092.0,0.484,344.0,0.392,474.0,0.728,425.0,1338.0,727.0,300.0,123.0,428.0,611.0,,,0.288,0.388,0.585,52.3,66.6,,5.9,0.56,14.3,,0.21,1.0,12.23,11.88,4.0,3.0,1.0,0.0,Big Ten,33.0,0.606,13.0,5.0,894.0,0.453,218.0,0.348,426.0,0.666,408.0,1200.0,498.0,237.0,145.0,466.0,624.0,,,0.324,0.317,0.534,50.8,55.7,,7.8,0.508,17.0,,0.216,0.0,1.19,-5.32,4.0,0.0,0.0,0.0,NEC
2005,Second Round,1,Illinois,9,Nevada,0,39.0,0.949,15.0,1.0,1092.0,0.484,344.0,0.392,474.0,0.728,425.0,1338.0,727.0,300.0,123.0,428.0,611.0,,,0.288,0.388,0.585,52.3,66.6,,5.9,0.56,14.3,,0.21,1.0,12.23,11.88,4.0,3.0,1.0,0.0,Big Ten,32.0,0.781,16.0,2.0,791.0,0.457,87.0,0.27,556.0,0.707,395.0,1270.0,480.0,225.0,167.0,465.0,504.0,,,0.454,0.186,0.529,55.3,60.7,,8.9,0.482,18.1,,0.321,0.0,0.77,8.48,1.0,0.0,0.0,0.0,WAC
2005,First Round,8,Texas,9,Nevada,1,31.0,0.645,9.0,7.0,816.0,0.456,243.0,0.388,509.0,0.697,418.0,1228.0,406.0,187.0,134.0,433.0,548.0,,,0.408,0.35,0.558,53.4,49.8,,7.1,0.524,16.9,,0.285,1.0,10.89,4.6,13.0,4.0,1.0,0.0,Big 12,32.0,0.781,16.0,2.0,791.0,0.457,87.0,0.27,556.0,0.707,395.0,1270.0,480.0,225.0,167.0,465.0,504.0,,,0.454,0.186,0.529,55.3,60.7,,8.9,0.482,18.1,,0.321,0.0,0.77,8.48,1.0,0.0,0.0,0.0,WAC
2005,Sweet Sixteen,1,Illinois,12,Milwaukee,0,39.0,0.949,15.0,1.0,1092.0,0.484,344.0,0.392,474.0,0.728,425.0,1338.0,727.0,300.0,123.0,428.0,611.0,,,0.288,0.388,0.585,52.3,66.6,,5.9,0.56,14.3,,0.21,1.0,12.23,11.88,4.0,3.0,1.0,0.0,Big Ten,32.0,0.813,14.0,2.0,831.0,0.447,262.0,0.356,476.0,0.703,421.0,1149.0,450.0,267.0,114.0,435.0,610.0,,,0.364,0.395,0.55,50.7,54.2,,6.5,0.517,16.6,,0.256,0.0,8.29,2.13,2.0,1.0,0.0,0.0,Horizon
2005,First Round,5,Alabama,12,Milwaukee,1,32.0,0.75,12.0,4.0,819.0,0.483,249.0,0.394,539.0,0.736,334.0,1179.0,453.0,164.0,143.0,410.0,471.0,,,0.432,0.373,0.594,53.9,55.3,,7.5,0.557,16.7,,0.318,1.0,9.53,7.22,6.0,1.0,0.0,0.0,SEC,32.0,0.813,14.0,2.0,831.0,0.447,262.0,0.356,476.0,0.703,421.0,1149.0,450.0,267.0,114.0,435.0,610.0,,,0.364,0.395,0.55,50.7,54.2,,6.5,0.517,16.6,,0.256,0.0,8.29,2.13,2.0,1.0,0.0,0.0,Horizon
2005,Second Round,4,Boston College,12,Milwaukee,1,30.0,0.833,13.0,3.0,768.0,0.456,124.0,0.252,514.0,0.712,424.0,1135.0,527.0,217.0,123.0,403.0,453.0,,,0.428,0.293,0.536,53.4,68.6,,7.1,0.493,16.6,,0.305,0.0,7.49,6.9,6.0,0.0,0.0,0.0,Big East,32.0,0.813,14.0,2.0,831.0,0.447,262.0,0.356,476.0,0.703,421.0,1149.0,450.0,267.0,114.0,435.0,610.0,,,0.364,0.395,0.55,50.7,54.2,,6.5,0.517,16.6,,0.256,0.0,8.29,2.13,2.0,1.0,0.0,0.0,Horizon
2005,Elite Eight,1,Illinois,3,Arizona,0,39.0,0.949,15.0,1.0,1092.0,0.484,344.0,0.392,474.0,0.728,425.0,1338.0,727.0,300.0,123.0,428.0,611.0,,,0.288,0.388,0.585,52.3,66.6,,5.9,0.56,14.3,,0.21,1.0,12.23,11.88,4.0,3.0,1.0,0.0,Big Ten,37.0,0.811,15.0,3.0,1077.0,0.478,253.0,0.402,541.0,0.776,493.0,1361.0,610.0,296.0,144.0,548.0,596.0,,,0.309,0.279,0.57,52.9,56.6,,6.6,0.534,17.5,,0.24,1.0,13.78,4.22,26.0,13.0,5.0,1.0,Pac-10
2005,Sweet Sixteen,2,Oklahoma State,3,Arizona,1,33.0,0.788,11.0,5.0,911.0,0.497,240.0,0.426,521.0,0.78,372.0,1121.0,556.0,242.0,87.0,453.0,599.0,,,0.364,0.308,0.601,54.0,61.0,,4.9,0.562,17.4,,0.284,1.0,13.69,7.71,26.0,13.0,3.0,0.0,Big 12,37.0,0.811,15.0,3.0,1077.0,0.478,253.0,0.402,541.0,0.776,493.0,1361.0,610.0,296.0,144.0,548.0,596.0,,,0.309,0.279,0.57,52.9,56.6,,6.6,0.534,17.5,,0.24,1.0,13.78,4.22,26.0,13.0,5.0,1.0,Pac-10
2005,National Championship,1,Illinois,1,UNC,1,39.0,0.949,15.0,1.0,1092.0,0.484,344.0,0.392,474.0,0.728,425.0,1338.0,727.0,300.0,123.0,428.0,611.0,,,0.288,0.388,0.585,52.3,66.6,,5.9,0.56,14.3,,0.21,1.0,12.23,11.88,4.0,3.0,1.0,0.0,Big Ten,37.0,0.892,14.0,2.0,1128.0,0.499,277.0,0.403,724.0,0.725,502.0,1499.0,706.0,362.0,142.0,594.0,662.0,,,0.442,0.304,0.596,55.1,62.6,,6.2,0.56,17.8,,0.32,1.0,23.52,4.9,16.0,10.0,5.0,1.0,ACC
2005,First Round,4,Boston College,13,Penn,0,30.0,0.833,13.0,3.0,768.0,0.456,124.0,0.252,514.0,0.712,424.0,1135.0,527.0,217.0,123.0,403.0,453.0,,,0.428,0.293,0.536,53.4,68.6,,7.1,0.493,16.6,,0.305,0.0,7.49,6.9,6.0,0.0,0.0,0.0,Big East,29.0,0.69,13.0,1.0,684.0,0.433,192.0,0.341,422.0,0.659,362.0,1084.0,420.0,233.0,93.0,455.0,570.0,,,0.405,0.356,0.526,53.2,61.4,,6.1,0.494,19.5,,0.267,0.0,0.27,4.44,8.0,0.0,0.0,0.0,Ivy
2005,First Round,6,LSU,11,Alabama-Birmingham,1,30.0,0.667,12.0,4.0,776.0,0.459,205.0,0.359,500.0,0.73,349.0,1097.0,442.0,209.0,127.0,405.0,490.0,,,0.405,0.338,0.56,53.3,57.0,,7.3,0.52,16.7,,0.296,0.0,10.39,1.21,3.0,1.0,0.0,0.0,SEC,33.0,0.667,10.0,6.0,900.0,0.451,217.0,0.347,540.0,0.696,390.0,1090.0,516.0,382.0,99.0,444.0,646.0,,,0.389,0.313,0.541,46.6,57.3,,5.4,0.505,15.8,,0.271,0.0,10.91,-0.5,2.0,1.0,0.0,0.0,CUSA
2005,Second Round,3,Arizona,11,Alabama-Birmingham,0,37.0,0.811,15.0,3.0,1077.0,0.478,253.0,0.402,541.0,0.776,493.0,1361.0,610.0,296.0,144.0,548.0,596.0,,,0.309,0.279,0.57,52.9,56.6,,6.6,0.534,17.5,,0.24,1.0,13.78,4.22,26.0,13.0,5.0,1.0,Pac-10,33.0,0.667,10.0,6.0,900.0,0.451,217.0,0.347,540.0,0.696,390.0,1090.0,516.0,382.0,99.0,444.0,646.0,,,0.389,0.313,0.541,46.6,57.3,,5.4,0.505,15.8,,0.271,0.0,10.91,-0.5,2.0,1.0,0.0,0.0,CUSA
2005,First Round,3,Arizona,14,Utah State,0,37.0,0.811,15.0,3.0,1077.0,0.478,253.0,0.402,541.0,0.776,493.0,1361.0,610.0,296.0,144.0,548.0,596.0,,,0.309,0.279,0.57,52.9,56.6,,6.6,0.534,17.5,,0.24,1.0,13.78,4.22,26.0,13.0,5.0,1.0,Pac-10,32.0,0.75,13.0,5.0,851.0,0.525,185.0,0.391,428.0,0.691,307.0,1095.0,549.0,179.0,92.0,396.0,441.0,,,0.382,0.292,0.604,55.4,64.5,,5.3,0.582,17.1,,0.264,0.0,3.5,9.25,5.0,0.0,0.0,0.0,Big West
2005,First Round,7,Southern Illinois,10,Saint Mary's,0,35.0,0.771,15.0,3.0,884.0,0.452,202.0,0.365,395.0,0.748,395.0,1144.0,472.0,322.0,101.0,449.0,684.0,,,0.27,0.283,0.536,50.3,53.4,,5.8,0.503,16.9,,0.202,0.0,1.11,10.43,1.0,0.0,0.0,0.0,MVC,34.0,0.735,11.0,3.0,793.0,0.436,234.0,0.349,553.0,0.725,425.0,1244.0,380.0,204.0,113.0,534.0,616.0,,,0.42,0.369,0.544,53.0,47.9,,5.9,0.501,19.7,,0.304,0.0,1.01,5.67,1.0,0.0,0.0,0.0,WCC
2005,First Round,2,Oklahoma State,15,Southeastern Louisiana,0,33.0,0.788,11.0,5.0,911.0,0.497,240.0,0.426,521.0,0.78,372.0,1121.0,556.0,242.0,87.0,453.0,599.0,,,0.364,0.308,0.601,54.0,61.0,,4.9,0.562,17.4,,0.284,1.0,13.69,7.71,26.0,13.0,3.0,0.0,Big 12,33.0,0.727,13.0,3.0,768.0,0.463,117.0,0.311,432.0,0.647,351.0,1017.0,388.0,300.0,122.0,460.0,573.0,,,0.402,0.227,0.527,50.2,50.5,,7.9,0.498,18.9,,0.26,0.0,-11.44,10.57,1.0,0.0,0.0,0.0,Southland
2005,Second Round,2,Oklahoma State,7,Southern Illinois,0,33.0,0.788,11.0,5.0,911.0,0.497,240.0,0.426,521.0,0.78,372.0,1121.0,556.0,242.0,87.0,453.0,599.0,,,0.364,0.308,0.601,54.0,61.0,,4.9,0.562,17.4,,0.284,1.0,13.69,7.71,26.0,13.0,3.0,0.0,Big 12,35.0,0.771,15.0,3.0,884.0,0.452,202.0,0.365,395.0,0.748,395.0,1144.0,472.0,322.0,101.0,449.0,684.0,,,0.27,0.283,0.536,50.3,53.4,,5.8,0.503,16.9,,0.202,0.0,1.11,10.43,1.0,0.0,0.0,0.0,MVC
2006,Play-In,16,Monmouth,16,Hampton,0,34.0,0.559,12.0,6.0,787.0,0.441,217.0,0.337,400.0,0.67,296.0,1114.0,502.0,254.0,123.0,510.0,570.0,,,0.334,0.361,0.53,47.0,63.8,,6.4,0.502,19.8,,0.224,0.0,-5.77,2.77,3.0,0.0,0.0,0.0,NEC,32.0,0.5,10.0,8.0,762.0,0.414,177.0,0.316,419.0,0.619,442.0,1258.0,390.0,241.0,99.0,516.0,658.0,,,0.368,0.305,0.49,53.0,51.2,,5.9,0.462,19.3,,0.228,0.0,-5.91,-4.26,1.0,0.0,0.0,0.0,MEAC
2006,First Round,1,Villanova,16,Monmouth,0,33.0,0.848,14.0,2.0,809.0,0.417,288.0,0.375,543.0,0.757,459.0,1198.0,403.0,256.0,159.0,370.0,615.0,,,0.369,0.396,0.536,50.7,49.8,,9.0,0.491,13.9,,0.28,1.0,10.6,8.91,4.0,2.0,0.0,0.0,Big East,34.0,0.559,12.0,6.0,787.0,0.441,217.0,0.337,400.0,0.67,296.0,1114.0,502.0,254.0,123.0,510.0,570.0,,,0.334,0.361,0.53,47.0,63.8,,6.4,0.502,19.8,,0.224,0.0,-5.77,2.77,3.0,0.0,0.0,0.0,NEC
2006,Second Round,1,Villanova,8,Arizona,0,33.0,0.848,14.0,2.0,809.0,0.417,288.0,0.375,543.0,0.757,459.0,1198.0,403.0,256.0,159.0,370.0,615.0,,,0.369,0.396,0.536,50.7,49.8,,9.0,0.491,13.9,,0.28,1.0,10.6,8.91,4.0,2.0,0.0,0.0,Big East,33.0,0.606,11.0,7.0,909.0,0.446,142.0,0.319,473.0,0.709,453.0,1140.0,492.0,322.0,125.0,437.0,549.0,,,0.327,0.218,0.517,49.8,54.1,,6.9,0.481,15.7,,0.232,1.0,10.51,4.61,27.0,13.0,5.0,1.0,Pac-10
2006,Sweet Sixteen,1,Villanova,4,Boston College,0,33.0,0.848,14.0,2.0,809.0,0.417,288.0,0.375,543.0,0.757,459.0,1198.0,403.0,256.0,159.0,370.0,615.0,,,0.369,0.396,0.536,50.7,49.8,,9.0,0.491,13.9,,0.28,1.0,10.6,8.91,4.0,2.0,0.0,0.0,Big East,36.0,0.778,11.0,5.0,949.0,0.485,211.0,0.361,562.0,0.675,466.0,1277.0,639.0,222.0,161.0,472.0,586.0,,,0.425,0.299,0.567,52.8,67.3,,7.9,0.539,16.7,,0.287,1.0,7.52,6.27,7.0,1.0,0.0,0.0,ACC
2006,Elite Eight,1,Villanova,3,Florida,1,33.0,0.848,14.0,2.0,809.0,0.417,288.0,0.375,543.0,0.757,459.0,1198.0,403.0,256.0,159.0,370.0,615.0,,,0.369,0.396,0.536,50.7,49.8,,9.0,0.491,13.9,,0.28,1.0,10.6,8.91,4.0,2.0,0.0,0.0,Big East,39.0,0.846,10.0,6.0,1061.0,0.5,289.0,0.392,641.0,0.744,421.0,1402.0,650.0,297.0,207.0,561.0,623.0,,,0.407,0.348,0.603,52.7,61.3,,9.1,0.569,18.2,,0.302,1.0,12.24,7.97,8.0,3.0,2.0,1.0,SEC
2006,National Championship,2,UCLA,3,Florida,1,39.0,0.821,14.0,4.0,939.0,0.473,236.0,0.346,528.0,0.691,429.0,1303.0,541.0,224.0,111.0,562.0,649.0,,,0.384,0.343,0.562,53.6,57.6,,5.5,0.532,19.3,,0.266,1.0,3.19,14.15,5.0,3.0,1.0,0.0,Pac-10,39.0,0.846,10.0,6.0,1061.0,0.5,289.0,0.392,641.0,0.744,421.0,1402.0,650.0,297.0,207.0,561.0,623.0,,,0.407,0.348,0.603,52.7,61.3,,9.1,0.569,18.2,,0.302,1.0,12.24,7.97,8.0,3.0,2.0,1.0,SEC
2006,First Round,8,Arizona,9,Wisconsin,0,33.0,0.606,11.0,7.0,909.0,0.446,142.0,0.319,473.0,0.709,453.0,1140.0,492.0,322.0,125.0,437.0,549.0,,,0.327,0.218,0.517,49.8,54.1,,6.9,0.481,15.7,,0.232,1.0,10.51,4.61,27.0,13.0,5.0,1.0,Pac-10,31.0,0.613,9.0,7.0,776.0,0.432,199.0,0.347,454.0,0.664,400.0,1124.0,421.0,165.0,104.0,359.0,534.0,,,0.381,0.319,0.52,51.2,54.3,,6.0,0.487,14.5,,0.253,1.0,7.77,5.37,5.0,2.0,0.0,0.0,Big Ten
2006,First Round,5,Nevada,12,Montana,1,33.0,0.818,13.0,3.0,866.0,0.456,179.0,0.36,490.0,0.718,420.0,1268.0,514.0,179.0,160.0,426.0,537.0,,,0.359,0.261,0.54,53.0,59.4,,8.3,0.503,16.1,,0.258,0.0,5.11,5.05,2.0,0.0,0.0,0.0,WAC,31.0,0.774,10.0,4.0,876.0,0.492,228.0,0.386,469.0,0.718,348.0,1096.0,565.0,229.0,95.0,431.0,563.0,,,0.367,0.331,0.586,52.4,64.5,,5.4,0.556,17.1,,0.263,0.0,6.6,-1.75,2.0,0.0,0.0,0.0,Big Sky
2006,Second Round,4,Boston College,12,Montana,0,36.0,0.778,11.0,5.0,949.0,0.485,211.0,0.361,562.0,0.675,466.0,1277.0,639.0,222.0,161.0,472.0,586.0,,,0.425,0.299,0.567,52.8,67.3,,7.9,0.539,16.7,,0.287,1.0,7.52,6.27,7.0,1.0,0.0,0.0,ACC,31.0,0.774,10.0,4.0,876.0,0.492,228.0,0.386,469.0,0.718,348.0,1096.0,565.0,229.0,95.0,431.0,563.0,,,0.367,0.331,0.586,52.4,64.5,,5.4,0.556,17.1,,0.263,0.0,6.6,-1.75,2.0,0.0,0.0,0.0,Big Sky
2006,First Round,4,Boston College,13,Pacific,0,36.0,0.778,11.0,5.0,949.0,0.485,211.0,0.361,562.0,0.675,466.0,1277.0,639.0,222.0,161.0,472.0,586.0,,,0.425,0.299,0.567,52.8,67.3,,7.9,0.539,16.7,,0.287,1.0,7.52,6.27,7.0,1.0,0.0,0.0,ACC,32.0,0.75,12.0,2.0,858.0,0.487,215.0,0.389,446.0,0.746,320.0,1135.0,514.0,188.0,67.0,419.0,501.0,,,0.339,0.314,0.581,52.8,59.9,,3.7,0.548,17.0,,0.253,0.0,2.87,4.07,4.0,0.0,0.0,0.0,Big West
2006,First Round,6,Oklahoma,11,Milwaukee,1,29.0,0.69,11.0,5.0,716.0,0.451,174.0,0.359,389.0,0.714,420.0,1060.0,423.0,207.0,100.0,411.0,499.0,,,0.344,0.306,0.541,56.9,59.1,,6.8,0.506,18.2,,0.245,0.0,4.42,7.47,12.0,3.0,1.0,0.0,Big 12,31.0,0.71,12.0,4.0,797.0,0.435,204.0,0.335,496.0,0.69,452.0,1185.0,389.0,216.0,91.0,421.0,595.0,,,0.392,0.332,0.528,54.1,48.8,,5.4,0.491,16.2,,0.271,0.0,5.71,1.94,1.0,0.0,0.0,0.0,Horizon
2006,Second Round,3,Florida,11,Milwaukee,0,39.0,0.846,10.0,6.0,1061.0,0.5,289.0,0.392,641.0,0.744,421.0,1402.0,650.0,297.0,207.0,561.0,623.0,,,0.407,0.348,0.603,52.7,61.3,,9.1,0.569,18.2,,0.302,1.0,12.24,7.97,8.0,3.0,2.0,1.0,SEC,31.0,0.71,12.0,4.0,797.0,0.435,204.0,0.335,496.0,0.69,452.0,1185.0,389.0,216.0,91.0,421.0,595.0,,,0.392,0.332,0.528,54.1,48.8,,5.4,0.491,16.2,,0.271,0.0,5.71,1.94,1.0,0.0,0.0,0.0,Horizon
2006,First Round,3,Florida,14,South Alabama,0,39.0,0.846,10.0,6.0,1061.0,0.5,289.0,0.392,641.0,0.744,421.0,1402.0,650.0,297.0,207.0,561.0,623.0,,,0.407,0.348,0.603,52.7,61.3,,9.1,0.569,18.2,,0.302,1.0,12.24,7.97,8.0,3.0,2.0,1.0,SEC,31.0,0.774,12.0,3.0,797.0,0.453,267.0,0.367,422.0,0.703,346.0,1049.0,436.0,264.0,43.0,415.0,578.0,,,0.341,0.414,0.558,50.2,54.7,,2.6,0.529,16.9,,0.24,0.0,3.96,0.92,1.0,0.0,0.0,0.0,Sun Belt
2006,Sweet Sixteen,3,Florida,7,Georgetown,0,39.0,0.846,10.0,6.0,1061.0,0.5,289.0,0.392,641.0,0.744,421.0,1402.0,650.0,297.0,207.0,561.0,623.0,,,0.407,0.348,0.603,52.7,61.3,,9.1,0.569,18.2,,0.302,1.0,12.24,7.97,8.0,3.0,2.0,1.0,SEC,33.0,0.697,10.0,6.0,787.0,0.468,223.0,0.355,380.0,0.706,354.0,1079.0,514.0,199.0,119.0,381.0,486.0,,,0.32,0.373,0.562,53.1,65.3,,7.0,0.534,16.4,,0.226,1.0,0.97,13.0,3.0,1.0,0.0,0.0,Big East
2006,Second Round,2,Ohio State,7,Georgetown,1,32.0,0.813,12.0,4.0,833.0,0.465,262.0,0.365,435.0,0.718,321.0,1088.0,491.0,216.0,89.0,379.0,489.0,,,0.338,0.401,0.568,49.5,58.9,,4.7,0.538,15.4,,0.243,1.0,8.75,7.34,5.0,1.0,0.0,0.0,Big Ten,33.0,0.697,10.0,6.0,787.0,0.468,223.0,0.355,380.0,0.706,354.0,1079.0,514.0,199.0,119.0,381.0,486.0,,,0.32,0.373,0.562,53.1,65.3,,7.0,0.534,16.4,,0.226,1.0,0.97,13.0,3.0,1.0,0.0,0.0,Big East
2006,Final Four,3,Florida,11,George Mason,0,39.0,0.846,10.0,6.0,1061.0,0.5,289.0,0.392,641.0,0.744,421.0,1402.0,650.0,297.0,207.0,561.0,623.0,,,0.407,0.348,0.603,52.7,61.3,,9.1,0.569,18.2,,0.302,1.0,12.24,7.97,8.0,3.0,2.0,1.0,SEC,35.0,0.771,15.0,3.0,897.0,0.481,206.0,0.356,429.0,0.664,352.0,1221.0,507.0,249.0,123.0,449.0,529.0,,,0.347,0.311,0.56,51.5,56.5,,6.3,0.537,17.1,,0.23,0.0,1.91,10.21,3.0,1.0,1.0,0.0,CAA
2006,Elite Eight,1,UConn,11,George Mason,1,34.0,0.882,14.0,2.0,988.0,0.473,188.0,0.366,617.0,0.706,533.0,1488.0,541.0,225.0,298.0,489.0,531.0,,,0.419,0.246,0.556,56.1,54.8,,13.5,0.518,16.3,,0.295,1.0,16.43,4.79,19.0,11.0,2.0,2.0,Big East,35.0,0.771,15.0,3.0,897.0,0.481,206.0,0.356,429.0,0.664,352.0,1221.0,507.0,249.0,123.0,449.0,529.0,,,0.347,0.311,0.56,51.5,56.5,,6.3,0.537,17.1,,0.23,0.0,1.91,10.21,3.0,1.0,1.0,0.0,CAA
2006,First Round,6,Michigan State,11,George Mason,1,34.0,0.647,8.0,8.0,896.0,0.477,204.0,0.378,524.0,0.769,373.0,1212.0,567.0,214.0,101.0,478.0,627.0,,,0.362,0.287,0.572,53.9,63.3,,5.3,0.531,17.8,,0.279,0.0,9.98,2.26,9.0,6.0,4.0,1.0,Big Ten,35.0,0.771,15.0,3.0,897.0,0.481,206.0,0.356,429.0,0.664,352.0,1221.0,507.0,249.0,123.0,449.0,529.0,,,0.347,0.311,0.56,51.5,56.5,,6.3,0.537,17.1,,0.23,0.0,1.91,10.21,3.0,1.0,1.0,0.0,CAA
2006,Second Round,3,UNC,11,George Mason,1,31.0,0.742,12.0,4.0,863.0,0.477,215.0,0.375,519.0,0.708,432.0,1237.0,552.0,242.0,127.0,512.0,531.0,,,0.405,0.317,0.57,55.6,64.0,,6.7,0.536,19.2,,0.287,1.0,14.58,3.9,17.0,10.0,5.0,1.0,ACC,35.0,0.771,15.0,3.0,897.0,0.481,206.0,0.356,429.0,0.664,352.0,1221.0,507.0,249.0,123.0,449.0,529.0,,,0.347,0.311,0.56,51.5,56.5,,6.3,0.537,17.1,,0.23,0.0,1.91,10.21,3.0,1.0,1.0,0.0,CAA
2006,Sweet Sixteen,7,Wichita State,11,George Mason,1,35.0,0.743,14.0,4.0,839.0,0.441,237.0,0.366,507.0,0.724,425.0,1317.0,522.0,183.0,64.0,449.0,547.0,,,0.368,0.341,0.542,54.0,62.2,,3.3,0.503,16.7,,0.266,0.0,3.87,7.59,1.0,1.0,0.0,0.0,MVC,35.0,0.771,15.0,3.0,897.0,0.481,206.0,0.356,429.0,0.664,352.0,1221.0,507.0,249.0,123.0,449.0,529.0,,,0.347,0.311,0.56,51.5,56.5,,6.3,0.537,17.1,,0.23,0.0,1.91,10.21,3.0,1.0,1.0,0.0,CAA
2006,First Round,7,Georgetown,10,Northern Iowa,0,33.0,0.697,10.0,6.0,787.0,0.468,223.0,0.355,380.0,0.706,354.0,1079.0,514.0,199.0,119.0,381.0,486.0,,,0.32,0.373,0.562,53.1,65.3,,7.0,0.534,16.4,,0.226,1.0,0.97,13.0,3.0,1.0,0.0,0.0,Big East,33.0,0.697,11.0,7.0,754.0,0.454,219.0,0.341,438.0,0.72,279.0,1100.0,439.0,179.0,124.0,401.0,480.0,,,0.366,0.386,0.555,51.1,58.2,,6.9,0.52,17.1,,0.264,0.0,0.53,11.02,3.0,0.0,0.0,0.0,MVC
2006,First Round,2,Ohio State,15,Davidson,0,32.0,0.813,12.0,4.0,833.0,0.465,262.0,0.365,435.0,0.718,321.0,1088.0,491.0,216.0,89.0,379.0,489.0,,,0.338,0.401,0.568,49.5,58.9,,4.7,0.538,15.4,,0.243,1.0,8.75,7.34,5.0,1.0,0.0,0.0,Big Ten,31.0,0.645,10.0,5.0,855.0,0.454,277.0,0.369,416.0,0.761,393.0,1215.0,567.0,151.0,51.0,399.0,570.0,,,0.29,0.398,0.56,54.1,66.3,,2.8,0.527,15.7,,0.221,0.0,5.01,-3.13,3.0,0.0,0.0,0.0,Southern
2006,First Round,1,Duke,16,Southern,0,36.0,0.889,14.0,2.0,979.0,0.487,274.0,0.386,689.0,0.761,350.0,1204.0,546.0,337.0,202.0,496.0,621.0,,,0.45,0.353,0.598,48.1,55.8,,9.1,0.555,16.9,,0.343,1.0,16.73,5.04,22.0,17.0,10.0,3.0,ACC,33.0,0.606,15.0,3.0,787.0,0.438,143.0,0.319,376.0,0.647,422.0,1234.0,391.0,249.0,122.0,561.0,574.0,,,0.323,0.249,0.505,52.2,49.7,,6.6,0.478,21.3,,0.209,0.0,-6.53,0.56,3.0,0.0,0.0,0.0,SWAC
2006,Second Round,1,Duke,8,George Washington,0,36.0,0.889,14.0,2.0,979.0,0.487,274.0,0.386,689.0,0.761,350.0,1204.0,546.0,337.0,202.0,496.0,621.0,,,0.45,0.353,0.598,48.1,55.8,,9.1,0.555,16.9,,0.343,1.0,16.73,5.04,22.0,17.0,10.0,3.0,ACC,30.0,0.9,16.0,0.0,845.0,0.466,182.0,0.356,488.0,0.646,421.0,1143.0,511.0,278.0,135.0,420.0,553.0,,,0.416,0.282,0.543,52.4,60.5,,8.0,0.516,16.2,,0.269,0.0,12.24,-2.61,2.0,0.0,0.0,0.0,A-10
2006,Sweet Sixteen,1,Duke,4,LSU,1,36.0,0.889,14.0,2.0,979.0,0.487,274.0,0.386,689.0,0.761,350.0,1204.0,546.0,337.0,202.0,496.0,621.0,,,0.45,0.353,0.598,48.1,55.8,,9.1,0.555,16.9,,0.343,1.0,16.73,5.04,22.0,17.0,10.0,3.0,ACC,36.0,0.75,14.0,2.0,972.0,0.465,147.0,0.324,542.0,0.69,496.0,1447.0,547.0,298.0,236.0,555.0,567.0,,,0.376,0.217,0.534,55.4,56.3,,11.0,0.5,18.4,,0.259,1.0,8.79,8.75,4.0,2.0,1.0,0.0,SEC
2006,Elite Eight,2,Texas,4,LSU,1,37.0,0.811,13.0,3.0,983.0,0.461,269.0,0.373,546.0,0.727,518.0,1498.0,549.0,296.0,186.0,498.0,561.0,,,0.352,0.339,0.559,57.5,55.8,,8.9,0.524,16.7,,0.256,1.0,10.42,11.47,14.0,5.0,1.0,0.0,Big 12,36.0,0.75,14.0,2.0,972.0,0.465,147.0,0.324,542.0,0.69,496.0,1447.0,547.0,298.0,236.0,555.0,567.0,,,0.376,0.217,0.534,55.4,56.3,,11.0,0.5,18.4,,0.259,1.0,8.79,8.75,4.0,2.0,1.0,0.0,SEC
2006,Final Four,2,UCLA,4,LSU,0,39.0,0.821,14.0,4.0,939.0,0.473,236.0,0.346,528.0,0.691,429.0,1303.0,541.0,224.0,111.0,562.0,649.0,,,0.384,0.343,0.562,53.6,57.6,,5.5,0.532,19.3,,0.266,1.0,3.19,14.15,5.0,3.0,1.0,0.0,Pac-10,36.0,0.75,14.0,2.0,972.0,0.465,147.0,0.324,542.0,0.69,496.0,1447.0,547.0,298.0,236.0,555.0,567.0,,,0.376,0.217,0.534,55.4,56.3,,11.0,0.5,18.4,,0.259,1.0,8.79,8.75,4.0,2.0,1.0,0.0,SEC
2006,First Round,8,George Washington,9,UNC Wilmington,0,30.0,0.9,16.0,0.0,845.0,0.466,182.0,0.356,488.0,0.646,421.0,1143.0,511.0,278.0,135.0,420.0,553.0,,,0.416,0.282,0.543,52.4,60.5,,8.0,0.516,16.2,,0.269,0.0,12.24,-2.61,2.0,0.0,0.0,0.0,A-10,33.0,0.758,15.0,3.0,807.0,0.432,216.0,0.338,420.0,0.699,389.0,1191.0,506.0,248.0,55.0,414.0,682.0,,,0.322,0.342,0.523,51.4,62.7,,3.3,0.49,16.1,,0.225,0.0,-0.07,8.97,2.0,0.0,0.0,0.0,CAA
2006,First Round,5,Syracuse,12,Texas A&M,1,35.0,0.657,7.0,9.0,913.0,0.438,260.0,0.339,449.0,0.643,476.0,1338.0,541.0,313.0,221.0,532.0,625.0,,,0.335,0.368,0.525,50.4,59.3,,10.8,0.501,18.1,,0.216,0.0,8.15,3.53,25.0,13.0,3.0,1.0,Big East,31.0,0.71,10.0,6.0,725.0,0.446,203.0,0.361,477.0,0.679,325.0,993.0,509.0,266.0,94.0,416.0,668.0,,,0.431,0.346,0.543,49.4,70.2,,6.4,0.508,17.5,,0.293,1.0,2.29,10.9,2.0,0.0,0.0,0.0,Big 12
2006,Second Round,4,LSU,12,Texas A&M,0,36.0,0.75,14.0,2.0,972.0,0.465,147.0,0.324,542.0,0.69,496.0,1447.0,547.0,298.0,236.0,555.0,567.0,,,0.376,0.217,0.534,55.4,56.3,,11.0,0.5,18.4,,0.259,1.0,8.79,8.75,4.0,2.0,1.0,0.0,SEC,31.0,0.71,10.0,6.0,725.0,0.446,203.0,0.361,477.0,0.679,325.0,993.0,509.0,266.0,94.0,416.0,668.0,,,0.431,0.346,0.543,49.4,70.2,,6.4,0.508,17.5,,0.293,1.0,2.29,10.9,2.0,0.0,0.0,0.0,Big 12
2006,First Round,4,LSU,13,Iona,0,36.0,0.75,14.0,2.0,972.0,0.465,147.0,0.324,542.0,0.69,496.0,1447.0,547.0,298.0,236.0,555.0,567.0,,,0.376,0.217,0.534,55.4,56.3,,11.0,0.5,18.4,,0.259,1.0,8.79,8.75,4.0,2.0,1.0,0.0,SEC,31.0,0.742,13.0,5.0,881.0,0.48,196.0,0.402,517.0,0.691,413.0,1140.0,481.0,239.0,128.0,468.0,576.0,,,0.408,0.266,0.565,51.7,54.6,,7.0,0.534,17.6,,0.282,0.0,7.92,-1.06,3.0,0.0,0.0,0.0,MAAC
2006,First Round,6,West Virginia,11,Southern Illinois,0,33.0,0.667,11.0,5.0,835.0,0.445,337.0,0.349,327.0,0.745,258.0,915.0,576.0,266.0,93.0,287.0,419.0,,,0.234,0.516,0.56,42.4,69.0,,5.1,0.535,12.1,,0.174,1.0,6.45,8.05,4.0,2.0,0.0,0.0,Big East,33.0,0.667,12.0,6.0,707.0,0.412,183.0,0.334,397.0,0.686,384.0,1073.0,404.0,278.0,105.0,473.0,653.0,,,0.338,0.32,0.501,50.7,57.1,,7.0,0.466,19.2,,0.232,0.0,-4.15,13.08,2.0,0.0,0.0,0.0,MVC
2006,Second Round,6,West Virginia,14,Northwestern State,0,33.0,0.667,11.0,5.0,835.0,0.445,337.0,0.349,327.0,0.745,258.0,915.0,576.0,266.0,93.0,287.0,419.0,,,0.234,0.516,0.56,42.4,69.0,,5.1,0.535,12.1,,0.174,1.0,6.45,8.05,4.0,2.0,0.0,0.0,Big East,34.0,0.765,15.0,1.0,914.0,0.461,226.0,0.367,519.0,0.666,458.0,1224.0,589.0,312.0,113.0,535.0,698.0,,,0.393,0.311,0.547,51.2,64.4,,6.0,0.518,18.5,,0.262,0.0,4.63,-0.62,2.0,0.0,0.0,0.0,Southland
2006,First Round,3,Iowa,14,Northwestern State,1,34.0,0.735,11.0,5.0,781.0,0.431,191.0,0.335,501.0,0.71,372.0,1285.0,502.0,225.0,167.0,506.0,517.0,,,0.39,0.315,0.525,52.4,64.3,,8.7,0.484,19.1,,0.277,1.0,0.84,13.34,4.0,1.0,0.0,0.0,Big Ten,34.0,0.765,15.0,1.0,914.0,0.461,226.0,0.367,519.0,0.666,458.0,1224.0,589.0,312.0,113.0,535.0,698.0,,,0.393,0.311,0.547,51.2,64.4,,6.0,0.518,18.5,,0.262,0.0,4.63,-0.62,2.0,0.0,0.0,0.0,Southland
2006,First Round,7,California,10,NC State,1,31.0,0.645,12.0,6.0,717.0,0.449,169.0,0.374,525.0,0.733,301.0,1002.0,402.0,162.0,83.0,384.0,518.0,,,0.448,0.283,0.549,51.2,56.1,,5.0,0.502,16.5,,0.329,0.0,4.05,8.25,8.0,2.0,0.0,0.0,Pac-10,32.0,0.688,10.0,6.0,793.0,0.465,288.0,0.371,509.0,0.751,284.0,1050.0,500.0,233.0,150.0,434.0,565.0,,,0.398,0.456,0.588,47.8,63.1,,8.1,0.55,17.6,,0.299,0.0,7.62,5.08,6.0,1.0,0.0,0.0,ACC
2006,Second Round,2,Texas,10,NC State,0,37.0,0.811,13.0,3.0,983.0,0.461,269.0,0.373,546.0,0.727,518.0,1498.0,549.0,296.0,186.0,498.0,561.0,,,0.352,0.339,0.559,57.5,55.8,,8.9,0.524,16.7,,0.256,1.0,10.42,11.47,14.0,5.0,1.0,0.0,Big 12,32.0,0.688,10.0,6.0,793.0,0.465,288.0,0.371,509.0,0.751,284.0,1050.0,500.0,233.0,150.0,434.0,565.0,,,0.398,0.456,0.588,47.8,63.1,,8.1,0.55,17.6,,0.299,0.0,7.62,5.08,6.0,1.0,0.0,0.0,ACC
2006,First Round,2,Texas,15,Penn,0,37.0,0.811,13.0,3.0,983.0,0.461,269.0,0.373,546.0,0.727,518.0,1498.0,549.0,296.0,186.0,498.0,561.0,,,0.352,0.339,0.559,57.5,55.8,,8.9,0.524,16.7,,0.256,1.0,10.42,11.47,14.0,5.0,1.0,0.0,Big 12,29.0,0.69,12.0,2.0,710.0,0.445,196.0,0.323,371.0,0.675,302.0,919.0,413.0,283.0,78.0,382.0,532.0,,,0.345,0.381,0.535,48.6,58.2,,5.4,0.507,17.1,,0.233,0.0,0.18,5.83,9.0,0.0,0.0,0.0,Ivy
2006,Sweet Sixteen,2,Texas,6,West Virginia,0,37.0,0.811,13.0,3.0,983.0,0.461,269.0,0.373,546.0,0.727,518.0,1498.0,549.0,296.0,186.0,498.0,561.0,,,0.352,0.339,0.559,57.5,55.8,,8.9,0.524,16.7,,0.256,1.0,10.42,11.47,14.0,5.0,1.0,0.0,Big 12,33.0,0.667,11.0,5.0,835.0,0.445,337.0,0.349,327.0,0.745,258.0,915.0,576.0,266.0,93.0,287.0,419.0,,,0.234,0.516,0.56,42.4,69.0,,5.1,0.535,12.1,,0.174,1.0,6.45,8.05,4.0,2.0,0.0,0.0,Big East
2006,First Round,1,Memphis,16,Oral Roberts,0,37.0,0.892,13.0,1.0,1034.0,0.451,277.0,0.354,616.0,0.682,568.0,1528.0,566.0,361.0,235.0,575.0,757.0,,,0.394,0.342,0.544,54.4,54.7,,11.2,0.512,17.5,,0.269,1.0,13.92,4.89,8.0,4.0,1.0,0.0,CUSA,33.0,0.636,13.0,3.0,866.0,0.46,218.0,0.389,522.0,0.709,435.0,1215.0,528.0,220.0,140.0,472.0,583.0,,,0.391,0.297,0.554,53.4,61.0,,7.5,0.518,17.5,,0.277,0.0,3.3,-0.07,1.0,0.0,0.0,0.0,Mid-Cont
2006,Second Round,1,Memphis,9,Bucknell,0,37.0,0.892,13.0,1.0,1034.0,0.451,277.0,0.354,616.0,0.682,568.0,1528.0,566.0,361.0,235.0,575.0,757.0,,,0.394,0.342,0.544,54.4,54.7,,11.2,0.512,17.5,,0.269,1.0,13.92,4.89,8.0,4.0,1.0,0.0,CUSA,32.0,0.844,14.0,0.0,726.0,0.465,196.0,0.39,466.0,0.696,308.0,1032.0,457.0,279.0,55.0,474.0,561.0,,,0.429,0.322,0.563,52.4,62.9,,3.6,0.528,20.2,,0.299,0.0,-2.51,9.81,2.0,0.0,0.0,0.0,Patriot
2006,First Round,8,Arkansas,9,Bucknell,1,32.0,0.688,10.0,6.0,841.0,0.458,179.0,0.336,498.0,0.692,390.0,1118.0,495.0,266.0,194.0,428.0,541.0,,,0.392,0.29,0.541,50.2,58.9,,10.7,0.507,16.4,,0.271,1.0,7.91,7.1,2.0,1.0,0.0,0.0,SEC,32.0,0.844,14.0,0.0,726.0,0.465,196.0,0.39,466.0,0.696,308.0,1032.0,457.0,279.0,55.0,474.0,561.0,,,0.429,0.322,0.563,52.4,62.9,,3.6,0.528,20.2,,0.299,0.0,-2.51,9.81,2.0,0.0,0.0,0.0,Patriot
2006,Sweet Sixteen,1,Memphis,13,Bradley,0,37.0,0.892,13.0,1.0,1034.0,0.451,277.0,0.354,616.0,0.682,568.0,1528.0,566.0,361.0,235.0,575.0,757.0,,,0.394,0.342,0.544,54.4,54.7,,11.2,0.512,17.5,,0.269,1.0,13.92,4.89,8.0,4.0,1.0,0.0,CUSA,33.0,0.667,11.0,7.0,848.0,0.439,185.0,0.336,478.0,0.718,419.0,1241.0,533.0,294.0,151.0,497.0,614.0,,,0.345,0.285,0.524,52.0,62.9,,8.2,0.487,18.1,,0.247,0.0,7.66,4.12,1.0,1.0,0.0,0.0,MVC
2006,Second Round,5,Pitt,13,Bradley,1,33.0,0.758,10.0,6.0,840.0,0.456,206.0,0.352,505.0,0.693,422.0,1281.0,541.0,203.0,128.0,452.0,565.0,,,0.396,0.318,0.546,55.4,64.4,,6.9,0.512,17.1,,0.274,1.0,6.76,9.61,3.0,1.0,0.0,0.0,Big East,33.0,0.667,11.0,7.0,848.0,0.439,185.0,0.336,478.0,0.718,419.0,1241.0,533.0,294.0,151.0,497.0,614.0,,,0.345,0.285,0.524,52.0,62.9,,8.2,0.487,18.1,,0.247,0.0,7.66,4.12,1.0,1.0,0.0,0.0,MVC
2006,First Round,4,Kansas,13,Bradley,1,33.0,0.758,13.0,3.0,912.0,0.474,205.0,0.38,451.0,0.672,433.0,1305.0,589.0,323.0,185.0,516.0,599.0,,,0.349,0.28,0.553,53.6,64.6,,9.8,0.528,18.7,,0.235,1.0,9.07,10.95,8.0,4.0,0.0,0.0,Big 12,33.0,0.667,11.0,7.0,848.0,0.439,185.0,0.336,478.0,0.718,419.0,1241.0,533.0,294.0,151.0,497.0,614.0,,,0.345,0.285,0.524,52.0,62.9,,8.2,0.487,18.1,,0.247,0.0,7.66,4.12,1.0,1.0,0.0,0.0,MVC
2006,Elite Eight,1,Memphis,2,UCLA,1,37.0,0.892,13.0,1.0,1034.0,0.451,277.0,0.354,616.0,0.682,568.0,1528.0,566.0,361.0,235.0,575.0,757.0,,,0.394,0.342,0.544,54.4,54.7,,11.2,0.512,17.5,,0.269,1.0,13.92,4.89,8.0,4.0,1.0,0.0,CUSA,39.0,0.821,14.0,4.0,939.0,0.473,236.0,0.346,528.0,0.691,429.0,1303.0,541.0,224.0,111.0,562.0,649.0,,,0.384,0.343,0.562,53.6,57.6,,5.5,0.532,19.3,,0.266,1.0,3.19,14.15,5.0,3.0,1.0,0.0,Pac-10
2006,First Round,5,Pitt,12,Kent State,0,33.0,0.758,10.0,6.0,840.0,0.456,206.0,0.352,505.0,0.693,422.0,1281.0,541.0,203.0,128.0,452.0,565.0,,,0.396,0.318,0.546,55.4,64.4,,6.9,0.512,17.1,,0.274,1.0,6.76,9.61,3.0,1.0,0.0,0.0,Big East,34.0,0.735,15.0,3.0,844.0,0.447,237.0,0.359,533.0,0.715,377.0,1130.0,452.0,265.0,82.0,451.0,682.0,,,0.395,0.35,0.548,52.0,53.6,,4.8,0.51,16.8,,0.282,0.0,4.23,2.04,1.0,0.0,0.0,0.0,MAC
2006,First Round,6,Indiana,11,San Diego State,0,31.0,0.613,9.0,7.0,797.0,0.461,276.0,0.395,361.0,0.69,319.0,1053.0,466.0,196.0,72.0,446.0,574.0,,,0.302,0.404,0.564,50.8,58.5,,4.2,0.54,18.4,,0.209,0.0,6.89,5.21,4.0,1.0,1.0,0.0,Big Ten,33.0,0.727,13.0,3.0,839.0,0.46,220.0,0.396,558.0,0.728,430.0,1176.0,432.0,251.0,101.0,498.0,545.0,,,0.421,0.305,0.561,52.9,51.5,,5.3,0.521,18.5,,0.306,0.0,7.63,2.18,9.0,4.0,3.0,1.0,MWC
2006,First Round,3,Gonzaga,14,Xavier,0,33.0,0.879,14.0,0.0,897.0,0.477,182.0,0.364,667.0,0.782,411.0,1239.0,459.0,234.0,94.0,434.0,625.0,,,0.454,0.266,0.579,52.5,51.2,,4.7,0.526,16.0,,0.355,0.0,13.46,-1.14,7.0,3.0,0.0,0.0,WCC,32.0,0.656,8.0,8.0,778.0,0.462,218.0,0.371,516.0,0.724,338.0,1121.0,502.0,199.0,152.0,410.0,568.0,,,0.423,0.349,0.566,51.8,64.5,,8.5,0.526,16.8,,0.306,0.0,5.73,4.38,1.0,0.0,0.0,0.0,A-10
2006,Second Round,3,Gonzaga,6,Indiana,0,33.0,0.879,14.0,0.0,897.0,0.477,182.0,0.364,667.0,0.782,411.0,1239.0,459.0,234.0,94.0,434.0,625.0,,,0.454,0.266,0.579,52.5,51.2,,4.7,0.526,16.0,,0.355,0.0,13.46,-1.14,7.0,3.0,0.0,0.0,WCC,31.0,0.613,9.0,7.0,797.0,0.461,276.0,0.395,361.0,0.69,319.0,1053.0,466.0,196.0,72.0,446.0,574.0,,,0.302,0.404,0.564,50.8,58.5,,4.2,0.54,18.4,,0.209,0.0,6.89,5.21,4.0,1.0,1.0,0.0,Big Ten
2006,First Round,7,Marquette,10,Alabama,1,31.0,0.645,10.0,6.0,830.0,0.455,263.0,0.397,402.0,0.732,377.0,1112.0,482.0,233.0,94.0,458.0,597.0,,,0.301,0.364,0.558,49.9,58.1,,5.1,0.527,18.0,,0.221,0.0,9.9,1.43,3.0,1.0,1.0,0.0,Big East,31.0,0.581,10.0,6.0,758.0,0.456,174.0,0.345,488.0,0.708,389.0,1135.0,379.0,195.0,152.0,421.0,433.0,,,0.415,0.304,0.547,53.2,50.0,,8.3,0.508,17.5,,0.294,0.0,6.19,4.6,7.0,1.0,0.0,0.0,SEC
2006,Second Round,2,UCLA,10,Alabama,0,39.0,0.821,14.0,4.0,939.0,0.473,236.0,0.346,528.0,0.691,429.0,1303.0,541.0,224.0,111.0,562.0,649.0,,,0.384,0.343,0.562,53.6,57.6,,5.5,0.532,19.3,,0.266,1.0,3.19,14.15,5.0,3.0,1.0,0.0,Pac-10,31.0,0.581,10.0,6.0,758.0,0.456,174.0,0.345,488.0,0.708,389.0,1135.0,379.0,195.0,152.0,421.0,433.0,,,0.415,0.304,0.547,53.2,50.0,,8.3,0.508,17.5,,0.294,0.0,6.19,4.6,7.0,1.0,0.0,0.0,SEC
2006,First Round,2,UCLA,15,Belmont,0,39.0,0.821,14.0,4.0,939.0,0.473,236.0,0.346,528.0,0.691,429.0,1303.0,541.0,224.0,111.0,562.0,649.0,,,0.384,0.343,0.562,53.6,57.6,,5.5,0.532,19.3,,0.266,1.0,3.19,14.15,5.0,3.0,1.0,0.0,Pac-10,31.0,0.645,15.0,5.0,897.0,0.493,261.0,0.377,444.0,0.691,364.0,1099.0,518.0,240.0,110.0,503.0,612.0,,,0.353,0.38,0.588,50.3,57.7,,5.9,0.565,19.1,,0.244,0.0,6.22,-9.76,1.0,0.0,0.0,0.0,A-Sun
2006,Sweet Sixteen,2,UCLA,3,Gonzaga,0,39.0,0.821,14.0,4.0,939.0,0.473,236.0,0.346,528.0,0.691,429.0,1303.0,541.0,224.0,111.0,562.0,649.0,,,0.384,0.343,0.562,53.6,57.6,,5.5,0.532,19.3,,0.266,1.0,3.19,14.15,5.0,3.0,1.0,0.0,Pac-10,33.0,0.879,14.0,0.0,897.0,0.477,182.0,0.364,667.0,0.782,411.0,1239.0,459.0,234.0,94.0,434.0,625.0,,,0.454,0.266,0.579,52.5,51.2,,4.7,0.526,16.0,,0.355,0.0,13.46,-1.14,7.0,3.0,0.0,0.0,WCC
2006,First Round,1,UConn,16,Albany (NY),0,34.0,0.882,14.0,2.0,988.0,0.473,188.0,0.366,617.0,0.706,533.0,1488.0,541.0,225.0,298.0,489.0,531.0,,,0.419,0.246,0.556,56.1,54.8,,13.5,0.518,16.3,,0.295,1.0,16.43,4.79,19.0,11.0,2.0,2.0,Big East,32.0,0.656,13.0,3.0,743.0,0.448,223.0,0.379,485.0,0.711,349.0,1077.0,403.0,209.0,81.0,451.0,606.0,,,0.411,0.355,0.553,51.7,54.2,,4.8,0.515,18.5,,0.292,0.0,-0.45,0.01,1.0,0.0,0.0,0.0,AEC
2006,Second Round,1,UConn,8,Kentucky,0,34.0,0.882,14.0,2.0,988.0,0.473,188.0,0.366,617.0,0.706,533.0,1488.0,541.0,225.0,298.0,489.0,531.0,,,0.419,0.246,0.556,56.1,54.8,,13.5,0.518,16.3,,0.295,1.0,16.43,4.79,19.0,11.0,2.0,2.0,Big East,35.0,0.629,9.0,7.0,903.0,0.447,265.0,0.35,406.0,0.676,449.0,1265.0,495.0,206.0,106.0,464.0,595.0,,,0.298,0.375,0.537,52.1,54.8,,5.4,0.513,16.8,,0.201,1.0,6.35,6.77,13.0,9.0,1.0,1.0,SEC
2006,Sweet Sixteen,1,UConn,5,Washington,0,34.0,0.882,14.0,2.0,988.0,0.473,188.0,0.366,617.0,0.706,533.0,1488.0,541.0,225.0,298.0,489.0,531.0,,,0.419,0.246,0.556,56.1,54.8,,13.5,0.518,16.3,,0.295,1.0,16.43,4.79,19.0,11.0,2.0,2.0,Big East,33.0,0.788,13.0,5.0,982.0,0.471,220.0,0.365,522.0,0.749,475.0,1232.0,529.0,273.0,114.0,486.0,634.0,,,0.334,0.288,0.56,54.3,53.9,,6.1,0.523,16.7,,0.25,1.0,18.11,-0.03,4.0,2.0,0.0,0.0,Pac-10
2006,Second Round,4,Illinois,5,Washington,1,33.0,0.788,11.0,5.0,848.0,0.458,241.0,0.361,374.0,0.643,403.0,1179.0,500.0,203.0,79.0,406.0,584.0,,,0.314,0.36,0.543,54.5,59.0,,4.8,0.523,16.0,,0.202,1.0,4.6,12.59,5.0,3.0,1.0,0.0,Big Ten,33.0,0.788,13.0,5.0,982.0,0.471,220.0,0.365,522.0,0.749,475.0,1232.0,529.0,273.0,114.0,486.0,634.0,,,0.334,0.288,0.56,54.3,53.9,,6.1,0.523,16.7,,0.25,1.0,18.11,-0.03,4.0,2.0,0.0,0.0,Pac-10
2006,First Round,8,Kentucky,9,Alabama-Birmingham,0,35.0,0.629,9.0,7.0,903.0,0.447,265.0,0.35,406.0,0.676,449.0,1265.0,495.0,206.0,106.0,464.0,595.0,,,0.298,0.375,0.537,52.1,54.8,,5.4,0.513,16.8,,0.201,1.0,6.35,6.77,13.0,9.0,1.0,1.0,SEC,31.0,0.774,12.0,2.0,822.0,0.453,222.0,0.343,440.0,0.647,337.0,971.0,482.0,337.0,111.0,395.0,560.0,,,0.374,0.356,0.539,44.2,58.6,,6.6,0.514,15.6,,0.242,0.0,7.47,2.16,3.0,1.0,0.0,0.0,CUSA
2006,First Round,5,Washington,12,Utah State,0,33.0,0.788,13.0,5.0,982.0,0.471,220.0,0.365,522.0,0.749,475.0,1232.0,529.0,273.0,114.0,486.0,634.0,,,0.334,0.288,0.56,54.3,53.9,,6.1,0.523,16.7,,0.25,1.0,18.11,-0.03,4.0,2.0,0.0,0.0,Pac-10,32.0,0.719,11.0,5.0,853.0,0.498,232.0,0.401,369.0,0.722,304.0,1080.0,552.0,165.0,91.0,421.0,492.0,,,0.298,0.338,0.59,52.0,64.7,,5.0,0.565,17.7,,0.215,0.0,3.6,4.16,6.0,0.0,0.0,0.0,WAC
2006,First Round,4,Illinois,13,Air Force,0,33.0,0.788,11.0,5.0,848.0,0.458,241.0,0.361,374.0,0.643,403.0,1179.0,500.0,203.0,79.0,406.0,584.0,,,0.314,0.36,0.543,54.5,59.0,,4.8,0.523,16.0,,0.202,1.0,4.6,12.59,5.0,3.0,1.0,0.0,Big Ten,31.0,0.774,12.0,4.0,683.0,0.483,276.0,0.404,348.0,0.745,204.0,763.0,445.0,249.0,67.0,335.0,472.0,,,0.331,0.484,0.609,45.7,65.2,,4.7,0.581,17.0,,0.246,0.0,-4.54,14.74,1.0,0.0,0.0,0.0,MWC
2006,First Round,3,UNC,14,Murray State,0,31.0,0.742,12.0,4.0,863.0,0.477,215.0,0.375,519.0,0.708,432.0,1237.0,552.0,242.0,127.0,512.0,531.0,,,0.405,0.317,0.57,55.6,64.0,,6.7,0.536,19.2,,0.287,1.0,14.58,3.9,17.0,10.0,5.0,1.0,ACC,31.0,0.774,17.0,3.0,808.0,0.45,230.0,0.353,357.0,0.651,410.0,1141.0,485.0,250.0,147.0,387.0,568.0,,,0.305,0.363,0.536,52.0,60.0,,8.9,0.514,15.8,,0.199,0.0,-1.3,5.46,2.0,0.0,0.0,0.0,OVC
2006,First Round,7,Wichita State,10,Seton Hall,0,35.0,0.743,14.0,4.0,839.0,0.441,237.0,0.366,507.0,0.724,425.0,1317.0,522.0,183.0,64.0,449.0,547.0,,,0.368,0.341,0.542,54.0,62.2,,3.3,0.503,16.7,,0.266,0.0,3.87,7.59,1.0,1.0,0.0,0.0,MVC,30.0,0.6,9.0,7.0,692.0,0.409,174.0,0.335,475.0,0.746,375.0,1105.0,373.0,206.0,81.0,403.0,569.0,,,0.377,0.308,0.51,51.4,53.9,,4.9,0.461,16.8,,0.281,0.0,2.86,3.91,2.0,0.0,0.0,0.0,Big East
2006,First Round,2,Tennessee,15,Winthrop,0,30.0,0.733,12.0,4.0,859.0,0.464,264.0,0.387,431.0,0.701,352.0,1005.0,509.0,301.0,98.0,386.0,542.0,,,0.332,0.369,0.563,48.0,59.3,,5.7,0.535,15.3,,0.233,1.0,15.85,-1.12,3.0,1.0,0.0,0.0,SEC,31.0,0.742,13.0,3.0,778.0,0.448,238.0,0.362,482.0,0.692,402.0,1127.0,490.0,298.0,102.0,439.0,530.0,,,0.402,0.379,0.551,54.0,63.0,,6.3,0.517,17.5,,0.278,0.0,0.13,6.14,6.0,0.0,0.0,0.0,Big South
2006,Second Round,2,Tennessee,7,Wichita State,1,30.0,0.733,12.0,4.0,859.0,0.464,264.0,0.387,431.0,0.701,352.0,1005.0,509.0,301.0,98.0,386.0,542.0,,,0.332,0.369,0.563,48.0,59.3,,5.7,0.535,15.3,,0.233,1.0,15.85,-1.12,3.0,1.0,0.0,0.0,SEC,35.0,0.743,14.0,4.0,839.0,0.441,237.0,0.366,507.0,0.724,425.0,1317.0,522.0,183.0,64.0,449.0,547.0,,,0.368,0.341,0.542,54.0,62.2,,3.3,0.503,16.7,,0.266,0.0,3.87,7.59,1.0,1.0,0.0,0.0,MVC
2007,Play-In,16,Niagara,16,Florida A&M,0,35.0,0.657,13.0,5.0,889.0,0.418,274.0,0.343,602.0,0.731,517.0,1342.0,467.0,224.0,55.0,473.0,611.0,,,0.388,0.376,0.527,52.6,52.5,,2.6,0.483,15.8,,0.283,0.0,4.08,-7.49,2.0,0.0,0.0,0.0,MAAC,35.0,0.6,12.0,6.0,846.0,0.45,209.0,0.36,566.0,0.662,,1291.0,477.0,245.0,63.0,623.0,648.0,,,0.455,0.309,0.539,52.5,56.4,,3.1,0.505,21.4,,0.301,0.0,-2.66,-7.07,2.0,0.0,0.0,0.0,MEAC
2007,First Round,1,Kansas,16,Niagara,1,38.0,0.868,14.0,2.0,1106.0,0.494,231.0,0.396,535.0,0.66,486.0,1507.0,651.0,350.0,246.0,539.0,718.0,,,0.362,0.261,0.567,54.6,58.9,,11.5,0.545,17.0,,0.239,1.0,12.51,10.11,9.0,5.0,0.0,0.0,Big 12,35.0,0.657,13.0,5.0,889.0,0.418,274.0,0.343,602.0,0.731,517.0,1342.0,467.0,224.0,55.0,473.0,611.0,,,0.388,0.376,0.527,52.6,52.5,,2.6,0.483,15.8,,0.283,0.0,4.08,-7.49,2.0,0.0,0.0,0.0,MAAC
2007,Second Round,1,Kansas,8,Kentucky,0,38.0,0.868,14.0,2.0,1106.0,0.494,231.0,0.396,535.0,0.66,486.0,1507.0,651.0,350.0,246.0,539.0,718.0,,,0.362,0.261,0.567,54.6,58.9,,11.5,0.545,17.0,,0.239,1.0,12.51,10.11,9.0,5.0,0.0,0.0,Big 12,34.0,0.647,9.0,7.0,890.0,0.476,231.0,0.355,485.0,0.703,370.0,1235.0,537.0,201.0,161.0,493.0,547.0,,,0.369,0.348,0.568,52.3,60.3,,7.9,0.538,18.3,,0.26,1.0,9.83,7.29,14.0,9.0,1.0,1.0,SEC
2007,Sweet Sixteen,1,Kansas,4,Southern Illinois,0,38.0,0.868,14.0,2.0,1106.0,0.494,231.0,0.396,535.0,0.66,486.0,1507.0,651.0,350.0,246.0,539.0,718.0,,,0.362,0.261,0.567,54.6,58.9,,11.5,0.545,17.0,,0.239,1.0,12.51,10.11,9.0,5.0,0.0,0.0,Big 12,36.0,0.806,15.0,3.0,762.0,0.448,224.0,0.366,518.0,0.693,346.0,1076.0,414.0,237.0,116.0,504.0,728.0,,,0.439,0.36,0.551,51.4,54.3,,7.4,0.514,19.7,,0.304,0.0,-1.52,15.11,3.0,1.0,0.0,0.0,MVC
2007,Elite Eight,1,Kansas,2,UCLA,1,38.0,0.868,14.0,2.0,1106.0,0.494,231.0,0.396,535.0,0.66,486.0,1507.0,651.0,350.0,246.0,539.0,718.0,,,0.362,0.261,0.567,54.6,58.9,,11.5,0.545,17.0,,0.239,1.0,12.51,10.11,9.0,5.0,0.0,0.0,Big 12,36.0,0.833,15.0,3.0,948.0,0.477,245.0,0.371,428.0,0.666,386.0,1184.0,519.0,269.0,116.0,444.0,595.0,,,0.324,0.332,0.56,52.0,54.7,,8.7,0.539,16.2,,0.215,1.0,6.24,14.66,6.0,4.0,2.0,0.0,Pac-10
2007,Final Four,1,Florida,2,UCLA,0,40.0,0.875,13.0,3.0,1125.0,0.526,297.0,0.409,646.0,0.69,447.0,1504.0,614.0,266.0,194.0,565.0,626.0,,,0.438,0.34,0.618,56.4,54.6,,8.4,0.596,18.0,,0.302,1.0,13.68,10.15,9.0,4.0,3.0,2.0,SEC,36.0,0.833,15.0,3.0,948.0,0.477,245.0,0.371,428.0,0.666,386.0,1184.0,519.0,269.0,116.0,444.0,595.0,,,0.324,0.332,0.56,52.0,54.7,,8.7,0.539,16.2,,0.215,1.0,6.24,14.66,6.0,4.0,2.0,0.0,Pac-10
2007,First Round,8,Kentucky,9,Villanova,0,34.0,0.647,9.0,7.0,890.0,0.476,231.0,0.355,485.0,0.703,370.0,1235.0,537.0,201.0,161.0,493.0,547.0,,,0.369,0.348,0.568,52.3,60.3,,7.9,0.538,18.3,,0.26,1.0,9.83,7.29,14.0,9.0,1.0,1.0,SEC,33.0,0.667,9.0,7.0,775.0,0.424,248.0,0.352,594.0,0.781,438.0,1196.0,419.0,267.0,107.0,450.0,645.0,,,0.417,0.385,0.546,53.3,54.1,,6.3,0.492,17.1,,0.325,1.0,7.41,8.73,5.0,2.0,0.0,0.0,Big East
2007,First Round,5,Virginia Tech,12,Illinois,0,34.0,0.647,10.0,6.0,886.0,0.468,163.0,0.363,493.0,0.66,366.0,1131.0,449.0,285.0,159.0,371.0,619.0,,,0.394,0.237,0.54,49.6,50.7,,8.7,0.511,14.2,,0.26,0.0,4.69,9.66,3.0,0.0,0.0,0.0,ACC,35.0,0.657,9.0,7.0,790.0,0.432,241.0,0.349,424.0,0.624,437.0,1231.0,488.0,205.0,99.0,491.0,604.0,,,0.372,0.378,0.521,54.0,61.8,,5.7,0.498,18.6,,0.232,0.0,-0.04,14.22,6.0,3.0,1.0,0.0,Big Ten
2007,First Round,4,Southern Illinois,13,Holy Cross,0,36.0,0.806,15.0,3.0,762.0,0.448,224.0,0.366,518.0,0.693,346.0,1076.0,414.0,237.0,116.0,504.0,728.0,,,0.439,0.36,0.551,51.4,54.3,,7.4,0.514,19.7,,0.304,0.0,-1.52,15.11,3.0,1.0,0.0,0.0,MVC,34.0,0.735,13.0,1.0,738.0,0.435,191.0,0.351,504.0,0.734,386.0,1091.0,463.0,324.0,123.0,521.0,621.0,,,0.405,0.321,0.537,53.6,62.7,,7.8,0.492,20.5,,0.297,0.0,-4.88,8.21,6.0,1.0,0.0,0.0,Patriot
2007,Second Round,4,Southern Illinois,5,Virginia Tech,0,36.0,0.806,15.0,3.0,762.0,0.448,224.0,0.366,518.0,0.693,346.0,1076.0,414.0,237.0,116.0,504.0,728.0,,,0.439,0.36,0.551,51.4,54.3,,7.4,0.514,19.7,,0.304,0.0,-1.52,15.11,3.0,1.0,0.0,0.0,MVC,34.0,0.647,10.0,6.0,886.0,0.468,163.0,0.363,493.0,0.66,366.0,1131.0,449.0,285.0,159.0,371.0,619.0,,,0.394,0.237,0.54,49.6,50.7,,8.7,0.511,14.2,,0.26,0.0,4.69,9.66,3.0,0.0,0.0,0.0,ACC
2007,First Round,6,Duke,11,VCU,1,33.0,0.667,8.0,8.0,822.0,0.469,198.0,0.381,481.0,0.689,379.0,1165.0,433.0,241.0,157.0,509.0,577.0,,,0.398,0.296,0.557,53.7,52.7,,8.7,0.525,19.6,,0.274,1.0,5.87,12.98,23.0,17.0,10.0,3.0,ACC,35.0,0.8,16.0,2.0,901.0,0.457,244.0,0.401,580.0,0.728,427.0,1165.0,475.0,268.0,106.0,394.0,643.0,,,0.404,0.309,0.559,50.9,52.7,,5.9,0.519,14.4,,0.294,0.0,7.77,1.73,1.0,0.0,0.0,0.0,CAA
2007,Second Round,3,Pitt,11,VCU,0,37.0,0.784,12.0,4.0,961.0,0.472,229.0,0.382,486.0,0.661,445.0,1320.0,647.0,194.0,133.0,441.0,613.0,,,0.361,0.294,0.553,53.5,67.3,,6.6,0.529,15.6,,0.239,1.0,6.74,10.25,4.0,2.0,0.0,0.0,Big East,35.0,0.8,16.0,2.0,901.0,0.457,244.0,0.401,580.0,0.728,427.0,1165.0,475.0,268.0,106.0,394.0,643.0,,,0.404,0.309,0.559,50.9,52.7,,5.9,0.519,14.4,,0.294,0.0,7.77,1.73,1.0,0.0,0.0,0.0,CAA
2007,First Round,3,Pitt,14,Wright State,0,37.0,0.784,12.0,4.0,961.0,0.472,229.0,0.382,486.0,0.661,445.0,1320.0,647.0,194.0,133.0,441.0,613.0,,,0.361,0.294,0.553,53.5,67.3,,6.6,0.529,15.6,,0.239,1.0,6.74,10.25,4.0,2.0,0.0,0.0,Big East,33.0,0.697,13.0,3.0,766.0,0.438,180.0,0.347,413.0,0.732,334.0,1060.0,402.0,196.0,50.0,400.0,574.0,,,0.322,0.297,0.527,49.5,52.5,,2.9,0.489,16.5,,0.236,0.0,-4.09,6.03,3.0,0.0,0.0,0.0,Horizon
2007,First Round,7,Indiana,10,Gonzaga,0,32.0,0.656,10.0,6.0,783.0,0.446,252.0,0.381,428.0,0.71,375.0,1082.0,424.0,206.0,140.0,396.0,657.0,,,0.344,0.377,0.55,51.9,54.2,,8.9,0.518,16.2,,0.244,1.0,8.0,8.78,13.0,3.0,1.0,0.0,Big Ten,34.0,0.676,11.0,3.0,933.0,0.483,230.0,0.395,572.0,0.751,353.0,1271.0,492.0,212.0,123.0,473.0,654.0,,,0.394,0.302,0.582,52.7,52.7,,6.1,0.542,17.1,,0.296,0.0,10.18,1.97,8.0,3.0,0.0,0.0,WCC
2007,First Round,2,UCLA,15,Weber State,0,36.0,0.833,15.0,3.0,948.0,0.477,245.0,0.371,428.0,0.666,386.0,1184.0,519.0,269.0,116.0,444.0,595.0,,,0.324,0.332,0.56,52.0,54.7,,8.7,0.539,16.2,,0.215,1.0,6.24,14.66,6.0,4.0,2.0,0.0,Pac-10,32.0,0.625,11.0,5.0,772.0,0.489,180.0,0.395,542.0,0.672,307.0,1050.0,437.0,212.0,78.0,515.0,611.0,,,0.511,0.289,0.577,50.7,56.6,,4.3,0.546,20.8,,0.343,0.0,-3.29,-0.74,1.0,0.0,0.0,0.0,Big Sky
2007,Second Round,2,UCLA,7,Indiana,0,36.0,0.833,15.0,3.0,948.0,0.477,245.0,0.371,428.0,0.666,386.0,1184.0,519.0,269.0,116.0,444.0,595.0,,,0.324,0.332,0.56,52.0,54.7,,8.7,0.539,16.2,,0.215,1.0,6.24,14.66,6.0,4.0,2.0,0.0,Pac-10,32.0,0.656,10.0,6.0,783.0,0.446,252.0,0.381,428.0,0.71,375.0,1082.0,424.0,206.0,140.0,396.0,657.0,,,0.344,0.377,0.55,51.9,54.2,,8.9,0.518,16.2,,0.244,1.0,8.0,8.78,13.0,3.0,1.0,0.0,Big Ten
2007,Sweet Sixteen,2,UCLA,3,Pitt,0,36.0,0.833,15.0,3.0,948.0,0.477,245.0,0.371,428.0,0.666,386.0,1184.0,519.0,269.0,116.0,444.0,595.0,,,0.324,0.332,0.56,52.0,54.7,,8.7,0.539,16.2,,0.215,1.0,6.24,14.66,6.0,4.0,2.0,0.0,Pac-10,37.0,0.784,12.0,4.0,961.0,0.472,229.0,0.382,486.0,0.661,445.0,1320.0,647.0,194.0,133.0,441.0,613.0,,,0.361,0.294,0.553,53.5,67.3,,6.6,0.529,15.6,,0.239,1.0,6.74,10.25,4.0,2.0,0.0,0.0,Big East
2007,First Round,1,UNC,16,Eastern Kentucky,0,38.0,0.816,11.0,5.0,1187.0,0.499,215.0,0.358,669.0,0.712,522.0,1551.0,696.0,309.0,173.0,524.0,647.0,,,0.395,0.252,0.577,55.8,58.6,,7.5,0.544,15.6,,0.281,1.0,20.55,5.85,18.0,11.0,5.0,1.0,ACC,33.0,0.636,13.0,7.0,782.0,0.462,264.0,0.348,323.0,0.68,280.0,930.0,477.0,263.0,84.0,446.0,449.0,,,0.281,0.448,0.561,46.7,61.0,,4.9,0.541,18.9,,0.191,0.0,-6.16,1.97,1.0,0.0,0.0,0.0,OVC
2007,Second Round,1,UNC,9,Michigan State,0,38.0,0.816,11.0,5.0,1187.0,0.499,215.0,0.358,669.0,0.712,522.0,1551.0,696.0,309.0,173.0,524.0,647.0,,,0.395,0.252,0.577,55.8,58.6,,7.5,0.544,15.6,,0.281,1.0,20.55,5.85,18.0,11.0,5.0,1.0,ACC,35.0,0.657,8.0,8.0,806.0,0.469,182.0,0.374,482.0,0.718,394.0,1217.0,560.0,180.0,162.0,521.0,652.0,,,0.391,0.283,0.559,55.6,69.5,,9.3,0.522,20.4,,0.281,1.0,1.0,15.3,10.0,6.0,4.0,1.0,Big Ten
2007,First Round,8,Marquette,9,Michigan State,1,34.0,0.706,10.0,6.0,851.0,0.436,217.0,0.333,524.0,0.669,488.0,1251.0,475.0,295.0,115.0,496.0,691.0,,,0.401,0.334,0.526,52.4,55.8,,6.4,0.492,17.6,,0.269,0.0,8.04,6.11,4.0,1.0,1.0,0.0,Big East,35.0,0.657,8.0,8.0,806.0,0.469,182.0,0.374,482.0,0.718,394.0,1217.0,560.0,180.0,162.0,521.0,652.0,,,0.391,0.283,0.559,55.6,69.5,,9.3,0.522,20.4,,0.281,1.0,1.0,15.3,10.0,6.0,4.0,1.0,Big Ten
2007,Sweet Sixteen,1,UNC,5,USC,0,38.0,0.816,11.0,5.0,1187.0,0.499,215.0,0.358,669.0,0.712,522.0,1551.0,696.0,309.0,173.0,524.0,647.0,,,0.395,0.252,0.577,55.8,58.6,,7.5,0.544,15.6,,0.281,1.0,20.55,5.85,18.0,11.0,5.0,1.0,ACC,37.0,0.676,11.0,7.0,946.0,0.476,207.0,0.396,557.0,0.715,349.0,1277.0,472.0,206.0,148.0,540.0,660.0,,,0.392,0.263,0.563,50.0,49.9,,6.8,0.528,18.6,,0.28,0.0,7.22,6.56,6.0,2.0,0.0,0.0,Pac-10
2007,Second Round,4,Texas,5,USC,1,35.0,0.714,12.0,4.0,963.0,0.445,308.0,0.389,626.0,0.736,482.0,1391.0,479.0,262.0,197.0,434.0,611.0,,,0.393,0.366,0.557,51.4,49.7,,9.0,0.516,14.5,,0.289,1.0,14.84,0.77,15.0,5.0,1.0,0.0,Big 12,37.0,0.676,11.0,7.0,946.0,0.476,207.0,0.396,557.0,0.715,349.0,1277.0,472.0,206.0,148.0,540.0,660.0,,,0.392,0.263,0.563,50.0,49.9,,6.8,0.528,18.6,,0.28,0.0,7.22,6.56,6.0,2.0,0.0,0.0,Pac-10
2007,Elite Eight,1,UNC,2,Georgetown,1,38.0,0.816,11.0,5.0,1187.0,0.499,215.0,0.358,669.0,0.712,522.0,1551.0,696.0,309.0,173.0,524.0,647.0,,,0.395,0.252,0.577,55.8,58.6,,7.5,0.544,15.6,,0.281,1.0,20.55,5.85,18.0,11.0,5.0,1.0,ACC,37.0,0.811,13.0,3.0,923.0,0.505,235.0,0.37,474.0,0.711,409.0,1250.0,545.0,192.0,189.0,497.0,609.0,,,0.365,0.348,0.596,54.3,59.0,,9.8,0.57,18.8,,0.26,1.0,5.08,14.54,4.0,2.0,1.0,0.0,Big East
2007,Final Four,1,Ohio State,2,Georgetown,0,39.0,0.897,15.0,1.0,1029.0,0.472,287.0,0.361,560.0,0.703,433.0,1390.0,583.0,265.0,218.0,443.0,534.0,,,0.366,0.365,0.568,52.1,56.7,,9.7,0.538,14.8,,0.257,1.0,10.98,10.56,6.0,2.0,1.0,0.0,Big Ten,37.0,0.811,13.0,3.0,923.0,0.505,235.0,0.37,474.0,0.711,409.0,1250.0,545.0,192.0,189.0,497.0,609.0,,,0.365,0.348,0.596,54.3,59.0,,9.8,0.57,18.8,,0.26,1.0,5.08,14.54,4.0,2.0,1.0,0.0,Big East
2007,First Round,5,USC,12,Arkansas,0,37.0,0.676,11.0,7.0,946.0,0.476,207.0,0.396,557.0,0.715,349.0,1277.0,472.0,206.0,148.0,540.0,660.0,,,0.392,0.263,0.563,50.0,49.9,,6.8,0.528,18.6,,0.28,0.0,7.22,6.56,6.0,2.0,0.0,0.0,Pac-10,35.0,0.6,7.0,9.0,881.0,0.461,212.0,0.346,513.0,0.703,392.0,1233.0,521.0,240.0,221.0,532.0,612.0,,,0.382,0.321,0.551,51.8,59.1,,11.0,0.517,19.1,,0.269,0.0,5.51,8.26,3.0,1.0,0.0,0.0,SEC
2007,First Round,4,Texas,13,New Mexico State,0,35.0,0.714,12.0,4.0,963.0,0.445,308.0,0.389,626.0,0.736,482.0,1391.0,479.0,262.0,197.0,434.0,611.0,,,0.393,0.366,0.557,51.4,49.7,,9.0,0.516,14.5,,0.289,1.0,14.84,0.77,15.0,5.0,1.0,0.0,Big 12,34.0,0.735,11.0,5.0,906.0,0.479,199.0,0.388,641.0,0.657,459.0,1285.0,472.0,242.0,94.0,573.0,698.0,,,0.516,0.271,0.564,53.4,52.1,,4.8,0.532,19.6,,0.339,0.0,7.06,-2.02,1.0,0.0,0.0,0.0,WAC
2007,First Round,6,Vanderbilt,11,George Washington,0,34.0,0.647,10.0,6.0,904.0,0.456,317.0,0.376,469.0,0.729,346.0,1146.0,578.0,257.0,93.0,422.0,584.0,,,0.324,0.425,0.567,48.4,63.9,,4.8,0.536,15.6,,0.236,0.0,9.91,2.85,4.0,2.0,0.0,0.0,SEC,32.0,0.719,11.0,5.0,824.0,0.458,171.0,0.368,428.0,0.7,389.0,1090.0,462.0,292.0,142.0,444.0,603.0,,,0.34,0.258,0.538,50.6,56.1,,8.5,0.506,17.5,,0.238,0.0,2.23,3.38,3.0,0.0,0.0,0.0,A-10
2007,First Round,3,Washington State,14,Oral Roberts,0,34.0,0.765,13.0,5.0,826.0,0.465,196.0,0.372,425.0,0.717,271.0,1043.0,472.0,226.0,155.0,355.0,549.0,,,0.334,0.297,0.552,48.2,57.1,,8.8,0.52,14.7,,0.239,0.0,0.87,12.46,1.0,0.0,0.0,0.0,Pac-10,34.0,0.676,12.0,2.0,824.0,0.466,204.0,0.361,588.0,0.711,372.0,1204.0,459.0,212.0,154.0,513.0,601.0,,,0.468,0.32,0.565,53.3,55.7,,8.1,0.524,19.2,,0.333,0.0,1.83,2.71,2.0,0.0,0.0,0.0,Mid-Cont
2007,Second Round,3,Washington State,6,Vanderbilt,1,34.0,0.765,13.0,5.0,826.0,0.465,196.0,0.372,425.0,0.717,271.0,1043.0,472.0,226.0,155.0,355.0,549.0,,,0.334,0.297,0.552,48.2,57.1,,8.8,0.52,14.7,,0.239,0.0,0.87,12.46,1.0,0.0,0.0,0.0,Pac-10,34.0,0.647,10.0,6.0,904.0,0.456,317.0,0.376,469.0,0.729,346.0,1146.0,578.0,257.0,93.0,422.0,584.0,,,0.324,0.425,0.567,48.4,63.9,,4.8,0.536,15.6,,0.236,0.0,9.91,2.85,4.0,2.0,0.0,0.0,SEC
2007,Sweet Sixteen,2,Georgetown,6,Vanderbilt,0,37.0,0.811,13.0,3.0,923.0,0.505,235.0,0.37,474.0,0.711,409.0,1250.0,545.0,192.0,189.0,497.0,609.0,,,0.365,0.348,0.596,54.3,59.0,,9.8,0.57,18.8,,0.26,1.0,5.08,14.54,4.0,2.0,1.0,0.0,Big East,34.0,0.647,10.0,6.0,904.0,0.456,317.0,0.376,469.0,0.729,346.0,1146.0,578.0,257.0,93.0,422.0,584.0,,,0.324,0.425,0.567,48.4,63.9,,4.8,0.536,15.6,,0.236,0.0,9.91,2.85,4.0,2.0,0.0,0.0,SEC
2007,First Round,7,Boston College,10,Texas Tech,0,33.0,0.636,10.0,6.0,842.0,0.478,196.0,0.349,573.0,0.724,394.0,1142.0,483.0,188.0,191.0,455.0,505.0,,,0.449,0.319,0.573,51.2,57.4,,9.6,0.533,17.5,,0.325,0.0,8.76,5.0,8.0,1.0,0.0,0.0,ACC,34.0,0.618,9.0,7.0,842.0,0.453,208.0,0.412,545.0,0.739,321.0,1042.0,452.0,231.0,62.0,396.0,592.0,,,0.397,0.272,0.552,46.5,53.7,,3.3,0.509,15.2,,0.293,0.0,5.79,3.92,28.0,15.0,5.0,3.0,Big 12
2007,First Round,2,Georgetown,15,Belmont,0,37.0,0.811,13.0,3.0,923.0,0.505,235.0,0.37,474.0,0.711,409.0,1250.0,545.0,192.0,189.0,497.0,609.0,,,0.365,0.348,0.596,54.3,59.0,,9.8,0.57,18.8,,0.26,1.0,5.08,14.54,4.0,2.0,1.0,0.0,Big East,33.0,0.697,14.0,4.0,848.0,0.462,288.0,0.355,406.0,0.692,373.0,1228.0,513.0,201.0,105.0,528.0,605.0,,,0.32,0.442,0.565,51.9,60.5,,5.5,0.54,20.0,,0.221,0.0,0.1,-0.49,2.0,0.0,0.0,0.0,A-Sun
2007,Second Round,2,Georgetown,7,Boston College,0,37.0,0.811,13.0,3.0,923.0,0.505,235.0,0.37,474.0,0.711,409.0,1250.0,545.0,192.0,189.0,497.0,609.0,,,0.365,0.348,0.596,54.3,59.0,,9.8,0.57,18.8,,0.26,1.0,5.08,14.54,4.0,2.0,1.0,0.0,Big East,33.0,0.636,10.0,6.0,842.0,0.478,196.0,0.349,573.0,0.724,394.0,1142.0,483.0,188.0,191.0,455.0,505.0,,,0.449,0.319,0.573,51.2,57.4,,9.6,0.533,17.5,,0.325,0.0,8.76,5.0,8.0,1.0,0.0,0.0,ACC
2007,First Round,1,Florida,16,Jackson State,1,40.0,0.875,13.0,3.0,1125.0,0.526,297.0,0.409,646.0,0.69,447.0,1504.0,614.0,266.0,194.0,565.0,626.0,,,0.438,0.34,0.618,56.4,54.6,,8.4,0.596,18.0,,0.302,1.0,13.68,10.15,9.0,4.0,3.0,2.0,SEC,35.0,0.6,12.0,6.0,878.0,0.417,194.0,0.313,540.0,0.711,470.0,1250.0,469.0,289.0,107.0,537.0,724.0,,,0.36,0.294,0.505,48.2,53.4,,5.4,0.463,17.9,,0.256,0.0,-0.43,-11.84,3.0,0.0,0.0,0.0,SWAC
2007,Second Round,1,Florida,9,Purdue,0,40.0,0.875,13.0,3.0,1125.0,0.526,297.0,0.409,646.0,0.69,447.0,1504.0,614.0,266.0,194.0,565.0,626.0,,,0.438,0.34,0.618,56.4,54.6,,8.4,0.596,18.0,,0.302,1.0,13.68,10.15,9.0,4.0,3.0,2.0,SEC,34.0,0.647,9.0,7.0,843.0,0.46,219.0,0.357,471.0,0.678,388.0,1121.0,465.0,269.0,89.0,475.0,674.0,,,0.379,0.335,0.549,50.9,55.2,,7.7,0.519,18.0,,0.257,0.0,6.0,8.65,2.0,0.0,0.0,0.0,Big Ten
2007,First Round,8,Arizona,9,Purdue,1,31.0,0.645,11.0,7.0,846.0,0.478,172.0,0.341,553.0,0.75,380.0,1158.0,511.0,189.0,103.0,427.0,425.0,,,0.416,0.285,0.57,54.1,60.4,,5.3,0.527,16.8,,0.312,1.0,14.69,1.55,28.0,13.0,5.0,1.0,Pac-10,34.0,0.647,9.0,7.0,843.0,0.46,219.0,0.357,471.0,0.678,388.0,1121.0,465.0,269.0,89.0,475.0,674.0,,,0.379,0.335,0.549,50.9,55.2,,7.7,0.519,18.0,,0.257,0.0,6.0,8.65,2.0,0.0,0.0,0.0,Big Ten
2007,Sweet Sixteen,1,Florida,5,Butler,0,40.0,0.875,13.0,3.0,1125.0,0.526,297.0,0.409,646.0,0.69,447.0,1504.0,614.0,266.0,194.0,565.0,626.0,,,0.438,0.34,0.618,56.4,54.6,,8.4,0.596,18.0,,0.302,1.0,13.68,10.15,9.0,4.0,3.0,2.0,SEC,36.0,0.806,13.0,3.0,780.0,0.435,321.0,0.369,553.0,0.76,326.0,1068.0,437.0,195.0,64.0,341.0,688.0,,,0.406,0.486,0.569,48.8,56.0,,3.8,0.525,13.8,,0.309,0.0,1.44,12.9,2.0,2.0,0.0,0.0,Horizon
2007,Second Round,4,Maryland,5,Butler,1,34.0,0.735,10.0,6.0,971.0,0.478,196.0,0.385,547.0,0.695,437.0,1325.0,587.0,253.0,233.0,544.0,612.0,,,0.387,0.25,0.558,51.3,60.5,,11.0,0.526,18.4,,0.269,1.0,13.58,5.48,15.0,9.0,2.0,1.0,ACC,36.0,0.806,13.0,3.0,780.0,0.435,321.0,0.369,553.0,0.76,326.0,1068.0,437.0,195.0,64.0,341.0,688.0,,,0.406,0.486,0.569,48.8,56.0,,3.8,0.525,13.8,,0.309,0.0,1.44,12.9,2.0,2.0,0.0,0.0,Horizon
2007,Elite Eight,1,Florida,3,Oregon,0,40.0,0.875,13.0,3.0,1125.0,0.526,297.0,0.409,646.0,0.69,447.0,1504.0,614.0,266.0,194.0,565.0,626.0,,,0.438,0.34,0.618,56.4,54.6,,8.4,0.596,18.0,,0.302,1.0,13.68,10.15,9.0,4.0,3.0,2.0,SEC,37.0,0.784,11.0,7.0,963.0,0.452,350.0,0.39,531.0,0.761,432.0,1273.0,513.0,254.0,74.0,461.0,606.0,,,0.328,0.421,0.57,51.5,53.3,,3.6,0.534,15.8,,0.249,1.0,10.84,5.11,5.0,2.0,0.0,0.0,Pac-10
2007,First Round,5,Butler,12,Old Dominion,0,36.0,0.806,13.0,3.0,780.0,0.435,321.0,0.369,553.0,0.76,326.0,1068.0,437.0,195.0,64.0,341.0,688.0,,,0.406,0.486,0.569,48.8,56.0,,3.8,0.525,13.8,,0.309,0.0,1.44,12.9,2.0,2.0,0.0,0.0,Horizon,33.0,0.727,15.0,3.0,788.0,0.431,235.0,0.347,479.0,0.722,400.0,1208.0,483.0,252.0,114.0,406.0,620.0,,,0.363,0.371,0.534,52.9,61.3,,6.6,0.495,15.9,,0.262,0.0,2.25,5.58,4.0,0.0,0.0,0.0,CAA
2007,First Round,4,Maryland,13,Davidson,0,34.0,0.735,10.0,6.0,971.0,0.478,196.0,0.385,547.0,0.695,437.0,1325.0,587.0,253.0,233.0,544.0,612.0,,,0.387,0.25,0.558,51.3,60.5,,11.0,0.526,18.4,,0.269,1.0,13.58,5.48,15.0,9.0,2.0,1.0,ACC,34.0,0.853,17.0,1.0,969.0,0.449,328.0,0.369,499.0,0.753,465.0,1378.0,559.0,272.0,91.0,495.0,602.0,,,0.307,0.412,0.559,54.4,57.7,,4.6,0.525,16.7,,0.231,0.0,10.36,-2.06,4.0,0.0,0.0,0.0,Southern
2007,First Round,6,Notre Dame,11,Winthrop,1,32.0,0.75,11.0,5.0,869.0,0.459,287.0,0.39,567.0,0.743,405.0,1229.0,552.0,271.0,110.0,414.0,582.0,,,0.403,0.388,0.575,52.9,63.5,,5.8,0.535,15.5,,0.3,1.0,15.72,1.22,6.0,1.0,0.0,0.0,Big East,34.0,0.853,14.0,0.0,923.0,0.477,278.0,0.36,421.0,0.624,422.0,1279.0,567.0,268.0,126.0,445.0,584.0,,,0.349,0.399,0.564,54.8,61.4,,6.9,0.549,16.5,,0.218,0.0,0.71,8.46,7.0,0.0,0.0,0.0,Big South
2007,Second Round,3,Oregon,11,Winthrop,0,37.0,0.784,11.0,7.0,963.0,0.452,350.0,0.39,531.0,0.761,432.0,1273.0,513.0,254.0,74.0,461.0,606.0,,,0.328,0.421,0.57,51.5,53.3,,3.6,0.534,15.8,,0.249,1.0,10.84,5.11,5.0,2.0,0.0,0.0,Pac-10,34.0,0.853,14.0,0.0,923.0,0.477,278.0,0.36,421.0,0.624,422.0,1279.0,567.0,268.0,126.0,445.0,584.0,,,0.349,0.399,0.564,54.8,61.4,,6.9,0.549,16.5,,0.218,0.0,0.71,8.46,7.0,0.0,0.0,0.0,Big South
2007,First Round,3,Oregon,14,Miami (OH),0,37.0,0.784,11.0,7.0,963.0,0.452,350.0,0.39,531.0,0.761,432.0,1273.0,513.0,254.0,74.0,461.0,606.0,,,0.328,0.421,0.57,51.5,53.3,,3.6,0.534,15.8,,0.249,1.0,10.84,5.11,5.0,2.0,0.0,0.0,Pac-10,33.0,0.545,10.0,6.0,720.0,0.46,169.0,0.333,353.0,0.709,260.0,998.0,421.0,187.0,135.0,434.0,560.0,,,0.318,0.325,0.545,49.7,58.5,,8.2,0.514,19.4,,0.226,0.0,-7.5,12.31,4.0,1.0,0.0,0.0,MAC
2007,Sweet Sixteen,3,Oregon,7,UNLV,0,37.0,0.784,11.0,7.0,963.0,0.452,350.0,0.39,531.0,0.761,432.0,1273.0,513.0,254.0,74.0,461.0,606.0,,,0.328,0.421,0.57,51.5,53.3,,3.6,0.534,15.8,,0.249,1.0,10.84,5.11,5.0,2.0,0.0,0.0,Pac-10,37.0,0.811,12.0,4.0,979.0,0.445,289.0,0.36,525.0,0.716,460.0,1293.0,548.0,289.0,197.0,410.0,670.0,,,0.333,0.364,0.543,49.8,56.0,,9.7,0.51,13.9,,0.238,0.0,6.49,6.5,10.0,3.0,1.0,0.0,MWC
2007,Second Round,2,Wisconsin,7,UNLV,1,36.0,0.833,13.0,3.0,867.0,0.46,210.0,0.352,583.0,0.688,404.0,1258.0,494.0,207.0,116.0,407.0,551.0,,,0.45,0.317,0.552,53.5,57.0,,6.2,0.515,15.1,,0.309,1.0,6.68,12.6,6.0,2.0,0.0,0.0,Big Ten,37.0,0.811,12.0,4.0,979.0,0.445,289.0,0.36,525.0,0.716,460.0,1293.0,548.0,289.0,197.0,410.0,670.0,,,0.333,0.364,0.543,49.8,56.0,,9.7,0.51,13.9,,0.238,0.0,6.49,6.5,10.0,3.0,1.0,0.0,MWC
2007,First Round,7,UNLV,10,Georgia Tech,0,37.0,0.811,12.0,4.0,979.0,0.445,289.0,0.36,525.0,0.716,460.0,1293.0,548.0,289.0,197.0,410.0,670.0,,,0.333,0.364,0.543,49.8,56.0,,9.7,0.51,13.9,,0.238,0.0,6.49,6.5,10.0,3.0,1.0,0.0,MWC,32.0,0.625,8.0,8.0,935.0,0.49,201.0,0.372,444.0,0.681,445.0,1166.0,491.0,316.0,114.0,503.0,665.0,,,0.342,0.283,0.567,54.3,52.5,,6.7,0.542,18.5,,0.233,1.0,12.37,4.8,5.0,1.0,1.0,0.0,ACC
2007,First Round,2,Wisconsin,15,Texas A&M-Corpus Christi,0,36.0,0.833,13.0,3.0,867.0,0.46,210.0,0.352,583.0,0.688,404.0,1258.0,494.0,207.0,116.0,407.0,551.0,,,0.45,0.317,0.552,53.5,57.0,,6.2,0.515,15.1,,0.309,1.0,6.68,12.6,6.0,2.0,0.0,0.0,Big Ten,33.0,0.788,14.0,2.0,912.0,0.522,192.0,0.402,599.0,0.707,374.0,1173.0,595.0,257.0,95.0,537.0,631.0,,,0.485,0.274,0.608,54.9,65.2,,5.2,0.577,20.0,,0.343,0.0,6.79,-3.72,3.0,0.0,0.0,0.0,Southland
2007,First Round,1,Ohio State,16,Central Connecticut,0,39.0,0.897,15.0,1.0,1029.0,0.472,287.0,0.361,560.0,0.703,433.0,1390.0,583.0,265.0,218.0,443.0,534.0,,,0.366,0.365,0.568,52.1,56.7,,9.7,0.538,14.8,,0.257,1.0,10.98,10.56,6.0,2.0,1.0,0.0,Big Ten,34.0,0.647,16.0,2.0,790.0,0.434,262.0,0.381,502.0,0.73,401.0,1180.0,424.0,204.0,115.0,481.0,544.0,,,0.378,0.378,0.545,51.4,53.7,,6.1,0.505,18.3,,0.276,0.0,-4.19,0.56,3.0,0.0,0.0,0.0,NEC
2007,Second Round,1,Ohio State,9,Xavier,0,39.0,0.897,15.0,1.0,1029.0,0.472,287.0,0.361,560.0,0.703,433.0,1390.0,583.0,265.0,218.0,443.0,534.0,,,0.366,0.365,0.568,52.1,56.7,,9.7,0.538,14.8,,0.257,1.0,10.98,10.56,6.0,2.0,1.0,0.0,Big Ten,34.0,0.735,13.0,3.0,849.0,0.476,269.0,0.39,628.0,0.741,367.0,1146.0,508.0,191.0,120.0,430.0,604.0,,,0.475,0.386,0.593,51.9,59.8,,6.3,0.551,16.4,,0.352,0.0,9.86,4.32,2.0,0.0,0.0,0.0,A-10
2007,First Round,8,BYU,9,Xavier,1,34.0,0.735,13.0,3.0,972.0,0.491,256.0,0.415,454.0,0.66,414.0,1273.0,542.0,205.0,118.0,456.0,662.0,,,0.347,0.311,0.575,54.5,55.8,,6.2,0.555,16.5,,0.229,0.0,10.48,0.89,1.0,0.0,0.0,0.0,MWC,34.0,0.735,13.0,3.0,849.0,0.476,269.0,0.39,628.0,0.741,367.0,1146.0,508.0,191.0,120.0,430.0,604.0,,,0.475,0.386,0.593,51.9,59.8,,6.3,0.551,16.4,,0.352,0.0,9.86,4.32,2.0,0.0,0.0,0.0,A-10
2007,Sweet Sixteen,1,Ohio State,5,Tennessee,0,39.0,0.897,15.0,1.0,1029.0,0.472,287.0,0.361,560.0,0.703,433.0,1390.0,583.0,265.0,218.0,443.0,534.0,,,0.366,0.365,0.568,52.1,56.7,,9.7,0.538,14.8,,0.257,1.0,10.98,10.56,6.0,2.0,1.0,0.0,Big Ten,35.0,0.686,10.0,6.0,981.0,0.448,327.0,0.365,542.0,0.653,473.0,1254.0,546.0,336.0,108.0,496.0,704.0,,,0.379,0.409,0.548,49.2,55.7,,5.4,0.523,16.1,,0.248,0.0,15.77,-0.8,4.0,2.0,0.0,0.0,SEC
2007,Second Round,4,Virginia,5,Tennessee,1,32.0,0.656,11.0,5.0,812.0,0.437,257.0,0.364,582.0,0.742,422.0,1248.0,412.0,149.0,103.0,437.0,644.0,,,0.422,0.38,0.552,53.1,50.7,,5.4,0.506,16.4,,0.313,0.0,10.39,2.5,2.0,0.0,0.0,0.0,ACC,35.0,0.686,10.0,6.0,981.0,0.448,327.0,0.365,542.0,0.653,473.0,1254.0,546.0,336.0,108.0,496.0,704.0,,,0.379,0.409,0.548,49.2,55.7,,5.4,0.523,16.1,,0.248,0.0,15.77,-0.8,4.0,2.0,0.0,0.0,SEC
2007,Elite Eight,1,Ohio State,2,Memphis,0,39.0,0.897,15.0,1.0,1029.0,0.472,287.0,0.361,560.0,0.703,433.0,1390.0,583.0,265.0,218.0,443.0,534.0,,,0.366,0.365,0.568,52.1,56.7,,9.7,0.538,14.8,,0.257,1.0,10.98,10.56,6.0,2.0,1.0,0.0,Big Ten,37.0,0.892,16.0,0.0,1024.0,0.455,278.0,0.351,592.0,0.621,550.0,1468.0,537.0,344.0,217.0,493.0,732.0,,,0.424,0.352,0.54,53.6,52.4,,10.8,0.517,15.4,,0.263,1.0,11.61,8.11,9.0,5.0,1.0,0.0,CUSA
2007,National Championship,1,Ohio State,1,Florida,1,39.0,0.897,15.0,1.0,1029.0,0.472,287.0,0.361,560.0,0.703,433.0,1390.0,583.0,265.0,218.0,443.0,534.0,,,0.366,0.365,0.568,52.1,56.7,,9.7,0.538,14.8,,0.257,1.0,10.98,10.56,6.0,2.0,1.0,0.0,Big Ten,40.0,0.875,13.0,3.0,1125.0,0.526,297.0,0.409,646.0,0.69,447.0,1504.0,614.0,266.0,194.0,565.0,626.0,,,0.438,0.34,0.618,56.4,54.6,,8.4,0.596,18.0,,0.302,1.0,13.68,10.15,9.0,4.0,3.0,2.0,SEC
2007,First Round,5,Tennessee,12,Long Beach State,1,35.0,0.686,10.0,6.0,981.0,0.448,327.0,0.365,542.0,0.653,473.0,1254.0,546.0,336.0,108.0,496.0,704.0,,,0.379,0.409,0.548,49.2,55.7,,5.4,0.523,16.1,,0.248,0.0,15.77,-0.8,4.0,2.0,0.0,0.0,SEC,32.0,0.75,12.0,2.0,906.0,0.454,273.0,0.375,490.0,0.702,410.0,1171.0,454.0,237.0,91.0,445.0,560.0,,,0.35,0.365,0.554,49.4,50.1,,4.7,0.523,16.1,,0.246,0.0,9.11,-6.87,1.0,0.0,0.0,0.0,Big West
2007,First Round,4,Virginia,13,Albany (NY),0,32.0,0.656,11.0,5.0,812.0,0.437,257.0,0.364,582.0,0.742,422.0,1248.0,412.0,149.0,103.0,437.0,644.0,,,0.422,0.38,0.552,53.1,50.7,,5.4,0.506,16.4,,0.313,0.0,10.39,2.5,2.0,0.0,0.0,0.0,ACC,33.0,0.697,13.0,3.0,798.0,0.453,227.0,0.374,418.0,0.722,364.0,1112.0,436.0,191.0,82.0,437.0,634.0,,,0.329,0.344,0.55,52.2,54.6,,4.8,0.517,17.7,,0.237,0.0,-1.94,0.34,2.0,0.0,0.0,0.0,AEC
2007,First Round,6,Louisville,11,Stanford,0,34.0,0.706,12.0,4.0,845.0,0.434,250.0,0.333,493.0,0.678,456.0,1249.0,495.0,251.0,144.0,434.0,698.0,,,0.374,0.386,0.531,51.4,58.6,,8.1,0.498,15.9,,0.253,1.0,5.98,10.11,12.0,7.0,5.0,1.0,Big East,31.0,0.581,10.0,8.0,778.0,0.448,174.0,0.349,426.0,0.682,395.0,1193.0,460.0,144.0,184.0,459.0,571.0,,,0.36,0.287,0.53,54.2,59.1,,10.4,0.498,18.4,,0.245,0.0,5.44,5.72,3.0,1.0,0.0,0.0,Pac-10
2007,First Round,3,Texas A&M,14,Penn,0,34.0,0.794,13.0,3.0,908.0,0.498,215.0,0.422,539.0,0.716,345.0,1209.0,591.0,224.0,111.0,415.0,663.0,,,0.413,0.28,0.589,53.6,65.1,,6.2,0.557,16.0,,0.296,1.0,9.34,11.94,3.0,1.0,0.0,0.0,Big 12,31.0,0.71,13.0,1.0,836.0,0.488,188.0,0.362,437.0,0.664,324.0,1024.0,539.0,263.0,92.0,433.0,573.0,,,0.384,0.304,0.567,49.8,64.5,,5.4,0.543,17.6,,0.255,0.0,5.09,-0.93,1.0,0.0,0.0,0.0,Ivy
2007,Second Round,3,Texas A&M,6,Louisville,0,34.0,0.794,13.0,3.0,908.0,0.498,215.0,0.422,539.0,0.716,345.0,1209.0,591.0,224.0,111.0,415.0,663.0,,,0.413,0.28,0.589,53.6,65.1,,6.2,0.557,16.0,,0.296,1.0,9.34,11.94,3.0,1.0,0.0,0.0,Big 12,34.0,0.706,12.0,4.0,845.0,0.434,250.0,0.333,493.0,0.678,456.0,1249.0,495.0,251.0,144.0,434.0,698.0,,,0.374,0.386,0.531,51.4,58.6,,8.1,0.498,15.9,,0.253,1.0,5.98,10.11,12.0,7.0,5.0,1.0,Big East
2007,First Round,7,Nevada,10,Creighton,0,34.0,0.853,14.0,2.0,949.0,0.484,253.0,0.406,481.0,0.756,399.0,1300.0,569.0,183.0,148.0,451.0,571.0,,,0.324,0.318,0.582,54.6,60.0,,7.2,0.548,16.6,,0.245,0.0,9.57,1.01,3.0,0.0,0.0,0.0,WAC,33.0,0.667,13.0,5.0,740.0,0.445,205.0,0.338,535.0,0.754,340.0,1080.0,441.0,210.0,83.0,417.0,552.0,,,0.427,0.365,0.555,51.5,59.6,,4.9,0.507,17.3,,0.322,0.0,2.95,9.62,8.0,0.0,0.0,0.0,MVC
2007,First Round,2,Memphis,15,North Texas,0,37.0,0.892,16.0,0.0,1024.0,0.455,278.0,0.351,592.0,0.621,550.0,1468.0,537.0,344.0,217.0,493.0,732.0,,,0.424,0.352,0.54,53.6,52.4,,10.8,0.517,15.4,,0.263,1.0,11.61,8.11,9.0,5.0,1.0,0.0,CUSA,34.0,0.676,10.0,8.0,926.0,0.456,226.0,0.37,539.0,0.657,484.0,1356.0,430.0,224.0,151.0,537.0,689.0,,,0.404,0.3,0.541,53.7,46.4,,7.8,0.512,18.2,,0.266,0.0,2.55,-5.66,1.0,0.0,0.0,0.0,Sun Belt
2007,Second Round,2,Memphis,7,Nevada,0,37.0,0.892,16.0,0.0,1024.0,0.455,278.0,0.351,592.0,0.621,550.0,1468.0,537.0,344.0,217.0,493.0,732.0,,,0.424,0.352,0.54,53.6,52.4,,10.8,0.517,15.4,,0.263,1.0,11.61,8.11,9.0,5.0,1.0,0.0,CUSA,34.0,0.853,14.0,2.0,949.0,0.484,253.0,0.406,481.0,0.756,399.0,1300.0,569.0,183.0,148.0,451.0,571.0,,,0.324,0.318,0.582,54.6,60.0,,7.2,0.548,16.6,,0.245,0.0,9.57,1.01,3.0,0.0,0.0,0.0,WAC
2007,Sweet Sixteen,2,Memphis,3,Texas A&M,0,37.0,0.892,16.0,0.0,1024.0,0.455,278.0,0.351,592.0,0.621,550.0,1468.0,537.0,344.0,217.0,493.0,732.0,,,0.424,0.352,0.54,53.6,52.4,,10.8,0.517,15.4,,0.263,1.0,11.61,8.11,9.0,5.0,1.0,0.0,CUSA,34.0,0.794,13.0,3.0,908.0,0.498,215.0,0.422,539.0,0.716,345.0,1209.0,591.0,224.0,111.0,415.0,663.0,,,0.413,0.28,0.589,53.6,65.1,,6.2,0.557,16.0,,0.296,1.0,9.34,11.94,3.0,1.0,0.0,0.0,Big 12
2008,Play-In,16,Mount St. Mary's,16,Coppin State,0,34.0,0.559,11.0,7.0,822.0,0.443,204.0,0.361,505.0,0.703,345.0,1152.0,437.0,246.0,121.0,486.0,671.0,,,0.387,0.304,0.535,48.7,53.2,,9.1,0.498,18.1,,0.272,0.0,-3.87,0.28,1.0,0.0,0.0,0.0,NEC,37.0,0.432,7.0,9.0,775.0,0.399,147.0,0.315,515.0,0.714,409.0,1158.0,347.0,261.0,78.0,539.0,693.0,,,0.372,0.24,0.485,46.5,44.8,,4.0,0.437,19.1,,0.265,0.0,-12.38,-2.13,4.0,0.0,0.0,0.0,MEAC
2008,First Round,1,UNC,16,Mount St. Mary's,1,39.0,0.923,14.0,2.0,1250.0,0.488,216.0,0.372,738.0,0.757,605.0,1695.0,656.0,318.0,174.0,560.0,658.0,,,0.38,0.226,0.571,57.2,52.5,,7.0,0.53,15.6,,0.288,1.0,23.41,0.76,19.0,12.0,6.0,1.0,ACC,34.0,0.559,11.0,7.0,822.0,0.443,204.0,0.361,505.0,0.703,345.0,1152.0,437.0,246.0,121.0,486.0,671.0,,,0.387,0.304,0.535,48.7,53.2,,9.1,0.498,18.1,,0.272,0.0,-3.87,0.28,1.0,0.0,0.0,0.0,NEC
2008,Second Round,1,UNC,9,Arkansas,1,39.0,0.923,14.0,2.0,1250.0,0.488,216.0,0.372,738.0,0.757,605.0,1695.0,656.0,318.0,174.0,560.0,658.0,,,0.38,0.226,0.571,57.2,52.5,,7.0,0.53,15.6,,0.288,1.0,23.41,0.76,19.0,12.0,6.0,1.0,ACC,35.0,0.657,9.0,7.0,936.0,0.468,207.0,0.341,514.0,0.678,446.0,1274.0,505.0,241.0,182.0,531.0,662.0,,,0.379,0.303,0.549,53.1,54.0,,9.3,0.519,18.4,,0.257,0.0,6.67,5.81,2.0,0.0,0.0,0.0,SEC
2008,First Round,8,Indiana,9,Arkansas,1,33.0,0.758,14.0,4.0,839.0,0.463,221.0,0.349,577.0,0.759,386.0,1247.0,436.0,233.0,125.0,449.0,575.0,,,0.419,0.349,0.569,54.6,52.0,,6.7,0.523,17.1,,0.318,1.0,10.93,4.85,1.0,0.0,0.0,0.0,Big Ten,35.0,0.657,9.0,7.0,936.0,0.468,207.0,0.341,514.0,0.678,446.0,1274.0,505.0,241.0,182.0,531.0,662.0,,,0.379,0.303,0.549,53.1,54.0,,9.3,0.519,18.4,,0.257,0.0,6.67,5.81,2.0,0.0,0.0,0.0,SEC
2008,Sweet Sixteen,1,UNC,4,Washington State,0,39.0,0.923,14.0,2.0,1250.0,0.488,216.0,0.372,738.0,0.757,605.0,1695.0,656.0,318.0,174.0,560.0,658.0,,,0.38,0.226,0.571,57.2,52.5,,7.0,0.53,15.6,,0.288,1.0,23.41,0.76,19.0,12.0,6.0,1.0,ACC,35.0,0.743,11.0,7.0,815.0,0.475,214.0,0.368,481.0,0.728,274.0,1044.0,482.0,218.0,102.0,358.0,534.0,,,0.385,0.339,0.573,50.2,59.1,,5.9,0.537,15.0,,0.28,1.0,0.1,16.25,2.0,1.0,0.0,0.0,Pac-10
2008,Elite Eight,1,UNC,3,Louisville,0,39.0,0.923,14.0,2.0,1250.0,0.488,216.0,0.372,738.0,0.757,605.0,1695.0,656.0,318.0,174.0,560.0,658.0,,,0.38,0.226,0.571,57.2,52.5,,7.0,0.53,15.6,,0.288,1.0,23.41,0.76,19.0,12.0,6.0,1.0,ACC,36.0,0.75,14.0,4.0,932.0,0.463,272.0,0.35,475.0,0.647,413.0,1338.0,542.0,289.0,178.0,491.0,659.0,,,0.365,0.387,0.553,52.0,58.2,,8.9,0.531,17.2,,0.236,1.0,7.15,11.85,13.0,8.0,5.0,1.0,Big East
2008,Sweet Sixteen,2,Tennessee,3,Louisville,1,36.0,0.861,14.0,2.0,1035.0,0.458,312.0,0.357,564.0,0.659,501.0,1358.0,637.0,334.0,119.0,474.0,749.0,,,0.379,0.388,0.553,50.4,61.5,,5.8,0.527,15.1,,0.25,1.0,15.69,2.73,5.0,3.0,0.0,0.0,SEC,36.0,0.75,14.0,4.0,932.0,0.463,272.0,0.35,475.0,0.647,413.0,1338.0,542.0,289.0,178.0,491.0,659.0,,,0.365,0.387,0.553,52.0,58.2,,8.9,0.531,17.2,,0.236,1.0,7.15,11.85,13.0,8.0,5.0,1.0,Big East
2008,First Round,5,Notre Dame,12,George Mason,0,33.0,0.758,14.0,4.0,914.0,0.454,274.0,0.405,506.0,0.738,436.0,1371.0,608.0,205.0,125.0,429.0,497.0,,,0.34,0.336,0.557,53.7,66.5,,5.9,0.522,15.5,,0.251,1.0,13.12,3.03,7.0,1.0,0.0,0.0,Big East,34.0,0.676,12.0,6.0,827.0,0.465,205.0,0.347,497.0,0.703,340.0,1170.0,445.0,189.0,108.0,406.0,525.0,,,0.398,0.332,0.557,52.8,53.8,,5.8,0.523,16.1,,0.28,0.0,0.96,5.11,4.0,1.0,1.0,0.0,CAA
2008,First Round,4,Washington State,13,Winthrop,0,35.0,0.743,11.0,7.0,815.0,0.475,214.0,0.368,481.0,0.728,274.0,1044.0,482.0,218.0,102.0,358.0,534.0,,,0.385,0.339,0.573,50.2,59.1,,5.9,0.537,15.0,,0.28,1.0,0.1,16.25,2.0,1.0,0.0,0.0,Pac-10,34.0,0.647,10.0,4.0,795.0,0.438,217.0,0.37,398.0,0.591,393.0,1195.0,435.0,284.0,124.0,439.0,591.0,,,0.371,0.323,0.517,52.2,54.7,,7.2,0.498,17.1,,0.219,0.0,-7.17,10.78,2.0,0.0,0.0,0.0,Big South
2008,Second Round,4,Washington State,5,Notre Dame,0,35.0,0.743,11.0,7.0,815.0,0.475,214.0,0.368,481.0,0.728,274.0,1044.0,482.0,218.0,102.0,358.0,534.0,,,0.385,0.339,0.573,50.2,59.1,,5.9,0.537,15.0,,0.28,1.0,0.1,16.25,2.0,1.0,0.0,0.0,Pac-10,33.0,0.758,14.0,4.0,914.0,0.454,274.0,0.405,506.0,0.738,436.0,1371.0,608.0,205.0,125.0,429.0,497.0,,,0.34,0.336,0.557,53.7,66.5,,5.9,0.522,15.5,,0.251,1.0,13.12,3.03,7.0,1.0,0.0,0.0,Big East
2008,First Round,6,Oklahoma,11,St. Joseph's,0,35.0,0.657,9.0,7.0,831.0,0.442,220.0,0.348,496.0,0.681,391.0,1240.0,436.0,226.0,135.0,451.0,595.0,,,0.387,0.336,0.534,51.9,52.5,,7.0,0.501,16.8,,0.264,0.0,3.36,8.61,2.0,0.0,0.0,0.0,Big 12,34.0,0.618,9.0,7.0,859.0,0.477,247.0,0.386,519.0,0.726,337.0,1086.0,502.0,242.0,154.0,432.0,598.0,,,0.397,0.356,0.58,50.0,58.4,,13.3,0.546,16.8,,0.288,0.0,6.05,3.58,5.0,2.0,0.0,0.0,A-10
2008,First Round,3,Louisville,14,Boise State,0,36.0,0.75,14.0,4.0,932.0,0.463,272.0,0.35,475.0,0.647,413.0,1338.0,542.0,289.0,178.0,491.0,659.0,,,0.365,0.387,0.553,52.0,58.2,,8.9,0.531,17.2,,0.236,1.0,7.15,11.85,13.0,8.0,5.0,1.0,Big East,34.0,0.735,12.0,4.0,994.0,0.508,271.0,0.393,508.0,0.661,335.0,1218.0,605.0,215.0,80.0,534.0,591.0,,,0.393,0.353,0.596,51.7,60.9,,3.8,0.577,18.7,,0.26,0.0,10.33,-8.73,1.0,0.0,0.0,0.0,WAC
2008,Second Round,3,Louisville,6,Oklahoma,0,36.0,0.75,14.0,4.0,932.0,0.463,272.0,0.35,475.0,0.647,413.0,1338.0,542.0,289.0,178.0,491.0,659.0,,,0.365,0.387,0.553,52.0,58.2,,8.9,0.531,17.2,,0.236,1.0,7.15,11.85,13.0,8.0,5.0,1.0,Big East,35.0,0.657,9.0,7.0,831.0,0.442,220.0,0.348,496.0,0.681,391.0,1240.0,436.0,226.0,135.0,451.0,595.0,,,0.387,0.336,0.534,51.9,52.5,,7.0,0.501,16.8,,0.264,0.0,3.36,8.61,2.0,0.0,0.0,0.0,Big 12
2008,First Round,7,Butler,10,South Alabama,0,34.0,0.882,16.0,2.0,776.0,0.449,319.0,0.38,468.0,0.737,308.0,1016.0,445.0,221.0,83.0,352.0,588.0,,,0.367,0.485,0.576,48.9,57.3,,4.9,0.541,14.8,,0.271,0.0,2.38,10.63,1.0,0.0,0.0,0.0,Horizon,33.0,0.788,16.0,2.0,840.0,0.474,220.0,0.362,578.0,0.704,404.0,1221.0,509.0,201.0,100.0,457.0,569.0,,,0.463,0.342,0.573,54.6,60.6,,5.4,0.536,17.4,,0.326,0.0,5.46,2.3,4.0,0.0,0.0,0.0,Sun Belt
2008,First Round,2,Tennessee,15,American,0,36.0,0.861,14.0,2.0,1035.0,0.458,312.0,0.357,564.0,0.659,501.0,1358.0,637.0,334.0,119.0,474.0,749.0,,,0.379,0.388,0.553,50.4,61.5,,5.8,0.527,15.1,,0.25,1.0,15.69,2.73,5.0,3.0,0.0,0.0,SEC,33.0,0.636,10.0,4.0,698.0,0.44,260.0,0.408,484.0,0.739,321.0,1064.0,390.0,152.0,87.0,458.0,587.0,,,0.413,0.402,0.564,52.2,55.9,,5.3,0.522,19.4,,0.305,0.0,-4.6,2.73,6.0,2.0,0.0,0.0,Patriot
2008,Second Round,2,Tennessee,7,Butler,0,36.0,0.861,14.0,2.0,1035.0,0.458,312.0,0.357,564.0,0.659,501.0,1358.0,637.0,334.0,119.0,474.0,749.0,,,0.379,0.388,0.553,50.4,61.5,,5.8,0.527,15.1,,0.25,1.0,15.69,2.73,5.0,3.0,0.0,0.0,SEC,34.0,0.882,16.0,2.0,776.0,0.449,319.0,0.38,468.0,0.737,308.0,1016.0,445.0,221.0,83.0,352.0,588.0,,,0.367,0.485,0.576,48.9,57.3,,4.9,0.541,14.8,,0.271,0.0,2.38,10.63,1.0,0.0,0.0,0.0,Horizon
2008,First Round,1,Kansas,16,Portland State,0,40.0,0.925,13.0,3.0,1176.0,0.508,271.0,0.397,598.0,0.702,482.0,1547.0,721.0,356.0,235.0,529.0,706.0,,,0.368,0.295,0.592,55.6,61.3,,10.4,0.567,16.3,,0.258,1.0,14.9,11.99,10.0,6.0,1.0,1.0,Big 12,33.0,0.697,14.0,2.0,846.0,0.464,294.0,0.393,452.0,0.677,381.0,1129.0,521.0,231.0,108.0,484.0,591.0,,,0.367,0.411,0.57,51.6,61.6,,6.0,0.545,18.5,,0.248,0.0,4.11,-2.38,1.0,0.0,0.0,0.0,Big Sky
2008,Second Round,1,Kansas,8,UNLV,0,40.0,0.925,13.0,3.0,1176.0,0.508,271.0,0.397,598.0,0.702,482.0,1547.0,721.0,356.0,235.0,529.0,706.0,,,0.368,0.295,0.592,55.6,61.3,,10.4,0.567,16.3,,0.258,1.0,14.9,11.99,10.0,6.0,1.0,1.0,Big 12,35.0,0.771,12.0,4.0,844.0,0.422,264.0,0.332,488.0,0.747,356.0,1209.0,510.0,278.0,106.0,379.0,605.0,,,0.327,0.398,0.528,48.8,60.4,,5.6,0.488,14.1,,0.244,0.0,2.46,7.77,11.0,3.0,1.0,0.0,MWC
2008,Sweet Sixteen,1,Kansas,12,Villanova,0,40.0,0.925,13.0,3.0,1176.0,0.508,271.0,0.397,598.0,0.702,482.0,1547.0,721.0,356.0,235.0,529.0,706.0,,,0.368,0.295,0.592,55.6,61.3,,10.4,0.567,16.3,,0.258,1.0,14.9,11.99,10.0,6.0,1.0,1.0,Big 12,35.0,0.629,9.0,9.0,868.0,0.431,242.0,0.344,569.0,0.727,457.0,1257.0,466.0,283.0,98.0,503.0,727.0,,,0.389,0.349,0.534,51.9,53.7,,5.4,0.491,17.4,,0.283,0.0,6.92,4.08,6.0,3.0,0.0,0.0,Big East
2008,First Round,5,Clemson,12,Villanova,1,34.0,0.706,10.0,6.0,1000.0,0.456,271.0,0.372,422.0,0.623,536.0,1305.0,535.0,334.0,185.0,505.0,664.0,,,0.309,0.332,0.536,51.5,53.5,,9.4,0.518,16.7,,0.193,1.0,12.37,5.68,4.0,0.0,0.0,0.0,ACC,35.0,0.629,9.0,9.0,868.0,0.431,242.0,0.344,569.0,0.727,457.0,1257.0,466.0,283.0,98.0,503.0,727.0,,,0.389,0.349,0.534,51.9,53.7,,5.4,0.491,17.4,,0.283,0.0,6.92,4.08,6.0,3.0,0.0,0.0,Big East
2008,Elite Eight,1,Kansas,10,Davidson,0,40.0,0.925,13.0,3.0,1176.0,0.508,271.0,0.397,598.0,0.702,482.0,1547.0,721.0,356.0,235.0,529.0,706.0,,,0.368,0.295,0.592,55.6,61.3,,10.4,0.567,16.3,,0.258,1.0,14.9,11.99,10.0,6.0,1.0,1.0,Big 12,36.0,0.806,20.0,0.0,1032.0,0.469,328.0,0.364,411.0,0.717,417.0,1302.0,615.0,290.0,114.0,426.0,654.0,,,0.261,0.41,0.567,52.4,59.6,,6.1,0.544,14.7,,0.187,0.0,8.49,5.44,5.0,1.0,0.0,0.0,Southern
2008,Sweet Sixteen,3,Wisconsin,10,Davidson,1,36.0,0.861,16.0,2.0,841.0,0.449,212.0,0.356,527.0,0.705,419.0,1292.0,455.0,221.0,120.0,438.0,517.0,,,0.399,0.318,0.544,54.3,54.1,,6.4,0.506,16.4,,0.282,1.0,2.83,16.76,7.0,3.0,0.0,0.0,Big Ten,36.0,0.806,20.0,0.0,1032.0,0.469,328.0,0.364,411.0,0.717,417.0,1302.0,615.0,290.0,114.0,426.0,654.0,,,0.261,0.41,0.567,52.4,59.6,,6.1,0.544,14.7,,0.187,0.0,8.49,5.44,5.0,1.0,0.0,0.0,Southern
2008,First Round,7,Gonzaga,10,Davidson,1,33.0,0.758,13.0,1.0,892.0,0.485,220.0,0.375,520.0,0.712,369.0,1235.0,479.0,253.0,153.0,473.0,584.0,,,0.397,0.319,0.578,53.7,53.7,,8.2,0.545,17.8,,0.283,1.0,9.29,5.52,9.0,3.0,0.0,0.0,WCC,36.0,0.806,20.0,0.0,1032.0,0.469,328.0,0.364,411.0,0.717,417.0,1302.0,615.0,290.0,114.0,426.0,654.0,,,0.261,0.41,0.567,52.4,59.6,,6.1,0.544,14.7,,0.187,0.0,8.49,5.44,5.0,1.0,0.0,0.0,Southern
2008,Second Round,2,Georgetown,10,Davidson,1,34.0,0.824,15.0,3.0,855.0,0.49,269.0,0.384,388.0,0.654,335.0,1190.0,527.0,236.0,163.0,458.0,600.0,,,0.34,0.402,0.584,52.1,61.6,,8.9,0.567,18.4,,0.222,1.0,4.06,14.67,5.0,2.0,1.0,0.0,Big East,36.0,0.806,20.0,0.0,1032.0,0.469,328.0,0.364,411.0,0.717,417.0,1302.0,615.0,290.0,114.0,426.0,654.0,,,0.261,0.41,0.567,52.4,59.6,,6.1,0.544,14.7,,0.187,0.0,8.49,5.44,5.0,1.0,0.0,0.0,Southern
2008,Final Four,1,Kansas,1,UNC,0,40.0,0.925,13.0,3.0,1176.0,0.508,271.0,0.397,598.0,0.702,482.0,1547.0,721.0,356.0,235.0,529.0,706.0,,,0.368,0.295,0.592,55.6,61.3,,10.4,0.567,16.3,,0.258,1.0,14.9,11.99,10.0,6.0,1.0,1.0,Big 12,39.0,0.923,14.0,2.0,1250.0,0.488,216.0,0.372,738.0,0.757,605.0,1695.0,656.0,318.0,174.0,560.0,658.0,,,0.38,0.226,0.571,57.2,52.5,,7.0,0.53,15.6,,0.288,1.0,23.41,0.76,19.0,12.0,6.0,1.0,ACC
2008,First Round,8,UNLV,9,Kent State,0,35.0,0.771,12.0,4.0,844.0,0.422,264.0,0.332,488.0,0.747,356.0,1209.0,510.0,278.0,106.0,379.0,605.0,,,0.327,0.398,0.528,48.8,60.4,,5.6,0.488,14.1,,0.244,0.0,2.46,7.77,11.0,3.0,1.0,0.0,MWC,35.0,0.8,13.0,3.0,839.0,0.464,202.0,0.367,532.0,0.714,385.0,1166.0,485.0,300.0,134.0,516.0,653.0,,,0.412,0.305,0.558,51.0,57.8,,7.3,0.52,19.3,,0.294,0.0,1.96,5.51,2.0,0.0,0.0,0.0,MAC
2008,First Round,4,Vanderbilt,13,Siena,1,34.0,0.765,10.0,6.0,928.0,0.465,303.0,0.399,562.0,0.735,359.0,1197.0,606.0,207.0,118.0,494.0,623.0,,,0.383,0.381,0.577,49.5,65.3,,5.7,0.541,17.3,,0.282,0.0,12.11,-1.16,5.0,2.0,0.0,0.0,SEC,34.0,0.676,13.0,5.0,928.0,0.451,239.0,0.382,518.0,0.689,390.0,1148.0,489.0,320.0,119.0,385.0,526.0,,,0.365,0.304,0.541,47.0,52.7,,5.9,0.509,13.7,,0.252,0.0,5.61,-1.55,3.0,0.0,0.0,0.0,MAAC
2008,Second Round,12,Villanova,13,Siena,0,35.0,0.629,9.0,9.0,868.0,0.431,242.0,0.344,569.0,0.727,457.0,1257.0,466.0,283.0,98.0,503.0,727.0,,,0.389,0.349,0.534,51.9,53.7,,5.4,0.491,17.4,,0.283,0.0,6.92,4.08,6.0,3.0,0.0,0.0,Big East,34.0,0.676,13.0,5.0,928.0,0.451,239.0,0.382,518.0,0.689,390.0,1148.0,489.0,320.0,119.0,385.0,526.0,,,0.365,0.304,0.541,47.0,52.7,,5.9,0.509,13.7,,0.252,0.0,5.61,-1.55,3.0,0.0,0.0,0.0,MAAC
2008,First Round,6,USC,11,Kansas State,1,33.0,0.636,11.0,7.0,820.0,0.48,184.0,0.387,453.0,0.685,305.0,1106.0,409.0,188.0,145.0,482.0,530.0,,,0.387,0.278,0.563,50.0,49.9,,7.5,0.533,19.2,,0.265,0.0,5.35,8.54,7.0,2.0,0.0,0.0,Pac-10,33.0,0.636,10.0,6.0,916.0,0.443,210.0,0.317,532.0,0.687,539.0,1362.0,511.0,249.0,113.0,501.0,666.0,,,0.374,0.32,0.529,55.6,55.8,,6.0,0.494,17.1,,0.257,1.0,12.61,3.17,1.0,0.0,0.0,0.0,Big 12
2008,Second Round,3,Wisconsin,11,Kansas State,0,36.0,0.861,16.0,2.0,841.0,0.449,212.0,0.356,527.0,0.705,419.0,1292.0,455.0,221.0,120.0,438.0,517.0,,,0.399,0.318,0.544,54.3,54.1,,6.4,0.506,16.4,,0.282,1.0,2.83,16.76,7.0,3.0,0.0,0.0,Big Ten,33.0,0.636,10.0,6.0,916.0,0.443,210.0,0.317,532.0,0.687,539.0,1362.0,511.0,249.0,113.0,501.0,666.0,,,0.374,0.32,0.529,55.6,55.8,,6.0,0.494,17.1,,0.257,1.0,12.61,3.17,1.0,0.0,0.0,0.0,Big 12
2008,First Round,3,Wisconsin,14,Cal State Fullerton,0,36.0,0.861,16.0,2.0,841.0,0.449,212.0,0.356,527.0,0.705,419.0,1292.0,455.0,221.0,120.0,438.0,517.0,,,0.399,0.318,0.544,54.3,54.1,,6.4,0.506,16.4,,0.282,1.0,2.83,16.76,7.0,3.0,0.0,0.0,Big Ten,33.0,0.727,12.0,4.0,974.0,0.473,285.0,0.385,467.0,0.702,391.0,1182.0,505.0,296.0,51.0,445.0,629.0,,,0.323,0.36,0.568,50.7,51.8,,2.7,0.542,15.8,,0.227,0.0,11.86,-6.23,1.0,0.0,0.0,0.0,Big West
2008,First Round,2,Georgetown,15,UMBC,0,34.0,0.824,15.0,3.0,855.0,0.49,269.0,0.384,388.0,0.654,335.0,1190.0,527.0,236.0,163.0,458.0,600.0,,,0.34,0.402,0.584,52.1,61.6,,8.9,0.567,18.4,,0.222,1.0,4.06,14.67,5.0,2.0,1.0,0.0,Big East,33.0,0.727,13.0,3.0,869.0,0.451,248.0,0.389,464.0,0.725,371.0,1126.0,500.0,209.0,114.0,318.0,537.0,,,0.332,0.33,0.549,49.2,57.5,,6.0,0.515,12.5,,0.241,0.0,4.01,-3.94,1.0,0.0,0.0,0.0,AEC
2008,First Round,1,Memphis,16,Texas-Arlington,0,40.0,0.95,16.0,0.0,1143.0,0.466,302.0,0.349,608.0,0.614,565.0,1620.0,637.0,337.0,244.0,470.0,691.0,,,0.404,0.352,0.546,54.1,55.7,,10.7,0.527,13.8,,0.248,1.0,13.46,10.28,10.0,6.0,2.0,0.0,CUSA,33.0,0.636,7.0,9.0,868.0,0.477,201.0,0.348,485.0,0.655,352.0,1249.0,467.0,218.0,87.0,565.0,649.0,,,0.407,0.317,0.558,52.1,53.8,,4.5,0.532,20.6,,0.266,0.0,1.13,-4.0,1.0,0.0,0.0,0.0,Southland
2008,Second Round,1,Memphis,8,Mississippi State,0,40.0,0.95,16.0,0.0,1143.0,0.466,302.0,0.349,608.0,0.614,565.0,1620.0,637.0,337.0,244.0,470.0,691.0,,,0.404,0.352,0.546,54.1,55.7,,10.7,0.527,13.8,,0.248,1.0,13.46,10.28,10.0,6.0,2.0,0.0,CUSA,34.0,0.676,12.0,4.0,885.0,0.46,235.0,0.334,484.0,0.646,410.0,1385.0,448.0,199.0,267.0,509.0,568.0,,,0.39,0.366,0.546,52.7,50.6,,12.5,0.522,18.3,,0.252,0.0,5.74,7.68,5.0,0.0,0.0,0.0,SEC
2008,Sweet Sixteen,1,Memphis,5,Michigan State,0,40.0,0.95,16.0,0.0,1143.0,0.466,302.0,0.349,608.0,0.614,565.0,1620.0,637.0,337.0,244.0,470.0,691.0,,,0.404,0.352,0.546,54.1,55.7,,10.7,0.527,13.8,,0.248,1.0,13.46,10.28,10.0,6.0,2.0,0.0,CUSA,36.0,0.75,12.0,6.0,949.0,0.48,179.0,0.371,487.0,0.737,440.0,1330.0,631.0,208.0,152.0,490.0,665.0,,,0.335,0.244,0.56,55.0,66.5,,7.7,0.526,17.6,,0.246,1.0,7.0,9.32,11.0,7.0,4.0,1.0,Big Ten
2008,Second Round,4,Pitt,5,Michigan State,1,37.0,0.73,10.0,8.0,997.0,0.456,225.0,0.335,512.0,0.667,533.0,1399.0,578.0,251.0,125.0,445.0,598.0,,,0.351,0.307,0.536,53.0,58.0,,6.0,0.508,14.9,,0.234,1.0,8.0,7.63,5.0,2.0,0.0,0.0,Big East,36.0,0.75,12.0,6.0,949.0,0.48,179.0,0.371,487.0,0.737,440.0,1330.0,631.0,208.0,152.0,490.0,665.0,,,0.335,0.244,0.56,55.0,66.5,,7.7,0.526,17.6,,0.246,1.0,7.0,9.32,11.0,7.0,4.0,1.0,Big Ten
2008,Elite Eight,1,Memphis,2,Texas,0,40.0,0.95,16.0,0.0,1143.0,0.466,302.0,0.349,608.0,0.614,565.0,1620.0,637.0,337.0,244.0,470.0,691.0,,,0.404,0.352,0.546,54.1,55.7,,10.7,0.527,13.8,,0.248,1.0,13.46,10.28,10.0,6.0,2.0,0.0,CUSA,38.0,0.816,13.0,3.0,1032.0,0.452,309.0,0.386,495.0,0.683,496.0,1448.0,501.0,228.0,198.0,359.0,629.0,,,0.317,0.35,0.545,51.8,48.5,,8.9,0.519,12.0,,0.217,1.0,9.93,8.2,16.0,6.0,1.0,0.0,Big 12
2008,Final Four,1,Memphis,1,UCLA,0,40.0,0.95,16.0,0.0,1143.0,0.466,302.0,0.349,608.0,0.614,565.0,1620.0,637.0,337.0,244.0,470.0,691.0,,,0.404,0.352,0.546,54.1,55.7,,10.7,0.527,13.8,,0.248,1.0,13.46,10.28,10.0,6.0,2.0,0.0,CUSA,39.0,0.897,16.0,2.0,1029.0,0.476,214.0,0.35,595.0,0.732,492.0,1432.0,562.0,285.0,167.0,491.0,569.0,,,0.376,0.283,0.562,56.3,54.6,,8.0,0.525,16.1,,0.275,1.0,8.6,13.1,7.0,5.0,3.0,0.0,Pac-10
2008,National Championship,1,Memphis,1,Kansas,1,40.0,0.95,16.0,0.0,1143.0,0.466,302.0,0.349,608.0,0.614,565.0,1620.0,637.0,337.0,244.0,470.0,691.0,,,0.404,0.352,0.546,54.1,55.7,,10.7,0.527,13.8,,0.248,1.0,13.46,10.28,10.0,6.0,2.0,0.0,CUSA,40.0,0.925,13.0,3.0,1176.0,0.508,271.0,0.397,598.0,0.702,482.0,1547.0,721.0,356.0,235.0,529.0,706.0,,,0.368,0.295,0.592,55.6,61.3,,10.4,0.567,16.3,,0.258,1.0,14.9,11.99,10.0,6.0,1.0,1.0,Big 12
2008,First Round,8,Mississippi State,9,Oregon,0,34.0,0.676,12.0,4.0,885.0,0.46,235.0,0.334,484.0,0.646,410.0,1385.0,448.0,199.0,267.0,509.0,568.0,,,0.39,0.366,0.546,52.7,50.6,,12.5,0.522,18.3,,0.252,0.0,5.74,7.68,5.0,0.0,0.0,0.0,SEC,32.0,0.563,9.0,9.0,858.0,0.48,279.0,0.392,455.0,0.694,327.0,1093.0,475.0,148.0,81.0,402.0,586.0,,,0.367,0.398,0.583,51.3,55.4,,4.3,0.558,16.1,,0.254,0.0,12.03,-0.35,6.0,2.0,0.0,0.0,Pac-10
2008,First Round,5,Michigan State,12,Temple,0,36.0,0.75,12.0,6.0,949.0,0.48,179.0,0.371,487.0,0.737,440.0,1330.0,631.0,208.0,152.0,490.0,665.0,,,0.335,0.244,0.56,55.0,66.5,,7.7,0.526,17.6,,0.246,1.0,7.0,9.32,11.0,7.0,4.0,1.0,Big Ten,34.0,0.618,11.0,5.0,857.0,0.469,266.0,0.369,477.0,0.74,302.0,1108.0,510.0,214.0,148.0,432.0,601.0,,,0.353,0.394,0.575,49.2,59.5,,7.7,0.541,16.8,,0.261,0.0,5.05,3.11,10.0,0.0,0.0,0.0,A-10
2008,First Round,4,Pitt,13,Oral Roberts,0,37.0,0.73,10.0,8.0,997.0,0.456,225.0,0.335,512.0,0.667,533.0,1399.0,578.0,251.0,125.0,445.0,598.0,,,0.351,0.307,0.536,53.0,58.0,,6.0,0.508,14.9,,0.234,1.0,8.0,7.63,5.0,2.0,0.0,0.0,Big East,33.0,0.727,16.0,2.0,785.0,0.44,223.0,0.369,489.0,0.67,371.0,1182.0,445.0,206.0,132.0,431.0,554.0,,,0.409,0.339,0.536,51.4,56.7,,7.2,0.503,16.8,,0.274,0.0,-0.99,6.7,3.0,0.0,0.0,0.0,Summit
2008,First Round,6,Marquette,11,Kentucky,0,35.0,0.714,11.0,7.0,929.0,0.446,246.0,0.353,554.0,0.706,474.0,1287.0,515.0,325.0,132.0,451.0,733.0,,,0.377,0.335,0.541,51.9,55.4,,7.0,0.505,15.5,,0.266,1.0,11.23,7.39,5.0,1.0,1.0,0.0,Big East,31.0,0.581,12.0,4.0,735.0,0.469,182.0,0.369,472.0,0.733,301.0,1038.0,395.0,206.0,149.0,490.0,586.0,,,0.411,0.315,0.567,51.2,53.7,,8.8,0.527,20.7,,0.301,0.0,1.44,7.75,4.0,1.0,0.0,0.0,SEC
2008,First Round,3,Stanford,14,Cornell,0,36.0,0.778,13.0,5.0,901.0,0.449,199.0,0.366,552.0,0.694,478.0,1409.0,525.0,158.0,187.0,442.0,613.0,,,0.396,0.271,0.535,55.5,58.3,,9.3,0.498,15.6,,0.275,1.0,5.6,10.71,4.0,2.0,0.0,0.0,Pac-10,28.0,0.786,14.0,0.0,758.0,0.485,228.0,0.409,392.0,0.761,258.0,939.0,427.0,170.0,88.0,381.0,510.0,,,0.33,0.357,0.591,50.3,56.3,,5.6,0.558,17.4,,0.251,0.0,6.17,-5.41,1.0,0.0,0.0,0.0,Ivy
2008,Second Round,3,Stanford,6,Marquette,0,36.0,0.778,13.0,5.0,901.0,0.449,199.0,0.366,552.0,0.694,478.0,1409.0,525.0,158.0,187.0,442.0,613.0,,,0.396,0.271,0.535,55.5,58.3,,9.3,0.498,15.6,,0.275,1.0,5.6,10.71,4.0,2.0,0.0,0.0,Pac-10,35.0,0.714,11.0,7.0,929.0,0.446,246.0,0.353,554.0,0.706,474.0,1287.0,515.0,325.0,132.0,451.0,733.0,,,0.377,0.335,0.541,51.9,55.4,,7.0,0.505,15.5,,0.266,1.0,11.23,7.39,5.0,1.0,1.0,0.0,Big East
2008,First Round,7,Miami (FL),10,Saint Mary's,0,34.0,0.676,8.0,8.0,867.0,0.437,236.0,0.385,572.0,0.747,433.0,1293.0,451.0,202.0,157.0,454.0,638.0,,,0.386,0.309,0.541,51.4,52.0,,8.0,0.496,16.2,,0.288,0.0,7.49,4.89,1.0,0.0,0.0,0.0,ACC,32.0,0.781,12.0,2.0,845.0,0.458,254.0,0.36,477.0,0.661,385.0,1215.0,468.0,230.0,169.0,439.0,557.0,,,0.392,0.383,0.554,52.2,55.4,,9.1,0.527,16.7,,0.259,0.0,6.27,5.12,2.0,0.0,0.0,0.0,WCC
2008,First Round,2,Texas,15,Austin Peay,0,38.0,0.816,13.0,3.0,1032.0,0.452,309.0,0.386,495.0,0.683,496.0,1448.0,501.0,228.0,198.0,359.0,629.0,,,0.317,0.35,0.545,51.8,48.5,,8.9,0.519,12.0,,0.217,1.0,9.93,8.2,16.0,6.0,1.0,0.0,Big 12,35.0,0.686,16.0,4.0,855.0,0.446,273.0,0.382,607.0,0.714,362.0,1107.0,501.0,335.0,75.0,440.0,616.0,,,0.443,0.373,0.558,48.0,58.6,,4.0,0.517,15.9,,0.317,0.0,1.36,-3.57,3.0,0.0,0.0,0.0,OVC
2008,Second Round,2,Texas,7,Miami (FL),0,38.0,0.816,13.0,3.0,1032.0,0.452,309.0,0.386,495.0,0.683,496.0,1448.0,501.0,228.0,198.0,359.0,629.0,,,0.317,0.35,0.545,51.8,48.5,,8.9,0.519,12.0,,0.217,1.0,9.93,8.2,16.0,6.0,1.0,0.0,Big 12,34.0,0.676,8.0,8.0,867.0,0.437,236.0,0.385,572.0,0.747,433.0,1293.0,451.0,202.0,157.0,454.0,638.0,,,0.386,0.309,0.541,51.4,52.0,,8.0,0.496,16.2,,0.288,0.0,7.49,4.89,1.0,0.0,0.0,0.0,ACC
2008,Sweet Sixteen,2,Texas,3,Stanford,0,38.0,0.816,13.0,3.0,1032.0,0.452,309.0,0.386,495.0,0.683,496.0,1448.0,501.0,228.0,198.0,359.0,629.0,,,0.317,0.35,0.545,51.8,48.5,,8.9,0.519,12.0,,0.217,1.0,9.93,8.2,16.0,6.0,1.0,0.0,Big 12,36.0,0.778,13.0,5.0,901.0,0.449,199.0,0.366,552.0,0.694,478.0,1409.0,525.0,158.0,187.0,442.0,613.0,,,0.396,0.271,0.535,55.5,58.3,,9.3,0.498,15.6,,0.275,1.0,5.6,10.71,4.0,2.0,0.0,0.0,Pac-10
2008,First Round,1,UCLA,16,Mississippi Valley State,0,39.0,0.897,16.0,2.0,1029.0,0.476,214.0,0.35,595.0,0.732,492.0,1432.0,562.0,285.0,167.0,491.0,569.0,,,0.376,0.283,0.562,56.3,54.6,,8.0,0.525,16.1,,0.275,1.0,8.6,13.1,7.0,5.0,3.0,0.0,Pac-10,33.0,0.515,12.0,6.0,698.0,0.398,147.0,0.337,493.0,0.678,389.0,1107.0,379.0,206.0,90.0,473.0,582.0,,,0.414,0.248,0.485,48.4,54.3,,5.1,0.44,18.4,,0.281,0.0,-13.38,-1.9,1.0,0.0,0.0,0.0,SWAC
2008,Second Round,1,UCLA,9,Texas A&M,0,39.0,0.897,16.0,2.0,1029.0,0.476,214.0,0.35,595.0,0.732,492.0,1432.0,562.0,285.0,167.0,491.0,569.0,,,0.376,0.283,0.562,56.3,54.6,,8.0,0.525,16.1,,0.275,1.0,8.6,13.1,7.0,5.0,3.0,0.0,Pac-10,36.0,0.694,8.0,8.0,909.0,0.467,211.0,0.359,519.0,0.633,424.0,1402.0,486.0,158.0,145.0,458.0,611.0,,,0.422,0.302,0.546,55.0,53.5,,7.0,0.522,16.4,,0.267,1.0,4.82,11.38,2.0,1.0,0.0,0.0,Big 12
2008,First Round,8,BYU,9,Texas A&M,1,35.0,0.771,14.0,2.0,906.0,0.46,285.0,0.373,483.0,0.655,365.0,1351.0,587.0,207.0,135.0,492.0,618.0,,,0.374,0.388,0.556,53.0,64.8,,6.6,0.532,17.5,,0.245,0.0,5.74,6.08,2.0,0.0,0.0,0.0,MWC,36.0,0.694,8.0,8.0,909.0,0.467,211.0,0.359,519.0,0.633,424.0,1402.0,486.0,158.0,145.0,458.0,611.0,,,0.422,0.302,0.546,55.0,53.5,,7.0,0.522,16.4,,0.267,1.0,4.82,11.38,2.0,1.0,0.0,0.0,Big 12
2008,Sweet Sixteen,1,UCLA,12,Western Kentucky,0,39.0,0.897,16.0,2.0,1029.0,0.476,214.0,0.35,595.0,0.732,492.0,1432.0,562.0,285.0,167.0,491.0,569.0,,,0.376,0.283,0.562,56.3,54.6,,8.0,0.525,16.1,,0.275,1.0,8.6,13.1,7.0,5.0,3.0,0.0,Pac-10,36.0,0.806,16.0,2.0,993.0,0.472,270.0,0.393,529.0,0.701,455.0,1262.0,458.0,288.0,135.0,514.0,768.0,,,0.358,0.326,0.565,52.0,46.1,,7.3,0.536,17.3,,0.251,0.0,7.93,1.41,1.0,1.0,0.0,0.0,Sun Belt
2008,First Round,5,Drake,12,Western Kentucky,0,33.0,0.848,15.0,3.0,816.0,0.446,310.0,0.369,498.0,0.759,399.0,1128.0,485.0,252.0,85.0,390.0,492.0,,,0.359,0.459,0.57,52.2,59.4,,4.9,0.531,15.4,,0.272,0.0,7.43,6.65,1.0,0.0,0.0,0.0,MVC,36.0,0.806,16.0,2.0,993.0,0.472,270.0,0.393,529.0,0.701,455.0,1262.0,458.0,288.0,135.0,514.0,768.0,,,0.358,0.326,0.565,52.0,46.1,,7.3,0.536,17.3,,0.251,0.0,7.93,1.41,1.0,1.0,0.0,0.0,Sun Belt
2008,Elite Eight,1,UCLA,3,Xavier,0,39.0,0.897,16.0,2.0,1029.0,0.476,214.0,0.35,595.0,0.732,492.0,1432.0,562.0,285.0,167.0,491.0,569.0,,,0.376,0.283,0.562,56.3,54.6,,8.0,0.525,16.1,,0.275,1.0,8.6,13.1,7.0,5.0,3.0,0.0,Pac-10,37.0,0.811,14.0,2.0,936.0,0.474,282.0,0.391,626.0,0.749,412.0,1322.0,564.0,206.0,125.0,480.0,643.0,,,0.424,0.365,0.586,53.9,60.3,,6.1,0.546,16.8,,0.317,1.0,8.4,8.76,3.0,1.0,0.0,0.0,A-10
2008,First Round,4,UConn,13,San Diego,1,33.0,0.727,13.0,5.0,868.0,0.462,168.0,0.361,652.0,0.72,449.0,1383.0,488.0,189.0,285.0,451.0,506.0,,,0.481,0.247,0.553,54.2,56.2,,13.1,0.506,16.3,,0.347,1.0,10.81,4.73,20.0,11.0,2.0,2.0,Big East,36.0,0.611,11.0,3.0,868.0,0.451,177.0,0.34,452.0,0.672,384.0,1206.0,476.0,250.0,113.0,538.0,629.0,,,0.35,0.27,0.527,51.0,54.8,,6.0,0.497,19.3,,0.235,0.0,-3.71,7.1,1.0,0.0,0.0,0.0,WCC
2008,Second Round,12,Western Kentucky,13,San Diego,0,36.0,0.806,16.0,2.0,993.0,0.472,270.0,0.393,529.0,0.701,455.0,1262.0,458.0,288.0,135.0,514.0,768.0,,,0.358,0.326,0.565,52.0,46.1,,7.3,0.536,17.3,,0.251,0.0,7.93,1.41,1.0,1.0,0.0,0.0,Sun Belt,36.0,0.611,11.0,3.0,868.0,0.451,177.0,0.34,452.0,0.672,384.0,1206.0,476.0,250.0,113.0,538.0,629.0,,,0.35,0.27,0.527,51.0,54.8,,6.0,0.497,19.3,,0.235,0.0,-3.71,7.1,1.0,0.0,0.0,0.0,WCC
2008,First Round,6,Purdue,11,Baylor,0,34.0,0.735,15.0,3.0,806.0,0.424,253.0,0.373,502.0,0.712,389.0,1124.0,451.0,286.0,147.0,436.0,671.0,,,0.371,0.357,0.53,50.2,56.0,,12.8,0.491,16.3,,0.264,0.0,5.95,7.16,3.0,0.0,0.0,0.0,Big Ten,32.0,0.656,9.0,7.0,899.0,0.454,275.0,0.378,528.0,0.743,384.0,1196.0,388.0,237.0,138.0,403.0,665.0,,,0.359,0.367,0.561,49.9,43.2,,7.2,0.524,14.8,,0.267,0.0,15.95,-4.5,1.0,0.0,0.0,0.0,Big 12
2008,First Round,3,Xavier,14,Georgia,0,37.0,0.811,14.0,2.0,936.0,0.474,282.0,0.391,626.0,0.749,412.0,1322.0,564.0,206.0,125.0,480.0,643.0,,,0.424,0.365,0.586,53.9,60.3,,6.1,0.546,16.8,,0.317,1.0,8.4,8.76,3.0,1.0,0.0,0.0,A-10,34.0,0.5,4.0,12.0,840.0,0.429,204.0,0.33,430.0,0.679,451.0,1295.0,396.0,228.0,116.0,505.0,612.0,,,0.324,0.316,0.513,52.8,47.1,,6.0,0.482,18.3,,0.22,0.0,0.83,6.42,4.0,0.0,0.0,0.0,SEC
2008,Second Round,3,Xavier,6,Purdue,0,37.0,0.811,14.0,2.0,936.0,0.474,282.0,0.391,626.0,0.749,412.0,1322.0,564.0,206.0,125.0,480.0,643.0,,,0.424,0.365,0.586,53.9,60.3,,6.1,0.546,16.8,,0.317,1.0,8.4,8.76,3.0,1.0,0.0,0.0,A-10,34.0,0.735,15.0,3.0,806.0,0.424,253.0,0.373,502.0,0.712,389.0,1124.0,451.0,286.0,147.0,436.0,671.0,,,0.371,0.357,0.53,50.2,56.0,,12.8,0.491,16.3,,0.264,0.0,5.95,7.16,3.0,0.0,0.0,0.0,Big Ten
2008,Sweet Sixteen,3,Xavier,7,West Virginia,0,37.0,0.811,14.0,2.0,936.0,0.474,282.0,0.391,626.0,0.749,412.0,1322.0,564.0,206.0,125.0,480.0,643.0,,,0.424,0.365,0.586,53.9,60.3,,6.1,0.546,16.8,,0.317,1.0,8.4,8.76,3.0,1.0,0.0,0.0,A-10,37.0,0.703,11.0,7.0,983.0,0.453,264.0,0.355,539.0,0.689,453.0,1332.0,571.0,257.0,188.0,413.0,710.0,,,0.361,0.343,0.545,51.6,58.1,,9.7,0.514,14.0,,0.249,1.0,8.45,9.52,16.0,5.0,1.0,0.0,Big East
2008,Second Round,2,Duke,7,West Virginia,1,34.0,0.824,13.0,3.0,964.0,0.463,308.0,0.377,594.0,0.697,426.0,1255.0,497.0,295.0,133.0,462.0,654.0,,,0.409,0.392,0.569,50.1,51.6,,6.6,0.536,15.7,,0.285,1.0,16.48,5.04,24.0,17.0,10.0,3.0,ACC,37.0,0.703,11.0,7.0,983.0,0.453,264.0,0.355,539.0,0.689,453.0,1332.0,571.0,257.0,188.0,413.0,710.0,,,0.361,0.343,0.545,51.6,58.1,,9.7,0.514,14.0,,0.249,1.0,8.45,9.52,16.0,5.0,1.0,0.0,Big East
2008,First Round,7,West Virginia,10,Arizona,0,37.0,0.703,11.0,7.0,983.0,0.453,264.0,0.355,539.0,0.689,453.0,1332.0,571.0,257.0,188.0,413.0,710.0,,,0.361,0.343,0.545,51.6,58.1,,9.7,0.514,14.0,,0.249,1.0,8.45,9.52,16.0,5.0,1.0,0.0,Big East,34.0,0.559,8.0,10.0,843.0,0.478,221.0,0.39,536.0,0.749,281.0,1052.0,526.0,189.0,120.0,414.0,556.0,,,0.406,0.321,0.58,48.8,62.4,,6.3,0.54,16.4,,0.304,1.0,7.57,6.99,3.0,1.0,0.0,0.0,Pac-10
2008,First Round,2,Duke,15,Belmont,0,34.0,0.824,13.0,3.0,964.0,0.463,308.0,0.377,594.0,0.697,426.0,1255.0,497.0,295.0,133.0,462.0,654.0,,,0.409,0.392,0.569,50.1,51.6,,6.6,0.536,15.7,,0.285,1.0,16.48,5.04,24.0,17.0,10.0,3.0,ACC,34.0,0.735,14.0,2.0,938.0,0.451,357.0,0.365,481.0,0.698,424.0,1248.0,587.0,290.0,65.0,498.0,626.0,,,0.332,0.471,0.564,51.1,62.6,,3.3,0.537,17.2,,0.231,0.0,6.55,-6.67,3.0,0.0,0.0,0.0,A-Sun
2009,Play-In,16,Alabama State,16,Morehead State,1,32.0,0.688,16.0,2.0,816.0,0.466,181.0,0.329,389.0,0.634,358.0,1130.0,445.0,182.0,153.0,435.0,558.0,,,0.35,0.314,0.539,50.3,54.5,,11.4,0.517,17.5,,0.222,0.0,-5.83,-0.3,1.0,0.0,0.0,0.0,SWAC,36.0,0.556,12.0,6.0,865.0,0.437,188.0,0.333,593.0,0.721,498.0,1400.0,464.0,239.0,139.0,557.0,657.0,,,0.416,0.286,0.53,55.9,53.6,,10.9,0.485,19.0,,0.3,0.0,-2.83,-0.31,1.0,0.0,0.0,0.0,OVC
2009,First Round,1,Louisville,16,Morehead State,0,37.0,0.838,16.0,2.0,1001.0,0.457,305.0,0.369,441.0,0.642,464.0,1395.0,625.0,335.0,223.0,508.0,625.0,,,0.314,0.378,0.546,51.8,62.4,,15.3,0.527,16.8,,0.201,1.0,8.93,11.93,14.0,9.0,5.0,1.0,Big East,36.0,0.556,12.0,6.0,865.0,0.437,188.0,0.333,593.0,0.721,498.0,1400.0,464.0,239.0,139.0,557.0,657.0,,,0.416,0.286,0.53,55.9,53.6,,10.9,0.485,19.0,,0.3,0.0,-2.83,-0.31,1.0,0.0,0.0,0.0,OVC
2009,Second Round,1,Louisville,9,Siena,0,37.0,0.838,16.0,2.0,1001.0,0.457,305.0,0.369,441.0,0.642,464.0,1395.0,625.0,335.0,223.0,508.0,625.0,,,0.314,0.378,0.546,51.8,62.4,,15.3,0.527,16.8,,0.201,1.0,8.93,11.93,14.0,9.0,5.0,1.0,Big East,35.0,0.771,16.0,2.0,1007.0,0.467,184.0,0.33,511.0,0.664,438.0,1273.0,534.0,309.0,159.0,462.0,521.0,,,0.357,0.259,0.537,49.7,53.0,,11.0,0.51,15.5,,0.237,0.0,10.28,-2.22,4.0,0.0,0.0,0.0,MAAC
2009,First Round,8,Ohio State,9,Siena,1,33.0,0.667,10.0,8.0,778.0,0.481,216.0,0.375,434.0,0.701,266.0,1024.0,440.0,194.0,175.0,439.0,501.0,,,0.383,0.356,0.577,48.9,56.6,,16.2,0.548,18.7,,0.268,0.0,4.13,8.35,7.0,2.0,1.0,0.0,Big Ten,35.0,0.771,16.0,2.0,1007.0,0.467,184.0,0.33,511.0,0.664,438.0,1273.0,534.0,309.0,159.0,462.0,521.0,,,0.357,0.259,0.537,49.7,53.0,,11.0,0.51,15.5,,0.237,0.0,10.28,-2.22,4.0,0.0,0.0,0.0,MAAC
2009,Sweet Sixteen,1,Louisville,12,Arizona,1,37.0,0.838,16.0,2.0,1001.0,0.457,305.0,0.369,441.0,0.642,464.0,1395.0,625.0,335.0,223.0,508.0,625.0,,,0.314,0.378,0.546,51.8,62.4,,15.3,0.527,16.8,,0.201,1.0,8.93,11.93,14.0,9.0,5.0,1.0,Big East,35.0,0.6,9.0,9.0,897.0,0.474,212.0,0.387,523.0,0.738,387.0,1183.0,500.0,217.0,104.0,442.0,548.0,,,0.375,0.29,0.567,51.7,55.7,,8.7,0.53,16.5,,0.276,0.0,9.13,2.75,1.0,1.0,0.0,0.0,Pac-10
2009,First Round,5,Utah,12,Arizona,1,34.0,0.706,12.0,4.0,819.0,0.474,242.0,0.369,541.0,0.781,279.0,1193.0,458.0,171.0,166.0,469.0,632.0,,,0.401,0.379,0.589,53.7,55.9,,12.1,0.544,18.6,,0.313,0.0,5.36,7.24,1.0,0.0,0.0,0.0,MWC,35.0,0.6,9.0,9.0,897.0,0.474,212.0,0.387,523.0,0.738,387.0,1183.0,500.0,217.0,104.0,442.0,548.0,,,0.375,0.29,0.567,51.7,55.7,,8.7,0.53,16.5,,0.276,0.0,9.13,2.75,1.0,1.0,0.0,0.0,Pac-10
2009,Elite Eight,1,Louisville,2,Michigan State,1,37.0,0.838,16.0,2.0,1001.0,0.457,305.0,0.369,441.0,0.642,464.0,1395.0,625.0,335.0,223.0,508.0,625.0,,,0.314,0.378,0.546,51.8,62.4,,15.3,0.527,16.8,,0.201,1.0,8.93,11.93,14.0,9.0,5.0,1.0,Big East,38.0,0.816,15.0,3.0,962.0,0.451,201.0,0.354,612.0,0.698,533.0,1482.0,611.0,248.0,107.0,532.0,734.0,,,0.411,0.266,0.536,56.8,63.5,,8.2,0.498,17.3,,0.287,1.0,9.33,8.39,12.0,8.0,5.0,1.0,Big Ten
2009,National Championship,1,UNC,2,Michigan State,0,38.0,0.895,13.0,3.0,1205.0,0.48,264.0,0.387,739.0,0.752,556.0,1594.0,685.0,325.0,196.0,472.0,608.0,,,0.392,0.272,0.573,54.1,56.8,,11.9,0.533,13.7,,0.295,1.0,23.85,1.6,20.0,13.0,7.0,2.0,ACC,38.0,0.816,15.0,3.0,962.0,0.451,201.0,0.354,612.0,0.698,533.0,1482.0,611.0,248.0,107.0,532.0,734.0,,,0.411,0.266,0.536,56.8,63.5,,8.2,0.498,17.3,,0.287,1.0,9.33,8.39,12.0,8.0,5.0,1.0,Big Ten
2009,Final Four,1,UConn,2,Michigan State,1,36.0,0.861,15.0,3.0,996.0,0.474,165.0,0.341,662.0,0.678,511.0,1559.0,567.0,209.0,280.0,458.0,471.0,,,0.464,0.23,0.549,55.8,56.9,,17.1,0.513,15.1,,0.315,1.0,13.22,8.96,21.0,12.0,3.0,2.0,Big East,38.0,0.816,15.0,3.0,962.0,0.451,201.0,0.354,612.0,0.698,533.0,1482.0,611.0,248.0,107.0,532.0,734.0,,,0.411,0.266,0.536,56.8,63.5,,8.2,0.498,17.3,,0.287,1.0,9.33,8.39,12.0,8.0,5.0,1.0,Big Ten
2009,First Round,4,Wake Forest,13,Cleveland State,1,31.0,0.774,11.0,5.0,906.0,0.49,126.0,0.32,572.0,0.711,390.0,1262.0,405.0,258.0,176.0,492.0,584.0,,,0.435,0.213,0.563,53.9,44.7,,14.1,0.524,18.1,,0.309,1.0,14.58,1.06,1.0,0.0,0.0,0.0,ACC,37.0,0.703,12.0,6.0,882.0,0.432,180.0,0.311,511.0,0.701,441.0,1267.0,512.0,320.0,118.0,454.0,680.0,,,0.357,0.283,0.514,50.4,58.0,,9.0,0.476,16.0,,0.25,0.0,-1.24,8.21,3.0,0.0,0.0,0.0,Horizon
2009,Second Round,12,Arizona,13,Cleveland State,0,35.0,0.6,9.0,9.0,897.0,0.474,212.0,0.387,523.0,0.738,387.0,1183.0,500.0,217.0,104.0,442.0,548.0,,,0.375,0.29,0.567,51.7,55.7,,8.7,0.53,16.5,,0.276,0.0,9.13,2.75,1.0,1.0,0.0,0.0,Pac-10,37.0,0.703,12.0,6.0,882.0,0.432,180.0,0.311,511.0,0.701,441.0,1267.0,512.0,320.0,118.0,454.0,680.0,,,0.357,0.283,0.514,50.4,58.0,,9.0,0.476,16.0,,0.25,0.0,-1.24,8.21,3.0,0.0,0.0,0.0,Horizon
2009,First Round,6,West Virginia,11,Dayton,1,35.0,0.657,10.0,8.0,886.0,0.429,231.0,0.329,518.0,0.698,532.0,1340.0,530.0,233.0,159.0,420.0,661.0,,,0.359,0.34,0.521,54.1,59.8,,12.5,0.485,14.8,,0.251,1.0,7.32,11.26,17.0,5.0,1.0,0.0,Big East,35.0,0.771,11.0,5.0,831.0,0.421,190.0,0.328,487.0,0.648,484.0,1328.0,485.0,227.0,124.0,476.0,672.0,,,0.381,0.294,0.502,53.2,58.4,,10.8,0.47,17.0,,0.247,0.0,-0.85,8.0,2.0,0.0,0.0,0.0,A-10
2009,Second Round,3,Kansas,11,Dayton,0,35.0,0.771,14.0,2.0,945.0,0.478,217.0,0.371,567.0,0.725,421.0,1371.0,555.0,239.0,155.0,508.0,664.0,,,0.395,0.296,0.569,55.1,58.7,,11.6,0.532,17.8,,0.287,1.0,10.34,7.68,11.0,7.0,1.0,1.0,Big 12,35.0,0.771,11.0,5.0,831.0,0.421,190.0,0.328,487.0,0.648,484.0,1328.0,485.0,227.0,124.0,476.0,672.0,,,0.381,0.294,0.502,53.2,58.4,,10.8,0.47,17.0,,0.247,0.0,-0.85,8.0,2.0,0.0,0.0,0.0,A-10
2009,First Round,3,Kansas,14,North Dakota State,0,35.0,0.771,14.0,2.0,945.0,0.478,217.0,0.371,567.0,0.725,421.0,1371.0,555.0,239.0,155.0,508.0,664.0,,,0.395,0.296,0.569,55.1,58.7,,11.6,0.532,17.8,,0.287,1.0,10.34,7.68,11.0,7.0,1.0,1.0,Big 12,33.0,0.788,16.0,2.0,943.0,0.487,238.0,0.412,535.0,0.739,363.0,1171.0,486.0,230.0,108.0,370.0,539.0,,,0.374,0.299,0.583,53.1,51.5,,7.7,0.549,14.0,,0.276,0.0,9.61,-3.43,1.0,0.0,0.0,0.0,Summit
2009,First Round,7,Boston College,10,USC,1,34.0,0.647,9.0,7.0,885.0,0.443,217.0,0.334,541.0,0.738,485.0,1259.0,503.0,208.0,147.0,457.0,614.0,,,0.367,0.325,0.538,51.9,56.8,,10.4,0.497,16.3,,0.271,0.0,8.48,1.88,9.0,1.0,0.0,0.0,ACC,35.0,0.629,9.0,9.0,872.0,0.473,129.0,0.326,524.0,0.674,409.0,1247.0,438.0,224.0,165.0,487.0,584.0,,,0.422,0.215,0.542,53.9,50.2,,13.1,0.508,18.0,,0.284,0.0,3.36,10.74,8.0,2.0,0.0,0.0,Pac-10
2009,Second Round,2,Michigan State,10,USC,0,38.0,0.816,15.0,3.0,962.0,0.451,201.0,0.354,612.0,0.698,533.0,1482.0,611.0,248.0,107.0,532.0,734.0,,,0.411,0.266,0.536,56.8,63.5,,8.2,0.498,17.3,,0.287,1.0,9.33,8.39,12.0,8.0,5.0,1.0,Big Ten,35.0,0.629,9.0,9.0,872.0,0.473,129.0,0.326,524.0,0.674,409.0,1247.0,438.0,224.0,165.0,487.0,584.0,,,0.422,0.215,0.542,53.9,50.2,,13.1,0.508,18.0,,0.284,0.0,3.36,10.74,8.0,2.0,0.0,0.0,Pac-10
2009,First Round,2,Michigan State,15,Robert Morris,0,38.0,0.816,15.0,3.0,962.0,0.451,201.0,0.354,612.0,0.698,533.0,1482.0,611.0,248.0,107.0,532.0,734.0,,,0.411,0.266,0.536,56.8,63.5,,8.2,0.498,17.3,,0.287,1.0,9.33,8.39,12.0,8.0,5.0,1.0,Big Ten,35.0,0.686,15.0,3.0,880.0,0.473,226.0,0.394,481.0,0.704,353.0,1161.0,536.0,301.0,121.0,530.0,693.0,,,0.367,0.308,0.565,50.8,60.9,,9.9,0.534,19.5,,0.259,0.0,-0.32,-0.38,1.0,0.0,0.0,0.0,NEC
2009,Sweet Sixteen,2,Michigan State,3,Kansas,0,38.0,0.816,15.0,3.0,962.0,0.451,201.0,0.354,612.0,0.698,533.0,1482.0,611.0,248.0,107.0,532.0,734.0,,,0.411,0.266,0.536,56.8,63.5,,8.2,0.498,17.3,,0.287,1.0,9.33,8.39,12.0,8.0,5.0,1.0,Big Ten,35.0,0.771,14.0,2.0,945.0,0.478,217.0,0.371,567.0,0.725,421.0,1371.0,555.0,239.0,155.0,508.0,664.0,,,0.395,0.296,0.569,55.1,58.7,,11.6,0.532,17.8,,0.287,1.0,10.34,7.68,11.0,7.0,1.0,1.0,Big 12
2009,First Round,1,Pitt,16,ETSU,0,36.0,0.861,15.0,3.0,1040.0,0.478,225.0,0.352,482.0,0.676,533.0,1433.0,633.0,246.0,139.0,436.0,585.0,,,0.328,0.294,0.555,56.6,60.9,,10.3,0.53,14.8,,0.222,1.0,12.17,9.04,6.0,3.0,0.0,0.0,Big East,34.0,0.676,14.0,6.0,944.0,0.462,195.0,0.331,574.0,0.709,395.0,1290.0,429.0,287.0,131.0,477.0,622.0,,,0.396,0.289,0.547,50.9,45.4,,11.2,0.51,16.4,,0.281,0.0,6.16,-2.95,3.0,0.0,0.0,0.0,A-Sun
2009,Second Round,1,Pitt,8,Oklahoma State,0,36.0,0.861,15.0,3.0,1040.0,0.478,225.0,0.352,482.0,0.676,533.0,1433.0,633.0,246.0,139.0,436.0,585.0,,,0.328,0.294,0.555,56.6,60.9,,10.3,0.53,14.8,,0.222,1.0,12.17,9.04,6.0,3.0,0.0,0.0,Big East,35.0,0.657,9.0,7.0,948.0,0.46,327.0,0.384,607.0,0.748,346.0,1223.0,446.0,266.0,82.0,431.0,745.0,,,0.394,0.413,0.579,48.9,47.0,,6.2,0.54,15.0,,0.295,0.0,14.62,-0.84,2.0,0.0,0.0,0.0,Big 12
2009,Sweet Sixteen,1,Pitt,4,Xavier,0,36.0,0.861,15.0,3.0,1040.0,0.478,225.0,0.352,482.0,0.676,533.0,1433.0,633.0,246.0,139.0,436.0,585.0,,,0.328,0.294,0.555,56.6,60.9,,10.3,0.53,14.8,,0.222,1.0,12.17,9.04,6.0,3.0,0.0,0.0,Big East,35.0,0.771,12.0,4.0,847.0,0.459,239.0,0.394,575.0,0.676,420.0,1378.0,464.0,185.0,178.0,511.0,653.0,,,0.461,0.329,0.557,55.9,54.8,,13.0,0.524,18.5,,0.311,1.0,6.01,8.44,4.0,2.0,0.0,0.0,A-10
2009,Elite Eight,1,Pitt,3,Villanova,1,36.0,0.861,15.0,3.0,1040.0,0.478,225.0,0.352,482.0,0.676,533.0,1433.0,633.0,246.0,139.0,436.0,585.0,,,0.328,0.294,0.555,56.6,60.9,,10.3,0.53,14.8,,0.222,1.0,12.17,9.04,6.0,3.0,0.0,0.0,Big East,38.0,0.789,13.0,5.0,990.0,0.451,247.0,0.352,692.0,0.753,477.0,1449.0,551.0,300.0,128.0,505.0,735.0,,,0.419,0.32,0.555,53.5,55.7,,10.3,0.508,16.1,,0.316,1.0,10.87,6.59,7.0,4.0,1.0,0.0,Big East
2009,Sweet Sixteen,2,Duke,3,Villanova,1,37.0,0.811,11.0,5.0,971.0,0.444,267.0,0.349,658.0,0.728,490.0,1348.0,492.0,311.0,146.0,454.0,671.0,,,0.414,0.35,0.548,51.9,50.7,,9.4,0.505,14.8,,0.301,1.0,11.97,8.12,25.0,18.0,10.0,3.0,ACC,38.0,0.789,13.0,5.0,990.0,0.451,247.0,0.352,692.0,0.753,477.0,1449.0,551.0,300.0,128.0,505.0,735.0,,,0.419,0.32,0.555,53.5,55.7,,10.3,0.508,16.1,,0.316,1.0,10.87,6.59,7.0,4.0,1.0,0.0,Big East
2009,Final Four,1,UNC,3,Villanova,0,38.0,0.895,13.0,3.0,1205.0,0.48,264.0,0.387,739.0,0.752,556.0,1594.0,685.0,325.0,196.0,472.0,608.0,,,0.392,0.272,0.573,54.1,56.8,,11.9,0.533,13.7,,0.295,1.0,23.85,1.6,20.0,13.0,7.0,2.0,ACC,38.0,0.789,13.0,5.0,990.0,0.451,247.0,0.352,692.0,0.753,477.0,1449.0,551.0,300.0,128.0,505.0,735.0,,,0.419,0.32,0.555,53.5,55.7,,10.3,0.508,16.1,,0.316,1.0,10.87,6.59,7.0,4.0,1.0,0.0,Big East
2009,First Round,8,Oklahoma State,9,Tennessee,0,35.0,0.657,9.0,7.0,948.0,0.46,327.0,0.384,607.0,0.748,346.0,1223.0,446.0,266.0,82.0,431.0,745.0,,,0.394,0.413,0.579,48.9,47.0,,6.2,0.54,15.0,,0.295,0.0,14.62,-0.84,2.0,0.0,0.0,0.0,Big 12,34.0,0.618,10.0,6.0,957.0,0.455,229.0,0.315,522.0,0.676,485.0,1316.0,554.0,225.0,124.0,452.0,647.0,,,0.367,0.346,0.539,53.0,57.9,,10.1,0.509,15.5,,0.248,0.0,11.93,1.67,6.0,3.0,0.0,0.0,SEC
2009,First Round,5,Florida State,12,Wisconsin,1,35.0,0.714,10.0,6.0,820.0,0.435,216.0,0.342,536.0,0.725,399.0,1253.0,423.0,284.0,202.0,548.0,657.0,,,0.392,0.335,0.535,50.6,51.6,,16.0,0.492,19.7,,0.284,0.0,2.53,8.84,4.0,1.0,0.0,0.0,ACC,33.0,0.606,10.0,8.0,735.0,0.436,213.0,0.36,423.0,0.726,317.0,1020.0,393.0,163.0,86.0,330.0,532.0,,,0.346,0.351,0.536,52.0,53.5,,7.8,0.499,14.4,,0.251,0.0,0.85,11.58,8.0,3.0,0.0,0.0,Big Ten
2009,Second Round,4,Xavier,12,Wisconsin,0,35.0,0.771,12.0,4.0,847.0,0.459,239.0,0.394,575.0,0.676,420.0,1378.0,464.0,185.0,178.0,511.0,653.0,,,0.461,0.329,0.557,55.9,54.8,,13.0,0.524,18.5,,0.311,1.0,6.01,8.44,4.0,2.0,0.0,0.0,A-10,33.0,0.606,10.0,8.0,735.0,0.436,213.0,0.36,423.0,0.726,317.0,1020.0,393.0,163.0,86.0,330.0,532.0,,,0.346,0.351,0.536,52.0,53.5,,7.8,0.499,14.4,,0.251,0.0,0.85,11.58,8.0,3.0,0.0,0.0,Big Ten
2009,First Round,4,Xavier,13,Portland State,0,35.0,0.771,12.0,4.0,847.0,0.459,239.0,0.394,575.0,0.676,420.0,1378.0,464.0,185.0,178.0,511.0,653.0,,,0.461,0.329,0.557,55.9,54.8,,13.0,0.524,18.5,,0.311,1.0,6.01,8.44,4.0,2.0,0.0,0.0,A-10,33.0,0.697,11.0,5.0,861.0,0.453,317.0,0.38,378.0,0.679,388.0,1116.0,503.0,245.0,93.0,453.0,553.0,,,0.293,0.44,0.559,50.3,58.4,,7.3,0.537,17.3,,0.199,0.0,3.32,-2.18,2.0,0.0,0.0,0.0,Big Sky
2009,First Round,6,UCLA,11,VCU,0,35.0,0.743,13.0,5.0,967.0,0.49,262.0,0.399,446.0,0.724,395.0,1151.0,541.0,292.0,110.0,440.0,598.0,,,0.312,0.332,0.583,52.6,55.9,,8.6,0.557,16.3,,0.226,1.0,11.55,7.1,8.0,5.0,3.0,0.0,Pac-10,34.0,0.706,14.0,4.0,866.0,0.461,222.0,0.369,486.0,0.705,362.0,1152.0,469.0,257.0,155.0,431.0,654.0,,,0.367,0.32,0.553,49.5,54.2,,12.2,0.52,16.3,,0.259,0.0,4.23,3.48,2.0,0.0,0.0,0.0,CAA
2009,First Round,3,Villanova,14,American,0,38.0,0.789,13.0,5.0,990.0,0.451,247.0,0.352,692.0,0.753,477.0,1449.0,551.0,300.0,128.0,505.0,735.0,,,0.419,0.32,0.555,53.5,55.7,,10.3,0.508,16.1,,0.316,1.0,10.87,6.59,7.0,4.0,1.0,0.0,Big East,32.0,0.75,13.0,1.0,751.0,0.465,230.0,0.374,333.0,0.648,302.0,1046.0,421.0,176.0,79.0,422.0,581.0,,,0.318,0.381,0.556,51.9,56.1,,7.3,0.537,18.5,,0.206,0.0,-4.88,4.83,7.0,2.0,0.0,0.0,Patriot
2009,Second Round,3,Villanova,6,UCLA,0,38.0,0.789,13.0,5.0,990.0,0.451,247.0,0.352,692.0,0.753,477.0,1449.0,551.0,300.0,128.0,505.0,735.0,,,0.419,0.32,0.555,53.5,55.7,,10.3,0.508,16.1,,0.316,1.0,10.87,6.59,7.0,4.0,1.0,0.0,Big East,35.0,0.743,13.0,5.0,967.0,0.49,262.0,0.399,446.0,0.724,395.0,1151.0,541.0,292.0,110.0,440.0,598.0,,,0.312,0.332,0.583,52.6,55.9,,8.6,0.557,16.3,,0.226,1.0,11.55,7.1,8.0,5.0,3.0,0.0,Pac-10
2009,First Round,7,Texas,10,Minnesota,0,35.0,0.657,9.0,7.0,917.0,0.444,166.0,0.293,532.0,0.668,496.0,1359.0,448.0,217.0,187.0,442.0,674.0,,,0.386,0.274,0.519,53.4,48.9,,13.8,0.485,15.3,,0.258,1.0,6.31,8.52,17.0,6.0,1.0,0.0,Big 12,33.0,0.667,9.0,9.0,782.0,0.441,188.0,0.327,437.0,0.715,397.0,1136.0,466.0,274.0,201.0,477.0,588.0,,,0.345,0.324,0.531,51.5,59.6,,18.9,0.494,18.8,,0.247,0.0,3.39,7.93,15.0,9.0,1.0,1.0,Big Ten
2009,First Round,2,Duke,15,Binghamton,0,37.0,0.811,11.0,5.0,971.0,0.444,267.0,0.349,658.0,0.728,490.0,1348.0,492.0,311.0,146.0,454.0,671.0,,,0.414,0.35,0.548,51.9,50.7,,9.4,0.505,14.8,,0.301,1.0,11.97,8.12,25.0,18.0,10.0,3.0,ACC,32.0,0.719,13.0,3.0,778.0,0.441,192.0,0.334,491.0,0.67,357.0,1101.0,383.0,227.0,134.0,431.0,652.0,,,0.416,0.326,0.53,48.5,49.2,,11.2,0.495,16.9,,0.278,0.0,-0.42,-2.85,1.0,0.0,0.0,0.0,AEC
2009,Second Round,2,Duke,7,Texas,0,37.0,0.811,11.0,5.0,971.0,0.444,267.0,0.349,658.0,0.728,490.0,1348.0,492.0,311.0,146.0,454.0,671.0,,,0.414,0.35,0.548,51.9,50.7,,9.4,0.505,14.8,,0.301,1.0,11.97,8.12,25.0,18.0,10.0,3.0,ACC,35.0,0.657,9.0,7.0,917.0,0.444,166.0,0.293,532.0,0.668,496.0,1359.0,448.0,217.0,187.0,442.0,674.0,,,0.386,0.274,0.519,53.4,48.9,,13.8,0.485,15.3,,0.258,1.0,6.31,8.52,17.0,6.0,1.0,0.0,Big 12
2009,First Round,1,UNC,16,Radford,1,38.0,0.895,13.0,3.0,1205.0,0.48,264.0,0.387,739.0,0.752,556.0,1594.0,685.0,325.0,196.0,472.0,608.0,,,0.392,0.272,0.573,54.1,56.8,,11.9,0.533,13.7,,0.295,1.0,23.85,1.6,20.0,13.0,7.0,2.0,ACC,33.0,0.636,15.0,3.0,884.0,0.461,163.0,0.352,560.0,0.679,418.0,1372.0,466.0,225.0,154.0,539.0,607.0,,,0.43,0.242,0.539,54.2,52.7,,11.9,0.504,18.9,,0.292,0.0,1.05,-5.6,1.0,0.0,0.0,0.0,Big South
2009,Second Round,1,UNC,8,LSU,0,38.0,0.895,13.0,3.0,1205.0,0.48,264.0,0.387,739.0,0.752,556.0,1594.0,685.0,325.0,196.0,472.0,608.0,,,0.392,0.272,0.573,54.1,56.8,,11.9,0.533,13.7,,0.295,1.0,23.85,1.6,20.0,13.0,7.0,2.0,ACC,35.0,0.771,13.0,3.0,937.0,0.448,213.0,0.372,530.0,0.716,475.0,1365.0,529.0,267.0,212.0,425.0,609.0,,,0.354,0.273,0.535,53.5,56.5,,15.0,0.499,14.8,,0.253,0.0,6.87,5.0,5.0,2.0,0.0,0.0,SEC
2009,Sweet Sixteen,1,UNC,4,Gonzaga,0,38.0,0.895,13.0,3.0,1205.0,0.48,264.0,0.387,739.0,0.752,556.0,1594.0,685.0,325.0,196.0,472.0,608.0,,,0.392,0.272,0.573,54.1,56.8,,11.9,0.533,13.7,,0.295,1.0,23.85,1.6,20.0,13.0,7.0,2.0,ACC,34.0,0.824,14.0,0.0,967.0,0.488,251.0,0.39,499.0,0.717,345.0,1276.0,512.0,246.0,174.0,386.0,551.0,,,0.351,0.324,0.58,52.2,52.9,,13.6,0.551,14.3,,0.252,1.0,12.22,5.74,10.0,4.0,0.0,0.0,WCC
2009,Elite Eight,1,UNC,2,Oklahoma,0,38.0,0.895,13.0,3.0,1205.0,0.48,264.0,0.387,739.0,0.752,556.0,1594.0,685.0,325.0,196.0,472.0,608.0,,,0.392,0.272,0.573,54.1,56.8,,11.9,0.533,13.7,,0.295,1.0,23.85,1.6,20.0,13.0,7.0,2.0,ACC,36.0,0.833,13.0,3.0,982.0,0.492,242.0,0.351,627.0,0.675,435.0,1402.0,521.0,249.0,156.0,500.0,616.0,,,0.465,0.345,0.581,53.9,53.1,,11.0,0.552,17.0,,0.314,1.0,12.69,5.38,3.0,1.0,0.0,0.0,Big 12
2009,First Round,8,LSU,9,Butler,0,35.0,0.771,13.0,3.0,937.0,0.448,213.0,0.372,530.0,0.716,475.0,1365.0,529.0,267.0,212.0,425.0,609.0,,,0.354,0.273,0.535,53.5,56.5,,15.0,0.499,14.8,,0.253,0.0,6.87,5.0,5.0,2.0,0.0,0.0,SEC,32.0,0.813,15.0,3.0,705.0,0.438,257.0,0.352,501.0,0.724,328.0,1094.0,417.0,193.0,102.0,400.0,568.0,,,0.43,0.454,0.559,52.5,59.1,,9.4,0.518,17.1,,0.311,0.0,1.93,8.13,2.0,0.0,0.0,0.0,Horizon
2009,First Round,5,Illinois,12,Western Kentucky,1,34.0,0.706,11.0,7.0,859.0,0.461,188.0,0.35,298.0,0.711,320.0,1127.0,595.0,199.0,122.0,420.0,521.0,,,0.225,0.288,0.534,49.9,69.3,,9.7,0.511,16.9,,0.16,0.0,1.32,13.06,7.0,3.0,1.0,0.0,Big Ten,34.0,0.735,15.0,3.0,871.0,0.452,266.0,0.373,446.0,0.689,432.0,1251.0,454.0,193.0,111.0,452.0,587.0,,,0.335,0.37,0.549,53.4,52.1,,8.6,0.52,16.8,,0.231,0.0,4.09,-0.41,1.0,0.0,0.0,0.0,Sun Belt
2009,Second Round,4,Gonzaga,12,Western Kentucky,0,34.0,0.824,14.0,0.0,967.0,0.488,251.0,0.39,499.0,0.717,345.0,1276.0,512.0,246.0,174.0,386.0,551.0,,,0.351,0.324,0.58,52.2,52.9,,13.6,0.551,14.3,,0.252,1.0,12.22,5.74,10.0,4.0,0.0,0.0,WCC,34.0,0.735,15.0,3.0,871.0,0.452,266.0,0.373,446.0,0.689,432.0,1251.0,454.0,193.0,111.0,452.0,587.0,,,0.335,0.37,0.549,53.4,52.1,,8.6,0.52,16.8,,0.231,0.0,4.09,-0.41,1.0,0.0,0.0,0.0,Sun Belt
2009,First Round,4,Gonzaga,13,Akron,0,34.0,0.824,14.0,0.0,967.0,0.488,251.0,0.39,499.0,0.717,345.0,1276.0,512.0,246.0,174.0,386.0,551.0,,,0.351,0.324,0.58,52.2,52.9,,13.6,0.551,14.3,,0.252,1.0,12.22,5.74,10.0,4.0,0.0,0.0,WCC,36.0,0.639,10.0,6.0,823.0,0.418,258.0,0.332,499.0,0.708,424.0,1199.0,446.0,270.0,80.0,490.0,745.0,,,0.358,0.394,0.522,49.2,54.2,,6.7,0.483,17.5,,0.253,0.0,-1.16,4.52,1.0,0.0,0.0,0.0,MAC
2009,First Round,6,Arizona State,11,Temple,0,35.0,0.714,11.0,7.0,825.0,0.48,288.0,0.37,490.0,0.737,288.0,1085.0,544.0,201.0,72.0,401.0,557.0,,,0.387,0.453,0.597,51.0,65.9,,6.3,0.564,16.5,,0.285,1.0,4.72,11.98,7.0,1.0,0.0,0.0,Pac-10,34.0,0.647,11.0,5.0,846.0,0.443,258.0,0.367,383.0,0.7,376.0,1248.0,527.0,189.0,141.0,426.0,581.0,,,0.287,0.368,0.538,52.2,62.3,,11.0,0.511,16.4,,0.201,0.0,1.28,7.77,11.0,0.0,0.0,0.0,A-10
2009,First Round,3,Syracuse,14,Stephen F. Austin,0,38.0,0.737,11.0,7.0,1110.0,0.487,256.0,0.345,570.0,0.645,482.0,1505.0,687.0,296.0,194.0,583.0,580.0,,,0.388,0.326,0.565,51.7,61.9,,12.5,0.544,17.8,,0.25,1.0,16.69,0.54,26.0,14.0,3.0,1.0,Big East,32.0,0.75,13.0,3.0,786.0,0.438,177.0,0.316,350.0,0.649,311.0,1126.0,421.0,200.0,100.0,384.0,582.0,,,0.3,0.313,0.512,50.5,53.6,,8.6,0.487,15.8,,0.195,0.0,-8.35,9.45,1.0,0.0,0.0,0.0,Southland
2009,Second Round,3,Syracuse,6,Arizona State,0,38.0,0.737,11.0,7.0,1110.0,0.487,256.0,0.345,570.0,0.645,482.0,1505.0,687.0,296.0,194.0,583.0,580.0,,,0.388,0.326,0.565,51.7,61.9,,12.5,0.544,17.8,,0.25,1.0,16.69,0.54,26.0,14.0,3.0,1.0,Big East,35.0,0.714,11.0,7.0,825.0,0.48,288.0,0.37,490.0,0.737,288.0,1085.0,544.0,201.0,72.0,401.0,557.0,,,0.387,0.453,0.597,51.0,65.9,,6.3,0.564,16.5,,0.285,1.0,4.72,11.98,7.0,1.0,0.0,0.0,Pac-10
2009,First Round,7,Clemson,10,Michigan,1,32.0,0.719,9.0,7.0,912.0,0.463,256.0,0.374,427.0,0.688,462.0,1189.0,478.0,298.0,187.0,456.0,575.0,,,0.315,0.347,0.553,51.3,52.4,,14.2,0.528,16.8,,0.217,1.0,12.43,3.13,5.0,0.0,0.0,0.0,ACC,35.0,0.6,9.0,9.0,812.0,0.425,305.0,0.334,412.0,0.757,336.0,1087.0,542.0,223.0,92.0,402.0,535.0,,,0.285,0.477,0.54,47.5,66.7,,7.5,0.505,15.6,,0.216,0.0,4.72,7.18,5.0,2.0,0.0,0.0,Big Ten
2009,Second Round,2,Oklahoma,10,Michigan,0,36.0,0.833,13.0,3.0,982.0,0.492,242.0,0.351,627.0,0.675,435.0,1402.0,521.0,249.0,156.0,500.0,616.0,,,0.465,0.345,0.581,53.9,53.1,,11.0,0.552,17.0,,0.314,1.0,12.69,5.38,3.0,1.0,0.0,0.0,Big 12,35.0,0.6,9.0,9.0,812.0,0.425,305.0,0.334,412.0,0.757,336.0,1087.0,542.0,223.0,92.0,402.0,535.0,,,0.285,0.477,0.54,47.5,66.7,,7.5,0.505,15.6,,0.216,0.0,4.72,7.18,5.0,2.0,0.0,0.0,Big Ten
2009,First Round,2,Oklahoma,15,Morgan State,0,36.0,0.833,13.0,3.0,982.0,0.492,242.0,0.351,627.0,0.675,435.0,1402.0,521.0,249.0,156.0,500.0,616.0,,,0.465,0.345,0.581,53.9,53.1,,11.0,0.552,17.0,,0.314,1.0,12.69,5.38,3.0,1.0,0.0,0.0,Big 12,35.0,0.657,13.0,3.0,857.0,0.419,181.0,0.337,438.0,0.649,508.0,1330.0,393.0,232.0,110.0,456.0,673.0,,,0.33,0.262,0.493,52.4,45.9,,8.2,0.463,16.1,,0.214,0.0,-4.34,2.05,4.0,1.0,0.0,0.0,MEAC
2009,Sweet Sixteen,2,Oklahoma,3,Syracuse,0,36.0,0.833,13.0,3.0,982.0,0.492,242.0,0.351,627.0,0.675,435.0,1402.0,521.0,249.0,156.0,500.0,616.0,,,0.465,0.345,0.581,53.9,53.1,,11.0,0.552,17.0,,0.314,1.0,12.69,5.38,3.0,1.0,0.0,0.0,Big 12,38.0,0.737,11.0,7.0,1110.0,0.487,256.0,0.345,570.0,0.645,482.0,1505.0,687.0,296.0,194.0,583.0,580.0,,,0.388,0.326,0.565,51.7,61.9,,12.5,0.544,17.8,,0.25,1.0,16.69,0.54,26.0,14.0,3.0,1.0,Big East
2009,First Round,1,UConn,16,Chattanooga,1,36.0,0.861,15.0,3.0,996.0,0.474,165.0,0.341,662.0,0.678,511.0,1559.0,567.0,209.0,280.0,458.0,471.0,,,0.464,0.23,0.549,55.8,56.9,,17.1,0.513,15.1,,0.315,1.0,13.22,8.96,21.0,12.0,3.0,2.0,Big East,35.0,0.514,11.0,9.0,877.0,0.438,289.0,0.352,614.0,0.657,438.0,1374.0,477.0,218.0,79.0,551.0,648.0,,,0.467,0.41,0.543,51.7,54.4,,6.8,0.51,18.4,,0.307,0.0,3.75,-10.0,2.0,0.0,0.0,0.0,Southern
2009,Second Round,1,UConn,9,Texas A&M,0,36.0,0.861,15.0,3.0,996.0,0.474,165.0,0.341,662.0,0.678,511.0,1559.0,567.0,209.0,280.0,458.0,471.0,,,0.464,0.23,0.549,55.8,56.9,,17.1,0.513,15.1,,0.315,1.0,13.22,8.96,21.0,12.0,3.0,2.0,Big East,34.0,0.706,9.0,7.0,822.0,0.449,202.0,0.361,594.0,0.694,422.0,1249.0,427.0,164.0,133.0,432.0,585.0,,,0.468,0.306,0.545,53.6,51.9,,9.9,0.504,16.2,,0.324,0.0,4.94,5.58,3.0,1.0,0.0,0.0,Big 12
2009,First Round,8,BYU,9,Texas A&M,1,33.0,0.758,12.0,4.0,909.0,0.484,238.0,0.381,488.0,0.729,302.0,1196.0,537.0,241.0,119.0,375.0,607.0,,,0.356,0.332,0.579,52.7,59.1,,9.9,0.547,14.6,,0.26,1.0,11.73,3.39,3.0,0.0,0.0,0.0,MWC,34.0,0.706,9.0,7.0,822.0,0.449,202.0,0.361,594.0,0.694,422.0,1249.0,427.0,164.0,133.0,432.0,585.0,,,0.468,0.306,0.545,53.6,51.9,,9.9,0.504,16.2,,0.324,0.0,4.94,5.58,3.0,1.0,0.0,0.0,Big 12
2009,Sweet Sixteen,1,UConn,5,Purdue,0,36.0,0.861,15.0,3.0,996.0,0.474,165.0,0.341,662.0,0.678,511.0,1559.0,567.0,209.0,280.0,458.0,471.0,,,0.464,0.23,0.549,55.8,56.9,,17.1,0.513,15.1,,0.315,1.0,13.22,8.96,21.0,12.0,3.0,2.0,Big East,37.0,0.73,11.0,7.0,914.0,0.441,244.0,0.347,483.0,0.703,363.0,1271.0,552.0,265.0,176.0,426.0,650.0,,,0.332,0.34,0.533,49.5,60.4,,12.5,0.5,15.1,,0.233,1.0,6.57,9.87,4.0,1.0,0.0,0.0,Big Ten
2009,Second Round,4,Washington,5,Purdue,1,35.0,0.743,14.0,4.0,977.0,0.457,146.0,0.337,650.0,0.7,532.0,1437.0,458.0,259.0,95.0,515.0,683.0,,,0.435,0.203,0.534,55.5,46.9,,6.3,0.492,16.7,,0.304,1.0,14.93,1.85,5.0,2.0,0.0,0.0,Pac-10,37.0,0.73,11.0,7.0,914.0,0.441,244.0,0.347,483.0,0.703,363.0,1271.0,552.0,265.0,176.0,426.0,650.0,,,0.332,0.34,0.533,49.5,60.4,,12.5,0.5,15.1,,0.233,1.0,6.57,9.87,4.0,1.0,0.0,0.0,Big Ten
2009,Elite Eight,1,UConn,3,Missouri,0,36.0,0.861,15.0,3.0,996.0,0.474,165.0,0.341,662.0,0.678,511.0,1559.0,567.0,209.0,280.0,458.0,471.0,,,0.464,0.23,0.549,55.8,56.9,,17.1,0.513,15.1,,0.315,1.0,13.22,8.96,21.0,12.0,3.0,2.0,Big East,38.0,0.816,12.0,4.0,1124.0,0.472,263.0,0.353,585.0,0.672,486.0,1393.0,699.0,388.0,140.0,449.0,758.0,,,0.366,0.313,0.554,49.6,62.2,,9.3,0.527,13.8,,0.246,1.0,15.46,4.1,4.0,2.0,0.0,0.0,Big 12
2009,Sweet Sixteen,2,Memphis,3,Missouri,0,37.0,0.892,16.0,0.0,979.0,0.45,222.0,0.326,599.0,0.69,498.0,1452.0,526.0,328.0,222.0,464.0,654.0,,,0.399,0.313,0.537,54.2,53.7,,15.2,0.501,15.2,,0.275,1.0,8.53,12.4,11.0,7.0,2.0,0.0,CUSA,38.0,0.816,12.0,4.0,1124.0,0.472,263.0,0.353,585.0,0.672,486.0,1393.0,699.0,388.0,140.0,449.0,758.0,,,0.366,0.313,0.554,49.6,62.2,,9.3,0.527,13.8,,0.246,1.0,15.46,4.1,4.0,2.0,0.0,0.0,Big 12
2009,First Round,5,Purdue,12,Northern Iowa,0,37.0,0.73,11.0,7.0,914.0,0.441,244.0,0.347,483.0,0.703,363.0,1271.0,552.0,265.0,176.0,426.0,650.0,,,0.332,0.34,0.533,49.5,60.4,,12.5,0.5,15.1,,0.233,1.0,6.57,9.87,4.0,1.0,0.0,0.0,Big Ten,34.0,0.676,14.0,4.0,766.0,0.453,217.0,0.346,541.0,0.753,297.0,1140.0,418.0,146.0,83.0,397.0,619.0,,,0.424,0.371,0.563,52.4,54.6,,7.4,0.517,16.3,,0.32,0.0,0.73,4.91,1.0,0.0,0.0,0.0,MVC
2009,First Round,4,Washington,13,Mississippi State,0,35.0,0.743,14.0,4.0,977.0,0.457,146.0,0.337,650.0,0.7,532.0,1437.0,458.0,259.0,95.0,515.0,683.0,,,0.435,0.203,0.534,55.5,46.9,,6.3,0.492,16.7,,0.304,1.0,14.93,1.85,5.0,2.0,0.0,0.0,Pac-10,36.0,0.639,9.0,7.0,890.0,0.432,296.0,0.361,601.0,0.71,407.0,1384.0,447.0,250.0,271.0,518.0,604.0,,,0.412,0.398,0.544,49.4,50.2,,17.0,0.504,17.4,,0.292,0.0,6.45,2.65,6.0,0.0,0.0,0.0,SEC
2009,First Round,6,Marquette,11,Utah State,0,35.0,0.714,12.0,6.0,914.0,0.452,243.0,0.347,668.0,0.728,425.0,1247.0,526.0,275.0,100.0,408.0,623.0,,,0.454,0.347,0.557,52.0,57.5,,7.7,0.512,14.2,,0.33,1.0,12.58,2.48,1.0,0.0,0.0,0.0,Big East,35.0,0.857,14.0,2.0,899.0,0.496,222.0,0.394,514.0,0.74,365.0,1202.0,566.0,168.0,88.0,393.0,539.0,,,0.383,0.311,0.591,55.4,63.0,,6.8,0.557,15.5,,0.284,0.0,2.67,6.66,7.0,0.0,0.0,0.0,WAC
2009,First Round,3,Missouri,14,Cornell,0,38.0,0.816,12.0,4.0,1124.0,0.472,263.0,0.353,585.0,0.672,486.0,1393.0,699.0,388.0,140.0,449.0,758.0,,,0.366,0.313,0.554,49.6,62.2,,9.3,0.527,13.8,,0.246,1.0,15.46,4.1,4.0,2.0,0.0,0.0,Big 12,31.0,0.677,11.0,3.0,821.0,0.473,241.0,0.411,398.0,0.73,321.0,1105.0,482.0,203.0,121.0,398.0,556.0,,,0.314,0.338,0.572,52.2,58.7,,10.0,0.542,16.6,,0.229,0.0,3.6,-0.9,2.0,0.0,0.0,0.0,Ivy
2009,Second Round,3,Missouri,6,Marquette,0,38.0,0.816,12.0,4.0,1124.0,0.472,263.0,0.353,585.0,0.672,486.0,1393.0,699.0,388.0,140.0,449.0,758.0,,,0.366,0.313,0.554,49.6,62.2,,9.3,0.527,13.8,,0.246,1.0,15.46,4.1,4.0,2.0,0.0,0.0,Big 12,35.0,0.714,12.0,6.0,914.0,0.452,243.0,0.347,668.0,0.728,425.0,1247.0,526.0,275.0,100.0,408.0,623.0,,,0.454,0.347,0.557,52.0,57.5,,7.7,0.512,14.2,,0.33,1.0,12.58,2.48,1.0,0.0,0.0,0.0,Big East
2009,First Round,7,California,10,Maryland,1,33.0,0.667,11.0,7.0,892.0,0.483,210.0,0.427,478.0,0.755,333.0,1113.0,509.0,159.0,66.0,399.0,560.0,,,0.343,0.266,0.575,51.6,57.1,,4.9,0.54,15.7,,0.259,0.0,11.18,2.12,13.0,3.0,1.0,0.0,Pac-10,35.0,0.6,7.0,9.0,924.0,0.424,201.0,0.333,463.0,0.758,464.0,1274.0,511.0,268.0,145.0,428.0,582.0,,,0.28,0.277,0.509,48.9,55.3,,10.6,0.47,14.8,,0.212,0.0,6.63,4.48,16.0,9.0,2.0,1.0,ACC
2009,Second Round,2,Memphis,10,Maryland,0,37.0,0.892,16.0,0.0,979.0,0.45,222.0,0.326,599.0,0.69,498.0,1452.0,526.0,328.0,222.0,464.0,654.0,,,0.399,0.313,0.537,54.2,53.7,,15.2,0.501,15.2,,0.275,1.0,8.53,12.4,11.0,7.0,2.0,0.0,CUSA,35.0,0.6,7.0,9.0,924.0,0.424,201.0,0.333,463.0,0.758,464.0,1274.0,511.0,268.0,145.0,428.0,582.0,,,0.28,0.277,0.509,48.9,55.3,,10.6,0.47,14.8,,0.212,0.0,6.63,4.48,16.0,9.0,2.0,1.0,ACC
2009,First Round,2,Memphis,15,Cal State Northridge,0,37.0,0.892,16.0,0.0,979.0,0.45,222.0,0.326,599.0,0.69,498.0,1452.0,526.0,328.0,222.0,464.0,654.0,,,0.399,0.313,0.537,54.2,53.7,,15.2,0.501,15.2,,0.275,1.0,8.53,12.4,11.0,7.0,2.0,0.0,CUSA,31.0,0.548,11.0,5.0,821.0,0.454,215.0,0.353,425.0,0.696,403.0,1150.0,430.0,276.0,83.0,549.0,683.0,,,0.338,0.337,0.544,52.4,52.4,,7.9,0.514,20.7,,0.235,0.0,6.41,-3.76,2.0,0.0,0.0,0.0,Big West
2010,Play-In,16,Winthrop,16,Arkansas-Pine Bluff,1,33.0,0.576,12.0,6.0,735.0,0.38,124.0,0.248,448.0,0.644,450.0,1276.0,346.0,283.0,135.0,402.0,622.0,66.7,92.0,0.36,0.259,0.451,51.0,47.1,12.8,11.8,0.412,15.1,34.1,0.232,0.0,-11.56,2.88,3.0,0.0,0.0,0.0,Big South,34.0,0.529,14.0,4.0,725.0,0.408,141.0,0.303,575.0,0.668,422.0,1286.0,421.0,229.0,121.0,569.0,764.0,67.4,93.1,0.484,0.262,0.495,54.2,58.1,9.8,10.2,0.447,20.6,35.6,0.323,0.0,-7.86,-0.43,1.0,0.0,0.0,0.0,SWAC
2010,First Round,1,Duke,16,Arkansas-Pine Bluff,0,40.0,0.875,13.0,3.0,1049.0,0.442,301.0,0.385,682.0,0.759,569.0,1560.0,555.0,266.0,162.0,429.0,722.0,66.5,115.7,0.379,0.329,0.549,54.4,52.9,10.0,9.8,0.505,13.3,40.3,0.287,1.0,13.17,12.04,26.0,19.0,11.0,4.0,ACC,34.0,0.529,14.0,4.0,725.0,0.408,141.0,0.303,575.0,0.668,422.0,1286.0,421.0,229.0,121.0,569.0,764.0,67.4,93.1,0.484,0.262,0.495,54.2,58.1,9.8,10.2,0.447,20.6,35.6,0.323,0.0,-7.86,-0.43,1.0,0.0,0.0,0.0,SWAC
2010,Second Round,1,Duke,8,California,0,40.0,0.875,13.0,3.0,1049.0,0.442,301.0,0.385,682.0,0.759,569.0,1560.0,555.0,266.0,162.0,429.0,722.0,66.5,115.7,0.379,0.329,0.549,54.4,52.9,10.0,9.8,0.505,13.3,40.3,0.287,1.0,13.17,12.04,26.0,19.0,11.0,4.0,ACC,35.0,0.686,13.0,5.0,966.0,0.476,228.0,0.374,543.0,0.757,395.0,1241.0,500.0,198.0,86.0,421.0,593.0,67.9,113.4,0.354,0.3,0.571,52.5,51.8,8.3,6.3,0.533,15.1,34.7,0.268,1.0,13.43,3.86,14.0,3.0,1.0,0.0,Pac-10
2010,Sweet Sixteen,1,Duke,4,Purdue,0,40.0,0.875,13.0,3.0,1049.0,0.442,301.0,0.385,682.0,0.759,569.0,1560.0,555.0,266.0,162.0,429.0,722.0,66.5,115.7,0.379,0.329,0.549,54.4,52.9,10.0,9.8,0.505,13.3,40.3,0.287,1.0,13.17,12.04,26.0,19.0,11.0,4.0,ACC,35.0,0.829,14.0,4.0,867.0,0.443,187.0,0.318,546.0,0.723,351.0,1170.0,493.0,248.0,162.0,381.0,651.0,66.7,105.3,0.386,0.3,0.533,48.9,56.9,10.6,12.2,0.491,14.1,29.4,0.279,1.0,6.09,11.43,5.0,2.0,0.0,0.0,Big Ten
2010,Elite Eight,1,Duke,3,Baylor,0,40.0,0.875,13.0,3.0,1049.0,0.442,301.0,0.385,682.0,0.759,569.0,1560.0,555.0,266.0,162.0,429.0,722.0,66.5,115.7,0.379,0.329,0.549,54.4,52.9,10.0,9.8,0.505,13.3,40.3,0.287,1.0,13.17,12.04,26.0,19.0,11.0,4.0,ACC,36.0,0.778,11.0,5.0,993.0,0.487,255.0,0.385,530.0,0.725,443.0,1408.0,508.0,237.0,242.0,491.0,639.0,67.2,113.8,0.358,0.325,0.58,54.4,51.2,9.7,17.4,0.549,17.1,38.5,0.26,1.0,9.58,8.39,2.0,1.0,0.0,0.0,Big 12
2010,Final Four,1,Duke,2,West Virginia,0,40.0,0.875,13.0,3.0,1049.0,0.442,301.0,0.385,682.0,0.759,569.0,1560.0,555.0,266.0,162.0,429.0,722.0,66.5,115.7,0.379,0.329,0.549,54.4,52.9,10.0,9.8,0.505,13.3,40.3,0.287,1.0,13.17,12.04,26.0,19.0,11.0,4.0,ACC,38.0,0.816,13.0,5.0,942.0,0.43,257.0,0.337,611.0,0.704,585.0,1467.0,589.0,213.0,155.0,451.0,686.0,64.0,111.4,0.396,0.348,0.529,54.5,62.5,8.6,11.4,0.489,14.8,42.0,0.279,1.0,7.6,11.56,18.0,6.0,2.0,0.0,Big East
2010,Elite Eight,1,Kentucky,2,West Virginia,1,38.0,0.921,14.0,2.0,1066.0,0.478,231.0,0.331,649.0,0.668,538.0,1584.0,573.0,279.0,273.0,538.0,641.0,70.0,112.1,0.436,0.313,0.56,55.4,53.8,10.4,17.8,0.53,16.7,40.5,0.291,1.0,13.3,7.84,12.0,8.0,2.0,0.0,SEC,38.0,0.816,13.0,5.0,942.0,0.43,257.0,0.337,611.0,0.704,585.0,1467.0,589.0,213.0,155.0,451.0,686.0,64.0,111.4,0.396,0.348,0.529,54.5,62.5,8.6,11.4,0.489,14.8,42.0,0.279,1.0,7.6,11.56,18.0,6.0,2.0,0.0,Big East
2010,National Championship,1,Duke,5,Butler,0,40.0,0.875,13.0,3.0,1049.0,0.442,301.0,0.385,682.0,0.759,569.0,1560.0,555.0,266.0,162.0,429.0,722.0,66.5,115.7,0.379,0.329,0.549,54.4,52.9,10.0,9.8,0.505,13.3,40.3,0.287,1.0,13.17,12.04,26.0,19.0,11.0,4.0,ACC,38.0,0.868,18.0,0.0,845.0,0.442,260.0,0.342,661.0,0.738,353.0,1241.0,464.0,267.0,86.0,456.0,685.0,64.1,106.8,0.469,0.398,0.559,52.1,54.9,10.9,6.5,0.51,16.3,30.4,0.346,0.0,2.5,11.87,3.0,1.0,1.0,0.0,Horizon
2010,Sweet Sixteen,1,Syracuse,5,Butler,1,35.0,0.857,15.0,3.0,1042.0,0.516,244.0,0.391,504.0,0.677,417.0,1337.0,673.0,336.0,221.0,532.0,515.0,71.0,114.0,0.369,0.309,0.596,53.0,64.6,13.5,17.2,0.576,18.3,37.1,0.249,1.0,14.9,6.82,27.0,15.0,3.0,1.0,Big East,38.0,0.868,18.0,0.0,845.0,0.442,260.0,0.342,661.0,0.738,353.0,1241.0,464.0,267.0,86.0,456.0,685.0,64.1,106.8,0.469,0.398,0.559,52.1,54.9,10.9,6.5,0.51,16.3,30.4,0.346,0.0,2.5,11.87,3.0,1.0,1.0,0.0,Horizon
2010,Elite Eight,2,Kansas State,5,Butler,1,37.0,0.784,11.0,5.0,981.0,0.45,253.0,0.36,734.0,0.668,559.0,1437.0,541.0,274.0,187.0,529.0,828.0,71.2,110.5,0.503,0.322,0.545,52.9,55.1,10.3,13.2,0.508,16.4,40.4,0.336,1.0,14.47,5.41,2.0,1.0,0.0,0.0,Big 12,38.0,0.868,18.0,0.0,845.0,0.442,260.0,0.342,661.0,0.738,353.0,1241.0,464.0,267.0,86.0,456.0,685.0,64.1,106.8,0.469,0.398,0.559,52.1,54.9,10.9,6.5,0.51,16.3,30.4,0.346,0.0,2.5,11.87,3.0,1.0,1.0,0.0,Horizon
2010,First Round,8,California,9,Louisville,0,35.0,0.686,13.0,5.0,966.0,0.476,228.0,0.374,543.0,0.757,395.0,1241.0,500.0,198.0,86.0,421.0,593.0,67.9,113.4,0.354,0.3,0.571,52.5,51.8,8.3,6.3,0.533,15.1,34.7,0.268,1.0,13.43,3.86,14.0,3.0,1.0,0.0,Pac-10,33.0,0.606,11.0,7.0,876.0,0.447,262.0,0.337,491.0,0.701,478.0,1217.0,511.0,258.0,135.0,453.0,663.0,67.9,110.6,0.357,0.396,0.546,51.3,58.3,11.4,10.9,0.514,16.5,39.8,0.251,0.0,10.13,3.95,15.0,9.0,5.0,1.0,Big East
2010,First Round,5,Texas A&M,12,Utah State,0,34.0,0.706,11.0,5.0,813.0,0.44,210.0,0.335,590.0,0.661,400.0,1252.0,417.0,223.0,113.0,417.0,619.0,66.7,106.2,0.483,0.339,0.534,51.9,51.3,9.8,9.1,0.497,15.5,33.3,0.32,1.0,5.7,9.54,4.0,1.0,0.0,0.0,Big 12,35.0,0.771,14.0,2.0,941.0,0.488,242.0,0.414,435.0,0.758,362.0,1238.0,584.0,162.0,123.0,358.0,562.0,62.5,116.5,0.298,0.303,0.581,54.6,62.1,7.4,9.8,0.551,14.0,33.8,0.226,0.0,3.15,10.47,8.0,0.0,0.0,0.0,WAC
2010,First Round,4,Purdue,13,Siena,0,35.0,0.829,14.0,4.0,867.0,0.443,187.0,0.318,546.0,0.723,351.0,1170.0,493.0,248.0,162.0,381.0,651.0,66.7,105.3,0.386,0.3,0.533,48.9,56.9,10.6,12.2,0.491,14.1,29.4,0.279,1.0,6.09,11.43,5.0,2.0,0.0,0.0,Big Ten,34.0,0.794,17.0,1.0,930.0,0.454,160.0,0.321,534.0,0.673,442.0,1310.0,486.0,298.0,119.0,418.0,471.0,70.0,106.6,0.387,0.243,0.527,52.9,52.3,12.4,8.5,0.493,14.7,35.5,0.261,0.0,7.63,0.84,5.0,0.0,0.0,0.0,MAAC
2010,Second Round,4,Purdue,5,Texas A&M,0,35.0,0.829,14.0,4.0,867.0,0.443,187.0,0.318,546.0,0.723,351.0,1170.0,493.0,248.0,162.0,381.0,651.0,66.7,105.3,0.386,0.3,0.533,48.9,56.9,10.6,12.2,0.491,14.1,29.4,0.279,1.0,6.09,11.43,5.0,2.0,0.0,0.0,Big Ten,34.0,0.706,11.0,5.0,813.0,0.44,210.0,0.335,590.0,0.661,400.0,1252.0,417.0,223.0,113.0,417.0,619.0,66.7,106.2,0.483,0.339,0.534,51.9,51.3,9.8,9.1,0.497,15.5,33.3,0.32,1.0,5.7,9.54,4.0,1.0,0.0,0.0,Big 12
2010,First Round,6,Notre Dame,11,Old Dominion,1,35.0,0.657,10.0,8.0,918.0,0.47,261.0,0.388,538.0,0.723,402.0,1250.0,585.0,194.0,104.0,362.0,530.0,64.0,116.4,0.381,0.345,0.571,52.6,63.7,8.6,7.8,0.537,13.6,34.7,0.275,0.0,9.82,3.32,8.0,1.0,0.0,0.0,Big East,36.0,0.75,15.0,3.0,922.0,0.447,166.0,0.317,405.0,0.648,540.0,1394.0,554.0,282.0,105.0,457.0,560.0,62.9,106.2,0.303,0.254,0.512,55.8,60.1,12.4,8.6,0.488,16.2,42.4,0.197,0.0,-0.52,11.91,5.0,0.0,0.0,0.0,CAA
2010,Second Round,3,Baylor,11,Old Dominion,0,36.0,0.778,11.0,5.0,993.0,0.487,255.0,0.385,530.0,0.725,443.0,1408.0,508.0,237.0,242.0,491.0,639.0,67.2,113.8,0.358,0.325,0.58,54.4,51.2,9.7,17.4,0.549,17.1,38.5,0.26,1.0,9.58,8.39,2.0,1.0,0.0,0.0,Big 12,36.0,0.75,15.0,3.0,922.0,0.447,166.0,0.317,405.0,0.648,540.0,1394.0,554.0,282.0,105.0,457.0,560.0,62.9,106.2,0.303,0.254,0.512,55.8,60.1,12.4,8.6,0.488,16.2,42.4,0.197,0.0,-0.52,11.91,5.0,0.0,0.0,0.0,CAA
2010,First Round,3,Baylor,14,Sam Houston State,0,36.0,0.778,11.0,5.0,993.0,0.487,255.0,0.385,530.0,0.725,443.0,1408.0,508.0,237.0,242.0,491.0,639.0,67.2,113.8,0.358,0.325,0.58,54.4,51.2,9.7,17.4,0.549,17.1,38.5,0.26,1.0,9.58,8.39,2.0,1.0,0.0,0.0,Big 12,33.0,0.758,14.0,2.0,909.0,0.463,287.0,0.37,511.0,0.703,410.0,1247.0,673.0,257.0,85.0,442.0,661.0,70.6,111.5,0.37,0.395,0.567,53.0,74.0,11.0,7.0,0.536,16.1,34.9,0.26,0.0,8.29,-4.59,2.0,0.0,0.0,0.0,Southland
2010,Sweet Sixteen,3,Baylor,10,Saint Mary's,0,36.0,0.778,11.0,5.0,993.0,0.487,255.0,0.385,530.0,0.725,443.0,1408.0,508.0,237.0,242.0,491.0,639.0,67.2,113.8,0.358,0.325,0.58,54.4,51.2,9.7,17.4,0.549,17.1,38.5,0.26,1.0,9.58,8.39,2.0,1.0,0.0,0.0,Big 12,34.0,0.824,11.0,3.0,944.0,0.484,284.0,0.406,496.0,0.761,370.0,1244.0,543.0,168.0,176.0,394.0,560.0,67.0,116.7,0.334,0.358,0.59,53.2,57.5,7.3,11.4,0.557,14.8,34.4,0.254,0.0,10.03,3.35,3.0,1.0,0.0,0.0,WCC
2010,First Round,7,Richmond,10,Saint Mary's,1,35.0,0.743,13.0,3.0,868.0,0.447,250.0,0.355,441.0,0.7,304.0,1139.0,442.0,289.0,158.0,384.0,634.0,65.0,104.5,0.324,0.362,0.541,46.2,50.9,12.4,11.9,0.511,14.6,26.0,0.227,0.0,0.98,9.06,1.0,0.0,0.0,0.0,A-10,34.0,0.824,11.0,3.0,944.0,0.484,284.0,0.406,496.0,0.761,370.0,1244.0,543.0,168.0,176.0,394.0,560.0,67.0,116.7,0.334,0.358,0.59,53.2,57.5,7.3,11.4,0.557,14.8,34.4,0.254,0.0,10.03,3.35,3.0,1.0,0.0,0.0,WCC
2010,Second Round,2,Villanova,10,Saint Mary's,1,33.0,0.758,13.0,5.0,899.0,0.458,252.0,0.373,650.0,0.755,441.0,1272.0,448.0,259.0,133.0,452.0,731.0,71.9,112.9,0.439,0.345,0.569,53.2,49.8,10.8,11.7,0.522,16.0,37.7,0.331,1.0,16.74,-0.02,8.0,4.0,1.0,0.0,Big East,34.0,0.824,11.0,3.0,944.0,0.484,284.0,0.406,496.0,0.761,370.0,1244.0,543.0,168.0,176.0,394.0,560.0,67.0,116.7,0.334,0.358,0.59,53.2,57.5,7.3,11.4,0.557,14.8,34.4,0.254,0.0,10.03,3.35,3.0,1.0,0.0,0.0,WCC
2010,First Round,2,Villanova,15,Robert Morris,0,33.0,0.758,13.0,5.0,899.0,0.458,252.0,0.373,650.0,0.755,441.0,1272.0,448.0,259.0,133.0,452.0,731.0,71.9,112.9,0.439,0.345,0.569,53.2,49.8,10.8,11.7,0.522,16.0,37.7,0.331,1.0,16.74,-0.02,8.0,4.0,1.0,0.0,Big East,35.0,0.657,15.0,3.0,815.0,0.436,197.0,0.361,572.0,0.666,412.0,1227.0,433.0,267.0,80.0,520.0,757.0,67.6,101.0,0.46,0.292,0.527,51.1,53.1,11.2,7.2,0.489,18.6,34.6,0.306,0.0,-2.58,-1.13,2.0,0.0,0.0,0.0,NEC
2010,First Round,1,Kentucky,16,ETSU,1,38.0,0.921,14.0,2.0,1066.0,0.478,231.0,0.331,649.0,0.668,538.0,1584.0,573.0,279.0,273.0,538.0,641.0,70.0,112.1,0.436,0.313,0.56,55.4,53.8,10.4,17.8,0.53,16.7,40.5,0.291,1.0,13.3,7.84,12.0,8.0,2.0,0.0,SEC,35.0,0.571,13.0,7.0,855.0,0.432,177.0,0.308,537.0,0.659,445.0,1277.0,382.0,293.0,112.0,519.0,673.0,69.4,99.5,0.412,0.291,0.512,50.5,44.7,12.0,9.9,0.477,18.0,35.0,0.271,0.0,-0.57,-0.27,4.0,0.0,0.0,0.0,A-Sun
2010,Second Round,1,Kentucky,9,Wake Forest,0,38.0,0.921,14.0,2.0,1066.0,0.478,231.0,0.331,649.0,0.668,538.0,1584.0,573.0,279.0,273.0,538.0,641.0,70.0,112.1,0.436,0.313,0.56,55.4,53.8,10.4,17.8,0.53,16.7,40.5,0.291,1.0,13.3,7.84,12.0,8.0,2.0,0.0,SEC,31.0,0.645,9.0,7.0,811.0,0.434,134.0,0.308,501.0,0.657,463.0,1306.0,369.0,221.0,162.0,471.0,624.0,70.4,100.9,0.408,0.233,0.506,53.0,45.5,9.9,12.7,0.47,17.4,38.8,0.268,0.0,8.21,3.25,2.0,0.0,0.0,0.0,ACC
2010,First Round,8,Texas,9,Wake Forest,1,34.0,0.706,9.0,7.0,1005.0,0.466,195.0,0.345,556.0,0.633,503.0,1425.0,489.0,269.0,194.0,464.0,670.0,73.6,109.2,0.407,0.262,0.536,53.8,48.7,10.6,13.0,0.511,15.3,38.9,0.258,1.0,15.28,3.28,18.0,6.0,1.0,0.0,Big 12,31.0,0.645,9.0,7.0,811.0,0.434,134.0,0.308,501.0,0.657,463.0,1306.0,369.0,221.0,162.0,471.0,624.0,70.4,100.9,0.408,0.233,0.506,53.0,45.5,9.9,12.7,0.47,17.4,38.8,0.268,0.0,8.21,3.25,2.0,0.0,0.0,0.0,ACC
2010,Sweet Sixteen,1,Kentucky,12,Cornell,0,38.0,0.921,14.0,2.0,1066.0,0.478,231.0,0.331,649.0,0.668,538.0,1584.0,573.0,279.0,273.0,538.0,641.0,70.0,112.1,0.436,0.313,0.56,55.4,53.8,10.4,17.8,0.53,16.7,40.5,0.291,1.0,13.3,7.84,12.0,8.0,2.0,0.0,SEC,34.0,0.853,13.0,1.0,913.0,0.482,326.0,0.43,393.0,0.73,349.0,1149.0,543.0,243.0,122.0,414.0,598.0,64.7,117.1,0.284,0.401,0.604,52.4,59.5,11.0,10.2,0.568,16.1,33.0,0.207,0.0,7.2,1.55,3.0,1.0,0.0,0.0,Ivy
2010,First Round,5,Temple,12,Cornell,1,35.0,0.829,14.0,2.0,851.0,0.438,204.0,0.337,367.0,0.689,377.0,1281.0,515.0,163.0,104.0,358.0,521.0,61.9,104.2,0.274,0.312,0.518,52.8,60.5,7.5,8.1,0.491,14.0,32.1,0.189,0.0,-2.6,15.04,12.0,0.0,0.0,0.0,A-10,34.0,0.853,13.0,1.0,913.0,0.482,326.0,0.43,393.0,0.73,349.0,1149.0,543.0,243.0,122.0,414.0,598.0,64.7,117.1,0.284,0.401,0.604,52.4,59.5,11.0,10.2,0.568,16.1,33.0,0.207,0.0,7.2,1.55,3.0,1.0,0.0,0.0,Ivy
2010,Second Round,4,Wisconsin,12,Cornell,1,33.0,0.727,13.0,5.0,776.0,0.443,246.0,0.357,416.0,0.732,320.0,1056.0,412.0,187.0,113.0,289.0,537.0,59.8,111.3,0.325,0.394,0.548,51.3,53.1,9.4,9.5,0.514,12.5,30.2,0.238,1.0,2.31,15.54,9.0,3.0,0.0,0.0,Big Ten,34.0,0.853,13.0,1.0,913.0,0.482,326.0,0.43,393.0,0.73,349.0,1149.0,543.0,243.0,122.0,414.0,598.0,64.7,117.1,0.284,0.401,0.604,52.4,59.5,11.0,10.2,0.568,16.1,33.0,0.207,0.0,7.2,1.55,3.0,1.0,0.0,0.0,Ivy
2010,First Round,4,Wisconsin,13,Wofford,0,33.0,0.727,13.0,5.0,776.0,0.443,246.0,0.357,416.0,0.732,320.0,1056.0,412.0,187.0,113.0,289.0,537.0,59.8,111.3,0.325,0.394,0.548,51.3,53.1,9.4,9.5,0.514,12.5,30.2,0.238,1.0,2.31,15.54,9.0,3.0,0.0,0.0,Big Ten,35.0,0.743,15.0,3.0,825.0,0.44,203.0,0.35,555.0,0.669,402.0,1243.0,469.0,242.0,74.0,416.0,621.0,65.1,105.4,0.443,0.31,0.531,52.2,56.8,10.6,5.8,0.495,15.5,33.6,0.296,0.0,-2.32,6.74,1.0,0.0,0.0,0.0,Southern
2010,First Round,6,Marquette,11,Washington,1,34.0,0.647,11.0,7.0,861.0,0.456,274.0,0.413,489.0,0.741,343.0,1071.0,516.0,269.0,72.0,353.0,580.0,64.4,111.9,0.349,0.351,0.564,49.0,59.9,12.1,5.5,0.528,13.8,31.2,0.259,0.0,5.9,9.27,2.0,0.0,0.0,0.0,Big East,36.0,0.722,11.0,7.0,1004.0,0.454,191.0,0.336,652.0,0.72,476.0,1364.0,515.0,264.0,151.0,460.0,766.0,72.8,108.5,0.409,0.257,0.54,52.5,51.3,10.0,10.2,0.497,14.8,36.9,0.295,1.0,13.31,2.33,6.0,3.0,0.0,0.0,Pac-10
2010,Second Round,3,New Mexico,11,Washington,1,35.0,0.857,14.0,2.0,887.0,0.438,273.0,0.369,608.0,0.669,458.0,1347.0,497.0,232.0,120.0,387.0,615.0,67.7,111.3,0.449,0.365,0.541,53.6,56.0,9.7,10.4,0.506,13.6,35.4,0.301,0.0,9.65,2.84,5.0,1.0,0.0,0.0,MWC,36.0,0.722,11.0,7.0,1004.0,0.454,191.0,0.336,652.0,0.72,476.0,1364.0,515.0,264.0,151.0,460.0,766.0,72.8,108.5,0.409,0.257,0.54,52.5,51.3,10.0,10.2,0.497,14.8,36.9,0.295,1.0,13.31,2.33,6.0,3.0,0.0,0.0,Pac-10
2010,Sweet Sixteen,2,West Virginia,11,Washington,0,38.0,0.816,13.0,5.0,942.0,0.43,257.0,0.337,611.0,0.704,585.0,1467.0,589.0,213.0,155.0,451.0,686.0,64.0,111.4,0.396,0.348,0.529,54.5,62.5,8.6,11.4,0.489,14.8,42.0,0.279,1.0,7.6,11.56,18.0,6.0,2.0,0.0,Big East,36.0,0.722,11.0,7.0,1004.0,0.454,191.0,0.336,652.0,0.72,476.0,1364.0,515.0,264.0,151.0,460.0,766.0,72.8,108.5,0.409,0.257,0.54,52.5,51.3,10.0,10.2,0.497,14.8,36.9,0.295,1.0,13.31,2.33,6.0,3.0,0.0,0.0,Pac-10
2010,First Round,3,New Mexico,14,Montana,0,35.0,0.857,14.0,2.0,887.0,0.438,273.0,0.369,608.0,0.669,458.0,1347.0,497.0,232.0,120.0,387.0,615.0,67.7,111.3,0.449,0.365,0.541,53.6,56.0,9.7,10.4,0.506,13.6,35.4,0.301,0.0,9.65,2.84,5.0,1.0,0.0,0.0,MWC,32.0,0.688,10.0,6.0,791.0,0.483,210.0,0.399,436.0,0.723,283.0,1048.0,396.0,206.0,106.0,390.0,571.0,63.4,109.8,0.369,0.322,0.579,52.2,50.1,10.2,9.2,0.548,16.9,30.6,0.267,0.0,-2.12,6.05,1.0,0.0,0.0,0.0,Big Sky
2010,First Round,7,Clemson,10,Missouri,1,32.0,0.656,9.0,7.0,851.0,0.453,216.0,0.342,432.0,0.661,420.0,1178.0,453.0,301.0,151.0,480.0,564.0,70.1,104.8,0.348,0.336,0.537,51.4,53.2,13.4,11.9,0.511,18.0,36.5,0.23,1.0,8.25,7.46,6.0,0.0,0.0,0.0,ACC,34.0,0.676,10.0,6.0,926.0,0.44,258.0,0.368,517.0,0.724,441.0,1200.0,522.0,371.0,160.0,432.0,656.0,71.0,108.0,0.339,0.333,0.538,48.0,56.4,15.3,12.3,0.501,15.0,34.7,0.246,1.0,11.31,6.08,5.0,2.0,0.0,0.0,Big 12
2010,Second Round,2,West Virginia,10,Missouri,0,38.0,0.816,13.0,5.0,942.0,0.43,257.0,0.337,611.0,0.704,585.0,1467.0,589.0,213.0,155.0,451.0,686.0,64.0,111.4,0.396,0.348,0.529,54.5,62.5,8.6,11.4,0.489,14.8,42.0,0.279,1.0,7.6,11.56,18.0,6.0,2.0,0.0,Big East,34.0,0.676,10.0,6.0,926.0,0.44,258.0,0.368,517.0,0.724,441.0,1200.0,522.0,371.0,160.0,432.0,656.0,71.0,108.0,0.339,0.333,0.538,48.0,56.4,15.3,12.3,0.501,15.0,34.7,0.246,1.0,11.31,6.08,5.0,2.0,0.0,0.0,Big 12
2010,First Round,2,West Virginia,15,Morgan State,0,38.0,0.816,13.0,5.0,942.0,0.43,257.0,0.337,611.0,0.704,585.0,1467.0,589.0,213.0,155.0,451.0,686.0,64.0,111.4,0.396,0.348,0.529,54.5,62.5,8.6,11.4,0.489,14.8,42.0,0.279,1.0,7.6,11.56,18.0,6.0,2.0,0.0,Big East,37.0,0.73,15.0,1.0,960.0,0.429,205.0,0.332,688.0,0.7,568.0,1488.0,461.0,243.0,152.0,499.0,782.0,70.0,107.2,0.439,0.276,0.52,52.4,48.0,9.3,9.6,0.475,15.6,39.7,0.307,0.0,4.37,-5.54,5.0,1.0,0.0,0.0,MEAC
2010,First Round,1,Kansas,16,Lehigh,0,36.0,0.917,15.0,1.0,1033.0,0.489,262.0,0.404,609.0,0.699,468.0,1457.0,609.0,301.0,232.0,470.0,658.0,69.4,116.8,0.413,0.307,0.582,54.6,59.0,12.0,16.0,0.551,15.7,38.4,0.288,1.0,15.06,9.62,12.0,7.0,1.0,1.0,Big 12,33.0,0.667,10.0,4.0,842.0,0.454,220.0,0.399,574.0,0.718,339.0,1201.0,495.0,203.0,85.0,429.0,589.0,70.0,106.5,0.431,0.297,0.555,50.9,58.8,8.7,6.7,0.514,16.1,29.8,0.31,0.0,3.85,-7.18,1.0,0.0,0.0,0.0,Patriot
2010,Second Round,1,Kansas,9,Northern Iowa,1,36.0,0.917,15.0,1.0,1033.0,0.489,262.0,0.404,609.0,0.699,468.0,1457.0,609.0,301.0,232.0,470.0,658.0,69.4,116.8,0.413,0.307,0.582,54.6,59.0,12.0,16.0,0.551,15.7,38.4,0.288,1.0,15.06,9.62,12.0,7.0,1.0,1.0,Big 12,35.0,0.857,15.0,3.0,747.0,0.429,233.0,0.354,489.0,0.758,333.0,1130.0,367.0,198.0,70.0,372.0,556.0,59.4,106.6,0.37,0.379,0.541,52.0,49.1,9.5,6.4,0.496,15.4,30.7,0.281,0.0,-2.81,14.84,2.0,1.0,0.0,0.0,MVC
2010,First Round,8,UNLV,9,Northern Iowa,1,34.0,0.735,11.0,5.0,899.0,0.461,231.0,0.332,456.0,0.716,337.0,1149.0,551.0,266.0,117.0,395.0,691.0,67.4,107.7,0.327,0.356,0.552,49.5,61.3,11.5,10.2,0.52,14.9,29.3,0.234,0.0,5.98,6.59,12.0,3.0,1.0,0.0,MWC,35.0,0.857,15.0,3.0,747.0,0.429,233.0,0.354,489.0,0.758,333.0,1130.0,367.0,198.0,70.0,372.0,556.0,59.4,106.6,0.37,0.379,0.541,52.0,49.1,9.5,6.4,0.496,15.4,30.7,0.281,0.0,-2.81,14.84,2.0,1.0,0.0,0.0,MVC
2010,Sweet Sixteen,5,Michigan State,9,Northern Iowa,0,37.0,0.757,14.0,4.0,974.0,0.471,187.0,0.344,523.0,0.685,487.0,1426.0,606.0,242.0,123.0,514.0,666.0,65.9,108.7,0.369,0.263,0.547,56.3,62.2,9.9,9.5,0.516,17.5,39.8,0.253,1.0,7.35,7.99,13.0,9.0,6.0,1.0,Big Ten,35.0,0.857,15.0,3.0,747.0,0.429,233.0,0.354,489.0,0.758,333.0,1130.0,367.0,198.0,70.0,372.0,556.0,59.4,106.6,0.37,0.379,0.541,52.0,49.1,9.5,6.4,0.496,15.4,30.7,0.281,0.0,-2.81,14.84,2.0,1.0,0.0,0.0,MVC
2010,First Round,5,Michigan State,12,New Mexico State,0,37.0,0.757,14.0,4.0,974.0,0.471,187.0,0.344,523.0,0.685,487.0,1426.0,606.0,242.0,123.0,514.0,666.0,65.9,108.7,0.369,0.263,0.547,56.3,62.2,9.9,9.5,0.516,17.5,39.8,0.253,1.0,7.35,7.99,13.0,9.0,6.0,1.0,Big Ten,34.0,0.647,11.0,5.0,919.0,0.46,287.0,0.371,537.0,0.7,358.0,1212.0,484.0,203.0,111.0,437.0,595.0,72.1,108.6,0.384,0.388,0.564,48.6,52.7,8.3,8.0,0.532,15.6,29.9,0.269,0.0,9.3,-7.24,1.0,0.0,0.0,0.0,WAC
2010,Elite Eight,5,Michigan State,6,Tennessee,0,37.0,0.757,14.0,4.0,974.0,0.471,187.0,0.344,523.0,0.685,487.0,1426.0,606.0,242.0,123.0,514.0,666.0,65.9,108.7,0.369,0.263,0.547,56.3,62.2,9.9,9.5,0.516,17.5,39.8,0.253,1.0,7.35,7.99,13.0,9.0,6.0,1.0,Big Ten,37.0,0.757,11.0,5.0,991.0,0.456,218.0,0.32,520.0,0.671,441.0,1353.0,530.0,290.0,136.0,490.0,733.0,69.8,105.1,0.356,0.313,0.535,50.8,53.5,11.2,10.8,0.506,16.2,33.5,0.239,1.0,7.86,8.19,7.0,4.0,0.0,0.0,SEC
2010,Sweet Sixteen,2,Ohio State,6,Tennessee,1,37.0,0.784,14.0,4.0,983.0,0.492,276.0,0.39,498.0,0.696,325.0,1234.0,545.0,262.0,157.0,413.0,565.0,65.1,113.0,0.358,0.354,0.586,51.2,55.4,10.8,12.2,0.561,15.0,28.9,0.249,1.0,10.34,9.15,8.0,3.0,1.0,0.0,Big Ten,37.0,0.757,11.0,5.0,991.0,0.456,218.0,0.32,520.0,0.671,441.0,1353.0,530.0,290.0,136.0,490.0,733.0,69.8,105.1,0.356,0.313,0.535,50.8,53.5,11.2,10.8,0.506,16.2,33.5,0.239,1.0,7.86,8.19,7.0,4.0,0.0,0.0,SEC
2010,First Round,4,Maryland,13,Houston,0,33.0,0.727,13.0,3.0,966.0,0.471,195.0,0.382,502.0,0.729,421.0,1270.0,545.0,256.0,154.0,383.0,554.0,70.2,112.2,0.336,0.249,0.552,50.4,56.4,10.9,11.0,0.518,13.9,35.6,0.245,1.0,14.63,3.13,17.0,9.0,2.0,1.0,ACC,35.0,0.543,7.0,9.0,958.0,0.42,290.0,0.356,545.0,0.71,440.0,1185.0,435.0,329.0,103.0,315.0,652.0,71.4,109.3,0.337,0.357,0.52,44.5,45.4,13.1,7.2,0.483,10.6,30.3,0.239,0.0,12.47,-5.73,11.0,3.0,0.0,0.0,CUSA
2010,Second Round,4,Maryland,5,Michigan State,1,33.0,0.727,13.0,3.0,966.0,0.471,195.0,0.382,502.0,0.729,421.0,1270.0,545.0,256.0,154.0,383.0,554.0,70.2,112.2,0.336,0.249,0.552,50.4,56.4,10.9,11.0,0.518,13.9,35.6,0.245,1.0,14.63,3.13,17.0,9.0,2.0,1.0,ACC,37.0,0.757,14.0,4.0,974.0,0.471,187.0,0.344,523.0,0.685,487.0,1426.0,606.0,242.0,123.0,514.0,666.0,65.9,108.7,0.369,0.263,0.547,56.3,62.2,9.9,9.5,0.516,17.5,39.8,0.253,1.0,7.35,7.99,13.0,9.0,6.0,1.0,Big Ten
2010,Final Four,5,Butler,5,Michigan State,0,38.0,0.868,18.0,0.0,845.0,0.442,260.0,0.342,661.0,0.738,353.0,1241.0,464.0,267.0,86.0,456.0,685.0,64.1,106.8,0.469,0.398,0.559,52.1,54.9,10.9,6.5,0.51,16.3,30.4,0.346,0.0,2.5,11.87,3.0,1.0,1.0,0.0,Horizon,37.0,0.757,14.0,4.0,974.0,0.471,187.0,0.344,523.0,0.685,487.0,1426.0,606.0,242.0,123.0,514.0,666.0,65.9,108.7,0.369,0.263,0.547,56.3,62.2,9.9,9.5,0.516,17.5,39.8,0.253,1.0,7.35,7.99,13.0,9.0,6.0,1.0,Big Ten
2010,First Round,6,Tennessee,11,San Diego State,0,37.0,0.757,11.0,5.0,991.0,0.456,218.0,0.32,520.0,0.671,441.0,1353.0,530.0,290.0,136.0,490.0,733.0,69.8,105.1,0.356,0.313,0.535,50.8,53.5,11.2,10.8,0.506,16.2,33.5,0.239,1.0,7.86,8.19,7.0,4.0,0.0,0.0,SEC,34.0,0.735,11.0,5.0,875.0,0.474,179.0,0.317,460.0,0.621,444.0,1257.0,458.0,251.0,156.0,453.0,552.0,63.9,108.8,0.401,0.306,0.543,54.8,52.3,11.4,13.0,0.522,17.1,40.2,0.249,0.0,3.49,7.85,10.0,4.0,3.0,1.0,MWC
2010,Second Round,6,Tennessee,14,Ohio,0,37.0,0.757,11.0,5.0,991.0,0.456,218.0,0.32,520.0,0.671,441.0,1353.0,530.0,290.0,136.0,490.0,733.0,69.8,105.1,0.356,0.313,0.535,50.8,53.5,11.2,10.8,0.506,16.2,33.5,0.239,1.0,7.86,8.19,7.0,4.0,0.0,0.0,SEC,37.0,0.595,7.0,9.0,925.0,0.43,278.0,0.366,635.0,0.719,443.0,1371.0,524.0,278.0,97.0,473.0,696.0,69.2,105.7,0.41,0.353,0.537,49.5,56.6,10.6,6.7,0.494,15.5,32.4,0.295,0.0,6.34,-1.78,1.0,0.0,0.0,0.0,MAC
2010,First Round,3,Georgetown,14,Ohio,1,34.0,0.676,10.0,8.0,905.0,0.499,212.0,0.387,478.0,0.711,333.0,1132.0,524.0,237.0,161.0,473.0,579.0,66.6,110.4,0.37,0.302,0.586,51.8,57.9,10.5,12.9,0.557,18.1,33.1,0.263,1.0,9.38,7.65,6.0,2.0,1.0,0.0,Big East,37.0,0.595,7.0,9.0,925.0,0.43,278.0,0.366,635.0,0.719,443.0,1371.0,524.0,278.0,97.0,473.0,696.0,69.2,105.7,0.41,0.353,0.537,49.5,56.6,10.6,6.7,0.494,15.5,32.4,0.295,0.0,6.34,-1.78,1.0,0.0,0.0,0.0,MAC
2010,First Round,7,Oklahoma State,10,Georgia Tech,1,33.0,0.667,9.0,7.0,839.0,0.451,274.0,0.349,485.0,0.714,327.0,1169.0,413.0,214.0,84.0,418.0,664.0,68.6,107.2,0.365,0.421,0.558,51.0,49.2,9.4,7.0,0.524,16.1,29.1,0.261,0.0,7.29,5.05,3.0,0.0,0.0,0.0,Big 12,36.0,0.639,7.0,9.0,948.0,0.459,213.0,0.363,512.0,0.657,464.0,1430.0,508.0,288.0,190.0,574.0,670.0,70.4,103.1,0.377,0.284,0.538,53.2,53.6,11.3,13.9,0.511,19.1,37.4,0.248,0.0,7.49,6.62,6.0,1.0,1.0,0.0,ACC
2010,Second Round,2,Ohio State,10,Georgia Tech,0,37.0,0.784,14.0,4.0,983.0,0.492,276.0,0.39,498.0,0.696,325.0,1234.0,545.0,262.0,157.0,413.0,565.0,65.1,113.0,0.358,0.354,0.586,51.2,55.4,10.8,12.2,0.561,15.0,28.9,0.249,1.0,10.34,9.15,8.0,3.0,1.0,0.0,Big Ten,36.0,0.639,7.0,9.0,948.0,0.459,213.0,0.363,512.0,0.657,464.0,1430.0,508.0,288.0,190.0,574.0,670.0,70.4,103.1,0.377,0.284,0.538,53.2,53.6,11.3,13.9,0.511,19.1,37.4,0.248,0.0,7.49,6.62,6.0,1.0,1.0,0.0,ACC
2010,First Round,2,Ohio State,15,UCSB,0,37.0,0.784,14.0,4.0,983.0,0.492,276.0,0.39,498.0,0.696,325.0,1234.0,545.0,262.0,157.0,413.0,565.0,65.1,113.0,0.358,0.354,0.586,51.2,55.4,10.8,12.2,0.561,15.0,28.9,0.249,1.0,10.34,9.15,8.0,3.0,1.0,0.0,Big Ten,30.0,0.667,12.0,4.0,674.0,0.443,205.0,0.377,475.0,0.681,268.0,984.0,414.0,202.0,92.0,460.0,572.0,67.7,99.4,0.459,0.357,0.547,48.4,61.4,9.9,9.5,0.51,19.9,27.4,0.312,0.0,-2.54,2.41,2.0,0.0,0.0,0.0,Big West
2010,First Round,1,Syracuse,16,Vermont,0,35.0,0.857,15.0,3.0,1042.0,0.516,244.0,0.391,504.0,0.677,417.0,1337.0,673.0,336.0,221.0,532.0,515.0,71.0,114.0,0.369,0.309,0.596,53.0,64.6,13.5,17.2,0.576,18.3,37.1,0.249,1.0,14.9,6.82,27.0,15.0,3.0,1.0,Big East,35.0,0.714,12.0,4.0,826.0,0.438,166.0,0.317,639.0,0.687,433.0,1291.0,423.0,239.0,141.0,487.0,635.0,67.5,103.6,0.494,0.278,0.528,51.9,51.2,10.1,10.2,0.482,17.3,36.3,0.339,0.0,-0.66,-0.6,1.0,0.0,0.0,0.0,AEC
2010,Second Round,1,Syracuse,8,Gonzaga,0,35.0,0.857,15.0,3.0,1042.0,0.516,244.0,0.391,504.0,0.677,417.0,1337.0,673.0,336.0,221.0,532.0,515.0,71.0,114.0,0.369,0.309,0.596,53.0,64.6,13.5,17.2,0.576,18.3,37.1,0.249,1.0,14.9,6.82,27.0,15.0,3.0,1.0,Big East,34.0,0.794,12.0,2.0,912.0,0.491,182.0,0.353,608.0,0.664,358.0,1286.0,456.0,227.0,142.0,444.0,614.0,69.4,109.6,0.494,0.278,0.57,53.1,50.0,9.5,10.5,0.54,16.2,32.1,0.328,0.0,9.27,2.84,11.0,4.0,0.0,0.0,WCC
2010,First Round,8,Gonzaga,9,Florida State,0,34.0,0.794,12.0,2.0,912.0,0.491,182.0,0.353,608.0,0.664,358.0,1286.0,456.0,227.0,142.0,444.0,614.0,69.4,109.6,0.494,0.278,0.57,53.1,50.0,9.5,10.5,0.54,16.2,32.1,0.328,0.0,9.27,2.84,11.0,4.0,0.0,0.0,WCC,32.0,0.688,10.0,6.0,783.0,0.452,186.0,0.334,431.0,0.644,406.0,1211.0,446.0,267.0,200.0,528.0,575.0,67.6,100.6,0.386,0.321,0.532,53.7,57.0,12.3,17.7,0.505,20.5,38.1,0.249,0.0,2.6,12.03,5.0,1.0,0.0,0.0,ACC
2010,First Round,5,Butler,12,UTEP,0,38.0,0.868,18.0,0.0,845.0,0.442,260.0,0.342,661.0,0.738,353.0,1241.0,464.0,267.0,86.0,456.0,685.0,64.1,106.8,0.469,0.398,0.559,52.1,54.9,10.9,6.5,0.51,16.3,30.4,0.346,0.0,2.5,11.87,3.0,1.0,1.0,0.0,Horizon,33.0,0.788,15.0,1.0,891.0,0.474,201.0,0.343,501.0,0.673,323.0,1193.0,488.0,288.0,120.0,435.0,643.0,69.8,106.6,0.396,0.312,0.556,50.5,54.8,12.4,10.2,0.528,16.3,28.9,0.267,0.0,6.96,5.7,1.0,0.0,0.0,0.0,CUSA
2010,Second Round,5,Butler,13,Murray State,0,38.0,0.868,18.0,0.0,845.0,0.442,260.0,0.342,661.0,0.738,353.0,1241.0,464.0,267.0,86.0,456.0,685.0,64.1,106.8,0.469,0.398,0.559,52.1,54.9,10.9,6.5,0.51,16.3,30.4,0.346,0.0,2.5,11.87,3.0,1.0,1.0,0.0,Horizon,36.0,0.861,17.0,1.0,978.0,0.499,226.0,0.377,571.0,0.695,439.0,1319.0,556.0,347.0,196.0,527.0,618.0,68.0,112.4,0.419,0.305,0.586,54.7,56.9,14.2,14.2,0.556,18.3,39.7,0.291,0.0,2.63,6.06,2.0,0.0,0.0,0.0,OVC
2010,First Round,4,Vanderbilt,13,Murray State,1,33.0,0.727,12.0,4.0,859.0,0.47,203.0,0.368,616.0,0.721,361.0,1197.0,436.0,188.0,171.0,448.0,632.0,69.9,109.6,0.467,0.302,0.568,50.3,50.8,8.1,12.5,0.525,16.7,33.1,0.337,1.0,11.84,3.4,6.0,2.0,0.0,0.0,SEC,36.0,0.861,17.0,1.0,978.0,0.499,226.0,0.377,571.0,0.695,439.0,1319.0,556.0,347.0,196.0,527.0,618.0,68.0,112.4,0.419,0.305,0.586,54.7,56.9,14.2,14.2,0.556,18.3,39.7,0.291,0.0,2.63,6.06,2.0,0.0,0.0,0.0,OVC
2010,First Round,6,Xavier,11,Minnesota,0,35.0,0.743,14.0,2.0,961.0,0.462,250.0,0.377,621.0,0.711,444.0,1415.0,494.0,235.0,132.0,452.0,662.0,69.7,111.0,0.419,0.319,0.559,53.5,51.4,9.3,8.9,0.522,15.3,35.2,0.298,1.0,14.53,1.69,1.0,1.0,0.0,0.0,A-10,35.0,0.6,9.0,9.0,912.0,0.468,246.0,0.399,463.0,0.7,375.0,1237.0,583.0,273.0,199.0,427.0,579.0,65.7,109.0,0.339,0.317,0.56,51.2,63.9,11.7,16.4,0.531,15.9,32.9,0.238,1.0,8.09,7.55,16.0,9.0,1.0,1.0,Big Ten
2010,First Round,3,Pitt,14,Oakland,0,34.0,0.735,13.0,5.0,809.0,0.447,181.0,0.344,537.0,0.693,420.0,1269.0,536.0,177.0,139.0,421.0,594.0,62.6,107.5,0.428,0.29,0.536,53.6,66.3,8.1,10.4,0.497,16.2,37.0,0.297,0.0,2.66,11.64,7.0,3.0,0.0,0.0,Big East,35.0,0.743,17.0,1.0,920.0,0.448,206.0,0.322,630.0,0.719,477.0,1344.0,461.0,236.0,169.0,485.0,632.0,70.5,108.4,0.427,0.312,0.542,53.4,50.1,9.6,11.2,0.498,16.4,37.6,0.307,0.0,4.33,-4.97,2.0,0.0,0.0,0.0,Summit
2010,Second Round,3,Pitt,6,Xavier,1,34.0,0.735,13.0,5.0,809.0,0.447,181.0,0.344,537.0,0.693,420.0,1269.0,536.0,177.0,139.0,421.0,594.0,62.6,107.5,0.428,0.29,0.536,53.6,66.3,8.1,10.4,0.497,16.2,37.0,0.297,0.0,2.66,11.64,7.0,3.0,0.0,0.0,Big East,35.0,0.743,14.0,2.0,961.0,0.462,250.0,0.377,621.0,0.711,444.0,1415.0,494.0,235.0,132.0,452.0,662.0,69.7,111.0,0.419,0.319,0.559,53.5,51.4,9.3,8.9,0.522,15.3,35.2,0.298,1.0,14.53,1.69,1.0,1.0,0.0,0.0,A-10
2010,Sweet Sixteen,2,Kansas State,6,Xavier,1,37.0,0.784,11.0,5.0,981.0,0.45,253.0,0.36,734.0,0.668,559.0,1437.0,541.0,274.0,187.0,529.0,828.0,71.2,110.5,0.503,0.322,0.545,52.9,55.1,10.3,13.2,0.508,16.4,40.4,0.336,1.0,14.47,5.41,2.0,1.0,0.0,0.0,Big 12,35.0,0.743,14.0,2.0,961.0,0.462,250.0,0.377,621.0,0.711,444.0,1415.0,494.0,235.0,132.0,452.0,662.0,69.7,111.0,0.419,0.319,0.559,53.5,51.4,9.3,8.9,0.522,15.3,35.2,0.298,1.0,14.53,1.69,1.0,1.0,0.0,0.0,A-10
2010,First Round,7,BYU,10,Florida,0,36.0,0.833,13.0,3.0,1025.0,0.483,292.0,0.417,650.0,0.79,367.0,1332.0,567.0,307.0,126.0,417.0,621.0,71.0,116.1,0.388,0.33,0.596,53.0,55.3,11.9,9.1,0.552,14.2,31.2,0.307,1.0,16.12,2.7,4.0,0.0,0.0,0.0,MWC,34.0,0.618,9.0,7.0,890.0,0.444,203.0,0.313,472.0,0.703,455.0,1265.0,479.0,243.0,94.0,423.0,501.0,66.5,107.4,0.334,0.323,0.528,52.0,53.8,10.6,7.2,0.494,15.4,37.0,0.235,0.0,5.81,6.08,10.0,4.0,3.0,2.0,SEC
2010,First Round,2,Kansas State,15,North Texas,0,37.0,0.784,11.0,5.0,981.0,0.45,253.0,0.36,734.0,0.668,559.0,1437.0,541.0,274.0,187.0,529.0,828.0,71.2,110.5,0.503,0.322,0.545,52.9,55.1,10.3,13.2,0.508,16.4,40.4,0.336,1.0,14.47,5.41,2.0,1.0,0.0,0.0,Big 12,33.0,0.727,13.0,5.0,798.0,0.457,179.0,0.333,662.0,0.719,364.0,1220.0,394.0,144.0,94.0,485.0,590.0,68.8,105.7,0.527,0.308,0.558,52.7,49.4,6.2,6.6,0.508,18.2,33.3,0.379,0.0,1.07,-3.56,2.0,0.0,0.0,0.0,Sun Belt
2010,Second Round,2,Kansas State,7,BYU,0,37.0,0.784,11.0,5.0,981.0,0.45,253.0,0.36,734.0,0.668,559.0,1437.0,541.0,274.0,187.0,529.0,828.0,71.2,110.5,0.503,0.322,0.545,52.9,55.1,10.3,13.2,0.508,16.4,40.4,0.336,1.0,14.47,5.41,2.0,1.0,0.0,0.0,Big 12,36.0,0.833,13.0,3.0,1025.0,0.483,292.0,0.417,650.0,0.79,367.0,1332.0,567.0,307.0,126.0,417.0,621.0,71.0,116.1,0.388,0.33,0.596,53.0,55.3,11.9,9.1,0.552,14.2,31.2,0.307,1.0,16.12,2.7,4.0,0.0,0.0,0.0,MWC
2011,Play-In,12,Alabama-Birmingham,12,Clemson,1,31.0,0.71,12.0,4.0,756.0,0.438,239.0,0.342,368.0,0.717,352.0,1109.0,420.0,164.0,97.0,387.0,514.0,63.1,105.7,0.297,0.405,0.538,51.7,55.6,8.2,8.2,0.508,16.4,33.4,0.213,0.0,1.49,7.07,5.0,1.0,1.0,0.0,CUSA,34.0,0.647,9.0,7.0,810.0,0.443,217.0,0.344,493.0,0.701,384.0,1177.0,445.0,272.0,161.0,449.0,624.0,65.1,104.5,0.385,0.345,0.539,51.2,54.9,12.2,13.2,0.503,17.2,34.2,0.27,0.0,3.37,10.39,4.0,0.0,0.0,0.0,ACC
2011,First Round,5,West Virginia,12,Clemson,0,33.0,0.636,11.0,7.0,783.0,0.429,206.0,0.337,531.0,0.711,469.0,1227.0,491.0,154.0,136.0,397.0,598.0,64.0,109.0,0.409,0.335,0.528,52.4,62.7,7.3,11.0,0.485,15.4,40.2,0.291,1.0,5.64,10.51,19.0,6.0,2.0,0.0,Big East,34.0,0.647,9.0,7.0,810.0,0.443,217.0,0.344,493.0,0.701,384.0,1177.0,445.0,272.0,161.0,449.0,624.0,65.1,104.5,0.385,0.345,0.539,51.2,54.9,12.2,13.2,0.503,17.2,34.2,0.27,0.0,3.37,10.39,4.0,0.0,0.0,0.0,ACC
2011,Play-In,16,UTSA,16,Alabama State,0,34.0,0.588,9.0,7.0,802.0,0.429,234.0,0.351,546.0,0.705,362.0,1186.0,430.0,240.0,76.0,461.0,657.0,68.8,102.0,0.414,0.356,0.532,48.9,53.6,10.3,6.5,0.491,17.1,30.4,0.292,0.0,-1.8,-4.01,1.0,0.0,0.0,0.0,Southland,35.0,0.486,11.0,7.0,728.0,0.395,165.0,0.283,525.0,0.603,460.0,1271.0,404.0,255.0,163.0,551.0,777.0,66.5,91.5,0.473,0.317,0.476,50.7,55.5,10.9,13.1,0.44,19.6,35.7,0.285,0.0,-11.22,-2.15,2.0,0.0,0.0,0.0,SWAC
2011,Play-In,16,UNC Asheville,16,Little Rock,0,34.0,0.588,11.0,7.0,881.0,0.452,168.0,0.326,576.0,0.711,400.0,1213.0,492.0,310.0,152.0,506.0,664.0,70.1,102.9,0.415,0.264,0.537,49.3,55.8,12.7,11.9,0.495,17.8,33.2,0.295,0.0,1.73,-2.42,2.0,0.0,0.0,0.0,Big South,36.0,0.528,7.0,9.0,825.0,0.426,242.0,0.393,565.0,0.69,377.0,1204.0,433.0,212.0,89.0,428.0,740.0,65.4,103.3,0.423,0.317,0.528,48.9,52.5,8.9,7.4,0.488,15.5,29.9,0.292,0.0,-3.48,-0.85,1.0,0.0,0.0,0.0,Sun Belt
2011,Play-In,11,VCU,11,USC,0,40.0,0.7,12.0,6.0,968.0,0.434,339.0,0.37,589.0,0.715,428.0,1292.0,583.0,328.0,140.0,452.0,735.0,65.3,108.3,0.37,0.412,0.547,47.0,60.2,12.4,9.1,0.511,14.7,30.9,0.264,0.0,6.2,2.36,1.0,1.0,1.0,0.0,CAA,34.0,0.559,10.0,8.0,813.0,0.444,204.0,0.354,422.0,0.651,340.0,1153.0,402.0,199.0,104.0,390.0,589.0,64.3,102.6,0.354,0.315,0.526,50.7,49.4,9.1,8.4,0.499,15.4,29.9,0.23,0.0,0.17,11.35,4.0,1.0,0.0,0.0,Pac-10
2011,First Round,1,Ohio State,16,UTSA,0,37.0,0.919,16.0,2.0,1017.0,0.494,285.0,0.423,535.0,0.701,419.0,1277.0,587.0,263.0,118.0,375.0,519.0,64.1,120.0,0.371,0.327,0.589,53.8,57.7,11.1,9.1,0.563,13.4,35.7,0.26,1.0,13.39,12.45,9.0,4.0,1.0,0.0,Big Ten,34.0,0.588,9.0,7.0,802.0,0.429,234.0,0.351,546.0,0.705,362.0,1186.0,430.0,240.0,76.0,461.0,657.0,68.8,102.0,0.414,0.356,0.532,48.9,53.6,10.3,6.5,0.491,17.1,30.4,0.292,0.0,-1.8,-4.01,1.0,0.0,0.0,0.0,Southland
2011,Second Round,1,Ohio State,8,George Mason,0,37.0,0.919,16.0,2.0,1017.0,0.494,285.0,0.423,535.0,0.701,419.0,1277.0,587.0,263.0,118.0,375.0,519.0,64.1,120.0,0.371,0.327,0.589,53.8,57.7,11.1,9.1,0.563,13.4,35.7,0.26,1.0,13.39,12.45,9.0,4.0,1.0,0.0,Big Ten,34.0,0.794,16.0,2.0,876.0,0.471,227.0,0.395,495.0,0.689,364.0,1188.0,483.0,224.0,110.0,376.0,581.0,64.3,111.9,0.386,0.308,0.562,51.5,55.1,10.1,8.9,0.532,14.6,32.9,0.266,0.0,6.01,5.65,5.0,1.0,1.0,0.0,CAA
2011,Sweet Sixteen,1,Ohio State,4,Kentucky,1,37.0,0.919,16.0,2.0,1017.0,0.494,285.0,0.423,535.0,0.701,419.0,1277.0,587.0,263.0,118.0,375.0,519.0,64.1,120.0,0.371,0.327,0.589,53.8,57.7,11.1,9.1,0.563,13.4,35.7,0.26,1.0,13.39,12.45,9.0,4.0,1.0,0.0,Big Ten,38.0,0.763,10.0,6.0,1002.0,0.459,281.0,0.397,560.0,0.71,445.0,1420.0,482.0,211.0,239.0,406.0,601.0,66.2,112.8,0.361,0.324,0.556,52.5,48.1,8.4,15.5,0.523,13.7,34.3,0.257,1.0,10.67,9.64,13.0,9.0,3.0,0.0,SEC
2011,Elite Eight,2,UNC,4,Kentucky,1,37.0,0.784,14.0,2.0,1044.0,0.451,190.0,0.328,590.0,0.672,525.0,1578.0,573.0,232.0,204.0,493.0,597.0,72.6,106.5,0.379,0.25,0.524,54.0,54.9,8.6,13.3,0.492,15.3,37.1,0.255,1.0,13.0,5.87,21.0,14.0,7.0,2.0,ACC,38.0,0.763,10.0,6.0,1002.0,0.459,281.0,0.397,560.0,0.71,445.0,1420.0,482.0,211.0,239.0,406.0,601.0,66.2,112.8,0.361,0.324,0.556,52.5,48.1,8.4,15.5,0.523,13.7,34.3,0.257,1.0,10.67,9.64,13.0,9.0,3.0,0.0,SEC
2011,Final Four,3,UConn,4,Kentucky,0,41.0,0.78,9.0,9.0,1053.0,0.434,234.0,0.329,627.0,0.763,570.0,1626.0,534.0,259.0,228.0,466.0,646.0,65.1,109.2,0.338,0.293,0.526,52.9,50.7,9.5,13.6,0.482,14.2,38.7,0.258,1.0,9.23,8.72,22.0,13.0,4.0,3.0,Big East,38.0,0.763,10.0,6.0,1002.0,0.459,281.0,0.397,560.0,0.71,445.0,1420.0,482.0,211.0,239.0,406.0,601.0,66.2,112.8,0.361,0.324,0.556,52.5,48.1,8.4,15.5,0.523,13.7,34.3,0.257,1.0,10.67,9.64,13.0,9.0,3.0,0.0,SEC
2011,First Round,8,George Mason,9,Villanova,0,34.0,0.794,16.0,2.0,876.0,0.471,227.0,0.395,495.0,0.689,364.0,1188.0,483.0,224.0,110.0,376.0,581.0,64.3,111.9,0.386,0.308,0.562,51.5,55.1,10.1,8.9,0.532,14.6,32.9,0.266,0.0,6.01,5.65,5.0,1.0,1.0,0.0,CAA,33.0,0.636,9.0,9.0,796.0,0.438,210.0,0.348,582.0,0.757,402.0,1223.0,450.0,208.0,125.0,392.0,578.0,65.7,109.6,0.423,0.332,0.546,53.2,56.5,9.6,10.7,0.495,15.2,35.8,0.32,1.0,8.23,6.82,9.0,4.0,1.0,0.0,Big East
2011,First Round,4,Kentucky,13,Princeton,0,38.0,0.763,10.0,6.0,1002.0,0.459,281.0,0.397,560.0,0.71,445.0,1420.0,482.0,211.0,239.0,406.0,601.0,66.2,112.8,0.361,0.324,0.556,52.5,48.1,8.4,15.5,0.523,13.7,34.3,0.257,1.0,10.67,9.64,13.0,9.0,3.0,0.0,SEC,32.0,0.781,13.0,2.0,788.0,0.465,193.0,0.363,446.0,0.732,315.0,1105.0,427.0,191.0,134.0,389.0,551.0,63.4,107.0,0.359,0.313,0.558,53.1,54.2,9.2,10.7,0.522,16.4,31.5,0.263,0.0,-0.3,4.02,1.0,0.0,0.0,0.0,Ivy
2011,Second Round,4,Kentucky,5,West Virginia,0,38.0,0.763,10.0,6.0,1002.0,0.459,281.0,0.397,560.0,0.71,445.0,1420.0,482.0,211.0,239.0,406.0,601.0,66.2,112.8,0.361,0.324,0.556,52.5,48.1,8.4,15.5,0.523,13.7,34.3,0.257,1.0,10.67,9.64,13.0,9.0,3.0,0.0,SEC,33.0,0.636,11.0,7.0,783.0,0.429,206.0,0.337,531.0,0.711,469.0,1227.0,491.0,154.0,136.0,397.0,598.0,64.0,109.0,0.409,0.335,0.528,52.4,62.7,7.3,11.0,0.485,15.4,40.2,0.291,1.0,5.64,10.51,19.0,6.0,2.0,0.0,Big East
2011,First Round,6,Xavier,11,Marquette,1,32.0,0.75,15.0,1.0,784.0,0.461,173.0,0.329,565.0,0.747,328.0,1130.0,424.0,174.0,98.0,386.0,551.0,65.3,108.7,0.445,0.309,0.56,53.3,54.1,8.2,8.7,0.512,15.8,32.4,0.332,0.0,6.3,5.58,2.0,1.0,0.0,0.0,A-10,37.0,0.595,9.0,9.0,973.0,0.465,191.0,0.349,645.0,0.696,457.0,1329.0,574.0,265.0,134.0,455.0,622.0,68.0,110.2,0.443,0.261,0.549,51.7,59.0,10.5,9.5,0.51,15.2,36.1,0.308,1.0,10.23,4.66,3.0,1.0,0.0,0.0,Big East
2011,Second Round,3,Syracuse,11,Marquette,1,35.0,0.771,12.0,6.0,936.0,0.472,222.0,0.354,474.0,0.665,429.0,1308.0,566.0,304.0,231.0,433.0,544.0,66.0,110.3,0.36,0.317,0.553,52.5,60.5,13.1,18.9,0.528,15.7,36.7,0.239,1.0,9.39,9.45,28.0,15.0,3.0,1.0,Big East,37.0,0.595,9.0,9.0,973.0,0.465,191.0,0.349,645.0,0.696,457.0,1329.0,574.0,265.0,134.0,455.0,622.0,68.0,110.2,0.443,0.261,0.549,51.7,59.0,10.5,9.5,0.51,15.2,36.1,0.308,1.0,10.23,4.66,3.0,1.0,0.0,0.0,Big East
2011,Sweet Sixteen,2,UNC,11,Marquette,0,37.0,0.784,14.0,2.0,1044.0,0.451,190.0,0.328,590.0,0.672,525.0,1578.0,573.0,232.0,204.0,493.0,597.0,72.6,106.5,0.379,0.25,0.524,54.0,54.9,8.6,13.3,0.492,15.3,37.1,0.255,1.0,13.0,5.87,21.0,14.0,7.0,2.0,ACC,37.0,0.595,9.0,9.0,973.0,0.465,191.0,0.349,645.0,0.696,457.0,1329.0,574.0,265.0,134.0,455.0,622.0,68.0,110.2,0.443,0.261,0.549,51.7,59.0,10.5,9.5,0.51,15.2,36.1,0.308,1.0,10.23,4.66,3.0,1.0,0.0,0.0,Big East
2011,First Round,3,Syracuse,14,Indiana State,0,35.0,0.771,12.0,6.0,936.0,0.472,222.0,0.354,474.0,0.665,429.0,1308.0,566.0,304.0,231.0,433.0,544.0,66.0,110.3,0.36,0.317,0.553,52.5,60.5,13.1,18.9,0.528,15.7,36.7,0.239,1.0,9.39,9.45,28.0,15.0,3.0,1.0,Big East,34.0,0.588,12.0,6.0,769.0,0.429,235.0,0.362,480.0,0.71,352.0,1172.0,431.0,212.0,145.0,477.0,684.0,64.8,100.8,0.377,0.362,0.533,50.8,56.0,9.5,12.4,0.494,18.4,30.9,0.268,0.0,-0.19,3.6,1.0,0.0,0.0,0.0,MVC
2011,First Round,7,Washington,10,Georgia,0,35.0,0.686,11.0,7.0,1061.0,0.469,305.0,0.371,480.0,0.674,488.0,1367.0,593.0,234.0,179.0,426.0,718.0,72.0,114.5,0.315,0.363,0.559,52.9,55.9,9.2,12.3,0.537,14.1,37.7,0.212,1.0,18.29,1.83,7.0,3.0,0.0,0.0,Pac-10,33.0,0.636,9.0,7.0,823.0,0.452,156.0,0.342,465.0,0.697,407.0,1243.0,495.0,211.0,162.0,444.0,541.0,64.6,104.0,0.366,0.25,0.53,53.4,60.1,9.7,12.8,0.495,17.2,36.8,0.255,0.0,3.47,6.97,4.0,0.0,0.0,0.0,SEC
2011,First Round,2,UNC,15,LIU,1,37.0,0.784,14.0,2.0,1044.0,0.451,190.0,0.328,590.0,0.672,525.0,1578.0,573.0,232.0,204.0,493.0,597.0,72.6,106.5,0.379,0.25,0.524,54.0,54.9,8.6,13.3,0.492,15.3,37.1,0.255,1.0,13.0,5.87,21.0,14.0,7.0,2.0,ACC,33.0,0.818,16.0,2.0,928.0,0.462,229.0,0.361,645.0,0.646,479.0,1378.0,503.0,246.0,111.0,505.0,580.0,75.3,108.9,0.497,0.316,0.55,52.8,54.2,9.8,7.6,0.519,16.9,37.4,0.321,0.0,11.47,-9.24,1.0,0.0,0.0,0.0,NEC
2011,Second Round,2,UNC,7,Washington,0,37.0,0.784,14.0,2.0,1044.0,0.451,190.0,0.328,590.0,0.672,525.0,1578.0,573.0,232.0,204.0,493.0,597.0,72.6,106.5,0.379,0.25,0.524,54.0,54.9,8.6,13.3,0.492,15.3,37.1,0.255,1.0,13.0,5.87,21.0,14.0,7.0,2.0,ACC,35.0,0.686,11.0,7.0,1061.0,0.469,305.0,0.371,480.0,0.674,488.0,1367.0,593.0,234.0,179.0,426.0,718.0,72.0,114.5,0.315,0.363,0.559,52.9,55.9,9.2,12.3,0.537,14.1,37.7,0.212,1.0,18.29,1.83,7.0,3.0,0.0,0.0,Pac-10
2011,First Round,1,Pitt,16,UNC Asheville,0,34.0,0.824,15.0,3.0,886.0,0.475,202.0,0.395,540.0,0.671,484.0,1359.0,595.0,160.0,111.0,397.0,610.0,63.3,116.3,0.431,0.274,0.559,57.8,67.2,7.4,9.0,0.529,15.0,42.9,0.289,1.0,9.54,11.28,8.0,3.0,0.0,0.0,Big East,34.0,0.588,11.0,7.0,881.0,0.452,168.0,0.326,576.0,0.711,400.0,1213.0,492.0,310.0,152.0,506.0,664.0,70.1,102.9,0.415,0.264,0.537,49.3,55.8,12.7,11.9,0.495,17.8,33.2,0.295,0.0,1.73,-2.42,2.0,0.0,0.0,0.0,Big South
2011,Second Round,1,Pitt,8,Butler,1,34.0,0.824,15.0,3.0,886.0,0.475,202.0,0.395,540.0,0.671,484.0,1359.0,595.0,160.0,111.0,397.0,610.0,63.3,116.3,0.431,0.274,0.559,57.8,67.2,7.4,9.0,0.529,15.0,42.9,0.289,1.0,9.54,11.28,8.0,3.0,0.0,0.0,Big East,38.0,0.737,13.0,5.0,919.0,0.433,289.0,0.352,580.0,0.726,431.0,1337.0,452.0,226.0,61.0,416.0,718.0,64.5,109.0,0.377,0.387,0.541,52.3,49.2,9.1,4.7,0.501,14.3,33.2,0.273,0.0,5.06,6.48,4.0,2.0,2.0,0.0,Horizon
2011,Sweet Sixteen,4,Wisconsin,8,Butler,1,34.0,0.735,13.0,5.0,798.0,0.441,278.0,0.374,436.0,0.818,355.0,1088.0,442.0,121.0,105.0,258.0,522.0,57.3,117.7,0.295,0.412,0.56,51.9,55.4,6.2,9.0,0.518,11.1,32.6,0.241,1.0,4.24,14.52,10.0,4.0,0.0,0.0,Big Ten,38.0,0.737,13.0,5.0,919.0,0.433,289.0,0.352,580.0,0.726,431.0,1337.0,452.0,226.0,61.0,416.0,718.0,64.5,109.0,0.377,0.387,0.541,52.3,49.2,9.1,4.7,0.501,14.3,33.2,0.273,0.0,5.06,6.48,4.0,2.0,2.0,0.0,Horizon
2011,Elite Eight,2,Florida,8,Butler,1,37.0,0.784,13.0,3.0,968.0,0.465,233.0,0.352,498.0,0.669,467.0,1384.0,521.0,221.0,131.0,452.0,545.0,63.9,110.3,0.357,0.317,0.547,54.0,53.8,9.1,9.5,0.521,15.6,37.2,0.239,1.0,7.74,8.53,11.0,5.0,3.0,2.0,SEC,38.0,0.737,13.0,5.0,919.0,0.433,289.0,0.352,580.0,0.726,431.0,1337.0,452.0,226.0,61.0,416.0,718.0,64.5,109.0,0.377,0.387,0.541,52.3,49.2,9.1,4.7,0.501,14.3,33.2,0.273,0.0,5.06,6.48,4.0,2.0,2.0,0.0,Horizon
2011,National Championship,3,UConn,8,Butler,0,41.0,0.78,9.0,9.0,1053.0,0.434,234.0,0.329,627.0,0.763,570.0,1626.0,534.0,259.0,228.0,466.0,646.0,65.1,109.2,0.338,0.293,0.526,52.9,50.7,9.5,13.6,0.482,14.2,38.7,0.258,1.0,9.23,8.72,22.0,13.0,4.0,3.0,Big East,38.0,0.737,13.0,5.0,919.0,0.433,289.0,0.352,580.0,0.726,431.0,1337.0,452.0,226.0,61.0,416.0,718.0,64.5,109.0,0.377,0.387,0.541,52.3,49.2,9.1,4.7,0.501,14.3,33.2,0.273,0.0,5.06,6.48,4.0,2.0,2.0,0.0,Horizon
2011,First Round,8,Butler,9,Old Dominion,0,38.0,0.737,13.0,5.0,919.0,0.433,289.0,0.352,580.0,0.726,431.0,1337.0,452.0,226.0,61.0,416.0,718.0,64.5,109.0,0.377,0.387,0.541,52.3,49.2,9.1,4.7,0.501,14.3,33.2,0.273,0.0,5.06,6.48,4.0,2.0,2.0,0.0,Horizon,34.0,0.794,14.0,4.0,803.0,0.439,166.0,0.329,459.0,0.668,524.0,1355.0,485.0,234.0,146.0,424.0,503.0,60.7,108.1,0.376,0.276,0.518,58.6,60.4,11.3,13.2,0.485,16.4,45.4,0.251,0.0,-1.53,10.56,6.0,0.0,0.0,0.0,CAA
2011,Final Four,8,Butler,11,VCU,0,38.0,0.737,13.0,5.0,919.0,0.433,289.0,0.352,580.0,0.726,431.0,1337.0,452.0,226.0,61.0,416.0,718.0,64.5,109.0,0.377,0.387,0.541,52.3,49.2,9.1,4.7,0.501,14.3,33.2,0.273,0.0,5.06,6.48,4.0,2.0,2.0,0.0,Horizon,40.0,0.7,12.0,6.0,968.0,0.434,339.0,0.37,589.0,0.715,428.0,1292.0,583.0,328.0,140.0,452.0,735.0,65.3,108.3,0.37,0.412,0.547,47.0,60.2,12.4,9.1,0.511,14.7,30.9,0.264,0.0,6.2,2.36,1.0,1.0,1.0,0.0,CAA
2011,Elite Eight,1,Kansas,11,VCU,1,38.0,0.921,14.0,2.0,1114.0,0.508,271.0,0.382,585.0,0.679,449.0,1475.0,674.0,295.0,153.0,507.0,666.0,69.7,116.0,0.393,0.324,0.593,55.7,60.5,11.1,10.7,0.57,16.3,36.7,0.267,1.0,15.48,8.62,13.0,8.0,1.0,1.0,Big 12,40.0,0.7,12.0,6.0,968.0,0.434,339.0,0.37,589.0,0.715,428.0,1292.0,583.0,328.0,140.0,452.0,735.0,65.3,108.3,0.37,0.412,0.547,47.0,60.2,12.4,9.1,0.511,14.7,30.9,0.264,0.0,6.2,2.36,1.0,1.0,1.0,0.0,CAA
2011,First Round,6,Georgetown,11,VCU,1,32.0,0.656,10.0,8.0,809.0,0.475,223.0,0.353,417.0,0.734,324.0,1081.0,481.0,193.0,139.0,433.0,603.0,64.8,108.5,0.334,0.371,0.572,52.0,59.5,9.3,11.2,0.541,18.0,33.7,0.245,0.0,7.15,7.47,7.0,2.0,1.0,0.0,Big East,40.0,0.7,12.0,6.0,968.0,0.434,339.0,0.37,589.0,0.715,428.0,1292.0,583.0,328.0,140.0,452.0,735.0,65.3,108.3,0.37,0.412,0.547,47.0,60.2,12.4,9.1,0.511,14.7,30.9,0.264,0.0,6.2,2.36,1.0,1.0,1.0,0.0,CAA
2011,Second Round,3,Purdue,11,VCU,1,34.0,0.765,14.0,4.0,875.0,0.447,235.0,0.364,481.0,0.715,380.0,1207.0,538.0,211.0,141.0,354.0,605.0,66.0,109.5,0.344,0.33,0.542,51.4,61.5,9.4,10.5,0.507,13.5,32.4,0.246,1.0,9.34,10.02,6.0,2.0,0.0,0.0,Big Ten,40.0,0.7,12.0,6.0,968.0,0.434,339.0,0.37,589.0,0.715,428.0,1292.0,583.0,328.0,140.0,452.0,735.0,65.3,108.3,0.37,0.412,0.547,47.0,60.2,12.4,9.1,0.511,14.7,30.9,0.264,0.0,6.2,2.36,1.0,1.0,1.0,0.0,CAA
2011,Sweet Sixteen,10,Florida State,11,VCU,1,34.0,0.676,11.0,5.0,827.0,0.435,212.0,0.334,482.0,0.665,422.0,1332.0,423.0,288.0,203.0,541.0,651.0,69.3,99.3,0.381,0.333,0.522,53.3,51.1,12.2,17.5,0.49,19.4,35.6,0.253,0.0,3.52,9.97,6.0,2.0,0.0,0.0,ACC,40.0,0.7,12.0,6.0,968.0,0.434,339.0,0.37,589.0,0.715,428.0,1292.0,583.0,328.0,140.0,452.0,735.0,65.3,108.3,0.37,0.412,0.547,47.0,60.2,12.4,9.1,0.511,14.7,30.9,0.264,0.0,6.2,2.36,1.0,1.0,1.0,0.0,CAA
2011,First Round,5,Kansas State,12,Utah State,0,34.0,0.676,10.0,6.0,849.0,0.438,237.0,0.376,542.0,0.655,490.0,1280.0,474.0,208.0,154.0,498.0,692.0,68.8,105.9,0.427,0.325,0.531,54.7,55.8,8.9,12.1,0.499,17.6,40.9,0.28,0.0,7.55,7.04,3.0,1.0,0.0,0.0,Big 12,34.0,0.882,15.0,1.0,840.0,0.47,206.0,0.367,563.0,0.737,363.0,1266.0,500.0,162.0,110.0,402.0,591.0,64.1,111.6,0.427,0.314,0.569,55.7,59.5,7.4,9.2,0.527,15.7,34.5,0.315,0.0,1.88,11.35,9.0,0.0,0.0,0.0,WAC
2011,First Round,4,Wisconsin,13,Belmont,0,34.0,0.735,13.0,5.0,798.0,0.441,278.0,0.374,436.0,0.818,355.0,1088.0,442.0,121.0,105.0,258.0,522.0,57.3,117.7,0.295,0.412,0.56,51.9,55.4,6.2,9.0,0.518,11.1,32.6,0.241,1.0,4.24,14.52,10.0,4.0,0.0,0.0,Big Ten,35.0,0.857,19.0,1.0,944.0,0.462,327.0,0.378,575.0,0.736,451.0,1258.0,575.0,338.0,118.0,480.0,729.0,69.2,114.3,0.382,0.422,0.577,52.5,60.9,13.9,9.7,0.542,16.6,37.4,0.281,0.0,9.39,3.68,4.0,0.0,0.0,0.0,A-Sun
2011,Second Round,4,Wisconsin,5,Kansas State,0,34.0,0.735,13.0,5.0,798.0,0.441,278.0,0.374,436.0,0.818,355.0,1088.0,442.0,121.0,105.0,258.0,522.0,57.3,117.7,0.295,0.412,0.56,51.9,55.4,6.2,9.0,0.518,11.1,32.6,0.241,1.0,4.24,14.52,10.0,4.0,0.0,0.0,Big Ten,34.0,0.676,10.0,6.0,849.0,0.438,237.0,0.376,542.0,0.655,490.0,1280.0,474.0,208.0,154.0,498.0,692.0,68.8,105.9,0.427,0.325,0.531,54.7,55.8,8.9,12.1,0.499,17.6,40.9,0.28,0.0,7.55,7.04,3.0,1.0,0.0,0.0,Big 12
2011,First Round,6,St. John's (NY),11,Gonzaga,1,33.0,0.636,12.0,6.0,807.0,0.455,143.0,0.335,556.0,0.71,354.0,1068.0,417.0,266.0,94.0,408.0,626.0,66.5,105.1,0.442,0.241,0.539,49.5,51.7,12.1,9.2,0.495,16.0,32.5,0.314,0.0,6.41,6.69,7.0,5.0,0.0,0.0,Big East,35.0,0.714,11.0,3.0,932.0,0.479,203.0,0.37,617.0,0.762,398.0,1314.0,542.0,254.0,132.0,474.0,649.0,68.4,111.3,0.416,0.281,0.576,54.8,58.2,10.5,10.5,0.531,16.9,35.4,0.317,0.0,8.59,5.27,12.0,4.0,0.0,0.0,WCC
2011,Second Round,3,BYU,11,Gonzaga,0,37.0,0.865,14.0,2.0,1019.0,0.449,312.0,0.361,662.0,0.765,420.0,1425.0,538.0,298.0,150.0,404.0,647.0,71.1,113.4,0.382,0.382,0.562,51.9,52.8,11.2,9.9,0.518,13.1,31.2,0.292,1.0,15.83,2.82,5.0,1.0,0.0,0.0,MWC,35.0,0.714,11.0,3.0,932.0,0.479,203.0,0.37,617.0,0.762,398.0,1314.0,542.0,254.0,132.0,474.0,649.0,68.4,111.3,0.416,0.281,0.576,54.8,58.2,10.5,10.5,0.531,16.9,35.4,0.317,0.0,8.59,5.27,12.0,4.0,0.0,0.0,WCC
2011,First Round,3,BYU,14,Wofford,0,37.0,0.865,14.0,2.0,1019.0,0.449,312.0,0.361,662.0,0.765,420.0,1425.0,538.0,298.0,150.0,404.0,647.0,71.1,113.4,0.382,0.382,0.562,51.9,52.8,11.2,9.9,0.518,13.1,31.2,0.292,1.0,15.83,2.82,5.0,1.0,0.0,0.0,MWC,34.0,0.618,14.0,4.0,883.0,0.477,197.0,0.4,539.0,0.693,372.0,1108.0,487.0,227.0,86.0,404.0,654.0,64.6,111.3,0.42,0.266,0.563,50.8,55.2,10.1,6.9,0.53,15.4,34.1,0.291,0.0,4.08,0.27,2.0,0.0,0.0,0.0,Southern
2011,First Round,7,UCLA,10,Michigan State,0,34.0,0.676,13.0,5.0,830.0,0.455,173.0,0.327,549.0,0.679,405.0,1265.0,493.0,186.0,198.0,502.0,594.0,66.8,103.8,0.443,0.29,0.539,53.1,59.4,8.1,13.6,0.502,18.5,36.0,0.301,0.0,5.03,6.67,9.0,5.0,3.0,0.0,Pac-10,34.0,0.559,9.0,9.0,817.0,0.431,220.0,0.355,484.0,0.7,407.0,1256.0,509.0,219.0,167.0,454.0,648.0,66.0,103.1,0.365,0.327,0.526,52.9,62.3,9.7,13.1,0.489,17.0,34.5,0.256,0.0,6.14,7.56,14.0,9.0,6.0,1.0,Big Ten
2011,First Round,2,Florida,15,UCSB,0,37.0,0.784,13.0,3.0,968.0,0.465,233.0,0.352,498.0,0.669,467.0,1384.0,521.0,221.0,131.0,452.0,545.0,63.9,110.3,0.357,0.317,0.547,54.0,53.8,9.1,9.5,0.521,15.6,37.2,0.239,1.0,7.74,8.53,11.0,5.0,3.0,2.0,SEC,32.0,0.563,8.0,8.0,742.0,0.454,227.0,0.372,459.0,0.752,277.0,1038.0,457.0,233.0,133.0,456.0,611.0,65.2,102.9,0.373,0.373,0.563,49.6,61.6,11.0,12.2,0.523,19.1,28.4,0.281,0.0,-1.32,2.53,3.0,0.0,0.0,0.0,Big West
2011,Second Round,2,Florida,7,UCLA,0,37.0,0.784,13.0,3.0,968.0,0.465,233.0,0.352,498.0,0.669,467.0,1384.0,521.0,221.0,131.0,452.0,545.0,63.9,110.3,0.357,0.317,0.547,54.0,53.8,9.1,9.5,0.521,15.6,37.2,0.239,1.0,7.74,8.53,11.0,5.0,3.0,2.0,SEC,34.0,0.676,13.0,5.0,830.0,0.455,173.0,0.327,549.0,0.679,405.0,1265.0,493.0,186.0,198.0,502.0,594.0,66.8,103.8,0.443,0.29,0.539,53.1,59.4,8.1,13.6,0.502,18.5,36.0,0.301,0.0,5.03,6.67,9.0,5.0,3.0,0.0,Pac-10
2011,Sweet Sixteen,2,Florida,3,BYU,0,37.0,0.784,13.0,3.0,968.0,0.465,233.0,0.352,498.0,0.669,467.0,1384.0,521.0,221.0,131.0,452.0,545.0,63.9,110.3,0.357,0.317,0.547,54.0,53.8,9.1,9.5,0.521,15.6,37.2,0.239,1.0,7.74,8.53,11.0,5.0,3.0,2.0,SEC,37.0,0.865,14.0,2.0,1019.0,0.449,312.0,0.361,662.0,0.765,420.0,1425.0,538.0,298.0,150.0,404.0,647.0,71.1,113.4,0.382,0.382,0.562,51.9,52.8,11.2,9.9,0.518,13.1,31.2,0.292,1.0,15.83,2.82,5.0,1.0,0.0,0.0,MWC
2011,First Round,1,Kansas,16,Boston University,0,38.0,0.921,14.0,2.0,1114.0,0.508,271.0,0.382,585.0,0.679,449.0,1475.0,674.0,295.0,153.0,507.0,666.0,69.7,116.0,0.393,0.324,0.593,55.7,60.5,11.1,10.7,0.57,16.3,36.7,0.267,1.0,15.48,8.62,13.0,8.0,1.0,1.0,Big 12,35.0,0.6,12.0,4.0,749.0,0.402,265.0,0.355,507.0,0.729,414.0,1249.0,345.0,189.0,129.0,418.0,635.0,62.7,103.0,0.373,0.401,0.517,50.2,46.1,8.6,10.5,0.473,16.0,34.0,0.272,0.0,-3.87,1.39,1.0,0.0,0.0,0.0,AEC
2011,Second Round,1,Kansas,9,Illinois,0,38.0,0.921,14.0,2.0,1114.0,0.508,271.0,0.382,585.0,0.679,449.0,1475.0,674.0,295.0,153.0,507.0,666.0,69.7,116.0,0.393,0.324,0.593,55.7,60.5,11.1,10.7,0.57,16.3,36.7,0.267,1.0,15.48,8.62,13.0,8.0,1.0,1.0,Big 12,34.0,0.588,9.0,9.0,894.0,0.468,232.0,0.387,393.0,0.729,342.0,1178.0,568.0,188.0,152.0,434.0,597.0,66.2,106.8,0.282,0.314,0.557,51.2,63.5,8.3,12.1,0.529,16.7,31.7,0.206,1.0,7.98,8.74,8.0,3.0,1.0,0.0,Big Ten
2011,First Round,8,UNLV,9,Illinois,1,33.0,0.727,11.0,5.0,842.0,0.459,184.0,0.33,495.0,0.689,368.0,1151.0,509.0,268.0,124.0,414.0,635.0,67.3,106.0,0.391,0.304,0.543,51.0,60.5,12.0,10.7,0.509,16.0,33.1,0.27,0.0,6.84,7.82,13.0,3.0,1.0,0.0,MWC,34.0,0.588,9.0,9.0,894.0,0.468,232.0,0.387,393.0,0.729,342.0,1178.0,568.0,188.0,152.0,434.0,597.0,66.2,106.8,0.282,0.314,0.557,51.2,63.5,8.3,12.1,0.529,16.7,31.7,0.206,1.0,7.98,8.74,8.0,3.0,1.0,0.0,Big Ten
2011,Sweet Sixteen,1,Kansas,12,Richmond,0,38.0,0.921,14.0,2.0,1114.0,0.508,271.0,0.382,585.0,0.679,449.0,1475.0,674.0,295.0,153.0,507.0,666.0,69.7,116.0,0.393,0.324,0.593,55.7,60.5,11.1,10.7,0.57,16.3,36.7,0.267,1.0,15.48,8.62,13.0,8.0,1.0,1.0,Big 12,37.0,0.784,13.0,3.0,922.0,0.459,287.0,0.39,446.0,0.687,344.0,1222.0,548.0,220.0,155.0,383.0,587.0,63.2,109.5,0.323,0.366,0.557,48.5,59.4,9.3,10.8,0.531,14.2,28.6,0.222,0.0,2.85,8.38,2.0,1.0,0.0,0.0,A-10
2011,First Round,5,Vanderbilt,12,Richmond,1,34.0,0.676,9.0,7.0,848.0,0.458,263.0,0.371,622.0,0.743,370.0,1255.0,454.0,175.0,162.0,441.0,552.0,67.6,111.1,0.452,0.382,0.573,51.7,53.5,7.5,11.5,0.529,16.4,32.9,0.336,1.0,11.12,3.97,7.0,2.0,0.0,0.0,SEC,37.0,0.784,13.0,3.0,922.0,0.459,287.0,0.39,446.0,0.687,344.0,1222.0,548.0,220.0,155.0,383.0,587.0,63.2,109.5,0.323,0.366,0.557,48.5,59.4,9.3,10.8,0.531,14.2,28.6,0.222,0.0,2.85,8.38,2.0,1.0,0.0,0.0,A-10
2011,First Round,4,Louisville,13,Morehead State,1,35.0,0.714,12.0,6.0,949.0,0.453,309.0,0.362,416.0,0.663,434.0,1272.0,608.0,327.0,175.0,459.0,671.0,67.8,108.6,0.299,0.407,0.548,50.1,64.1,13.5,13.5,0.526,16.1,34.8,0.198,1.0,10.42,8.18,16.0,9.0,5.0,1.0,Big East,35.0,0.714,13.0,5.0,851.0,0.454,204.0,0.339,506.0,0.674,484.0,1311.0,424.0,300.0,110.0,525.0,653.0,64.3,106.2,0.401,0.321,0.541,56.9,49.8,13.2,10.2,0.509,19.1,41.6,0.27,0.0,-1.68,4.49,2.0,0.0,0.0,0.0,OVC
2011,Second Round,12,Richmond,13,Morehead State,0,37.0,0.784,13.0,3.0,922.0,0.459,287.0,0.39,446.0,0.687,344.0,1222.0,548.0,220.0,155.0,383.0,587.0,63.2,109.5,0.323,0.366,0.557,48.5,59.4,9.3,10.8,0.531,14.2,28.6,0.222,0.0,2.85,8.38,2.0,1.0,0.0,0.0,A-10,35.0,0.714,13.0,5.0,851.0,0.454,204.0,0.339,506.0,0.674,484.0,1311.0,424.0,300.0,110.0,525.0,653.0,64.3,106.2,0.401,0.321,0.541,56.9,49.8,13.2,10.2,0.509,19.1,41.6,0.27,0.0,-1.68,4.49,2.0,0.0,0.0,0.0,OVC
2011,First Round,3,Purdue,14,St. Peter's,0,34.0,0.765,14.0,4.0,875.0,0.447,235.0,0.364,481.0,0.715,380.0,1207.0,538.0,211.0,141.0,354.0,605.0,66.0,109.5,0.344,0.33,0.542,51.4,61.5,9.4,10.5,0.507,13.5,32.4,0.246,1.0,9.34,10.02,6.0,2.0,0.0,0.0,Big Ten,34.0,0.588,11.0,7.0,713.0,0.4,197.0,0.344,446.0,0.644,384.0,1209.0,383.0,263.0,154.0,511.0,662.0,65.5,92.5,0.389,0.322,0.49,49.3,53.7,11.8,12.4,0.455,19.5,32.1,0.25,0.0,-8.05,7.77,1.0,0.0,0.0,0.0,MAAC
2011,First Round,7,Texas A&M,10,Florida State,1,33.0,0.727,10.0,6.0,758.0,0.441,181.0,0.339,557.0,0.697,412.0,1193.0,444.0,215.0,51.0,426.0,602.0,63.1,106.6,0.465,0.311,0.537,54.7,58.6,10.2,4.5,0.494,16.9,38.2,0.324,0.0,2.24,10.38,5.0,1.0,0.0,0.0,Big 12,34.0,0.676,11.0,5.0,827.0,0.435,212.0,0.334,482.0,0.665,422.0,1332.0,423.0,288.0,203.0,541.0,651.0,69.3,99.3,0.381,0.333,0.522,53.3,51.1,12.2,17.5,0.49,19.4,35.6,0.253,0.0,3.52,9.97,6.0,2.0,0.0,0.0,ACC
2011,Second Round,2,Notre Dame,10,Florida State,1,34.0,0.794,14.0,4.0,843.0,0.46,273.0,0.386,599.0,0.724,371.0,1261.0,563.0,156.0,128.0,364.0,517.0,64.3,115.3,0.451,0.386,0.575,53.2,66.8,7.0,9.6,0.535,14.1,33.4,0.327,1.0,11.1,7.07,9.0,1.0,0.0,0.0,Big East,34.0,0.676,11.0,5.0,827.0,0.435,212.0,0.334,482.0,0.665,422.0,1332.0,423.0,288.0,203.0,541.0,651.0,69.3,99.3,0.381,0.333,0.522,53.3,51.1,12.2,17.5,0.49,19.4,35.6,0.253,0.0,3.52,9.97,6.0,2.0,0.0,0.0,ACC
2011,First Round,2,Notre Dame,15,Akron,0,34.0,0.794,14.0,4.0,843.0,0.46,273.0,0.386,599.0,0.724,371.0,1261.0,563.0,156.0,128.0,364.0,517.0,64.3,115.3,0.451,0.386,0.575,53.2,66.8,7.0,9.6,0.535,14.1,33.4,0.327,1.0,11.1,7.07,9.0,1.0,0.0,0.0,Big East,36.0,0.639,9.0,7.0,892.0,0.43,283.0,0.361,457.0,0.704,363.0,1238.0,520.0,240.0,129.0,432.0,692.0,67.0,102.9,0.313,0.379,0.53,47.9,58.3,9.8,9.2,0.499,15.4,28.3,0.22,0.0,0.77,1.37,2.0,0.0,0.0,0.0,MAC
2011,First Round,1,Duke,16,Hampton,0,37.0,0.865,13.0,3.0,1040.0,0.471,291.0,0.374,622.0,0.753,446.0,1399.0,529.0,269.0,162.0,447.0,657.0,70.2,115.2,0.374,0.353,0.576,51.9,50.9,10.4,9.7,0.537,14.7,35.1,0.282,1.0,16.55,7.95,27.0,20.0,11.0,4.0,ACC,33.0,0.727,11.0,5.0,746.0,0.405,213.0,0.324,492.0,0.648,367.0,1170.0,387.0,241.0,185.0,412.0,604.0,67.3,97.5,0.412,0.357,0.499,47.0,51.9,10.7,14.2,0.463,15.8,29.7,0.267,0.0,-6.55,1.35,1.0,0.0,0.0,0.0,MEAC
2011,Second Round,1,Duke,8,Michigan,0,37.0,0.865,13.0,3.0,1040.0,0.471,291.0,0.374,622.0,0.753,446.0,1399.0,529.0,269.0,162.0,447.0,657.0,70.2,115.2,0.374,0.353,0.576,51.9,50.9,10.4,9.7,0.537,14.7,35.1,0.282,1.0,16.55,7.95,27.0,20.0,11.0,4.0,ACC,35.0,0.6,9.0,9.0,847.0,0.448,283.0,0.352,351.0,0.699,289.0,1115.0,480.0,168.0,69.0,351.0,587.0,62.1,106.3,0.266,0.426,0.547,48.6,56.7,7.7,6.0,0.523,14.2,25.5,0.186,0.0,3.14,11.07,6.0,2.0,0.0,0.0,Big Ten
2011,Sweet Sixteen,1,Duke,5,Arizona,1,37.0,0.865,13.0,3.0,1040.0,0.471,291.0,0.374,622.0,0.753,446.0,1399.0,529.0,269.0,162.0,447.0,657.0,70.2,115.2,0.374,0.353,0.576,51.9,50.9,10.4,9.7,0.537,14.7,35.1,0.282,1.0,16.55,7.95,27.0,20.0,11.0,4.0,ACC,38.0,0.789,14.0,4.0,969.0,0.469,296.0,0.397,671.0,0.746,408.0,1319.0,536.0,197.0,98.0,484.0,707.0,66.9,112.8,0.436,0.361,0.583,53.1,55.3,7.7,6.5,0.541,16.3,34.0,0.325,1.0,11.12,5.42,5.0,3.0,0.0,0.0,Pac-10
2011,Second Round,4,Texas,5,Arizona,1,36.0,0.778,13.0,3.0,954.0,0.455,201.0,0.376,592.0,0.654,494.0,1452.0,485.0,207.0,183.0,425.0,616.0,67.8,109.9,0.431,0.255,0.534,54.3,50.8,8.4,11.7,0.502,14.4,38.2,0.282,1.0,9.52,11.3,19.0,6.0,1.0,0.0,Big 12,38.0,0.789,14.0,4.0,969.0,0.469,296.0,0.397,671.0,0.746,408.0,1319.0,536.0,197.0,98.0,484.0,707.0,66.9,112.8,0.436,0.361,0.583,53.1,55.3,7.7,6.5,0.541,16.3,34.0,0.325,1.0,11.12,5.42,5.0,3.0,0.0,0.0,Pac-10
2011,Elite Eight,3,UConn,5,Arizona,0,41.0,0.78,9.0,9.0,1053.0,0.434,234.0,0.329,627.0,0.763,570.0,1626.0,534.0,259.0,228.0,466.0,646.0,65.1,109.2,0.338,0.293,0.526,52.9,50.7,9.5,13.6,0.482,14.2,38.7,0.258,1.0,9.23,8.72,22.0,13.0,4.0,3.0,Big East,38.0,0.789,14.0,4.0,969.0,0.469,296.0,0.397,671.0,0.746,408.0,1319.0,536.0,197.0,98.0,484.0,707.0,66.9,112.8,0.436,0.361,0.583,53.1,55.3,7.7,6.5,0.541,16.3,34.0,0.325,1.0,11.12,5.42,5.0,3.0,0.0,0.0,Pac-10
2011,First Round,8,Michigan,9,Tennessee,0,35.0,0.6,9.0,9.0,847.0,0.448,283.0,0.352,351.0,0.699,289.0,1115.0,480.0,168.0,69.0,351.0,587.0,62.1,106.3,0.266,0.426,0.547,48.6,56.7,7.7,6.0,0.523,14.2,25.5,0.186,0.0,3.14,11.07,6.0,2.0,0.0,0.0,Big Ten,34.0,0.559,8.0,8.0,837.0,0.431,175.0,0.3,527.0,0.684,464.0,1279.0,443.0,250.0,126.0,454.0,662.0,67.1,103.3,0.397,0.3,0.515,52.6,52.9,10.9,10.6,0.476,16.4,37.8,0.272,0.0,5.2,5.89,8.0,4.0,0.0,0.0,SEC
2011,First Round,5,Arizona,12,Memphis,0,38.0,0.789,14.0,4.0,969.0,0.469,296.0,0.397,671.0,0.746,408.0,1319.0,536.0,197.0,98.0,484.0,707.0,66.9,112.8,0.436,0.361,0.583,53.1,55.3,7.7,6.5,0.541,16.3,34.0,0.325,1.0,11.12,5.42,5.0,3.0,0.0,0.0,Pac-10,35.0,0.714,10.0,6.0,891.0,0.451,210.0,0.329,532.0,0.68,421.0,1246.0,512.0,297.0,183.0,535.0,712.0,69.1,103.2,0.396,0.324,0.538,50.6,57.5,12.1,13.4,0.504,18.6,35.3,0.269,0.0,4.94,1.97,1.0,0.0,0.0,0.0,CUSA
2011,First Round,4,Texas,13,Oakland,0,36.0,0.778,13.0,3.0,954.0,0.455,201.0,0.376,592.0,0.654,494.0,1452.0,485.0,207.0,183.0,425.0,616.0,67.8,109.9,0.431,0.255,0.534,54.3,50.8,8.4,11.7,0.502,14.4,38.2,0.282,1.0,9.52,11.3,19.0,6.0,1.0,0.0,Big 12,35.0,0.714,17.0,1.0,1052.0,0.492,287.0,0.374,601.0,0.721,451.0,1366.0,568.0,216.0,192.0,473.0,644.0,72.4,117.6,0.39,0.359,0.591,53.4,54.0,8.5,12.2,0.559,15.7,37.2,0.281,0.0,15.9,-7.62,3.0,0.0,0.0,0.0,Summit
2011,First Round,6,Cincinnati,11,Missouri,0,35.0,0.743,11.0,7.0,848.0,0.437,220.0,0.338,496.0,0.668,454.0,1237.0,497.0,258.0,129.0,401.0,605.0,63.6,107.9,0.383,0.336,0.526,53.2,58.6,11.5,10.2,0.494,14.9,38.1,0.256,1.0,3.69,11.72,3.0,0.0,0.0,0.0,Big East,34.0,0.676,8.0,8.0,983.0,0.458,245.0,0.366,537.0,0.739,425.0,1197.0,558.0,329.0,171.0,431.0,689.0,72.5,110.3,0.339,0.312,0.552,48.6,56.8,13.2,12.5,0.515,14.8,33.9,0.25,0.0,14.73,0.04,6.0,2.0,0.0,0.0,Big 12
2011,First Round,3,UConn,14,Bucknell,0,41.0,0.78,9.0,9.0,1053.0,0.434,234.0,0.329,627.0,0.763,570.0,1626.0,534.0,259.0,228.0,466.0,646.0,65.1,109.2,0.338,0.293,0.526,52.9,50.7,9.5,13.6,0.482,14.2,38.7,0.258,1.0,9.23,8.72,22.0,13.0,4.0,3.0,Big East,34.0,0.735,13.0,1.0,827.0,0.446,234.0,0.4,499.0,0.788,270.0,1149.0,491.0,160.0,106.0,380.0,612.0,66.1,105.9,0.341,0.315,0.554,49.7,59.4,7.1,8.9,0.509,15.0,25.2,0.269,0.0,-1.02,3.42,1.0,0.0,0.0,0.0,Patriot
2011,Second Round,3,UConn,6,Cincinnati,0,41.0,0.78,9.0,9.0,1053.0,0.434,234.0,0.329,627.0,0.763,570.0,1626.0,534.0,259.0,228.0,466.0,646.0,65.1,109.2,0.338,0.293,0.526,52.9,50.7,9.5,13.6,0.482,14.2,38.7,0.258,1.0,9.23,8.72,22.0,13.0,4.0,3.0,Big East,35.0,0.743,11.0,7.0,848.0,0.437,220.0,0.338,496.0,0.668,454.0,1237.0,497.0,258.0,129.0,401.0,605.0,63.6,107.9,0.383,0.336,0.526,53.2,58.6,11.5,10.2,0.494,14.9,38.1,0.256,1.0,3.69,11.72,3.0,0.0,0.0,0.0,Big East
2011,First Round,7,Temple,10,Penn State,0,34.0,0.765,14.0,2.0,868.0,0.447,206.0,0.353,458.0,0.698,374.0,1218.0,511.0,231.0,156.0,368.0,538.0,65.5,106.6,0.338,0.3,0.532,51.8,58.9,10.3,11.3,0.5,14.0,32.1,0.236,0.0,3.97,8.38,13.0,0.0,0.0,0.0,A-10,34.0,0.559,9.0,9.0,767.0,0.439,216.0,0.339,394.0,0.724,337.0,1068.0,413.0,151.0,82.0,358.0,530.0,59.8,105.5,0.311,0.365,0.534,51.0,53.8,7.4,7.4,0.501,15.1,32.2,0.225,0.0,0.94,11.04,2.0,0.0,0.0,0.0,Big Ten
2011,First Round,2,San Diego State,15,Northern Colorado,0,37.0,0.919,14.0,2.0,991.0,0.463,223.0,0.349,455.0,0.697,472.0,1396.0,499.0,227.0,170.0,402.0,542.0,63.7,112.0,0.305,0.298,0.543,54.9,50.4,9.6,12.0,0.515,14.1,38.2,0.213,1.0,5.28,12.68,11.0,5.0,3.0,1.0,MWC,32.0,0.656,13.0,3.0,731.0,0.428,254.0,0.387,571.0,0.77,376.0,1150.0,371.0,191.0,62.0,454.0,609.0,66.8,107.0,0.434,0.385,0.555,53.6,50.8,8.9,6.4,0.502,18.1,35.3,0.334,0.0,1.69,-0.3,1.0,0.0,0.0,0.0,Big Sky
2011,Second Round,2,San Diego State,7,Temple,0,37.0,0.919,14.0,2.0,991.0,0.463,223.0,0.349,455.0,0.697,472.0,1396.0,499.0,227.0,170.0,402.0,542.0,63.7,112.0,0.305,0.298,0.543,54.9,50.4,9.6,12.0,0.515,14.1,38.2,0.213,1.0,5.28,12.68,11.0,5.0,3.0,1.0,MWC,34.0,0.765,14.0,2.0,868.0,0.447,206.0,0.353,458.0,0.698,374.0,1218.0,511.0,231.0,156.0,368.0,538.0,65.5,106.6,0.338,0.3,0.532,51.8,58.9,10.3,11.3,0.5,14.0,32.1,0.236,0.0,3.97,8.38,13.0,0.0,0.0,0.0,A-10
2011,Sweet Sixteen,2,San Diego State,3,UConn,1,37.0,0.919,14.0,2.0,991.0,0.463,223.0,0.349,455.0,0.697,472.0,1396.0,499.0,227.0,170.0,402.0,542.0,63.7,112.0,0.305,0.298,0.543,54.9,50.4,9.6,12.0,0.515,14.1,38.2,0.213,1.0,5.28,12.68,11.0,5.0,3.0,1.0,MWC,41.0,0.78,9.0,9.0,1053.0,0.434,234.0,0.329,627.0,0.763,570.0,1626.0,534.0,259.0,228.0,466.0,646.0,65.1,109.2,0.338,0.293,0.526,52.9,50.7,9.5,13.6,0.482,14.2,38.7,0.258,1.0,9.23,8.72,22.0,13.0,4.0,3.0,Big East
2012,Play-In,12,California,12,South Florida,1,34.0,0.706,13.0,5.0,893.0,0.476,156.0,0.363,477.0,0.744,341.0,1095.0,540.0,159.0,106.0,411.0,489.0,66.3,107.3,0.341,0.229,0.554,51.4,60.5,7.1,8.0,0.517,15.8,32.1,0.254,0.0,6.47,7.33,15.0,3.0,1.0,0.0,Pac-12,36.0,0.611,12.0,6.0,772.0,0.437,169.0,0.316,421.0,0.705,374.0,1115.0,423.0,200.0,137.0,485.0,552.0,59.7,98.6,0.338,0.303,0.521,50.5,54.8,9.2,10.8,0.485,19.1,34.2,0.239,0.0,-5.08,14.28,4.0,1.0,0.0,0.0,Big East
2012,First Round,5,Temple,12,South Florida,1,32.0,0.75,13.0,3.0,861.0,0.469,228.0,0.397,451.0,0.719,333.0,1019.0,493.0,230.0,134.0,401.0,567.0,67.6,108.8,0.342,0.313,0.563,48.4,57.3,10.4,10.1,0.531,15.8,31.5,0.246,0.0,9.09,1.35,14.0,0.0,0.0,0.0,A-10,36.0,0.611,12.0,6.0,772.0,0.437,169.0,0.316,421.0,0.705,374.0,1115.0,423.0,200.0,137.0,485.0,552.0,59.7,98.6,0.338,0.303,0.521,50.5,54.8,9.2,10.8,0.485,19.1,34.2,0.239,0.0,-5.08,14.28,4.0,1.0,0.0,0.0,Big East
2012,Play-In,16,Vermont,16,Lamar,0,36.0,0.667,13.0,3.0,848.0,0.443,191.0,0.34,528.0,0.739,401.0,1166.0,475.0,221.0,86.0,445.0,627.0,63.2,105.0,0.373,0.293,0.536,50.2,56.0,9.6,6.5,0.493,16.5,34.3,0.276,0.0,-2.16,3.13,1.0,0.0,0.0,0.0,AEC,35.0,0.657,11.0,5.0,902.0,0.432,153.0,0.337,616.0,0.72,497.0,1288.0,448.0,283.0,154.0,418.0,604.0,68.7,106.6,0.41,0.218,0.516,51.7,49.7,11.7,10.5,0.469,14.4,37.8,0.295,0.0,3.04,-0.63,1.0,0.0,0.0,0.0,Southland
2012,Play-In,14,Iona,14,BYU,1,33.0,0.758,15.0,3.0,1021.0,0.502,254.0,0.387,440.0,0.713,353.0,1042.0,638.0,241.0,71.0,414.0,559.0,71.4,114.8,0.303,0.323,0.588,48.1,62.5,10.1,5.5,0.565,15.1,32.1,0.216,0.0,14.07,-5.7,1.0,0.0,0.0,0.0,MAAC,35.0,0.743,12.0,4.0,977.0,0.465,233.0,0.343,540.0,0.7,381.0,1223.0,599.0,296.0,154.0,473.0,637.0,73.0,106.7,0.367,0.323,0.553,50.2,61.3,11.6,11.9,0.521,16.1,30.6,0.257,0.0,10.45,0.8,6.0,1.0,0.0,0.0,WCC
2012,First Round,3,Marquette,14,BYU,0,35.0,0.771,14.0,4.0,919.0,0.452,201.0,0.337,599.0,0.721,414.0,1149.0,580.0,304.0,122.0,461.0,620.0,70.7,106.6,0.409,0.293,0.543,47.4,63.1,12.3,8.8,0.501,16.0,33.9,0.295,1.0,12.11,4.82,4.0,2.0,0.0,0.0,Big East,35.0,0.743,12.0,4.0,977.0,0.465,233.0,0.343,540.0,0.7,381.0,1223.0,599.0,296.0,154.0,473.0,637.0,73.0,106.7,0.367,0.323,0.553,50.2,61.3,11.6,11.9,0.521,16.1,30.6,0.257,0.0,10.45,0.8,6.0,1.0,0.0,0.0,WCC
2012,Play-In,16,Mississippi Valley State,16,Western Kentucky,1,34.0,0.618,17.0,1.0,812.0,0.401,252.0,0.324,456.0,0.644,460.0,1156.0,451.0,300.0,87.0,511.0,698.0,70.0,96.9,0.35,0.384,0.494,47.4,55.5,12.5,7.0,0.463,17.8,33.9,0.225,0.0,-1.06,-6.97,1.0,0.0,0.0,0.0,SWAC,35.0,0.457,7.0,9.0,769.0,0.394,195.0,0.306,539.0,0.687,449.0,1173.0,385.0,195.0,146.0,534.0,691.0,68.4,94.2,0.402,0.327,0.489,48.1,50.1,8.1,10.1,0.444,18.7,34.1,0.276,0.0,-1.68,-0.98,1.0,0.0,0.0,0.0,Sun Belt
2012,First Round,1,Kentucky,16,Western Kentucky,0,40.0,0.95,16.0,0.0,1096.0,0.488,225.0,0.378,678.0,0.723,472.0,1445.0,531.0,242.0,344.0,445.0,593.0,66.4,116.5,0.417,0.265,0.575,52.9,48.4,9.1,20.4,0.538,14.2,37.1,0.302,1.0,13.97,10.75,14.0,10.0,4.0,1.0,SEC,35.0,0.457,7.0,9.0,769.0,0.394,195.0,0.306,539.0,0.687,449.0,1173.0,385.0,195.0,146.0,534.0,691.0,68.4,94.2,0.402,0.327,0.489,48.1,50.1,8.1,10.1,0.444,18.7,34.1,0.276,0.0,-1.68,-0.98,1.0,0.0,0.0,0.0,Sun Belt
2012,First Round,1,UNC,16,Vermont,0,38.0,0.842,14.0,2.0,1134.0,0.459,194.0,0.334,629.0,0.682,570.0,1592.0,659.0,259.0,219.0,447.0,551.0,72.8,111.3,0.373,0.235,0.531,54.8,58.1,9.3,14.0,0.498,13.3,39.1,0.254,1.0,17.03,4.3,22.0,15.0,7.0,2.0,ACC,36.0,0.667,13.0,3.0,848.0,0.443,191.0,0.34,528.0,0.739,401.0,1166.0,475.0,221.0,86.0,445.0,627.0,63.2,105.0,0.373,0.293,0.536,50.2,56.0,9.6,6.5,0.493,16.5,34.3,0.276,0.0,-2.16,3.13,1.0,0.0,0.0,0.0,AEC
2012,Second Round,1,UNC,8,Creighton,0,38.0,0.842,14.0,2.0,1134.0,0.459,194.0,0.334,629.0,0.682,570.0,1592.0,659.0,259.0,219.0,447.0,551.0,72.8,111.3,0.373,0.235,0.531,54.8,58.1,9.3,14.0,0.498,13.3,39.1,0.254,1.0,17.03,4.3,22.0,15.0,7.0,2.0,ACC,35.0,0.829,14.0,4.0,975.0,0.504,287.0,0.424,535.0,0.726,330.0,1163.0,616.0,169.0,82.0,421.0,592.0,67.3,116.9,0.381,0.35,0.607,52.1,63.2,7.1,5.8,0.578,15.6,30.8,0.276,0.0,13.18,-0.26,4.0,0.0,0.0,0.0,MVC
2012,Sweet Sixteen,1,UNC,13,Ohio,0,38.0,0.842,14.0,2.0,1134.0,0.459,194.0,0.334,629.0,0.682,570.0,1592.0,659.0,259.0,219.0,447.0,551.0,72.8,111.3,0.373,0.235,0.531,54.8,58.1,9.3,14.0,0.498,13.3,39.1,0.254,1.0,17.03,4.3,22.0,15.0,7.0,2.0,ACC,37.0,0.784,11.0,5.0,901.0,0.428,278.0,0.344,517.0,0.69,451.0,1136.0,488.0,347.0,103.0,481.0,723.0,66.8,104.4,0.355,0.384,0.527,46.7,54.2,14.0,8.5,0.494,16.3,33.9,0.245,0.0,2.7,4.46,2.0,1.0,0.0,0.0,MAC
2012,First Round,4,Michigan,13,Ohio,1,34.0,0.706,13.0,5.0,808.0,0.455,276.0,0.35,363.0,0.722,291.0,967.0,431.0,168.0,72.0,370.0,530.0,61.2,107.2,0.283,0.443,0.559,47.3,53.3,8.0,6.1,0.532,15.5,28.0,0.204,0.0,3.87,9.32,7.0,2.0,0.0,0.0,Big Ten,37.0,0.784,11.0,5.0,901.0,0.428,278.0,0.344,517.0,0.69,451.0,1136.0,488.0,347.0,103.0,481.0,723.0,66.8,104.4,0.355,0.384,0.527,46.7,54.2,14.0,8.5,0.494,16.3,33.9,0.245,0.0,2.7,4.46,2.0,1.0,0.0,0.0,MAC
2012,Second Round,12,South Florida,13,Ohio,1,36.0,0.611,12.0,6.0,772.0,0.437,169.0,0.316,421.0,0.705,374.0,1115.0,423.0,200.0,137.0,485.0,552.0,59.7,98.6,0.338,0.303,0.521,50.5,54.8,9.2,10.8,0.485,19.1,34.2,0.239,0.0,-5.08,14.28,4.0,1.0,0.0,0.0,Big East,37.0,0.784,11.0,5.0,901.0,0.428,278.0,0.344,517.0,0.69,451.0,1136.0,488.0,347.0,103.0,481.0,723.0,66.8,104.4,0.355,0.384,0.527,46.7,54.2,14.0,8.5,0.494,16.3,33.9,0.245,0.0,2.7,4.46,2.0,1.0,0.0,0.0,MAC
2012,Elite Eight,1,UNC,2,Kansas,1,38.0,0.842,14.0,2.0,1134.0,0.459,194.0,0.334,629.0,0.682,570.0,1592.0,659.0,259.0,219.0,447.0,551.0,72.8,111.3,0.373,0.235,0.531,54.8,58.1,9.3,14.0,0.498,13.3,39.1,0.254,1.0,17.03,4.3,22.0,15.0,7.0,2.0,ACC,39.0,0.821,16.0,2.0,1023.0,0.472,222.0,0.345,597.0,0.692,449.0,1368.0,587.0,285.0,222.0,506.0,678.0,67.3,108.8,0.398,0.296,0.556,52.1,57.4,10.8,15.0,0.523,16.4,34.9,0.275,1.0,11.17,10.55,14.0,9.0,2.0,1.0,Big 12
2012,National Championship,1,Kentucky,2,Kansas,0,40.0,0.95,16.0,0.0,1096.0,0.488,225.0,0.378,678.0,0.723,472.0,1445.0,531.0,242.0,344.0,445.0,593.0,66.4,116.5,0.417,0.265,0.575,52.9,48.4,9.1,20.4,0.538,14.2,37.1,0.302,1.0,13.97,10.75,14.0,10.0,4.0,1.0,SEC,39.0,0.821,16.0,2.0,1023.0,0.472,222.0,0.345,597.0,0.692,449.0,1368.0,587.0,285.0,222.0,506.0,678.0,67.3,108.8,0.398,0.296,0.556,52.1,57.4,10.8,15.0,0.523,16.4,34.9,0.275,1.0,11.17,10.55,14.0,9.0,2.0,1.0,Big 12
2012,First Round,8,Creighton,9,Alabama,0,35.0,0.829,14.0,4.0,975.0,0.504,287.0,0.424,535.0,0.726,330.0,1163.0,616.0,169.0,82.0,421.0,592.0,67.3,116.9,0.381,0.35,0.607,52.1,63.2,7.1,5.8,0.578,15.6,30.8,0.276,0.0,13.18,-0.26,4.0,0.0,0.0,0.0,MVC,33.0,0.636,9.0,7.0,778.0,0.452,136.0,0.289,443.0,0.711,352.0,1066.0,402.0,239.0,137.0,423.0,607.0,62.9,102.2,0.362,0.273,0.529,49.9,51.7,11.4,12.0,0.491,17.3,33.5,0.257,0.0,0.16,13.6,3.0,0.0,0.0,0.0,SEC
2012,First Round,6,San Diego State,11,NC State,1,34.0,0.765,10.0,4.0,863.0,0.453,197.0,0.341,493.0,0.701,360.0,1153.0,417.0,189.0,79.0,426.0,543.0,66.6,105.1,0.369,0.304,0.54,51.1,48.3,8.2,6.4,0.505,16.0,31.5,0.259,0.0,4.59,4.46,12.0,5.0,3.0,1.0,MWC,37.0,0.649,9.0,7.0,977.0,0.458,198.0,0.355,545.0,0.704,456.0,1281.0,577.0,249.0,150.0,470.0,623.0,67.7,107.3,0.363,0.261,0.539,51.0,59.1,9.9,10.5,0.504,15.8,35.8,0.255,0.0,9.17,2.94,8.0,2.0,0.0,0.0,ACC
2012,Second Round,3,Georgetown,11,NC State,1,33.0,0.727,12.0,6.0,811.0,0.465,186.0,0.347,470.0,0.698,367.0,1108.0,451.0,200.0,156.0,417.0,578.0,63.3,107.4,0.386,0.308,0.552,52.1,55.6,9.4,13.2,0.519,16.8,35.8,0.27,1.0,4.49,12.32,8.0,2.0,1.0,0.0,Big East,37.0,0.649,9.0,7.0,977.0,0.458,198.0,0.355,545.0,0.704,456.0,1281.0,577.0,249.0,150.0,470.0,623.0,67.7,107.3,0.363,0.261,0.539,51.0,59.1,9.9,10.5,0.504,15.8,35.8,0.255,0.0,9.17,2.94,8.0,2.0,0.0,0.0,ACC
2012,Sweet Sixteen,2,Kansas,11,NC State,0,39.0,0.821,16.0,2.0,1023.0,0.472,222.0,0.345,597.0,0.692,449.0,1368.0,587.0,285.0,222.0,506.0,678.0,67.3,108.8,0.398,0.296,0.556,52.1,57.4,10.8,15.0,0.523,16.4,34.9,0.275,1.0,11.17,10.55,14.0,9.0,2.0,1.0,Big 12,37.0,0.649,9.0,7.0,977.0,0.458,198.0,0.355,545.0,0.704,456.0,1281.0,577.0,249.0,150.0,470.0,623.0,67.7,107.3,0.363,0.261,0.539,51.0,59.1,9.9,10.5,0.504,15.8,35.8,0.255,0.0,9.17,2.94,8.0,2.0,0.0,0.0,ACC
2012,First Round,3,Georgetown,14,Belmont,0,33.0,0.727,12.0,6.0,811.0,0.465,186.0,0.347,470.0,0.698,367.0,1108.0,451.0,200.0,156.0,417.0,578.0,63.3,107.4,0.386,0.308,0.552,52.1,55.6,9.4,13.2,0.519,16.8,35.8,0.27,1.0,4.49,12.32,8.0,2.0,1.0,0.0,Big East,35.0,0.771,16.0,2.0,975.0,0.481,309.0,0.378,572.0,0.734,401.0,1151.0,606.0,255.0,78.0,430.0,631.0,68.7,117.0,0.385,0.403,0.591,49.7,62.2,10.5,5.7,0.558,15.2,34.5,0.282,0.0,11.7,0.12,5.0,0.0,0.0,0.0,A-Sun
2012,First Round,7,Saint Mary's,10,Purdue,1,33.0,0.818,14.0,2.0,857.0,0.473,245.0,0.344,508.0,0.729,378.0,1152.0,520.0,227.0,102.0,383.0,527.0,64.8,115.0,0.385,0.394,0.576,54.2,60.7,10.6,7.8,0.541,15.2,35.9,0.281,0.0,6.01,5.25,4.0,1.0,0.0,0.0,WCC,35.0,0.629,10.0,8.0,889.0,0.44,284.0,0.377,452.0,0.656,391.0,1039.0,470.0,226.0,110.0,306.0,620.0,64.6,111.2,0.341,0.373,0.536,46.6,52.9,10.0,8.9,0.511,11.5,31.8,0.224,1.0,8.62,5.26,7.0,2.0,0.0,0.0,Big Ten
2012,Second Round,2,Kansas,10,Purdue,0,39.0,0.821,16.0,2.0,1023.0,0.472,222.0,0.345,597.0,0.692,449.0,1368.0,587.0,285.0,222.0,506.0,678.0,67.3,108.8,0.398,0.296,0.556,52.1,57.4,10.8,15.0,0.523,16.4,34.9,0.275,1.0,11.17,10.55,14.0,9.0,2.0,1.0,Big 12,35.0,0.629,10.0,8.0,889.0,0.44,284.0,0.377,452.0,0.656,391.0,1039.0,470.0,226.0,110.0,306.0,620.0,64.6,111.2,0.341,0.373,0.536,46.6,52.9,10.0,8.9,0.511,11.5,31.8,0.224,1.0,8.62,5.26,7.0,2.0,0.0,0.0,Big Ten
2012,First Round,2,Kansas,15,Detroit,0,39.0,0.821,16.0,2.0,1023.0,0.472,222.0,0.345,597.0,0.692,449.0,1368.0,587.0,285.0,222.0,506.0,678.0,67.3,108.8,0.398,0.296,0.556,52.1,57.4,10.8,15.0,0.523,16.4,34.9,0.275,1.0,11.17,10.55,14.0,9.0,2.0,1.0,Big 12,36.0,0.611,11.0,7.0,903.0,0.45,165.0,0.298,626.0,0.73,434.0,1124.0,463.0,272.0,165.0,450.0,684.0,67.1,107.1,0.427,0.275,0.538,49.2,51.3,11.2,13.2,0.491,15.7,35.8,0.312,0.0,4.63,-2.23,3.0,0.0,0.0,0.0,Horizon
2012,Final Four,2,Kansas,2,Ohio State,0,39.0,0.821,16.0,2.0,1023.0,0.472,222.0,0.345,597.0,0.692,449.0,1368.0,587.0,285.0,222.0,506.0,678.0,67.3,108.8,0.398,0.296,0.556,52.1,57.4,10.8,15.0,0.523,16.4,34.9,0.275,1.0,11.17,10.55,14.0,9.0,2.0,1.0,Big 12,39.0,0.795,13.0,5.0,1057.0,0.476,199.0,0.334,600.0,0.709,447.0,1345.0,568.0,281.0,125.0,449.0,630.0,66.9,111.6,0.381,0.269,0.556,53.7,53.7,10.8,9.3,0.521,14.6,34.9,0.27,1.0,12.58,11.37,10.0,5.0,2.0,0.0,Big Ten
2012,Elite Eight,1,Syracuse,2,Ohio State,1,37.0,0.919,17.0,1.0,1006.0,0.467,233.0,0.349,495.0,0.698,459.0,1181.0,564.0,338.0,255.0,389.0,574.0,65.2,113.3,0.329,0.31,0.55,46.7,56.1,14.0,19.4,0.521,13.5,36.3,0.23,1.0,11.14,9.99,29.0,16.0,3.0,1.0,Big East,39.0,0.795,13.0,5.0,1057.0,0.476,199.0,0.334,600.0,0.709,447.0,1345.0,568.0,281.0,125.0,449.0,630.0,66.9,111.6,0.381,0.269,0.556,53.7,53.7,10.8,9.3,0.521,14.6,34.9,0.27,1.0,12.58,11.37,10.0,5.0,2.0,0.0,Big Ten
2012,Second Round,1,Kentucky,8,Iowa State,0,40.0,0.95,16.0,0.0,1096.0,0.488,225.0,0.378,678.0,0.723,472.0,1445.0,531.0,242.0,344.0,445.0,593.0,66.4,116.5,0.417,0.265,0.575,52.9,48.4,9.1,20.4,0.538,14.2,37.1,0.302,1.0,13.97,10.75,14.0,10.0,4.0,1.0,SEC,34.0,0.676,12.0,6.0,847.0,0.449,293.0,0.373,503.0,0.688,371.0,1173.0,484.0,196.0,96.0,419.0,547.0,67.5,108.5,0.387,0.416,0.557,51.8,57.1,8.5,7.1,0.526,15.8,32.3,0.266,0.0,8.91,4.41,1.0,0.0,0.0,0.0,Big 12
2012,Sweet Sixteen,1,Kentucky,4,Indiana,1,40.0,0.95,16.0,0.0,1096.0,0.488,225.0,0.378,678.0,0.723,472.0,1445.0,531.0,242.0,344.0,445.0,593.0,66.4,116.5,0.417,0.265,0.575,52.9,48.4,9.1,20.4,0.538,14.2,37.1,0.302,1.0,13.97,10.75,14.0,10.0,4.0,1.0,SEC,36.0,0.75,11.0,7.0,949.0,0.492,229.0,0.431,655.0,0.763,383.0,1130.0,487.0,233.0,115.0,463.0,632.0,66.9,115.5,0.445,0.275,0.596,50.8,51.3,9.7,8.5,0.552,16.5,35.3,0.34,1.0,14.53,4.1,6.0,2.0,1.0,0.0,Big Ten
2012,Elite Eight,1,Kentucky,3,Baylor,0,40.0,0.95,16.0,0.0,1096.0,0.488,225.0,0.378,678.0,0.723,472.0,1445.0,531.0,242.0,344.0,445.0,593.0,66.4,116.5,0.417,0.265,0.575,52.9,48.4,9.1,20.4,0.538,14.2,37.1,0.302,1.0,13.97,10.75,14.0,10.0,4.0,1.0,SEC,38.0,0.789,12.0,6.0,1004.0,0.467,259.0,0.383,572.0,0.754,470.0,1280.0,570.0,286.0,178.0,522.0,674.0,67.1,111.0,0.353,0.315,0.566,52.0,56.8,11.2,12.5,0.528,17.2,38.4,0.266,1.0,10.2,6.34,3.0,2.0,0.0,0.0,Big 12
2012,Final Four,1,Kentucky,4,Louisville,0,40.0,0.95,16.0,0.0,1096.0,0.488,225.0,0.378,678.0,0.723,472.0,1445.0,531.0,242.0,344.0,445.0,593.0,66.4,116.5,0.417,0.265,0.575,52.9,48.4,9.1,20.4,0.538,14.2,37.1,0.302,1.0,13.97,10.75,14.0,10.0,4.0,1.0,SEC,40.0,0.75,10.0,8.0,963.0,0.422,233.0,0.318,568.0,0.688,518.0,1423.0,532.0,353.0,193.0,562.0,706.0,67.0,100.5,0.362,0.321,0.51,49.7,55.2,13.0,12.8,0.473,17.4,35.7,0.249,1.0,4.73,11.46,17.0,10.0,6.0,1.0,Big East
2012,Sweet Sixteen,1,Michigan State,4,Louisville,1,37.0,0.784,13.0,5.0,960.0,0.477,200.0,0.36,531.0,0.7,420.0,1302.0,566.0,265.0,157.0,474.0,650.0,65.1,109.7,0.377,0.276,0.559,54.1,59.0,11.0,12.4,0.527,16.7,36.1,0.264,1.0,8.73,12.58,15.0,10.0,6.0,1.0,Big Ten,40.0,0.75,10.0,8.0,963.0,0.422,233.0,0.318,568.0,0.688,518.0,1423.0,532.0,353.0,193.0,562.0,706.0,67.0,100.5,0.362,0.321,0.51,49.7,55.2,13.0,12.8,0.473,17.4,35.7,0.249,1.0,4.73,11.46,17.0,10.0,6.0,1.0,Big East
2012,First Round,8,Iowa State,9,UConn,0,34.0,0.676,12.0,6.0,847.0,0.449,293.0,0.373,503.0,0.688,371.0,1173.0,484.0,196.0,96.0,419.0,547.0,67.5,108.5,0.387,0.416,0.557,51.8,57.1,8.5,7.1,0.526,15.8,32.3,0.266,0.0,8.91,4.41,1.0,0.0,0.0,0.0,Big 12,34.0,0.588,8.0,10.0,858.0,0.452,185.0,0.332,435.0,0.662,415.0,1151.0,457.0,199.0,233.0,418.0,492.0,64.1,106.0,0.346,0.293,0.528,49.3,53.3,9.0,17.6,0.5,15.9,36.3,0.229,0.0,5.05,7.23,23.0,13.0,4.0,3.0,Big East
2012,First Round,5,Wichita State,12,VCU,1,33.0,0.818,16.0,2.0,912.0,0.482,230.0,0.371,491.0,0.748,359.0,1157.0,485.0,209.0,130.0,403.0,553.0,67.0,113.3,0.347,0.328,0.577,52.8,53.2,9.3,10.4,0.543,15.5,33.5,0.26,1.0,10.64,6.79,8.0,0.0,0.0,0.0,MVC,36.0,0.806,15.0,3.0,837.0,0.41,267.0,0.334,507.0,0.685,439.0,1115.0,433.0,379.0,131.0,411.0,646.0,65.2,103.6,0.363,0.392,0.512,46.8,51.7,16.0,10.4,0.476,14.7,33.4,0.249,0.0,2.74,6.05,2.0,1.0,1.0,0.0,CAA
2012,Second Round,4,Indiana,12,VCU,0,36.0,0.75,11.0,7.0,949.0,0.492,229.0,0.431,655.0,0.763,383.0,1130.0,487.0,233.0,115.0,463.0,632.0,66.9,115.5,0.445,0.275,0.596,50.8,51.3,9.7,8.5,0.552,16.5,35.3,0.34,1.0,14.53,4.1,6.0,2.0,1.0,0.0,Big Ten,36.0,0.806,15.0,3.0,837.0,0.41,267.0,0.334,507.0,0.685,439.0,1115.0,433.0,379.0,131.0,411.0,646.0,65.2,103.6,0.363,0.392,0.512,46.8,51.7,16.0,10.4,0.476,14.7,33.4,0.249,0.0,2.74,6.05,2.0,1.0,1.0,0.0,CAA
2012,First Round,4,Indiana,13,New Mexico State,0,36.0,0.75,11.0,7.0,949.0,0.492,229.0,0.431,655.0,0.763,383.0,1130.0,487.0,233.0,115.0,463.0,632.0,66.9,115.5,0.445,0.275,0.596,50.8,51.3,9.7,8.5,0.552,16.5,35.3,0.34,1.0,14.53,4.1,6.0,2.0,1.0,0.0,Big Ten,36.0,0.722,10.0,4.0,970.0,0.474,165.0,0.327,707.0,0.668,518.0,1352.0,498.0,244.0,154.0,533.0,630.0,70.7,110.1,0.517,0.247,0.552,54.6,51.3,9.5,10.8,0.515,17.3,41.1,0.346,0.0,9.12,-0.39,2.0,0.0,0.0,0.0,WAC
2012,First Round,6,UNLV,11,Colorado,1,35.0,0.743,9.0,5.0,942.0,0.457,291.0,0.364,496.0,0.676,408.0,1227.0,616.0,299.0,169.0,466.0,604.0,69.3,108.2,0.356,0.387,0.554,50.2,65.4,12.1,12.5,0.527,16.2,32.8,0.241,0.0,11.33,2.23,1.0,0.0,0.0,0.0,MWC,36.0,0.667,11.0,7.0,835.0,0.446,199.0,0.348,560.0,0.691,351.0,1192.0,422.0,210.0,117.0,468.0,614.0,66.0,101.9,0.432,0.305,0.538,50.2,50.5,8.8,9.0,0.499,17.2,30.1,0.299,0.0,2.06,5.85,1.0,0.0,0.0,0.0,Pac-12
2012,Second Round,3,Baylor,11,Colorado,0,38.0,0.789,12.0,6.0,1004.0,0.467,259.0,0.383,572.0,0.754,470.0,1280.0,570.0,286.0,178.0,522.0,674.0,67.1,111.0,0.353,0.315,0.566,52.0,56.8,11.2,12.5,0.528,17.2,38.4,0.266,1.0,10.2,6.34,3.0,2.0,0.0,0.0,Big 12,36.0,0.667,11.0,7.0,835.0,0.446,199.0,0.348,560.0,0.691,351.0,1192.0,422.0,210.0,117.0,468.0,614.0,66.0,101.9,0.432,0.305,0.538,50.2,50.5,8.8,9.0,0.499,17.2,30.1,0.299,0.0,2.06,5.85,1.0,0.0,0.0,0.0,Pac-12
2012,First Round,3,Baylor,14,South Dakota State,0,38.0,0.789,12.0,6.0,1004.0,0.467,259.0,0.383,572.0,0.754,470.0,1280.0,570.0,286.0,178.0,522.0,674.0,67.1,111.0,0.353,0.315,0.566,52.0,56.8,11.2,12.5,0.528,17.2,38.4,0.266,1.0,10.2,6.34,3.0,2.0,0.0,0.0,Big 12,35.0,0.771,15.0,3.0,918.0,0.468,284.0,0.39,569.0,0.727,363.0,1078.0,500.0,236.0,65.0,370.0,567.0,66.1,114.9,0.399,0.371,0.576,48.9,54.5,10.1,4.9,0.54,13.7,31.2,0.29,0.0,7.0,0.34,1.0,0.0,0.0,0.0,Summit
2012,Sweet Sixteen,3,Baylor,10,Xavier,0,38.0,0.789,12.0,6.0,1004.0,0.467,259.0,0.383,572.0,0.754,470.0,1280.0,570.0,286.0,178.0,522.0,674.0,67.1,111.0,0.353,0.315,0.566,52.0,56.8,11.2,12.5,0.528,17.2,38.4,0.266,1.0,10.2,6.34,3.0,2.0,0.0,0.0,Big 12,36.0,0.639,10.0,6.0,899.0,0.453,176.0,0.351,569.0,0.695,378.0,1183.0,471.0,216.0,135.0,448.0,665.0,67.5,103.6,0.412,0.252,0.535,49.1,52.4,8.8,10.2,0.497,15.9,31.3,0.287,0.0,5.95,3.64,3.0,2.0,0.0,0.0,A-10
2012,First Round,7,Notre Dame,10,Xavier,1,34.0,0.647,13.0,5.0,781.0,0.434,221.0,0.332,474.0,0.704,345.0,1050.0,497.0,177.0,114.0,342.0,470.0,61.6,106.3,0.374,0.369,0.532,47.4,63.6,8.3,8.3,0.495,13.9,30.5,0.263,0.0,2.42,8.76,10.0,1.0,0.0,0.0,Big East,36.0,0.639,10.0,6.0,899.0,0.453,176.0,0.351,569.0,0.695,378.0,1183.0,471.0,216.0,135.0,448.0,665.0,67.5,103.6,0.412,0.252,0.535,49.1,52.4,8.8,10.2,0.497,15.9,31.3,0.287,0.0,5.95,3.64,3.0,2.0,0.0,0.0,A-10
2012,First Round,2,Duke,15,Lehigh,1,34.0,0.794,13.0,3.0,874.0,0.456,274.0,0.371,606.0,0.701,406.0,1152.0,423.0,210.0,136.0,415.0,626.0,68.3,112.3,0.451,0.386,0.565,49.8,48.4,9.0,9.0,0.528,15.1,34.7,0.316,1.0,13.75,3.3,28.0,20.0,11.0,4.0,ACC,35.0,0.771,11.0,3.0,902.0,0.444,254.0,0.35,590.0,0.768,386.0,1104.0,456.0,269.0,106.0,391.0,629.0,68.1,110.3,0.378,0.358,0.553,47.9,50.6,11.2,8.0,0.507,14.0,31.7,0.291,0.0,5.63,-1.37,2.0,0.0,0.0,0.0,Patriot
2012,Second Round,10,Xavier,15,Lehigh,0,36.0,0.639,10.0,6.0,899.0,0.453,176.0,0.351,569.0,0.695,378.0,1183.0,471.0,216.0,135.0,448.0,665.0,67.5,103.6,0.412,0.252,0.535,49.1,52.4,8.8,10.2,0.497,15.9,31.3,0.287,0.0,5.95,3.64,3.0,2.0,0.0,0.0,A-10,35.0,0.771,11.0,3.0,902.0,0.444,254.0,0.35,590.0,0.768,386.0,1104.0,456.0,269.0,106.0,391.0,629.0,68.1,110.3,0.378,0.358,0.553,47.9,50.6,11.2,8.0,0.507,14.0,31.7,0.291,0.0,5.63,-1.37,2.0,0.0,0.0,0.0,Patriot
2012,First Round,1,Michigan State,16,LIU,0,37.0,0.784,13.0,5.0,960.0,0.477,200.0,0.36,531.0,0.7,420.0,1302.0,566.0,265.0,157.0,474.0,650.0,65.1,109.7,0.377,0.276,0.559,54.1,59.0,11.0,12.4,0.527,16.7,36.1,0.264,1.0,8.73,12.58,15.0,10.0,6.0,1.0,Big Ten,34.0,0.735,16.0,2.0,920.0,0.474,225.0,0.371,704.0,0.73,396.0,1167.0,500.0,206.0,113.0,546.0,531.0,74.8,108.5,0.497,0.312,0.577,48.6,54.3,8.1,6.7,0.532,18.5,34.2,0.363,0.0,11.38,-12.71,2.0,0.0,0.0,0.0,NEC
2012,Second Round,1,Michigan State,9,Saint Louis,0,37.0,0.784,13.0,5.0,960.0,0.477,200.0,0.36,531.0,0.7,420.0,1302.0,566.0,265.0,157.0,474.0,650.0,65.1,109.7,0.377,0.276,0.559,54.1,59.0,11.0,12.4,0.527,16.7,36.1,0.264,1.0,8.73,12.58,15.0,10.0,6.0,1.0,Big Ten,34.0,0.765,12.0,4.0,814.0,0.449,238.0,0.359,470.0,0.72,346.0,994.0,459.0,236.0,99.0,382.0,569.0,63.2,108.3,0.36,0.366,0.55,48.4,56.4,10.9,8.0,0.515,15.2,31.6,0.259,1.0,2.48,12.67,13.0,4.0,1.0,0.0,A-10
2012,First Round,8,Memphis,9,Saint Louis,1,35.0,0.743,13.0,3.0,933.0,0.491,185.0,0.362,563.0,0.717,332.0,1093.0,505.0,278.0,196.0,444.0,665.0,67.1,110.1,0.413,0.269,0.575,48.7,54.1,11.7,14.6,0.54,16.3,31.3,0.296,1.0,11.14,5.72,2.0,0.0,0.0,0.0,CUSA,34.0,0.765,12.0,4.0,814.0,0.449,238.0,0.359,470.0,0.72,346.0,994.0,459.0,236.0,99.0,382.0,569.0,63.2,108.3,0.36,0.366,0.55,48.4,56.4,10.9,8.0,0.515,15.2,31.6,0.259,1.0,2.48,12.67,13.0,4.0,1.0,0.0,A-10
2012,First Round,5,New Mexico,12,Long Beach State,0,35.0,0.8,10.0,4.0,876.0,0.462,264.0,0.378,529.0,0.707,395.0,1216.0,573.0,240.0,117.0,467.0,609.0,66.3,109.3,0.394,0.368,0.565,52.7,65.4,10.3,9.6,0.531,17.2,34.7,0.279,1.0,6.64,8.96,6.0,1.0,0.0,0.0,MWC,34.0,0.735,15.0,1.0,880.0,0.468,221.0,0.358,529.0,0.67,391.0,1141.0,476.0,242.0,92.0,440.0,527.0,67.2,109.1,0.42,0.329,0.556,50.7,54.1,10.5,7.1,0.527,16.3,34.7,0.281,0.0,6.44,3.08,3.0,1.0,0.0,0.0,Big West
2012,First Round,4,Louisville,13,Davidson,0,40.0,0.75,10.0,8.0,963.0,0.422,233.0,0.318,568.0,0.688,518.0,1423.0,532.0,353.0,193.0,562.0,706.0,67.0,100.5,0.362,0.321,0.51,49.7,55.2,13.0,12.8,0.473,17.4,35.7,0.249,1.0,4.73,11.46,17.0,10.0,6.0,1.0,Big East,33.0,0.758,16.0,2.0,879.0,0.446,255.0,0.336,558.0,0.763,415.0,1167.0,455.0,184.0,116.0,388.0,673.0,68.8,112.4,0.371,0.386,0.555,52.1,51.8,8.0,8.7,0.511,14.3,35.4,0.283,0.0,8.39,-1.13,6.0,1.0,0.0,0.0,Southern
2012,Second Round,4,Louisville,5,New Mexico,0,40.0,0.75,10.0,8.0,963.0,0.422,233.0,0.318,568.0,0.688,518.0,1423.0,532.0,353.0,193.0,562.0,706.0,67.0,100.5,0.362,0.321,0.51,49.7,55.2,13.0,12.8,0.473,17.4,35.7,0.249,1.0,4.73,11.46,17.0,10.0,6.0,1.0,Big East,35.0,0.8,10.0,4.0,876.0,0.462,264.0,0.378,529.0,0.707,395.0,1216.0,573.0,240.0,117.0,467.0,609.0,66.3,109.3,0.394,0.368,0.565,52.7,65.4,10.3,9.6,0.531,17.2,34.7,0.279,1.0,6.64,8.96,6.0,1.0,0.0,0.0,MWC
2012,Elite Eight,4,Louisville,7,Florida,0,40.0,0.75,10.0,8.0,963.0,0.422,233.0,0.318,568.0,0.688,518.0,1423.0,532.0,353.0,193.0,562.0,706.0,67.0,100.5,0.362,0.321,0.51,49.7,55.2,13.0,12.8,0.473,17.4,35.7,0.249,1.0,4.73,11.46,17.0,10.0,6.0,1.0,Big East,37.0,0.703,10.0,6.0,976.0,0.463,357.0,0.38,499.0,0.713,416.0,1180.0,551.0,233.0,124.0,410.0,575.0,65.1,115.4,0.332,0.446,0.576,49.2,56.5,9.6,8.8,0.548,14.4,33.5,0.237,1.0,13.34,4.91,12.0,6.0,3.0,2.0,SEC
2012,Sweet Sixteen,3,Marquette,7,Florida,1,35.0,0.771,14.0,4.0,919.0,0.452,201.0,0.337,599.0,0.721,414.0,1149.0,580.0,304.0,122.0,461.0,620.0,70.7,106.6,0.409,0.293,0.543,47.4,63.1,12.3,8.8,0.501,16.0,33.9,0.295,1.0,12.11,4.82,4.0,2.0,0.0,0.0,Big East,37.0,0.703,10.0,6.0,976.0,0.463,357.0,0.38,499.0,0.713,416.0,1180.0,551.0,233.0,124.0,410.0,575.0,65.1,115.4,0.332,0.446,0.576,49.2,56.5,9.6,8.8,0.548,14.4,33.5,0.237,1.0,13.34,4.91,12.0,6.0,3.0,2.0,SEC
2012,First Round,6,Murray State,11,Colorado State,0,33.0,0.939,15.0,1.0,811.0,0.468,239.0,0.396,551.0,0.724,360.0,1019.0,418.0,276.0,139.0,458.0,592.0,66.1,109.8,0.439,0.349,0.576,49.2,51.5,12.6,11.0,0.537,18.0,34.9,0.318,0.0,3.25,5.49,1.0,0.0,0.0,0.0,OVC,32.0,0.625,8.0,6.0,764.0,0.471,189.0,0.4,526.0,0.768,266.0,939.0,389.0,172.0,60.0,408.0,606.0,64.5,107.4,0.423,0.292,0.576,49.2,50.9,8.2,5.7,0.53,17.3,28.7,0.324,0.0,5.34,1.25,1.0,0.0,0.0,0.0,MWC
2012,Second Round,3,Marquette,6,Murray State,0,35.0,0.771,14.0,4.0,919.0,0.452,201.0,0.337,599.0,0.721,414.0,1149.0,580.0,304.0,122.0,461.0,620.0,70.7,106.6,0.409,0.293,0.543,47.4,63.1,12.3,8.8,0.501,16.0,33.9,0.295,1.0,12.11,4.82,4.0,2.0,0.0,0.0,Big East,33.0,0.939,15.0,1.0,811.0,0.468,239.0,0.396,551.0,0.724,360.0,1019.0,418.0,276.0,139.0,458.0,592.0,66.1,109.8,0.439,0.349,0.576,49.2,51.5,12.6,11.0,0.537,18.0,34.9,0.318,0.0,3.25,5.49,1.0,0.0,0.0,0.0,OVC
2012,First Round,7,Florida,10,Virginia,0,37.0,0.703,10.0,6.0,976.0,0.463,357.0,0.38,499.0,0.713,416.0,1180.0,551.0,233.0,124.0,410.0,575.0,65.1,115.4,0.332,0.446,0.576,49.2,56.5,9.6,8.8,0.548,14.4,33.5,0.237,1.0,13.34,4.91,12.0,6.0,3.0,2.0,SEC,32.0,0.688,9.0,7.0,721.0,0.457,155.0,0.33,403.0,0.722,253.0,944.0,394.0,207.0,88.0,367.0,506.0,61.1,101.9,0.354,0.298,0.543,49.9,54.6,10.5,8.2,0.507,16.6,27.1,0.256,0.0,-3.41,15.92,3.0,1.0,0.0,0.0,ACC
2012,Second Round,7,Florida,15,Norfolk State,0,37.0,0.703,10.0,6.0,976.0,0.463,357.0,0.38,499.0,0.713,416.0,1180.0,551.0,233.0,124.0,410.0,575.0,65.1,115.4,0.332,0.446,0.576,49.2,56.5,9.6,8.8,0.548,14.4,33.5,0.237,1.0,13.34,4.91,12.0,6.0,3.0,2.0,SEC,36.0,0.722,13.0,3.0,870.0,0.44,198.0,0.312,544.0,0.656,421.0,1186.0,431.0,240.0,169.0,539.0,702.0,68.4,99.8,0.419,0.321,0.523,48.9,49.5,9.6,12.3,0.49,18.5,34.2,0.275,0.0,-1.41,-2.27,1.0,0.0,0.0,0.0,MEAC
2012,First Round,2,Missouri,15,Norfolk State,1,35.0,0.857,14.0,4.0,981.0,0.504,293.0,0.398,559.0,0.766,319.0,1025.0,566.0,285.0,97.0,358.0,499.0,66.4,120.7,0.375,0.379,0.614,48.0,57.7,12.2,7.2,0.58,13.5,30.4,0.287,1.0,16.13,3.64,2.0,0.0,0.0,0.0,Big 12,36.0,0.722,13.0,3.0,870.0,0.44,198.0,0.312,544.0,0.656,421.0,1186.0,431.0,240.0,169.0,539.0,702.0,68.4,99.8,0.419,0.321,0.523,48.9,49.5,9.6,12.3,0.49,18.5,34.2,0.275,0.0,-1.41,-2.27,1.0,0.0,0.0,0.0,MEAC
2012,First Round,1,Syracuse,16,UNC Asheville,0,37.0,0.919,17.0,1.0,1006.0,0.467,233.0,0.349,495.0,0.698,459.0,1181.0,564.0,338.0,255.0,389.0,574.0,65.2,113.3,0.329,0.31,0.55,46.7,56.1,14.0,19.4,0.521,13.5,36.3,0.23,1.0,11.14,9.99,29.0,16.0,3.0,1.0,Big East,34.0,0.706,16.0,2.0,920.0,0.482,223.0,0.355,682.0,0.764,377.0,1093.0,566.0,283.0,88.0,456.0,612.0,70.5,114.0,0.468,0.33,0.589,49.1,61.5,11.8,6.9,0.541,16.4,34.4,0.358,0.0,7.96,-4.9,3.0,0.0,0.0,0.0,Big South
2012,Second Round,1,Syracuse,8,Kansas State,0,37.0,0.919,17.0,1.0,1006.0,0.467,233.0,0.349,495.0,0.698,459.0,1181.0,564.0,338.0,255.0,389.0,574.0,65.2,113.3,0.329,0.31,0.55,46.7,56.1,14.0,19.4,0.521,13.5,36.3,0.23,1.0,11.14,9.99,29.0,16.0,3.0,1.0,Big East,33.0,0.667,10.0,8.0,812.0,0.439,183.0,0.335,536.0,0.671,471.0,1129.0,468.0,200.0,156.0,474.0,662.0,67.0,104.8,0.432,0.295,0.526,51.3,57.6,8.9,13.0,0.489,17.5,40.7,0.29,1.0,7.66,6.81,4.0,1.0,0.0,0.0,Big 12
2012,Sweet Sixteen,1,Syracuse,4,Wisconsin,0,37.0,0.919,17.0,1.0,1006.0,0.467,233.0,0.349,495.0,0.698,459.0,1181.0,564.0,338.0,255.0,389.0,574.0,65.2,113.3,0.329,0.31,0.55,46.7,56.1,14.0,19.4,0.521,13.5,36.3,0.23,1.0,11.14,9.99,29.0,16.0,3.0,1.0,Big East,36.0,0.722,12.0,6.0,797.0,0.425,285.0,0.368,425.0,0.739,349.0,1112.0,428.0,181.0,126.0,320.0,512.0,58.6,108.4,0.307,0.413,0.536,49.8,53.7,8.5,9.1,0.501,13.0,30.6,0.227,1.0,0.58,18.47,11.0,5.0,0.0,0.0,Big Ten
2012,First Round,8,Kansas State,9,Southern Miss,0,33.0,0.667,10.0,8.0,812.0,0.439,183.0,0.335,536.0,0.671,471.0,1129.0,468.0,200.0,156.0,474.0,662.0,67.0,104.8,0.432,0.295,0.526,51.3,57.6,8.9,13.0,0.489,17.5,40.7,0.29,1.0,7.66,6.81,4.0,1.0,0.0,0.0,Big 12,34.0,0.735,11.0,5.0,819.0,0.415,215.0,0.358,573.0,0.736,471.0,1133.0,374.0,205.0,98.0,377.0,651.0,64.5,107.9,0.394,0.304,0.517,50.9,45.7,9.1,8.1,0.469,13.8,37.2,0.29,0.0,5.67,2.12,4.0,1.0,0.0,0.0,CUSA
2012,First Round,5,Vanderbilt,12,Harvard,0,36.0,0.694,10.0,6.0,885.0,0.461,307.0,0.388,538.0,0.699,361.0,1125.0,458.0,214.0,144.0,465.0,580.0,65.5,109.7,0.401,0.412,0.572,48.6,51.8,9.0,10.4,0.541,16.9,31.6,0.28,1.0,9.36,6.35,8.0,2.0,0.0,0.0,SEC,31.0,0.839,12.0,2.0,695.0,0.466,185.0,0.357,458.0,0.747,262.0,923.0,401.0,184.0,137.0,379.0,473.0,60.9,107.3,0.411,0.348,0.571,51.3,57.7,9.7,12.1,0.529,17.5,30.3,0.307,0.0,-1.58,9.42,2.0,1.0,0.0,0.0,Ivy
2012,First Round,4,Wisconsin,13,Montana,0,36.0,0.722,12.0,6.0,797.0,0.425,285.0,0.368,425.0,0.739,349.0,1112.0,428.0,181.0,126.0,320.0,512.0,58.6,108.4,0.307,0.413,0.536,49.8,53.7,8.5,9.1,0.501,13.0,30.6,0.227,1.0,0.58,18.47,11.0,5.0,0.0,0.0,Big Ten,32.0,0.781,15.0,1.0,781.0,0.462,195.0,0.372,482.0,0.717,286.0,949.0,436.0,229.0,115.0,401.0,585.0,66.1,105.4,0.398,0.31,0.557,47.0,55.8,10.8,9.7,0.52,16.6,28.3,0.285,0.0,-0.72,5.26,2.0,0.0,0.0,0.0,Big Sky
2012,Second Round,4,Wisconsin,5,Vanderbilt,0,36.0,0.722,12.0,6.0,797.0,0.425,285.0,0.368,425.0,0.739,349.0,1112.0,428.0,181.0,126.0,320.0,512.0,58.6,108.4,0.307,0.413,0.536,49.8,53.7,8.5,9.1,0.501,13.0,30.6,0.227,1.0,0.58,18.47,11.0,5.0,0.0,0.0,Big Ten,36.0,0.694,10.0,6.0,885.0,0.461,307.0,0.388,538.0,0.699,361.0,1125.0,458.0,214.0,144.0,465.0,580.0,65.5,109.7,0.401,0.412,0.572,48.6,51.8,9.0,10.4,0.541,16.9,31.6,0.28,1.0,9.36,6.35,8.0,2.0,0.0,0.0,SEC
2012,First Round,6,Cincinnati,11,Texas,0,37.0,0.703,12.0,6.0,924.0,0.421,260.0,0.341,414.0,0.644,489.0,1225.0,479.0,298.0,170.0,403.0,570.0,64.1,104.9,0.293,0.348,0.505,48.1,51.8,12.4,12.0,0.48,13.9,35.7,0.189,0.0,4.55,8.38,4.0,1.0,0.0,0.0,Big East,34.0,0.588,9.0,9.0,836.0,0.434,197.0,0.328,601.0,0.733,453.0,1118.0,419.0,231.0,125.0,426.0,659.0,66.7,108.1,0.426,0.312,0.533,49.6,50.1,10.1,9.7,0.485,15.5,38.5,0.312,1.0,8.0,6.0,20.0,6.0,1.0,0.0,Big 12
2012,First Round,3,Florida State,14,St. Bonaventure,0,35.0,0.714,12.0,4.0,877.0,0.456,216.0,0.354,473.0,0.707,398.0,1169.0,427.0,265.0,213.0,550.0,653.0,67.3,102.3,0.348,0.318,0.545,50.0,48.7,11.1,17.0,0.512,19.7,35.0,0.246,1.0,6.0,8.54,7.0,2.0,0.0,0.0,ACC,32.0,0.625,10.0,6.0,770.0,0.456,174.0,0.345,540.0,0.761,352.0,1038.0,444.0,186.0,133.0,439.0,592.0,65.0,107.0,0.421,0.299,0.557,51.8,57.7,8.8,11.5,0.508,17.8,35.5,0.32,0.0,3.67,4.57,1.0,0.0,0.0,0.0,A-10
2012,Second Round,3,Florida State,6,Cincinnati,1,35.0,0.714,12.0,4.0,877.0,0.456,216.0,0.354,473.0,0.707,398.0,1169.0,427.0,265.0,213.0,550.0,653.0,67.3,102.3,0.348,0.318,0.545,50.0,48.7,11.1,17.0,0.512,19.7,35.0,0.246,1.0,6.0,8.54,7.0,2.0,0.0,0.0,ACC,37.0,0.703,12.0,6.0,924.0,0.421,260.0,0.341,414.0,0.644,489.0,1225.0,479.0,298.0,170.0,403.0,570.0,64.1,104.9,0.293,0.348,0.505,48.1,51.8,12.4,12.0,0.48,13.9,35.7,0.189,0.0,4.55,8.38,4.0,1.0,0.0,0.0,Big East
2012,Sweet Sixteen,2,Ohio State,6,Cincinnati,0,39.0,0.795,13.0,5.0,1057.0,0.476,199.0,0.334,600.0,0.709,447.0,1345.0,568.0,281.0,125.0,449.0,630.0,66.9,111.6,0.381,0.269,0.556,53.7,53.7,10.8,9.3,0.521,14.6,34.9,0.27,1.0,12.58,11.37,10.0,5.0,2.0,0.0,Big Ten,37.0,0.703,12.0,6.0,924.0,0.421,260.0,0.341,414.0,0.644,489.0,1225.0,479.0,298.0,170.0,403.0,570.0,64.1,104.9,0.293,0.348,0.505,48.1,51.8,12.4,12.0,0.48,13.9,35.7,0.189,0.0,4.55,8.38,4.0,1.0,0.0,0.0,Big East
2012,First Round,7,Gonzaga,10,West Virginia,0,33.0,0.788,13.0,3.0,823.0,0.473,215.0,0.379,575.0,0.716,359.0,1095.0,455.0,223.0,105.0,433.0,514.0,66.4,110.7,0.461,0.326,0.574,52.0,55.3,10.1,8.5,0.535,17.0,34.6,0.33,1.0,6.89,6.97,13.0,4.0,0.0,0.0,WCC,33.0,0.576,9.0,9.0,838.0,0.438,174.0,0.298,496.0,0.671,493.0,1135.0,477.0,210.0,85.0,422.0,555.0,64.8,106.8,0.386,0.305,0.518,52.1,56.9,9.6,6.7,0.483,15.7,40.9,0.259,0.0,7.72,4.41,20.0,6.0,2.0,0.0,Big East
2012,First Round,2,Ohio State,15,Loyola (MD),0,39.0,0.795,13.0,5.0,1057.0,0.476,199.0,0.334,600.0,0.709,447.0,1345.0,568.0,281.0,125.0,449.0,630.0,66.9,111.6,0.381,0.269,0.556,53.7,53.7,10.8,9.3,0.521,14.6,34.9,0.27,1.0,12.58,11.37,10.0,5.0,2.0,0.0,Big Ten,33.0,0.727,13.0,5.0,755.0,0.425,164.0,0.339,548.0,0.719,430.0,1044.0,393.0,255.0,147.0,443.0,628.0,65.3,103.1,0.429,0.273,0.52,49.6,52.1,11.8,11.7,0.472,17.2,38.1,0.309,0.0,-2.18,2.54,1.0,0.0,0.0,0.0,MAAC
2012,Second Round,2,Ohio State,7,Gonzaga,0,39.0,0.795,13.0,5.0,1057.0,0.476,199.0,0.334,600.0,0.709,447.0,1345.0,568.0,281.0,125.0,449.0,630.0,66.9,111.6,0.381,0.269,0.556,53.7,53.7,10.8,9.3,0.521,14.6,34.9,0.27,1.0,12.58,11.37,10.0,5.0,2.0,0.0,Big Ten,33.0,0.788,13.0,3.0,823.0,0.473,215.0,0.379,575.0,0.716,359.0,1095.0,455.0,223.0,105.0,433.0,514.0,66.4,110.7,0.461,0.326,0.574,52.0,55.3,10.1,8.5,0.535,17.0,34.6,0.33,1.0,6.89,6.97,13.0,4.0,0.0,0.0,WCC
2013,Play-In,16,LIU,16,James Madison,1,34.0,0.588,12.0,6.0,915.0,0.479,246.0,0.38,601.0,0.691,404.0,1083.0,515.0,232.0,117.0,486.0,597.0,70.0,111.6,0.456,0.339,0.576,48.6,56.3,9.7,8.3,0.544,17.3,35.2,0.315,0.0,8.14,-11.33,1.0,0.0,0.0,0.0,NEC,36.0,0.583,11.0,7.0,818.0,0.421,211.0,0.336,499.0,0.699,365.0,1064.0,423.0,272.0,166.0,401.0,620.0,64.1,100.9,0.368,0.324,0.514,46.2,51.7,11.7,13.5,0.476,15.0,29.6,0.257,0.0,-3.62,1.96,1.0,0.0,0.0,0.0,CAA
2013,First Round,1,Indiana,16,James Madison,0,36.0,0.806,14.0,4.0,951.0,0.482,257.0,0.403,672.0,0.743,439.0,1270.0,514.0,256.0,130.0,469.0,598.0,67.1,116.3,0.459,0.323,0.59,53.3,54.0,10.5,9.3,0.548,16.3,39.0,0.341,1.0,16.85,8.07,7.0,3.0,1.0,0.0,Big Ten,36.0,0.583,11.0,7.0,818.0,0.421,211.0,0.336,499.0,0.699,365.0,1064.0,423.0,272.0,166.0,401.0,620.0,64.1,100.9,0.368,0.324,0.514,46.2,51.7,11.7,13.5,0.476,15.0,29.6,0.257,0.0,-3.62,1.96,1.0,0.0,0.0,0.0,CAA
2013,Play-In,13,La Salle,13,Boise State,0,34.0,0.706,11.0,5.0,871.0,0.451,262.0,0.377,446.0,0.737,332.0,958.0,481.0,263.0,119.0,390.0,520.0,66.5,107.6,0.313,0.36,0.552,44.6,55.2,11.6,8.3,0.519,15.0,29.0,0.231,0.0,6.78,3.37,1.0,1.0,0.0,0.0,A-10,32.0,0.656,9.0,7.0,824.0,0.46,249.0,0.391,446.0,0.747,323.0,988.0,423.0,212.0,54.0,385.0,599.0,66.3,109.9,0.334,0.356,0.565,51.1,51.3,9.9,5.4,0.53,15.7,31.5,0.249,0.0,6.9,2.48,1.0,0.0,0.0,0.0,MWC
2013,Play-In,16,North Carolina A&T,16,Liberty,0,37.0,0.541,8.0,8.0,776.0,0.403,215.0,0.304,532.0,0.658,387.0,1166.0,405.0,261.0,165.0,564.0,716.0,67.1,92.3,0.42,0.367,0.497,46.4,52.2,10.5,13.6,0.458,19.6,30.0,0.276,0.0,-7.46,0.53,6.0,0.0,0.0,0.0,MEAC,36.0,0.417,6.0,10.0,838.0,0.429,251.0,0.375,562.0,0.73,367.0,1164.0,443.0,197.0,105.0,478.0,685.0,66.6,102.7,0.394,0.342,0.536,47.2,52.9,8.1,7.6,0.493,17.1,29.7,0.288,0.0,-2.87,-6.24,2.0,0.0,0.0,0.0,Big South
2013,Play-In,11,Middle Tennessee,11,Saint Mary's,1,34.0,0.824,19.0,1.0,848.0,0.462,181.0,0.377,528.0,0.696,407.0,1147.0,481.0,238.0,128.0,464.0,700.0,65.6,107.1,0.414,0.262,0.548,52.3,56.7,10.6,11.0,0.511,17.4,36.5,0.288,0.0,2.82,8.35,3.0,0.0,0.0,0.0,Sun Belt,35.0,0.8,14.0,2.0,910.0,0.469,273.0,0.375,517.0,0.725,422.0,1199.0,502.0,214.0,98.0,416.0,612.0,64.5,115.2,0.368,0.375,0.573,54.5,55.2,9.4,7.6,0.54,15.4,37.1,0.267,0.0,8.75,5.71,5.0,1.0,0.0,0.0,WCC
2013,First Round,6,Memphis,11,Saint Mary's,0,36.0,0.861,16.0,0.0,976.0,0.471,220.0,0.372,509.0,0.66,438.0,1243.0,605.0,321.0,231.0,523.0,651.0,69.5,106.3,0.372,0.286,0.55,50.8,62.0,12.7,16.3,0.524,17.7,35.6,0.246,0.0,7.7,4.58,3.0,0.0,0.0,0.0,CUSA,35.0,0.8,14.0,2.0,910.0,0.469,273.0,0.375,517.0,0.725,422.0,1199.0,502.0,214.0,98.0,416.0,612.0,64.5,115.2,0.368,0.375,0.573,54.5,55.2,9.4,7.6,0.54,15.4,37.1,0.267,0.0,8.75,5.71,5.0,1.0,0.0,0.0,WCC
2013,Second Round,1,Indiana,9,Temple,0,36.0,0.806,14.0,4.0,951.0,0.482,257.0,0.403,672.0,0.743,439.0,1270.0,514.0,256.0,130.0,469.0,598.0,67.1,116.3,0.459,0.323,0.59,53.3,54.0,10.5,9.3,0.548,16.3,39.0,0.341,1.0,16.85,8.07,7.0,3.0,1.0,0.0,Big Ten,34.0,0.706,11.0,5.0,851.0,0.428,243.0,0.328,511.0,0.723,381.0,1057.0,497.0,267.0,126.0,366.0,558.0,67.6,106.8,0.356,0.373,0.529,46.5,58.4,11.6,9.5,0.49,13.6,30.8,0.257,0.0,6.78,2.76,15.0,0.0,0.0,0.0,A-10
2013,First Round,8,NC State,9,Temple,1,35.0,0.686,11.0,7.0,985.0,0.496,184.0,0.391,554.0,0.681,396.0,1186.0,511.0,227.0,147.0,433.0,544.0,68.6,112.4,0.409,0.237,0.571,50.2,51.9,9.4,10.1,0.542,15.4,34.7,0.279,0.0,13.6,0.73,9.0,2.0,0.0,0.0,ACC,34.0,0.706,11.0,5.0,851.0,0.428,243.0,0.328,511.0,0.723,381.0,1057.0,497.0,267.0,126.0,366.0,558.0,67.6,106.8,0.356,0.373,0.529,46.5,58.4,11.6,9.5,0.49,13.6,30.8,0.257,0.0,6.78,2.76,15.0,0.0,0.0,0.0,A-10
2013,Sweet Sixteen,1,Indiana,4,Syracuse,1,36.0,0.806,14.0,4.0,951.0,0.482,257.0,0.403,672.0,0.743,439.0,1270.0,514.0,256.0,130.0,469.0,598.0,67.1,116.3,0.459,0.323,0.59,53.3,54.0,10.5,9.3,0.548,16.3,39.0,0.341,1.0,16.85,8.07,7.0,3.0,1.0,0.0,Big Ten,40.0,0.75,11.0,7.0,1007.0,0.439,233.0,0.335,569.0,0.675,560.0,1380.0,562.0,360.0,248.0,495.0,637.0,65.2,107.3,0.368,0.304,0.523,49.7,55.8,13.7,19.3,0.49,15.5,38.8,0.248,1.0,8.12,12.18,30.0,17.0,4.0,1.0,Big East
2013,Elite Eight,3,Marquette,4,Syracuse,1,35.0,0.743,14.0,4.0,842.0,0.457,147.0,0.296,551.0,0.73,418.0,1116.0,483.0,231.0,123.0,471.0,590.0,63.4,105.9,0.409,0.27,0.541,50.8,57.4,10.3,10.0,0.496,17.6,38.3,0.299,0.0,7.3,6.75,5.0,3.0,0.0,0.0,Big East,40.0,0.75,11.0,7.0,1007.0,0.439,233.0,0.335,569.0,0.675,560.0,1380.0,562.0,360.0,248.0,495.0,637.0,65.2,107.3,0.368,0.304,0.523,49.7,55.8,13.7,19.3,0.49,15.5,38.8,0.248,1.0,8.12,12.18,30.0,17.0,4.0,1.0,Big East
2013,Final Four,4,Michigan,4,Syracuse,0,39.0,0.795,12.0,6.0,1093.0,0.484,296.0,0.385,450.0,0.701,416.0,1246.0,565.0,239.0,108.0,368.0,496.0,64.1,116.1,0.284,0.34,0.572,49.9,51.7,9.5,7.3,0.549,12.5,32.7,0.199,1.0,13.47,7.82,8.0,3.0,1.0,0.0,Big Ten,40.0,0.75,11.0,7.0,1007.0,0.439,233.0,0.335,569.0,0.675,560.0,1380.0,562.0,360.0,248.0,495.0,637.0,65.2,107.3,0.368,0.304,0.523,49.7,55.8,13.7,19.3,0.49,15.5,38.8,0.248,1.0,8.12,12.18,30.0,17.0,4.0,1.0,Big East
2013,First Round,5,UNLV,12,California,1,35.0,0.714,10.0,6.0,872.0,0.436,227.0,0.329,525.0,0.703,418.0,1281.0,562.0,253.0,203.0,487.0,593.0,68.9,103.2,0.373,0.344,0.53,52.0,64.4,10.5,14.6,0.492,17.1,33.8,0.262,0.0,6.81,6.0,2.0,0.0,0.0,0.0,MWC,33.0,0.636,12.0,6.0,833.0,0.444,134.0,0.302,418.0,0.715,361.0,1134.0,468.0,192.0,154.0,417.0,549.0,66.5,100.7,0.312,0.236,0.515,50.0,56.2,8.7,11.4,0.48,16.2,32.5,0.223,0.0,4.43,6.17,16.0,3.0,1.0,0.0,Pac-12
2013,Second Round,4,Syracuse,12,California,0,40.0,0.75,11.0,7.0,1007.0,0.439,233.0,0.335,569.0,0.675,560.0,1380.0,562.0,360.0,248.0,495.0,637.0,65.2,107.3,0.368,0.304,0.523,49.7,55.8,13.7,19.3,0.49,15.5,38.8,0.248,1.0,8.12,12.18,30.0,17.0,4.0,1.0,Big East,33.0,0.636,12.0,6.0,833.0,0.444,134.0,0.302,418.0,0.715,361.0,1134.0,468.0,192.0,154.0,417.0,549.0,66.5,100.7,0.312,0.236,0.515,50.0,56.2,8.7,11.4,0.48,16.2,32.5,0.223,0.0,4.43,6.17,16.0,3.0,1.0,0.0,Pac-12
2013,First Round,4,Syracuse,13,Montana,0,40.0,0.75,11.0,7.0,1007.0,0.439,233.0,0.335,569.0,0.675,560.0,1380.0,562.0,360.0,248.0,495.0,637.0,65.2,107.3,0.368,0.304,0.523,49.7,55.8,13.7,19.3,0.49,15.5,38.8,0.248,1.0,8.12,12.18,30.0,17.0,4.0,1.0,Big East,32.0,0.781,19.0,1.0,760.0,0.465,219.0,0.372,499.0,0.767,248.0,905.0,405.0,187.0,100.0,391.0,543.0,63.8,107.5,0.398,0.36,0.576,46.4,53.3,9.0,8.3,0.532,16.7,25.9,0.305,0.0,-0.87,-0.32,3.0,0.0,0.0,0.0,Big Sky
2013,First Round,6,Butler,11,Bucknell,0,36.0,0.75,11.0,5.0,869.0,0.45,239.0,0.347,518.0,0.696,419.0,1213.0,465.0,206.0,94.0,474.0,644.0,64.9,106.4,0.385,0.356,0.546,53.4,53.5,8.8,7.0,0.512,17.2,36.3,0.268,0.0,4.32,6.68,5.0,2.0,2.0,0.0,A-10,34.0,0.824,12.0,2.0,818.0,0.453,157.0,0.358,484.0,0.742,308.0,1142.0,455.0,118.0,139.0,321.0,498.0,62.6,107.0,0.361,0.242,0.538,52.3,55.6,5.5,10.8,0.496,13.2,29.3,0.268,0.0,-0.53,7.5,2.0,0.0,0.0,0.0,Patriot
2013,First Round,3,Marquette,14,Davidson,0,35.0,0.743,14.0,4.0,842.0,0.457,147.0,0.296,551.0,0.73,418.0,1116.0,483.0,231.0,123.0,471.0,590.0,63.4,105.9,0.409,0.27,0.541,50.8,57.4,10.3,10.0,0.496,17.6,38.3,0.299,0.0,7.3,6.75,5.0,3.0,0.0,0.0,Big East,34.0,0.765,17.0,1.0,837.0,0.462,256.0,0.369,560.0,0.795,306.0,1048.0,473.0,189.0,101.0,371.0,601.0,64.8,112.7,0.388,0.383,0.58,49.3,56.5,8.6,7.6,0.532,14.7,29.0,0.309,0.0,4.62,2.68,7.0,1.0,0.0,0.0,Southern
2013,Second Round,3,Marquette,6,Butler,0,35.0,0.743,14.0,4.0,842.0,0.457,147.0,0.296,551.0,0.73,418.0,1116.0,483.0,231.0,123.0,471.0,590.0,63.4,105.9,0.409,0.27,0.541,50.8,57.4,10.3,10.0,0.496,17.6,38.3,0.299,0.0,7.3,6.75,5.0,3.0,0.0,0.0,Big East,36.0,0.75,11.0,5.0,869.0,0.45,239.0,0.347,518.0,0.696,419.0,1213.0,465.0,206.0,94.0,474.0,644.0,64.9,106.4,0.385,0.356,0.546,53.4,53.5,8.8,7.0,0.512,17.2,36.3,0.268,0.0,4.32,6.68,5.0,2.0,2.0,0.0,A-10
2013,First Round,7,Illinois,10,Colorado,0,36.0,0.639,8.0,10.0,858.0,0.412,280.0,0.321,469.0,0.726,427.0,1098.0,365.0,245.0,142.0,411.0,648.0,65.5,104.2,0.31,0.419,0.516,46.6,42.5,10.4,11.5,0.479,14.7,33.1,0.225,0.0,6.85,6.33,3.0,1.0,0.0,0.0,Big Ten,33.0,0.636,10.0,8.0,775.0,0.433,178.0,0.344,502.0,0.686,378.0,1128.0,328.0,230.0,105.0,439.0,525.0,65.7,101.4,0.409,0.289,0.522,50.2,42.3,10.5,8.6,0.483,17.1,33.6,0.281,0.0,4.3,7.62,2.0,0.0,0.0,0.0,Pac-12
2013,First Round,2,Miami (FL),15,Pacific,0,36.0,0.806,15.0,3.0,895.0,0.455,254.0,0.362,465.0,0.684,357.0,1179.0,408.0,223.0,159.0,377.0,525.0,64.0,108.5,0.346,0.356,0.548,50.1,45.6,9.6,12.3,0.519,14.1,30.6,0.236,1.0,5.28,11.71,6.0,2.0,1.0,0.0,ACC,35.0,0.629,13.0,5.0,824.0,0.448,225.0,0.381,471.0,0.689,333.0,1037.0,510.0,194.0,46.0,390.0,621.0,63.3,105.4,0.372,0.321,0.542,47.8,61.9,8.7,4.2,0.509,15.3,29.5,0.256,0.0,-0.83,2.51,5.0,0.0,0.0,0.0,Big West
2013,Second Round,2,Miami (FL),7,Illinois,0,36.0,0.806,15.0,3.0,895.0,0.455,254.0,0.362,465.0,0.684,357.0,1179.0,408.0,223.0,159.0,377.0,525.0,64.0,108.5,0.346,0.356,0.548,50.1,45.6,9.6,12.3,0.519,14.1,30.6,0.236,1.0,5.28,11.71,6.0,2.0,1.0,0.0,ACC,36.0,0.639,8.0,10.0,858.0,0.412,280.0,0.321,469.0,0.726,427.0,1098.0,365.0,245.0,142.0,411.0,648.0,65.5,104.2,0.31,0.419,0.516,46.6,42.5,10.4,11.5,0.479,14.7,33.1,0.225,0.0,6.85,6.33,3.0,1.0,0.0,0.0,Big Ten
2013,Sweet Sixteen,2,Miami (FL),3,Marquette,1,36.0,0.806,15.0,3.0,895.0,0.455,254.0,0.362,465.0,0.684,357.0,1179.0,408.0,223.0,159.0,377.0,525.0,64.0,108.5,0.346,0.356,0.548,50.1,45.6,9.6,12.3,0.519,14.1,30.6,0.236,1.0,5.28,11.71,6.0,2.0,1.0,0.0,ACC,35.0,0.743,14.0,4.0,842.0,0.457,147.0,0.296,551.0,0.73,418.0,1116.0,483.0,231.0,123.0,471.0,590.0,63.4,105.9,0.409,0.27,0.541,50.8,57.4,10.3,10.0,0.496,17.6,38.3,0.299,0.0,7.3,6.75,5.0,3.0,0.0,0.0,Big East
2013,First Round,1,Louisville,16,North Carolina A&T,0,40.0,0.875,14.0,4.0,1048.0,0.456,230.0,0.333,652.0,0.709,531.0,1385.0,584.0,430.0,168.0,495.0,727.0,66.4,110.3,0.4,0.3,0.544,51.1,55.7,15.9,12.1,0.506,15.3,38.2,0.283,1.0,12.78,12.04,18.0,11.0,7.0,2.0,Big East,37.0,0.541,8.0,8.0,776.0,0.403,215.0,0.304,532.0,0.658,387.0,1166.0,405.0,261.0,165.0,564.0,716.0,67.1,92.3,0.42,0.367,0.497,46.4,52.2,10.5,13.6,0.458,19.6,30.0,0.276,0.0,-7.46,0.53,6.0,0.0,0.0,0.0,MEAC
2013,Second Round,1,Louisville,8,Colorado State,0,40.0,0.875,14.0,4.0,1048.0,0.456,230.0,0.333,652.0,0.709,531.0,1385.0,584.0,430.0,168.0,495.0,727.0,66.4,110.3,0.4,0.3,0.544,51.1,55.7,15.9,12.1,0.506,15.3,38.2,0.283,1.0,12.78,12.04,18.0,11.0,7.0,2.0,Big East,35.0,0.743,11.0,5.0,881.0,0.449,180.0,0.338,611.0,0.715,493.0,1297.0,445.0,162.0,74.0,389.0,600.0,64.6,112.6,0.436,0.271,0.539,56.9,50.5,7.1,6.4,0.495,14.1,41.2,0.312,0.0,9.02,4.58,5.0,1.0,0.0,0.0,MWC
2013,Sweet Sixteen,1,Louisville,12,Oregon,0,40.0,0.875,14.0,4.0,1048.0,0.456,230.0,0.333,652.0,0.709,531.0,1385.0,584.0,430.0,168.0,495.0,727.0,66.4,110.3,0.4,0.3,0.544,51.1,55.7,15.9,12.1,0.506,15.3,38.2,0.283,1.0,12.78,12.04,18.0,11.0,7.0,2.0,Big East,37.0,0.757,12.0,6.0,944.0,0.447,192.0,0.333,570.0,0.705,451.0,1285.0,484.0,314.0,146.0,555.0,651.0,68.8,102.4,0.383,0.273,0.531,52.5,51.3,12.1,10.2,0.493,18.2,35.7,0.27,0.0,8.26,5.52,9.0,1.0,0.0,0.0,Pac-12
2013,First Round,5,Oklahoma State,12,Oregon,1,33.0,0.727,13.0,5.0,814.0,0.439,183.0,0.316,560.0,0.746,354.0,1110.0,398.0,248.0,155.0,411.0,598.0,67.3,104.8,0.405,0.313,0.536,49.1,48.9,11.0,12.8,0.488,15.7,31.3,0.302,1.0,7.6,7.97,4.0,0.0,0.0,0.0,Big 12,37.0,0.757,12.0,6.0,944.0,0.447,192.0,0.333,570.0,0.705,451.0,1285.0,484.0,314.0,146.0,555.0,651.0,68.8,102.4,0.383,0.273,0.531,52.5,51.3,12.1,10.2,0.493,18.2,35.7,0.27,0.0,8.26,5.52,9.0,1.0,0.0,0.0,Pac-12
2013,Second Round,4,Saint Louis,12,Oregon,1,35.0,0.8,13.0,3.0,808.0,0.446,210.0,0.34,562.0,0.704,306.0,1032.0,453.0,267.0,109.0,383.0,603.0,64.5,105.0,0.44,0.341,0.545,47.3,56.1,11.7,8.3,0.504,14.9,27.4,0.31,0.0,3.48,10.87,5.0,0.0,0.0,0.0,A-10,37.0,0.757,12.0,6.0,944.0,0.447,192.0,0.333,570.0,0.705,451.0,1285.0,484.0,314.0,146.0,555.0,651.0,68.8,102.4,0.383,0.273,0.531,52.5,51.3,12.1,10.2,0.493,18.2,35.7,0.27,0.0,8.26,5.52,9.0,1.0,0.0,0.0,Pac-12
2013,Elite Eight,1,Louisville,2,Duke,0,40.0,0.875,14.0,4.0,1048.0,0.456,230.0,0.333,652.0,0.709,531.0,1385.0,584.0,430.0,168.0,495.0,727.0,66.4,110.3,0.4,0.3,0.544,51.1,55.7,15.9,12.1,0.506,15.3,38.2,0.283,1.0,12.78,12.04,18.0,11.0,7.0,2.0,Big East,36.0,0.833,14.0,4.0,960.0,0.472,270.0,0.399,588.0,0.739,337.0,1119.0,515.0,232.0,135.0,383.0,645.0,68.2,113.1,0.392,0.333,0.576,47.3,53.6,9.4,9.0,0.539,13.7,28.8,0.289,1.0,14.2,7.26,29.0,21.0,11.0,4.0,ACC
2013,Final Four,1,Louisville,9,Wichita State,0,40.0,0.875,14.0,4.0,1048.0,0.456,230.0,0.333,652.0,0.709,531.0,1385.0,584.0,430.0,168.0,495.0,727.0,66.4,110.3,0.4,0.3,0.544,51.1,55.7,15.9,12.1,0.506,15.3,38.2,0.283,1.0,12.78,12.04,18.0,11.0,7.0,2.0,Big East,39.0,0.769,12.0,6.0,954.0,0.44,259.0,0.339,553.0,0.699,512.0,1355.0,530.0,289.0,173.0,492.0,700.0,64.9,107.5,0.365,0.353,0.535,53.2,55.6,11.4,13.5,0.5,16.2,38.0,0.255,1.0,5.46,9.22,9.0,1.0,1.0,0.0,MVC
2013,Second Round,1,Gonzaga,9,Wichita State,1,35.0,0.914,16.0,0.0,961.0,0.497,226.0,0.371,548.0,0.705,409.0,1195.0,530.0,277.0,96.0,393.0,551.0,65.3,118.0,0.402,0.315,0.585,53.3,55.2,12.1,8.2,0.555,14.6,37.8,0.283,1.0,11.34,9.1,14.0,4.0,0.0,0.0,WCC,39.0,0.769,12.0,6.0,954.0,0.44,259.0,0.339,553.0,0.699,512.0,1355.0,530.0,289.0,173.0,492.0,700.0,64.9,107.5,0.365,0.353,0.535,53.2,55.6,11.4,13.5,0.5,16.2,38.0,0.255,1.0,5.46,9.22,9.0,1.0,1.0,0.0,MVC
2013,First Round,8,Pitt,9,Wichita State,1,33.0,0.727,12.0,6.0,837.0,0.472,163.0,0.349,445.0,0.668,425.0,1067.0,537.0,218.0,131.0,364.0,575.0,60.4,113.2,0.375,0.263,0.546,53.1,64.2,10.8,12.7,0.517,14.8,40.4,0.251,1.0,4.68,14.16,9.0,3.0,0.0,0.0,Big East,39.0,0.769,12.0,6.0,954.0,0.44,259.0,0.339,553.0,0.699,512.0,1355.0,530.0,289.0,173.0,492.0,700.0,64.9,107.5,0.365,0.353,0.535,53.2,55.6,11.4,13.5,0.5,16.2,38.0,0.255,1.0,5.46,9.22,9.0,1.0,1.0,0.0,MVC
2013,Elite Eight,2,Ohio State,9,Wichita State,1,37.0,0.784,13.0,5.0,928.0,0.451,227.0,0.356,516.0,0.708,378.0,1219.0,493.0,248.0,162.0,377.0,590.0,64.3,108.9,0.354,0.31,0.541,50.5,53.1,10.4,12.9,0.506,13.6,31.1,0.251,1.0,9.21,10.99,11.0,6.0,2.0,0.0,Big Ten,39.0,0.769,12.0,6.0,954.0,0.44,259.0,0.339,553.0,0.699,512.0,1355.0,530.0,289.0,173.0,492.0,700.0,64.9,107.5,0.365,0.353,0.535,53.2,55.6,11.4,13.5,0.5,16.2,38.0,0.255,1.0,5.46,9.22,9.0,1.0,1.0,0.0,MVC
2013,National Championship,1,Louisville,4,Michigan,0,40.0,0.875,14.0,4.0,1048.0,0.456,230.0,0.333,652.0,0.709,531.0,1385.0,584.0,430.0,168.0,495.0,727.0,66.4,110.3,0.4,0.3,0.544,51.1,55.7,15.9,12.1,0.506,15.3,38.2,0.283,1.0,12.78,12.04,18.0,11.0,7.0,2.0,Big East,39.0,0.795,12.0,6.0,1093.0,0.484,296.0,0.385,450.0,0.701,416.0,1246.0,565.0,239.0,108.0,368.0,496.0,64.1,116.1,0.284,0.34,0.572,49.9,51.7,9.5,7.3,0.549,12.5,32.7,0.199,1.0,13.47,7.82,8.0,3.0,1.0,0.0,Big Ten
2013,Sweet Sixteen,1,Kansas,4,Michigan,1,37.0,0.838,14.0,4.0,985.0,0.481,216.0,0.364,596.0,0.737,399.0,1354.0,575.0,260.0,247.0,517.0,620.0,67.8,109.1,0.395,0.29,0.572,52.6,58.4,10.2,17.6,0.533,17.5,33.8,0.291,1.0,11.67,9.12,15.0,10.0,2.0,1.0,Big 12,39.0,0.795,12.0,6.0,1093.0,0.484,296.0,0.385,450.0,0.701,416.0,1246.0,565.0,239.0,108.0,368.0,496.0,64.1,116.1,0.284,0.34,0.572,49.9,51.7,9.5,7.3,0.549,12.5,32.7,0.199,1.0,13.47,7.82,8.0,3.0,1.0,0.0,Big Ten
2013,Elite Eight,3,Florida,4,Michigan,1,37.0,0.784,14.0,4.0,960.0,0.478,300.0,0.378,422.0,0.677,381.0,1179.0,540.0,265.0,120.0,401.0,518.0,62.9,113.5,0.31,0.395,0.573,51.4,56.3,11.4,9.4,0.552,14.8,33.4,0.21,1.0,7.92,15.96,13.0,7.0,3.0,2.0,SEC,39.0,0.795,12.0,6.0,1093.0,0.484,296.0,0.385,450.0,0.701,416.0,1246.0,565.0,239.0,108.0,368.0,496.0,64.1,116.1,0.284,0.34,0.572,49.9,51.7,9.5,7.3,0.549,12.5,32.7,0.199,1.0,13.47,7.82,8.0,3.0,1.0,0.0,Big Ten
2013,First Round,8,Colorado State,9,Missouri,0,35.0,0.743,11.0,5.0,881.0,0.449,180.0,0.338,611.0,0.715,493.0,1297.0,445.0,162.0,74.0,389.0,600.0,64.6,112.6,0.436,0.271,0.539,56.9,50.5,7.1,6.4,0.495,14.1,41.2,0.312,0.0,9.02,4.58,5.0,1.0,0.0,0.0,MWC,34.0,0.676,11.0,7.0,924.0,0.459,215.0,0.339,525.0,0.744,454.0,1266.0,472.0,229.0,119.0,442.0,567.0,68.2,110.7,0.35,0.315,0.551,53.7,51.1,9.8,9.1,0.512,15.8,38.7,0.261,1.0,11.65,3.78,3.0,0.0,0.0,0.0,SEC
2013,First Round,4,Saint Louis,13,New Mexico State,0,35.0,0.8,13.0,3.0,808.0,0.446,210.0,0.34,562.0,0.704,306.0,1032.0,453.0,267.0,109.0,383.0,603.0,64.5,105.0,0.44,0.341,0.545,47.3,56.1,11.7,8.3,0.504,14.9,27.4,0.31,0.0,3.48,10.87,5.0,0.0,0.0,0.0,A-10,35.0,0.686,14.0,4.0,832.0,0.455,137.0,0.313,554.0,0.656,429.0,1235.0,401.0,198.0,193.0,506.0,525.0,65.2,102.5,0.462,0.24,0.528,53.1,48.2,8.6,14.1,0.493,18.5,37.3,0.303,0.0,0.95,4.14,3.0,0.0,0.0,0.0,WAC
2013,First Round,3,Michigan State,14,Valparaiso,0,36.0,0.75,13.0,5.0,882.0,0.459,177.0,0.338,507.0,0.714,421.0,1241.0,474.0,289.0,140.0,489.0,579.0,64.7,105.1,0.37,0.272,0.542,53.3,53.7,12.4,10.9,0.505,17.8,36.4,0.264,1.0,5.78,12.86,16.0,11.0,6.0,1.0,Big Ten,34.0,0.765,13.0,3.0,823.0,0.484,253.0,0.372,521.0,0.731,303.0,1008.0,467.0,232.0,114.0,486.0,586.0,65.1,108.9,0.42,0.4,0.594,50.5,56.7,10.4,8.6,0.559,19.3,31.2,0.307,0.0,4.35,2.8,1.0,0.0,0.0,0.0,Horizon
2013,Second Round,3,Michigan State,6,Memphis,0,36.0,0.75,13.0,5.0,882.0,0.459,177.0,0.338,507.0,0.714,421.0,1241.0,474.0,289.0,140.0,489.0,579.0,64.7,105.1,0.37,0.272,0.542,53.3,53.7,12.4,10.9,0.505,17.8,36.4,0.264,1.0,5.78,12.86,16.0,11.0,6.0,1.0,Big Ten,36.0,0.861,16.0,0.0,976.0,0.471,220.0,0.372,509.0,0.66,438.0,1243.0,605.0,321.0,231.0,523.0,651.0,69.5,106.3,0.372,0.286,0.55,50.8,62.0,12.7,16.3,0.524,17.7,35.6,0.246,0.0,7.7,4.58,3.0,0.0,0.0,0.0,CUSA
2013,First Round,7,Creighton,10,Cincinnati,0,36.0,0.778,13.0,5.0,942.0,0.501,307.0,0.414,489.0,0.759,300.0,1172.0,609.0,174.0,92.0,443.0,588.0,65.0,114.5,0.342,0.394,0.612,51.6,64.6,7.4,6.6,0.582,16.8,28.8,0.26,1.0,10.26,6.17,5.0,0.0,0.0,0.0,MVC,34.0,0.647,9.0,9.0,791.0,0.403,230.0,0.316,450.0,0.647,488.0,1219.0,415.0,240.0,208.0,432.0,605.0,64.9,101.4,0.355,0.371,0.493,51.7,52.5,10.8,16.1,0.462,15.8,38.7,0.229,1.0,3.83,10.64,5.0,1.0,0.0,0.0,Big East
2013,First Round,2,Duke,15,Albany (NY),0,36.0,0.833,14.0,4.0,960.0,0.472,270.0,0.399,588.0,0.739,337.0,1119.0,515.0,232.0,135.0,383.0,645.0,68.2,113.1,0.392,0.333,0.576,47.3,53.6,9.4,9.0,0.539,13.7,28.8,0.289,1.0,14.2,7.26,29.0,21.0,11.0,4.0,ACC,35.0,0.686,9.0,7.0,761.0,0.435,213.0,0.37,516.0,0.737,345.0,1022.0,394.0,192.0,71.0,468.0,564.0,62.8,102.1,0.4,0.329,0.541,48.9,51.8,8.7,5.9,0.496,18.4,31.7,0.295,0.0,-3.3,2.45,3.0,0.0,0.0,0.0,AEC
2013,Second Round,2,Duke,7,Creighton,0,36.0,0.833,14.0,4.0,960.0,0.472,270.0,0.399,588.0,0.739,337.0,1119.0,515.0,232.0,135.0,383.0,645.0,68.2,113.1,0.392,0.333,0.576,47.3,53.6,9.4,9.0,0.539,13.7,28.8,0.289,1.0,14.2,7.26,29.0,21.0,11.0,4.0,ACC,36.0,0.778,13.0,5.0,942.0,0.501,307.0,0.414,489.0,0.759,300.0,1172.0,609.0,174.0,92.0,443.0,588.0,65.0,114.5,0.342,0.394,0.612,51.6,64.6,7.4,6.6,0.582,16.8,28.8,0.26,1.0,10.26,6.17,5.0,0.0,0.0,0.0,MVC
2013,Sweet Sixteen,2,Duke,3,Michigan State,0,36.0,0.833,14.0,4.0,960.0,0.472,270.0,0.399,588.0,0.739,337.0,1119.0,515.0,232.0,135.0,383.0,645.0,68.2,113.1,0.392,0.333,0.576,47.3,53.6,9.4,9.0,0.539,13.7,28.8,0.289,1.0,14.2,7.26,29.0,21.0,11.0,4.0,ACC,36.0,0.75,13.0,5.0,882.0,0.459,177.0,0.338,507.0,0.714,421.0,1241.0,474.0,289.0,140.0,489.0,579.0,64.7,105.1,0.37,0.272,0.542,53.3,53.7,12.4,10.9,0.505,17.8,36.4,0.264,1.0,5.78,12.86,16.0,11.0,6.0,1.0,Big Ten
2013,First Round,1,Gonzaga,16,Southern,0,35.0,0.914,16.0,0.0,961.0,0.497,226.0,0.371,548.0,0.705,409.0,1195.0,530.0,277.0,96.0,393.0,551.0,65.3,118.0,0.402,0.315,0.585,53.3,55.2,12.1,8.2,0.555,14.6,37.8,0.283,1.0,11.34,9.1,14.0,4.0,0.0,0.0,WCC,33.0,0.697,15.0,3.0,761.0,0.433,226.0,0.365,475.0,0.689,288.0,1035.0,376.0,244.0,134.0,359.0,562.0,65.4,103.0,0.392,0.352,0.533,46.9,49.4,11.3,10.8,0.497,14.7,26.4,0.27,0.0,-4.83,2.21,1.0,0.0,0.0,0.0,SWAC
2013,First Round,5,Wisconsin,12,Ole Miss,1,35.0,0.657,12.0,6.0,823.0,0.42,259.0,0.33,369.0,0.634,401.0,1202.0,465.0,200.0,153.0,334.0,491.0,61.4,104.4,0.297,0.401,0.508,50.8,56.5,9.2,10.8,0.486,13.0,32.4,0.188,1.0,3.16,15.6,12.0,5.0,0.0,0.0,Big Ten,36.0,0.75,12.0,6.0,977.0,0.438,238.0,0.324,587.0,0.678,466.0,1251.0,450.0,297.0,185.0,395.0,606.0,70.5,108.4,0.388,0.33,0.526,48.1,46.1,11.6,13.7,0.491,13.0,33.6,0.263,0.0,12.96,1.48,1.0,0.0,0.0,0.0,SEC
2013,First Round,4,Kansas State,13,La Salle,1,35.0,0.771,14.0,4.0,872.0,0.436,238.0,0.362,432.0,0.685,470.0,1145.0,557.0,247.0,129.0,403.0,631.0,63.6,108.4,0.315,0.329,0.524,50.6,63.9,11.1,10.3,0.495,14.9,38.7,0.216,0.0,4.18,9.36,9.0,3.0,1.0,0.0,Big 12,34.0,0.706,11.0,5.0,871.0,0.451,262.0,0.377,446.0,0.737,332.0,958.0,481.0,263.0,119.0,390.0,520.0,66.5,107.6,0.313,0.36,0.552,44.6,55.2,11.6,8.3,0.519,15.0,29.0,0.231,0.0,6.78,3.37,1.0,1.0,0.0,0.0,A-10
2013,Second Round,12,Ole Miss,13,La Salle,1,36.0,0.75,12.0,6.0,977.0,0.438,238.0,0.324,587.0,0.678,466.0,1251.0,450.0,297.0,185.0,395.0,606.0,70.5,108.4,0.388,0.33,0.526,48.1,46.1,11.6,13.7,0.491,13.0,33.6,0.263,0.0,12.96,1.48,1.0,0.0,0.0,0.0,SEC,34.0,0.706,11.0,5.0,871.0,0.451,262.0,0.377,446.0,0.737,332.0,958.0,481.0,263.0,119.0,390.0,520.0,66.5,107.6,0.313,0.36,0.552,44.6,55.2,11.6,8.3,0.519,15.0,29.0,0.231,0.0,6.78,3.37,1.0,1.0,0.0,0.0,A-10
2013,Sweet Sixteen,9,Wichita State,13,La Salle,0,39.0,0.769,12.0,6.0,954.0,0.44,259.0,0.339,553.0,0.699,512.0,1355.0,530.0,289.0,173.0,492.0,700.0,64.9,107.5,0.365,0.353,0.535,53.2,55.6,11.4,13.5,0.5,16.2,38.0,0.255,1.0,5.46,9.22,9.0,1.0,1.0,0.0,MVC,34.0,0.706,11.0,5.0,871.0,0.451,262.0,0.377,446.0,0.737,332.0,958.0,481.0,263.0,119.0,390.0,520.0,66.5,107.6,0.313,0.36,0.552,44.6,55.2,11.6,8.3,0.519,15.0,29.0,0.231,0.0,6.78,3.37,1.0,1.0,0.0,0.0,A-10
2013,First Round,6,Arizona,11,Belmont,0,35.0,0.771,12.0,6.0,880.0,0.455,269.0,0.371,541.0,0.749,393.0,1172.0,476.0,234.0,134.0,458.0,584.0,66.8,109.5,0.374,0.375,0.565,52.7,54.1,10.0,10.2,0.525,16.8,35.0,0.28,1.0,10.25,7.07,6.0,4.0,0.0,0.0,Pac-12,33.0,0.788,14.0,2.0,906.0,0.491,279.0,0.383,442.0,0.732,306.0,966.0,516.0,322.0,88.0,440.0,604.0,68.1,112.3,0.328,0.395,0.594,46.8,57.0,14.3,8.0,0.567,17.1,29.9,0.24,0.0,7.37,3.04,6.0,0.0,0.0,0.0,OVC
2013,Second Round,6,Arizona,14,Harvard,0,35.0,0.771,12.0,6.0,880.0,0.455,269.0,0.371,541.0,0.749,393.0,1172.0,476.0,234.0,134.0,458.0,584.0,66.8,109.5,0.374,0.375,0.565,52.7,54.1,10.0,10.2,0.525,16.8,35.0,0.28,1.0,10.25,7.07,6.0,4.0,0.0,0.0,Pac-12,30.0,0.667,11.0,3.0,677.0,0.475,191.0,0.398,504.0,0.723,219.0,796.0,392.0,218.0,126.0,399.0,457.0,63.8,105.6,0.489,0.337,0.583,46.3,57.9,11.2,11.0,0.542,18.5,26.0,0.354,0.0,2.61,1.35,3.0,1.0,0.0,0.0,Ivy
2013,First Round,3,New Mexico,14,Harvard,1,35.0,0.829,13.0,3.0,768.0,0.423,221.0,0.351,598.0,0.721,335.0,1123.0,505.0,220.0,134.0,402.0,542.0,64.7,103.3,0.457,0.347,0.533,49.4,65.8,9.6,11.3,0.484,15.4,29.3,0.329,0.0,4.58,8.66,7.0,1.0,0.0,0.0,MWC,30.0,0.667,11.0,3.0,677.0,0.475,191.0,0.398,504.0,0.723,219.0,796.0,392.0,218.0,126.0,399.0,457.0,63.8,105.6,0.489,0.337,0.583,46.3,57.9,11.2,11.0,0.542,18.5,26.0,0.354,0.0,2.61,1.35,3.0,1.0,0.0,0.0,Ivy
2013,First Round,7,Notre Dame,10,Iowa State,1,35.0,0.714,11.0,7.0,892.0,0.462,228.0,0.37,438.0,0.709,387.0,1146.0,587.0,175.0,132.0,393.0,495.0,62.0,109.8,0.32,0.32,0.551,50.6,65.8,7.8,9.3,0.522,15.0,34.0,0.227,0.0,6.69,7.06,11.0,1.0,0.0,0.0,Big East,35.0,0.657,11.0,7.0,962.0,0.456,346.0,0.374,509.0,0.731,422.0,1238.0,560.0,223.0,97.0,460.0,593.0,70.0,111.7,0.33,0.438,0.569,51.2,58.2,9.0,7.0,0.538,15.9,34.2,0.241,1.0,15.4,-0.89,2.0,0.0,0.0,0.0,Big 12
2013,Second Round,2,Ohio State,10,Iowa State,0,37.0,0.784,13.0,5.0,928.0,0.451,227.0,0.356,516.0,0.708,378.0,1219.0,493.0,248.0,162.0,377.0,590.0,64.3,108.9,0.354,0.31,0.541,50.5,53.1,10.4,12.9,0.506,13.6,31.1,0.251,1.0,9.21,10.99,11.0,6.0,2.0,0.0,Big Ten,35.0,0.657,11.0,7.0,962.0,0.456,346.0,0.374,509.0,0.731,422.0,1238.0,560.0,223.0,97.0,460.0,593.0,70.0,111.7,0.33,0.438,0.569,51.2,58.2,9.0,7.0,0.538,15.9,34.2,0.241,1.0,15.4,-0.89,2.0,0.0,0.0,0.0,Big 12
2013,First Round,2,Ohio State,15,Iona,0,37.0,0.784,13.0,5.0,928.0,0.451,227.0,0.356,516.0,0.708,378.0,1219.0,493.0,248.0,162.0,377.0,590.0,64.3,108.9,0.354,0.31,0.541,50.5,53.1,10.4,12.9,0.506,13.6,31.1,0.251,1.0,9.21,10.99,11.0,6.0,2.0,0.0,Big Ten,34.0,0.588,11.0,7.0,956.0,0.454,283.0,0.367,538.0,0.781,395.0,1094.0,523.0,222.0,101.0,421.0,582.0,70.5,111.1,0.327,0.366,0.562,47.1,54.7,9.0,7.4,0.521,14.7,32.8,0.255,0.0,14.63,-10.58,2.0,0.0,0.0,0.0,MAAC
2013,Sweet Sixteen,2,Ohio State,6,Arizona,0,37.0,0.784,13.0,5.0,928.0,0.451,227.0,0.356,516.0,0.708,378.0,1219.0,493.0,248.0,162.0,377.0,590.0,64.3,108.9,0.354,0.31,0.541,50.5,53.1,10.4,12.9,0.506,13.6,31.1,0.251,1.0,9.21,10.99,11.0,6.0,2.0,0.0,Big Ten,35.0,0.771,12.0,6.0,880.0,0.455,269.0,0.371,541.0,0.749,393.0,1172.0,476.0,234.0,134.0,458.0,584.0,66.8,109.5,0.374,0.375,0.565,52.7,54.1,10.0,10.2,0.525,16.8,35.0,0.28,1.0,10.25,7.07,6.0,4.0,0.0,0.0,Pac-12
2013,First Round,1,Kansas,16,Western Kentucky,0,37.0,0.838,14.0,4.0,985.0,0.481,216.0,0.364,596.0,0.737,399.0,1354.0,575.0,260.0,247.0,517.0,620.0,67.8,109.1,0.395,0.29,0.572,52.6,58.4,10.2,17.6,0.533,17.5,33.8,0.291,1.0,11.67,9.12,15.0,10.0,2.0,1.0,Big 12,36.0,0.556,10.0,10.0,837.0,0.427,226.0,0.319,509.0,0.674,441.0,1204.0,400.0,223.0,115.0,537.0,691.0,67.0,99.5,0.385,0.362,0.52,50.3,47.8,9.2,8.7,0.485,18.8,35.1,0.26,0.0,-1.51,0.88,2.0,0.0,0.0,0.0,Sun Belt
2013,Second Round,1,Kansas,8,UNC,0,37.0,0.838,14.0,4.0,985.0,0.481,216.0,0.364,596.0,0.737,399.0,1354.0,575.0,260.0,247.0,517.0,620.0,67.8,109.1,0.395,0.29,0.572,52.6,58.4,10.2,17.6,0.533,17.5,33.8,0.291,1.0,11.67,9.12,15.0,10.0,2.0,1.0,Big 12,36.0,0.694,12.0,6.0,1023.0,0.441,272.0,0.376,442.0,0.675,478.0,1254.0,616.0,303.0,117.0,433.0,539.0,71.6,106.8,0.282,0.312,0.525,48.6,60.2,11.7,8.1,0.499,14.1,34.4,0.19,1.0,12.85,1.72,23.0,15.0,7.0,2.0,ACC
2013,First Round,8,UNC,9,Villanova,0,36.0,0.694,12.0,6.0,1023.0,0.441,272.0,0.376,442.0,0.675,478.0,1254.0,616.0,303.0,117.0,433.0,539.0,71.6,106.8,0.282,0.312,0.525,48.6,60.2,11.7,8.1,0.499,14.1,34.4,0.19,1.0,12.85,1.72,23.0,15.0,7.0,2.0,ACC,34.0,0.588,10.0,8.0,732.0,0.416,204.0,0.331,639.0,0.719,383.0,1116.0,413.0,263.0,114.0,533.0,651.0,67.4,98.8,0.505,0.351,0.529,49.8,56.4,11.3,9.9,0.474,19.6,33.0,0.363,0.0,5.98,4.77,10.0,4.0,1.0,0.0,Big East
2013,First Round,5,VCU,12,Akron,0,36.0,0.75,12.0,4.0,1010.0,0.45,281.0,0.351,469.0,0.701,479.0,1155.0,521.0,422.0,109.0,407.0,708.0,68.6,111.4,0.298,0.357,0.541,48.0,51.6,17.0,8.9,0.513,13.7,36.0,0.209,1.0,11.51,5.46,3.0,1.0,1.0,0.0,A-10,33.0,0.788,14.0,2.0,852.0,0.455,229.0,0.332,436.0,0.643,425.0,1145.0,485.0,231.0,189.0,458.0,577.0,66.4,106.5,0.362,0.368,0.539,51.9,56.9,10.4,14.7,0.516,17.3,37.7,0.233,0.0,4.29,3.83,3.0,0.0,0.0,0.0,MAC
2013,First Round,4,Michigan,13,South Dakota State,0,39.0,0.795,12.0,6.0,1093.0,0.484,296.0,0.385,450.0,0.701,416.0,1246.0,565.0,239.0,108.0,368.0,496.0,64.1,116.1,0.284,0.34,0.572,49.9,51.7,9.5,7.3,0.549,12.5,32.7,0.199,1.0,13.47,7.82,8.0,3.0,1.0,0.0,Big Ten,35.0,0.714,13.0,3.0,910.0,0.47,270.0,0.389,478.0,0.762,331.0,1125.0,506.0,175.0,78.0,365.0,492.0,64.0,113.1,0.324,0.358,0.574,51.3,55.6,7.7,6.1,0.539,14.0,29.8,0.247,0.0,3.2,-0.85,2.0,0.0,0.0,0.0,Summit
2013,Second Round,4,Michigan,5,VCU,0,39.0,0.795,12.0,6.0,1093.0,0.484,296.0,0.385,450.0,0.701,416.0,1246.0,565.0,239.0,108.0,368.0,496.0,64.1,116.1,0.284,0.34,0.572,49.9,51.7,9.5,7.3,0.549,12.5,32.7,0.199,1.0,13.47,7.82,8.0,3.0,1.0,0.0,Big Ten,36.0,0.75,12.0,4.0,1010.0,0.45,281.0,0.351,469.0,0.701,479.0,1155.0,521.0,422.0,109.0,407.0,708.0,68.6,111.4,0.298,0.357,0.541,48.0,51.6,17.0,8.9,0.513,13.7,36.0,0.209,1.0,11.51,5.46,3.0,1.0,1.0,0.0,A-10
2013,First Round,6,UCLA,11,Minnesota,1,35.0,0.714,13.0,5.0,961.0,0.451,171.0,0.333,511.0,0.724,387.0,1165.0,559.0,283.0,127.0,391.0,526.0,69.6,105.4,0.331,0.241,0.528,46.6,58.2,11.5,8.4,0.491,13.7,30.7,0.24,0.0,11.84,0.98,10.0,5.0,3.0,0.0,Pac-12,34.0,0.618,8.0,10.0,815.0,0.443,184.0,0.337,523.0,0.685,501.0,1186.0,503.0,253.0,187.0,467.0,605.0,63.5,107.8,0.416,0.297,0.531,53.1,61.7,11.7,15.8,0.493,17.5,43.6,0.285,1.0,7.55,9.29,17.0,9.0,1.0,1.0,Big Ten
2013,Second Round,3,Florida,11,Minnesota,0,37.0,0.784,14.0,4.0,960.0,0.478,300.0,0.378,422.0,0.677,381.0,1179.0,540.0,265.0,120.0,401.0,518.0,62.9,113.5,0.31,0.395,0.573,51.4,56.3,11.4,9.4,0.552,14.8,33.4,0.21,1.0,7.92,15.96,13.0,7.0,3.0,2.0,SEC,34.0,0.618,8.0,10.0,815.0,0.443,184.0,0.337,523.0,0.685,501.0,1186.0,503.0,253.0,187.0,467.0,605.0,63.5,107.8,0.416,0.297,0.531,53.1,61.7,11.7,15.8,0.493,17.5,43.6,0.285,1.0,7.55,9.29,17.0,9.0,1.0,1.0,Big Ten
2013,First Round,3,Florida,14,Northwestern State,0,37.0,0.784,14.0,4.0,960.0,0.478,300.0,0.378,422.0,0.677,381.0,1179.0,540.0,265.0,120.0,401.0,518.0,62.9,113.5,0.31,0.395,0.573,51.4,56.3,11.4,9.4,0.552,14.8,33.4,0.21,1.0,7.92,15.96,13.0,7.0,3.0,2.0,SEC,32.0,0.719,15.0,3.0,919.0,0.458,189.0,0.313,532.0,0.686,435.0,1133.0,489.0,307.0,151.0,448.0,619.0,74.4,107.5,0.386,0.3,0.539,47.6,53.2,12.9,10.6,0.505,15.9,35.3,0.265,0.0,8.54,-8.15,3.0,0.0,0.0,0.0,Southland
2013,Sweet Sixteen,3,Florida,15,Florida Gulf Coast,0,37.0,0.784,14.0,4.0,960.0,0.478,300.0,0.378,422.0,0.677,381.0,1179.0,540.0,265.0,120.0,401.0,518.0,62.9,113.5,0.31,0.395,0.573,51.4,56.3,11.4,9.4,0.552,14.8,33.4,0.21,1.0,7.92,15.96,13.0,7.0,3.0,2.0,SEC,37.0,0.703,13.0,5.0,976.0,0.462,247.0,0.342,497.0,0.675,412.0,1226.0,523.0,331.0,139.0,545.0,649.0,69.5,103.8,0.348,0.342,0.548,48.3,53.6,12.7,10.5,0.521,18.1,32.2,0.235,0.0,4.25,-1.24,1.0,1.0,0.0,0.0,A-Sun
2013,Second Round,7,San Diego State,15,Florida Gulf Coast,1,34.0,0.676,9.0,7.0,839.0,0.438,202.0,0.327,476.0,0.683,376.0,1144.0,425.0,235.0,155.0,410.0,497.0,66.6,103.7,0.364,0.323,0.524,50.4,50.7,10.3,12.0,0.491,15.4,32.3,0.248,0.0,4.91,8.04,13.0,5.0,3.0,1.0,MWC,37.0,0.703,13.0,5.0,976.0,0.462,247.0,0.342,497.0,0.675,412.0,1226.0,523.0,331.0,139.0,545.0,649.0,69.5,103.8,0.348,0.342,0.548,48.3,53.6,12.7,10.5,0.521,18.1,32.2,0.235,0.0,4.25,-1.24,1.0,1.0,0.0,0.0,A-Sun
2013,First Round,2,Georgetown,15,Florida Gulf Coast,1,32.0,0.781,14.0,4.0,737.0,0.453,189.0,0.353,407.0,0.679,297.0,959.0,474.0,240.0,123.0,407.0,556.0,62.4,102.0,0.368,0.329,0.541,48.4,64.3,11.8,11.3,0.511,17.6,30.4,0.25,1.0,1.43,14.43,9.0,2.0,1.0,0.0,Big East,37.0,0.703,13.0,5.0,976.0,0.462,247.0,0.342,497.0,0.675,412.0,1226.0,523.0,331.0,139.0,545.0,649.0,69.5,103.8,0.348,0.342,0.548,48.3,53.6,12.7,10.5,0.521,18.1,32.2,0.235,0.0,4.25,-1.24,1.0,1.0,0.0,0.0,A-Sun
2013,First Round,7,San Diego State,10,Oklahoma,0,34.0,0.676,9.0,7.0,839.0,0.438,202.0,0.327,476.0,0.683,376.0,1144.0,425.0,235.0,155.0,410.0,497.0,66.6,103.7,0.364,0.323,0.524,50.4,50.7,10.3,12.0,0.491,15.4,32.3,0.248,0.0,4.91,8.04,13.0,5.0,3.0,1.0,MWC,32.0,0.625,12.0,7.0,803.0,0.435,159.0,0.323,495.0,0.757,377.0,1066.0,394.0,206.0,89.0,376.0,557.0,66.8,104.9,0.354,0.267,0.524,48.7,49.1,9.6,7.4,0.478,14.8,33.2,0.268,0.0,7.27,4.12,14.0,3.0,1.0,0.0,Big 12
2014,Play-In,11,Tennessee,11,Iowa,0,37.0,0.649,11.0,7.0,927.0,0.453,205.0,0.325,613.0,0.719,501.0,1424.0,472.0,192.0,172.0,388.0,617.0,62.8,114.2,0.416,0.308,0.545,56.2,50.9,8.2,12.0,0.503,13.7,39.8,0.299,1.0,5.88,11.46,1.0,1.0,0.0,0.0,SEC,33.0,0.606,9.0,9.0,919.0,0.463,191.0,0.35,660.0,0.735,447.0,1332.0,532.0,234.0,164.0,371.0,603.0,69.9,115.0,0.453,0.275,0.558,54.7,57.9,10.0,13.5,0.511,13.3,37.7,0.333,1.0,16.33,2.25,6.0,0.0,0.0,0.0,Big Ten
2014,Second Round,11,Tennessee,14,Mercer,0,37.0,0.649,11.0,7.0,927.0,0.453,205.0,0.325,613.0,0.719,501.0,1424.0,472.0,192.0,172.0,388.0,617.0,62.8,114.2,0.416,0.308,0.545,56.2,50.9,8.2,12.0,0.503,13.7,39.8,0.299,1.0,5.88,11.46,1.0,1.0,0.0,0.0,SEC,36.0,0.75,14.0,4.0,982.0,0.476,290.0,0.384,582.0,0.736,407.0,1338.0,586.0,211.0,147.0,420.0,665.0,65.7,115.8,0.384,0.367,0.582,52.9,59.7,8.6,11.8,0.547,14.7,34.0,0.282,0.0,4.06,1.28,1.0,0.0,0.0,0.0,A-Sun
2014,First Round,3,Duke,14,Mercer,1,35.0,0.743,13.0,5.0,929.0,0.46,316.0,0.395,571.0,0.729,410.0,1207.0,509.0,244.0,105.0,328.0,681.0,65.5,119.4,0.388,0.397,0.574,51.5,54.8,10.6,7.4,0.538,12.1,34.5,0.283,1.0,13.87,5.64,30.0,21.0,11.0,4.0,ACC,36.0,0.75,14.0,4.0,982.0,0.476,290.0,0.384,582.0,0.736,407.0,1338.0,586.0,211.0,147.0,420.0,665.0,65.7,115.8,0.384,0.367,0.582,52.9,59.7,8.6,11.8,0.547,14.7,34.0,0.282,0.0,4.06,1.28,1.0,0.0,0.0,0.0,A-Sun
2014,Play-In,16,Texas Southern,16,Cal Poly,1,34.0,0.559,12.0,6.0,857.0,0.462,217.0,0.36,653.0,0.718,386.0,1246.0,476.0,155.0,124.0,454.0,561.0,68.2,109.8,0.491,0.325,0.565,52.2,55.5,6.6,8.5,0.521,16.6,33.8,0.352,0.0,0.64,-9.05,6.0,1.0,1.0,0.0,SWAC,34.0,0.412,6.0,10.0,754.0,0.408,218.0,0.333,415.0,0.688,377.0,1096.0,394.0,198.0,93.0,303.0,621.0,60.8,103.5,0.326,0.354,0.501,48.8,52.3,9.6,8.0,0.466,12.4,31.8,0.224,0.0,-9.08,7.74,1.0,0.0,0.0,0.0,Big West
2014,First Round,1,Wichita State,16,Cal Poly,0,36.0,0.972,18.0,0.0,896.0,0.461,250.0,0.351,664.0,0.725,419.0,1381.0,491.0,247.0,184.0,374.0,611.0,64.5,116.1,0.472,0.367,0.569,55.3,54.8,10.6,15.0,0.526,13.6,35.1,0.342,1.0,6.06,10.59,10.0,1.0,1.0,0.0,MVC,34.0,0.412,6.0,10.0,754.0,0.408,218.0,0.333,415.0,0.688,377.0,1096.0,394.0,198.0,93.0,303.0,621.0,60.8,103.5,0.326,0.354,0.501,48.8,52.3,9.6,8.0,0.466,12.4,31.8,0.224,0.0,-9.08,7.74,1.0,0.0,0.0,0.0,Big West
2014,Play-In,12,Xavier,12,NC State,1,34.0,0.618,10.0,8.0,869.0,0.47,174.0,0.348,530.0,0.688,379.0,1213.0,497.0,196.0,97.0,421.0,674.0,65.7,108.5,0.416,0.27,0.551,53.2,57.2,8.7,8.2,0.517,16.0,34.1,0.286,0.0,5.63,6.21,4.0,2.0,0.0,0.0,Big East,36.0,0.611,9.0,9.0,950.0,0.461,160.0,0.305,501.0,0.657,422.0,1239.0,466.0,173.0,149.0,375.0,670.0,64.9,108.1,0.37,0.255,0.529,49.5,49.1,7.3,10.8,0.5,13.4,34.2,0.243,0.0,6.58,2.45,10.0,2.0,0.0,0.0,ACC
2014,First Round,5,Saint Louis,12,NC State,0,34.0,0.794,13.0,3.0,829.0,0.444,190.0,0.316,526.0,0.697,345.0,1231.0,482.0,253.0,138.0,431.0,597.0,67.4,102.4,0.404,0.322,0.533,51.0,58.1,10.9,9.9,0.494,16.2,29.4,0.281,0.0,2.13,9.5,6.0,0.0,0.0,0.0,A-10,36.0,0.611,9.0,9.0,950.0,0.461,160.0,0.305,501.0,0.657,422.0,1239.0,466.0,173.0,149.0,375.0,670.0,64.9,108.1,0.37,0.255,0.529,49.5,49.1,7.3,10.8,0.5,13.4,34.2,0.243,0.0,6.58,2.45,10.0,2.0,0.0,0.0,ACC
2014,Play-In,16,Albany (NY),16,Mount St. Mary's,0,34.0,0.559,9.0,7.0,765.0,0.441,163.0,0.36,546.0,0.75,343.0,1175.0,376.0,184.0,101.0,428.0,580.0,63.0,103.3,0.42,0.261,0.539,52.5,49.2,8.5,8.6,0.488,17.1,31.9,0.315,0.0,-6.24,2.93,4.0,0.0,0.0,0.0,AEC,33.0,0.485,9.0,7.0,843.0,0.438,296.0,0.355,522.0,0.739,328.0,1053.0,389.0,232.0,99.0,388.0,616.0,70.0,107.5,0.367,0.434,0.554,46.6,46.1,10.0,6.7,0.515,14.7,27.8,0.271,0.0,3.42,-9.74,1.0,0.0,0.0,0.0,NEC
2014,Second Round,1,Wichita State,8,Kentucky,1,36.0,0.972,18.0,0.0,896.0,0.461,250.0,0.351,664.0,0.725,419.0,1381.0,491.0,247.0,184.0,374.0,611.0,64.5,116.1,0.472,0.367,0.569,55.3,54.8,10.6,15.0,0.526,13.6,35.1,0.342,1.0,6.06,10.59,10.0,1.0,1.0,0.0,MVC,40.0,0.725,12.0,6.0,1004.0,0.454,203.0,0.332,781.0,0.682,562.0,1607.0,446.0,189.0,236.0,469.0,732.0,65.9,112.4,0.518,0.276,0.543,56.6,44.4,7.1,14.9,0.5,14.5,41.4,0.353,1.0,9.5,8.57,15.0,11.0,5.0,1.0,SEC
2014,Sweet Sixteen,4,Louisville,8,Kentucky,1,37.0,0.838,15.0,3.0,1051.0,0.471,288.0,0.368,608.0,0.661,503.0,1396.0,568.0,370.0,173.0,391.0,723.0,69.0,117.4,0.412,0.351,0.562,52.1,54.0,14.5,12.5,0.535,12.8,37.1,0.272,1.0,13.26,11.43,19.0,12.0,7.0,2.0,AAC,40.0,0.725,12.0,6.0,1004.0,0.454,203.0,0.332,781.0,0.682,562.0,1607.0,446.0,189.0,236.0,469.0,732.0,65.9,112.4,0.518,0.276,0.543,56.6,44.4,7.1,14.9,0.5,14.5,41.4,0.353,1.0,9.5,8.57,15.0,11.0,5.0,1.0,SEC
2014,Elite Eight,2,Michigan,8,Kentucky,1,37.0,0.757,15.0,3.0,945.0,0.477,319.0,0.402,527.0,0.763,316.0,1160.0,525.0,191.0,88.0,336.0,527.0,62.5,117.5,0.349,0.401,0.592,50.1,55.6,8.2,6.3,0.557,12.7,28.6,0.266,1.0,9.08,9.44,9.0,4.0,1.0,0.0,Big Ten,40.0,0.725,12.0,6.0,1004.0,0.454,203.0,0.332,781.0,0.682,562.0,1607.0,446.0,189.0,236.0,469.0,732.0,65.9,112.4,0.518,0.276,0.543,56.6,44.4,7.1,14.9,0.5,14.5,41.4,0.353,1.0,9.5,8.57,15.0,11.0,5.0,1.0,SEC
2014,National Championship,7,UConn,8,Kentucky,0,40.0,0.8,12.0,6.0,971.0,0.449,287.0,0.387,644.0,0.777,387.0,1389.0,488.0,281.0,230.0,457.0,719.0,65.5,108.9,0.383,0.343,0.562,50.2,50.3,10.7,15.2,0.515,15.2,30.4,0.298,1.0,5.29,11.93,1.0,1.0,1.0,1.0,AAC,40.0,0.725,12.0,6.0,1004.0,0.454,203.0,0.332,781.0,0.682,562.0,1607.0,446.0,189.0,236.0,469.0,732.0,65.9,112.4,0.518,0.276,0.543,56.6,44.4,7.1,14.9,0.5,14.5,41.4,0.353,1.0,9.5,8.57,15.0,11.0,5.0,1.0,SEC
2014,Final Four,2,Wisconsin,8,Kentucky,1,38.0,0.789,12.0,6.0,927.0,0.459,297.0,0.376,642.0,0.746,337.0,1266.0,468.0,183.0,127.0,307.0,574.0,63.3,115.7,0.426,0.391,0.575,51.1,50.5,7.6,8.0,0.533,11.2,28.1,0.318,1.0,9.22,10.47,13.0,6.0,1.0,0.0,Big Ten,40.0,0.725,12.0,6.0,1004.0,0.454,203.0,0.332,781.0,0.682,562.0,1607.0,446.0,189.0,236.0,469.0,732.0,65.9,112.4,0.518,0.276,0.543,56.6,44.4,7.1,14.9,0.5,14.5,41.4,0.353,1.0,9.5,8.57,15.0,11.0,5.0,1.0,SEC
2014,First Round,8,Kentucky,9,Kansas State,0,40.0,0.725,12.0,6.0,1004.0,0.454,203.0,0.332,781.0,0.682,562.0,1607.0,446.0,189.0,236.0,469.0,732.0,65.9,112.4,0.518,0.276,0.543,56.6,44.4,7.1,14.9,0.5,14.5,41.4,0.353,1.0,9.5,8.57,15.0,11.0,5.0,1.0,SEC,33.0,0.606,10.0,8.0,798.0,0.434,198.0,0.331,486.0,0.656,406.0,1180.0,503.0,205.0,98.0,404.0,714.0,65.6,104.2,0.403,0.325,0.52,50.7,63.0,9.4,8.0,0.488,15.6,34.7,0.264,0.0,1.4,10.74,10.0,3.0,1.0,0.0,Big 12
2014,First Round,4,Louisville,13,Manhattan,0,37.0,0.838,15.0,3.0,1051.0,0.471,288.0,0.368,608.0,0.661,503.0,1396.0,568.0,370.0,173.0,391.0,723.0,69.0,117.4,0.412,0.351,0.562,52.1,54.0,14.5,12.5,0.535,12.8,37.1,0.272,1.0,13.26,11.43,19.0,12.0,7.0,2.0,AAC,33.0,0.758,15.0,5.0,828.0,0.451,208.0,0.369,676.0,0.663,415.0,1234.0,433.0,273.0,200.0,468.0,799.0,70.3,107.1,0.555,0.307,0.547,50.7,52.3,11.5,15.3,0.507,16.8,34.4,0.368,0.0,5.2,0.84,1.0,0.0,0.0,0.0,MAAC
2014,Second Round,4,Louisville,5,Saint Louis,0,37.0,0.838,15.0,3.0,1051.0,0.471,288.0,0.368,608.0,0.661,503.0,1396.0,568.0,370.0,173.0,391.0,723.0,69.0,117.4,0.412,0.351,0.562,52.1,54.0,14.5,12.5,0.535,12.8,37.1,0.272,1.0,13.26,11.43,19.0,12.0,7.0,2.0,AAC,34.0,0.794,13.0,3.0,829.0,0.444,190.0,0.316,526.0,0.697,345.0,1231.0,482.0,253.0,138.0,431.0,597.0,67.4,102.4,0.404,0.322,0.533,51.0,58.1,10.9,9.9,0.494,16.2,29.4,0.281,0.0,2.13,9.5,6.0,0.0,0.0,0.0,A-10
2014,First Round,6,UMass,11,Tennessee,1,33.0,0.727,10.0,6.0,900.0,0.459,177.0,0.346,525.0,0.683,404.0,1267.0,499.0,226.0,178.0,446.0,649.0,71.7,105.3,0.392,0.261,0.538,51.9,55.4,9.5,12.3,0.504,16.1,34.4,0.268,0.0,9.22,1.39,1.0,0.0,0.0,0.0,A-10,37.0,0.649,11.0,7.0,927.0,0.453,205.0,0.325,613.0,0.719,501.0,1424.0,472.0,192.0,172.0,388.0,617.0,62.8,114.2,0.416,0.308,0.545,56.2,50.9,8.2,12.0,0.503,13.7,39.8,0.299,1.0,5.88,11.46,1.0,1.0,0.0,0.0,SEC
2014,Sweet Sixteen,2,Michigan,11,Tennessee,0,37.0,0.757,15.0,3.0,945.0,0.477,319.0,0.402,527.0,0.763,316.0,1160.0,525.0,191.0,88.0,336.0,527.0,62.5,117.5,0.349,0.401,0.592,50.1,55.6,8.2,6.3,0.557,12.7,28.6,0.266,1.0,9.08,9.44,9.0,4.0,1.0,0.0,Big Ten,37.0,0.649,11.0,7.0,927.0,0.453,205.0,0.325,613.0,0.719,501.0,1424.0,472.0,192.0,172.0,388.0,617.0,62.8,114.2,0.416,0.308,0.545,56.2,50.9,8.2,12.0,0.503,13.7,39.8,0.299,1.0,5.88,11.46,1.0,1.0,0.0,0.0,SEC
2014,First Round,7,Texas,10,Arizona State,0,35.0,0.686,11.0,7.0,905.0,0.432,178.0,0.327,610.0,0.671,528.0,1449.0,452.0,199.0,206.0,426.0,669.0,69.1,107.0,0.434,0.26,0.514,54.6,49.9,8.2,15.8,0.474,14.4,39.6,0.291,0.0,7.27,5.4,21.0,6.0,1.0,0.0,Big 12,33.0,0.636,10.0,8.0,836.0,0.451,268.0,0.39,546.0,0.694,281.0,1172.0,471.0,167.0,182.0,377.0,635.0,69.0,107.2,0.425,0.371,0.558,48.4,56.3,7.2,12.8,0.524,14.5,24.5,0.295,0.0,9.13,4.19,8.0,1.0,0.0,0.0,Pac-12
2014,First Round,2,Michigan,15,Wofford,0,37.0,0.757,15.0,3.0,945.0,0.477,319.0,0.402,527.0,0.763,316.0,1160.0,525.0,191.0,88.0,336.0,527.0,62.5,117.5,0.349,0.401,0.592,50.1,55.6,8.2,6.3,0.557,12.7,28.6,0.266,1.0,9.08,9.44,9.0,4.0,1.0,0.0,Big Ten,33.0,0.606,11.0,5.0,808.0,0.448,196.0,0.36,393.0,0.664,352.0,1090.0,423.0,205.0,54.0,351.0,578.0,63.0,105.6,0.328,0.302,0.529,51.0,52.4,9.8,4.6,0.502,14.4,31.7,0.218,0.0,-9.66,5.35,3.0,0.0,0.0,0.0,Southern
2014,Second Round,2,Michigan,7,Texas,0,37.0,0.757,15.0,3.0,945.0,0.477,319.0,0.402,527.0,0.763,316.0,1160.0,525.0,191.0,88.0,336.0,527.0,62.5,117.5,0.349,0.401,0.592,50.1,55.6,8.2,6.3,0.557,12.7,28.6,0.266,1.0,9.08,9.44,9.0,4.0,1.0,0.0,Big Ten,35.0,0.686,11.0,7.0,905.0,0.432,178.0,0.327,610.0,0.671,528.0,1449.0,452.0,199.0,206.0,426.0,669.0,69.1,107.0,0.434,0.26,0.514,54.6,49.9,8.2,15.8,0.474,14.4,39.6,0.291,0.0,7.27,5.4,21.0,6.0,1.0,0.0,Big 12
2014,First Round,1,Florida,16,Albany (NY),0,39.0,0.923,18.0,0.0,945.0,0.46,255.0,0.359,582.0,0.668,437.0,1385.0,509.0,274.0,118.0,418.0,611.0,62.9,111.1,0.424,0.346,0.552,53.8,53.9,11.2,8.6,0.522,14.5,34.7,0.283,1.0,4.39,16.3,14.0,8.0,4.0,2.0,SEC,34.0,0.559,9.0,7.0,765.0,0.441,163.0,0.36,546.0,0.75,343.0,1175.0,376.0,184.0,101.0,428.0,580.0,63.0,103.3,0.42,0.261,0.539,52.5,49.2,8.5,8.6,0.488,17.1,31.9,0.315,0.0,-6.24,2.93,4.0,0.0,0.0,0.0,AEC
2014,Second Round,1,Florida,9,Pitt,0,39.0,0.923,18.0,0.0,945.0,0.46,255.0,0.359,582.0,0.668,437.0,1385.0,509.0,274.0,118.0,418.0,611.0,62.9,111.1,0.424,0.346,0.552,53.8,53.9,11.2,8.6,0.522,14.5,34.7,0.283,1.0,4.39,16.3,14.0,8.0,4.0,2.0,SEC,36.0,0.722,11.0,7.0,895.0,0.46,183.0,0.351,613.0,0.712,432.0,1291.0,563.0,254.0,107.0,373.0,620.0,62.4,113.0,0.443,0.269,0.55,54.5,62.9,11.1,8.6,0.507,13.7,37.3,0.315,1.0,7.31,10.15,10.0,3.0,0.0,0.0,ACC
2014,First Round,8,Colorado,9,Pitt,1,35.0,0.657,10.0,8.0,814.0,0.435,181.0,0.318,648.0,0.718,401.0,1305.0,397.0,207.0,115.0,466.0,576.0,67.0,103.7,0.483,0.304,0.534,54.3,48.8,8.7,9.0,0.483,16.8,34.0,0.346,0.0,4.06,6.74,3.0,0.0,0.0,0.0,Pac-12,36.0,0.722,11.0,7.0,895.0,0.46,183.0,0.351,613.0,0.712,432.0,1291.0,563.0,254.0,107.0,373.0,620.0,62.4,113.0,0.443,0.269,0.55,54.5,62.9,11.1,8.6,0.507,13.7,37.3,0.315,1.0,7.31,10.15,10.0,3.0,0.0,0.0,ACC
2014,Sweet Sixteen,1,Florida,4,UCLA,0,39.0,0.923,18.0,0.0,945.0,0.46,255.0,0.359,582.0,0.668,437.0,1385.0,509.0,274.0,118.0,418.0,611.0,62.9,111.1,0.424,0.346,0.552,53.8,53.9,11.2,8.6,0.522,14.5,34.7,0.283,1.0,4.39,16.3,14.0,8.0,4.0,2.0,SEC,37.0,0.757,12.0,6.0,1073.0,0.489,229.0,0.38,628.0,0.749,368.0,1308.0,636.0,341.0,111.0,379.0,652.0,70.0,115.1,0.382,0.275,0.579,51.2,59.3,13.1,9.0,0.541,12.7,29.8,0.286,1.0,14.33,4.07,8.0,2.0,0.0,0.0,Pac-12
2014,Elite Eight,1,Florida,11,Dayton,0,39.0,0.923,18.0,0.0,945.0,0.46,255.0,0.359,582.0,0.668,437.0,1385.0,509.0,274.0,118.0,418.0,611.0,62.9,111.1,0.424,0.346,0.552,53.8,53.9,11.2,8.6,0.522,14.5,34.7,0.283,1.0,4.39,16.3,14.0,8.0,4.0,2.0,SEC,37.0,0.703,10.0,6.0,935.0,0.463,243.0,0.377,558.0,0.681,414.0,1289.0,485.0,222.0,96.0,442.0,736.0,65.4,109.6,0.406,0.319,0.555,52.7,51.9,9.1,7.3,0.524,15.5,34.0,0.277,0.0,5.03,5.52,1.0,1.0,0.0,0.0,A-10
2014,First Round,6,Ohio State,11,Dayton,1,35.0,0.714,10.0,8.0,843.0,0.45,200.0,0.324,546.0,0.689,346.0,1187.0,421.0,270.0,157.0,394.0,577.0,65.1,106.1,0.423,0.329,0.54,50.2,49.9,11.8,12.2,0.503,14.9,29.6,0.291,1.0,3.37,14.47,12.0,6.0,2.0,0.0,Big Ten,37.0,0.703,10.0,6.0,935.0,0.463,243.0,0.377,558.0,0.681,414.0,1289.0,485.0,222.0,96.0,442.0,736.0,65.4,109.6,0.406,0.319,0.555,52.7,51.9,9.1,7.3,0.524,15.5,34.0,0.277,0.0,5.03,5.52,1.0,1.0,0.0,0.0,A-10
2014,Second Round,3,Syracuse,11,Dayton,1,34.0,0.824,14.0,4.0,819.0,0.437,167.0,0.331,506.0,0.708,446.0,1200.0,402.0,271.0,171.0,306.0,546.0,60.5,111.6,0.382,0.27,0.522,52.8,49.1,13.1,17.2,0.482,12.1,38.1,0.27,1.0,2.13,13.92,31.0,17.0,4.0,1.0,ACC,37.0,0.703,10.0,6.0,935.0,0.463,243.0,0.377,558.0,0.681,414.0,1289.0,485.0,222.0,96.0,442.0,736.0,65.4,109.6,0.406,0.319,0.555,52.7,51.9,9.1,7.3,0.524,15.5,34.0,0.277,0.0,5.03,5.52,1.0,1.0,0.0,0.0,A-10
2014,Sweet Sixteen,10,Stanford,11,Dayton,1,36.0,0.639,10.0,8.0,896.0,0.459,208.0,0.364,616.0,0.702,347.0,1257.0,415.0,191.0,154.0,409.0,655.0,67.1,108.0,0.45,0.293,0.553,51.3,46.3,7.9,11.6,0.513,14.7,29.3,0.316,0.0,6.68,6.74,1.0,1.0,0.0,0.0,Pac-12,37.0,0.703,10.0,6.0,935.0,0.463,243.0,0.377,558.0,0.681,414.0,1289.0,485.0,222.0,96.0,442.0,736.0,65.4,109.6,0.406,0.319,0.555,52.7,51.9,9.1,7.3,0.524,15.5,34.0,0.277,0.0,5.03,5.52,1.0,1.0,0.0,0.0,A-10
2014,Final Four,1,Florida,7,UConn,1,39.0,0.923,18.0,0.0,945.0,0.46,255.0,0.359,582.0,0.668,437.0,1385.0,509.0,274.0,118.0,418.0,611.0,62.9,111.1,0.424,0.346,0.552,53.8,53.9,11.2,8.6,0.522,14.5,34.7,0.283,1.0,4.39,16.3,14.0,8.0,4.0,2.0,SEC,40.0,0.8,12.0,6.0,971.0,0.449,287.0,0.387,644.0,0.777,387.0,1389.0,488.0,281.0,230.0,457.0,719.0,65.5,108.9,0.383,0.343,0.562,50.2,50.3,10.7,15.2,0.515,15.2,30.4,0.298,1.0,5.29,11.93,1.0,1.0,1.0,1.0,AAC
2014,Elite Eight,4,Michigan State,7,UConn,1,38.0,0.763,12.0,6.0,1024.0,0.474,307.0,0.392,515.0,0.707,395.0,1400.0,637.0,259.0,174.0,430.0,721.0,66.0,113.3,0.337,0.363,0.573,53.7,62.2,10.2,13.4,0.545,14.7,32.2,0.239,1.0,10.45,8.9,17.0,12.0,6.0,1.0,Big Ten,40.0,0.8,12.0,6.0,971.0,0.449,287.0,0.387,644.0,0.777,387.0,1389.0,488.0,281.0,230.0,457.0,719.0,65.5,108.9,0.383,0.343,0.562,50.2,50.3,10.7,15.2,0.515,15.2,30.4,0.298,1.0,5.29,11.93,1.0,1.0,1.0,1.0,AAC
2014,Sweet Sixteen,3,Iowa State,7,UConn,1,36.0,0.778,11.0,7.0,1062.0,0.474,301.0,0.358,564.0,0.693,375.0,1387.0,663.0,214.0,106.0,380.0,623.0,71.7,113.9,0.364,0.375,0.569,51.1,62.4,8.2,7.0,0.542,12.6,28.8,0.252,1.0,17.3,1.22,3.0,1.0,0.0,0.0,Big 12,40.0,0.8,12.0,6.0,971.0,0.449,287.0,0.387,644.0,0.777,387.0,1389.0,488.0,281.0,230.0,457.0,719.0,65.5,108.9,0.383,0.343,0.562,50.2,50.3,10.7,15.2,0.515,15.2,30.4,0.298,1.0,5.29,11.93,1.0,1.0,1.0,1.0,AAC
2014,Second Round,2,Villanova,7,UConn,1,34.0,0.853,16.0,2.0,870.0,0.456,304.0,0.356,607.0,0.716,379.0,1263.0,523.0,236.0,141.0,406.0,672.0,67.6,113.2,0.445,0.448,0.574,52.6,60.1,10.1,11.2,0.536,14.9,32.6,0.318,1.0,10.41,8.56,11.0,4.0,1.0,0.0,Big East,40.0,0.8,12.0,6.0,971.0,0.449,287.0,0.387,644.0,0.777,387.0,1389.0,488.0,281.0,230.0,457.0,719.0,65.5,108.9,0.383,0.343,0.562,50.2,50.3,10.7,15.2,0.515,15.2,30.4,0.298,1.0,5.29,11.93,1.0,1.0,1.0,1.0,AAC
2014,First Round,5,VCU,12,Stephen F. Austin,1,35.0,0.743,12.0,4.0,922.0,0.42,260.0,0.349,520.0,0.674,479.0,1317.0,459.0,391.0,150.0,423.0,686.0,70.4,105.0,0.352,0.339,0.512,50.6,49.8,15.6,11.5,0.479,14.2,34.3,0.237,0.0,7.98,6.57,4.0,1.0,1.0,0.0,A-10,35.0,0.914,18.0,0.0,922.0,0.463,248.0,0.345,569.0,0.711,451.0,1186.0,574.0,257.0,104.0,393.0,730.0,65.5,115.2,0.402,0.36,0.561,53.8,62.3,11.1,8.6,0.525,14.2,38.4,0.286,0.0,-0.3,5.12,1.0,0.0,0.0,0.0,Southland
2014,Second Round,4,UCLA,12,Stephen F. Austin,0,37.0,0.757,12.0,6.0,1073.0,0.489,229.0,0.38,628.0,0.749,368.0,1308.0,636.0,341.0,111.0,379.0,652.0,70.0,115.1,0.382,0.275,0.579,51.2,59.3,13.1,9.0,0.541,12.7,29.8,0.286,1.0,14.33,4.07,8.0,2.0,0.0,0.0,Pac-12,35.0,0.914,18.0,0.0,922.0,0.463,248.0,0.345,569.0,0.711,451.0,1186.0,574.0,257.0,104.0,393.0,730.0,65.5,115.2,0.402,0.36,0.561,53.8,62.3,11.1,8.6,0.525,14.2,38.4,0.286,0.0,-0.3,5.12,1.0,0.0,0.0,0.0,Southland
2014,First Round,4,UCLA,13,Tulsa,0,37.0,0.757,12.0,6.0,1073.0,0.489,229.0,0.38,628.0,0.749,368.0,1308.0,636.0,341.0,111.0,379.0,652.0,70.0,115.1,0.382,0.275,0.579,51.2,59.3,13.1,9.0,0.541,12.7,29.8,0.286,1.0,14.33,4.07,8.0,2.0,0.0,0.0,Pac-12,34.0,0.618,13.0,3.0,835.0,0.44,197.0,0.327,604.0,0.676,368.0,1231.0,427.0,232.0,127.0,394.0,725.0,68.7,105.0,0.471,0.318,0.532,50.3,51.1,9.9,10.5,0.492,14.5,30.2,0.318,0.0,3.09,3.14,1.0,0.0,0.0,0.0,CUSA
2014,First Round,3,Syracuse,14,Western Michigan,0,34.0,0.824,14.0,4.0,819.0,0.437,167.0,0.331,506.0,0.708,446.0,1200.0,402.0,271.0,171.0,306.0,546.0,60.5,111.6,0.382,0.27,0.522,52.8,49.1,13.1,17.2,0.482,12.1,38.1,0.27,1.0,2.13,13.92,31.0,17.0,4.0,1.0,ACC,33.0,0.697,14.0,4.0,779.0,0.463,195.0,0.329,620.0,0.724,323.0,1143.0,376.0,194.0,111.0,464.0,602.0,66.5,106.5,0.508,0.352,0.568,51.3,48.3,8.7,9.6,0.52,18.2,31.6,0.368,0.0,1.13,0.6,2.0,0.0,0.0,0.0,MAC
2014,First Round,7,New Mexico,10,Stanford,1,34.0,0.794,15.0,3.0,847.0,0.458,197.0,0.332,625.0,0.724,360.0,1296.0,522.0,162.0,172.0,361.0,577.0,65.6,111.2,0.466,0.32,0.556,53.8,61.6,7.2,13.3,0.511,13.8,32.5,0.338,0.0,6.62,6.1,1.0,0.0,0.0,0.0,MWC,36.0,0.639,10.0,8.0,896.0,0.459,208.0,0.364,616.0,0.702,347.0,1257.0,415.0,191.0,154.0,409.0,655.0,67.1,108.0,0.45,0.293,0.553,51.3,46.3,7.9,11.6,0.513,14.7,29.3,0.316,0.0,6.68,6.74,1.0,1.0,0.0,0.0,Pac-12
2014,Second Round,2,Kansas,10,Stanford,1,35.0,0.714,14.0,4.0,955.0,0.493,189.0,0.34,665.0,0.711,416.0,1336.0,523.0,204.0,196.0,463.0,732.0,68.6,114.3,0.483,0.287,0.58,55.5,54.8,8.4,14.6,0.542,16.3,37.3,0.343,1.0,13.34,6.91,16.0,10.0,2.0,1.0,Big 12,36.0,0.639,10.0,8.0,896.0,0.459,208.0,0.364,616.0,0.702,347.0,1257.0,415.0,191.0,154.0,409.0,655.0,67.1,108.0,0.45,0.293,0.553,51.3,46.3,7.9,11.6,0.513,14.7,29.3,0.316,0.0,6.68,6.74,1.0,1.0,0.0,0.0,Pac-12
2014,First Round,2,Kansas,15,Eastern Kentucky,0,35.0,0.714,14.0,4.0,955.0,0.493,189.0,0.34,665.0,0.711,416.0,1336.0,523.0,204.0,196.0,463.0,732.0,68.6,114.3,0.483,0.287,0.58,55.5,54.8,8.4,14.6,0.542,16.3,37.3,0.343,1.0,13.34,6.91,16.0,10.0,2.0,1.0,Big 12,34.0,0.706,11.0,5.0,881.0,0.487,315.0,0.39,600.0,0.752,243.0,884.0,498.0,299.0,67.0,359.0,707.0,67.5,116.3,0.441,0.446,0.611,44.3,56.5,13.0,6.4,0.574,14.1,23.6,0.331,0.0,2.73,-2.13,2.0,0.0,0.0,0.0,OVC
2014,First Round,1,Virginia,16,Coastal Carolina,0,37.0,0.811,16.0,2.0,855.0,0.454,206.0,0.369,533.0,0.673,379.0,1312.0,484.0,193.0,150.0,362.0,594.0,60.6,108.8,0.42,0.297,0.542,54.7,56.6,8.6,12.0,0.508,13.8,33.2,0.283,1.0,0.62,17.76,4.0,2.0,0.0,0.0,ACC,34.0,0.618,11.0,5.0,861.0,0.437,212.0,0.338,524.0,0.691,434.0,1336.0,362.0,216.0,96.0,473.0,668.0,68.6,104.2,0.385,0.319,0.528,53.2,42.0,9.2,8.6,0.491,16.9,35.1,0.266,0.0,-5.0,-0.21,9.0,3.0,0.0,0.0,Big South
2014,Second Round,1,Virginia,8,Memphis,0,37.0,0.811,16.0,2.0,855.0,0.454,206.0,0.369,533.0,0.673,379.0,1312.0,484.0,193.0,150.0,362.0,594.0,60.6,108.8,0.42,0.297,0.542,54.7,56.6,8.6,12.0,0.508,13.8,33.2,0.283,1.0,0.62,17.76,4.0,2.0,0.0,0.0,ACC,34.0,0.706,12.0,6.0,958.0,0.477,182.0,0.33,516.0,0.644,427.0,1268.0,591.0,294.0,159.0,449.0,612.0,70.6,108.2,0.399,0.275,0.547,51.5,61.7,12.2,11.0,0.522,15.8,35.6,0.257,0.0,8.98,4.04,4.0,0.0,0.0,0.0,AAC
2014,Sweet Sixteen,1,Virginia,4,Michigan State,1,37.0,0.811,16.0,2.0,855.0,0.454,206.0,0.369,533.0,0.673,379.0,1312.0,484.0,193.0,150.0,362.0,594.0,60.6,108.8,0.42,0.297,0.542,54.7,56.6,8.6,12.0,0.508,13.8,33.2,0.283,1.0,0.62,17.76,4.0,2.0,0.0,0.0,ACC,38.0,0.763,12.0,6.0,1024.0,0.474,307.0,0.392,515.0,0.707,395.0,1400.0,637.0,259.0,174.0,430.0,721.0,66.0,113.3,0.337,0.363,0.573,53.7,62.2,10.2,13.4,0.545,14.7,32.2,0.239,1.0,10.45,8.9,17.0,12.0,6.0,1.0,Big Ten
2014,First Round,8,Memphis,9,George Washington,0,34.0,0.706,12.0,6.0,958.0,0.477,182.0,0.33,516.0,0.644,427.0,1268.0,591.0,294.0,159.0,449.0,612.0,70.6,108.2,0.399,0.275,0.547,51.5,61.7,12.2,11.0,0.522,15.8,35.6,0.257,0.0,8.98,4.04,4.0,0.0,0.0,0.0,AAC,33.0,0.727,11.0,5.0,839.0,0.463,187.0,0.364,550.0,0.651,394.0,1229.0,461.0,235.0,135.0,428.0,595.0,68.0,107.3,0.466,0.284,0.546,52.5,54.9,10.4,11.2,0.515,16.2,35.1,0.304,0.0,4.78,5.82,2.0,0.0,0.0,0.0,A-10
2014,First Round,5,Cincinnati,12,Harvard,1,34.0,0.794,15.0,3.0,805.0,0.425,196.0,0.335,519.0,0.708,457.0,1224.0,425.0,268.0,188.0,377.0,596.0,63.6,107.5,0.387,0.309,0.519,53.2,52.8,12.4,16.0,0.477,14.4,39.1,0.274,0.0,0.7,14.55,6.0,1.0,0.0,0.0,AAC,32.0,0.844,13.0,1.0,786.0,0.465,184.0,0.385,587.0,0.724,335.0,1092.0,449.0,243.0,155.0,365.0,566.0,64.6,111.6,0.48,0.283,0.564,52.1,57.1,11.6,13.4,0.519,15.0,32.8,0.347,0.0,3.99,6.79,4.0,1.0,0.0,0.0,Ivy
2014,Second Round,4,Michigan State,12,Harvard,0,38.0,0.763,12.0,6.0,1024.0,0.474,307.0,0.392,515.0,0.707,395.0,1400.0,637.0,259.0,174.0,430.0,721.0,66.0,113.3,0.337,0.363,0.573,53.7,62.2,10.2,13.4,0.545,14.7,32.2,0.239,1.0,10.45,8.9,17.0,12.0,6.0,1.0,Big Ten,32.0,0.844,13.0,1.0,786.0,0.465,184.0,0.385,587.0,0.724,335.0,1092.0,449.0,243.0,155.0,365.0,566.0,64.6,111.6,0.48,0.283,0.564,52.1,57.1,11.6,13.4,0.519,15.0,32.8,0.347,0.0,3.99,6.79,4.0,1.0,0.0,0.0,Ivy
2014,First Round,4,Michigan State,13,Delaware,0,38.0,0.763,12.0,6.0,1024.0,0.474,307.0,0.392,515.0,0.707,395.0,1400.0,637.0,259.0,174.0,430.0,721.0,66.0,113.3,0.337,0.363,0.573,53.7,62.2,10.2,13.4,0.545,14.7,32.2,0.239,1.0,10.45,8.9,17.0,12.0,6.0,1.0,Big Ten,35.0,0.714,14.0,2.0,936.0,0.444,252.0,0.347,658.0,0.711,385.0,1264.0,377.0,208.0,123.0,334.0,660.0,70.9,111.7,0.439,0.345,0.546,48.1,40.3,8.4,8.5,0.504,11.6,29.1,0.312,0.0,9.67,-6.94,1.0,0.0,0.0,0.0,CAA
2014,First Round,6,UNC,11,Providence,0,34.0,0.706,13.0,5.0,953.0,0.463,146.0,0.336,552.0,0.626,483.0,1350.0,523.0,249.0,161.0,406.0,690.0,70.0,108.5,0.429,0.211,0.526,53.4,54.9,10.4,12.5,0.499,14.1,38.1,0.268,0.0,10.62,4.63,24.0,15.0,7.0,2.0,ACC,35.0,0.657,10.0,8.0,849.0,0.428,218.0,0.347,650.0,0.782,432.0,1278.0,476.0,194.0,173.0,406.0,603.0,64.9,109.1,0.419,0.317,0.539,52.4,56.1,8.3,12.0,0.483,14.6,35.4,0.328,0.0,6.93,4.43,1.0,0.0,0.0,0.0,Big East
2014,First Round,3,Iowa State,14,North Carolina Central,0,36.0,0.778,11.0,7.0,1062.0,0.474,301.0,0.358,564.0,0.693,375.0,1387.0,663.0,214.0,106.0,380.0,623.0,71.7,113.9,0.364,0.375,0.569,51.1,62.4,8.2,7.0,0.542,12.6,28.8,0.252,1.0,17.3,1.22,3.0,1.0,0.0,0.0,Big 12,34.0,0.824,16.0,1.0,847.0,0.462,184.0,0.338,635.0,0.728,403.0,1197.0,500.0,262.0,137.0,389.0,660.0,64.7,112.5,0.476,0.297,0.559,52.6,59.0,11.7,12.4,0.513,14.8,36.6,0.347,0.0,-0.99,4.96,1.0,0.0,0.0,0.0,MEAC
2014,Second Round,3,Iowa State,6,UNC,0,36.0,0.778,11.0,7.0,1062.0,0.474,301.0,0.358,564.0,0.693,375.0,1387.0,663.0,214.0,106.0,380.0,623.0,71.7,113.9,0.364,0.375,0.569,51.1,62.4,8.2,7.0,0.542,12.6,28.8,0.252,1.0,17.3,1.22,3.0,1.0,0.0,0.0,Big 12,34.0,0.706,13.0,5.0,953.0,0.463,146.0,0.336,552.0,0.626,483.0,1350.0,523.0,249.0,161.0,406.0,690.0,70.0,108.5,0.429,0.211,0.526,53.4,54.9,10.4,12.5,0.499,14.1,38.1,0.268,0.0,10.62,4.63,24.0,15.0,7.0,2.0,ACC
2014,First Round,7,UConn,10,St. Joseph's,0,40.0,0.8,12.0,6.0,971.0,0.449,287.0,0.387,644.0,0.777,387.0,1389.0,488.0,281.0,230.0,457.0,719.0,65.5,108.9,0.383,0.343,0.562,50.2,50.3,10.7,15.2,0.515,15.2,30.4,0.298,1.0,5.29,11.93,1.0,1.0,1.0,1.0,AAC,34.0,0.706,11.0,5.0,840.0,0.47,250.0,0.379,503.0,0.645,319.0,1218.0,476.0,151.0,154.0,409.0,544.0,66.0,108.1,0.436,0.369,0.563,52.0,56.7,6.7,11.9,0.539,15.9,29.0,0.281,0.0,4.2,4.85,6.0,2.0,0.0,0.0,A-10
2014,First Round,2,Villanova,15,Milwaukee,0,34.0,0.853,16.0,2.0,870.0,0.456,304.0,0.356,607.0,0.716,379.0,1263.0,523.0,236.0,141.0,406.0,672.0,67.6,113.2,0.445,0.448,0.574,52.6,60.1,10.1,11.2,0.536,14.9,32.6,0.318,1.0,10.41,8.56,11.0,4.0,1.0,0.0,Big East,35.0,0.6,7.0,9.0,808.0,0.428,245.0,0.325,604.0,0.734,343.0,1182.0,476.0,200.0,85.0,469.0,630.0,67.9,102.6,0.436,0.399,0.541,48.8,58.9,8.3,6.4,0.493,17.1,28.3,0.32,0.0,-0.11,-1.42,2.0,0.0,0.0,0.0,Horizon
2014,First Round,1,Arizona,16,Weber State,0,38.0,0.868,15.0,3.0,996.0,0.469,204.0,0.364,573.0,0.659,465.0,1449.0,574.0,223.0,173.0,387.0,630.0,64.1,112.3,0.41,0.264,0.546,55.1,57.6,9.0,11.5,0.517,13.2,36.4,0.27,1.0,7.31,16.05,7.0,5.0,0.0,0.0,Pac-12,31.0,0.613,14.0,6.0,732.0,0.475,222.0,0.392,568.0,0.741,265.0,1065.0,407.0,131.0,123.0,382.0,558.0,64.3,111.3,0.498,0.367,0.592,52.5,55.6,6.5,9.0,0.547,16.7,28.9,0.369,0.0,-1.35,0.43,2.0,0.0,0.0,0.0,Big Sky
2014,Second Round,1,Arizona,8,Gonzaga,0,38.0,0.868,15.0,3.0,996.0,0.469,204.0,0.364,573.0,0.659,465.0,1449.0,574.0,223.0,173.0,387.0,630.0,64.1,112.3,0.41,0.264,0.546,55.1,57.6,9.0,11.5,0.517,13.2,36.4,0.27,1.0,7.31,16.05,7.0,5.0,0.0,0.0,Pac-12,36.0,0.806,15.0,3.0,972.0,0.495,255.0,0.397,562.0,0.709,343.0,1291.0,525.0,235.0,142.0,419.0,659.0,68.1,114.1,0.404,0.328,0.59,52.3,54.0,9.7,10.2,0.56,15.2,30.6,0.286,1.0,6.61,8.96,15.0,4.0,0.0,0.0,WCC
2014,Sweet Sixteen,1,Arizona,4,San Diego State,0,38.0,0.868,15.0,3.0,996.0,0.469,204.0,0.364,573.0,0.659,465.0,1449.0,574.0,223.0,173.0,387.0,630.0,64.1,112.3,0.41,0.264,0.546,55.1,57.6,9.0,11.5,0.517,13.2,36.4,0.27,1.0,7.31,16.05,7.0,5.0,0.0,0.0,Pac-12,36.0,0.861,16.0,2.0,873.0,0.435,186.0,0.358,598.0,0.663,470.0,1364.0,356.0,274.0,183.0,355.0,600.0,63.9,109.2,0.449,0.258,0.519,53.6,40.8,11.8,14.1,0.481,12.7,36.7,0.298,0.0,0.91,14.04,14.0,6.0,3.0,1.0,MWC
2014,Elite Eight,1,Arizona,2,Wisconsin,1,38.0,0.868,15.0,3.0,996.0,0.469,204.0,0.364,573.0,0.659,465.0,1449.0,574.0,223.0,173.0,387.0,630.0,64.1,112.3,0.41,0.264,0.546,55.1,57.6,9.0,11.5,0.517,13.2,36.4,0.27,1.0,7.31,16.05,7.0,5.0,0.0,0.0,Pac-12,38.0,0.789,12.0,6.0,927.0,0.459,297.0,0.376,642.0,0.746,337.0,1266.0,468.0,183.0,127.0,307.0,574.0,63.3,115.7,0.426,0.391,0.575,51.1,50.5,7.6,8.0,0.533,11.2,28.1,0.318,1.0,9.22,10.47,13.0,6.0,1.0,0.0,Big Ten
2014,First Round,8,Gonzaga,9,Oklahoma State,0,36.0,0.806,15.0,3.0,972.0,0.495,255.0,0.397,562.0,0.709,343.0,1291.0,525.0,235.0,142.0,419.0,659.0,68.1,114.1,0.404,0.328,0.59,52.3,54.0,9.7,10.2,0.56,15.2,30.6,0.286,1.0,6.61,8.96,15.0,4.0,0.0,0.0,WCC,34.0,0.618,8.0,10.0,898.0,0.463,239.0,0.364,693.0,0.719,332.0,1203.0,463.0,260.0,160.0,356.0,680.0,69.5,112.8,0.497,0.338,0.569,48.8,51.6,10.8,12.2,0.524,12.9,28.0,0.357,1.0,13.7,5.31,5.0,0.0,0.0,0.0,Big 12
2014,First Round,5,Oklahoma,12,North Dakota State,1,33.0,0.697,12.0,6.0,909.0,0.447,285.0,0.379,601.0,0.749,398.0,1242.0,483.0,224.0,108.0,376.0,625.0,71.7,112.9,0.394,0.37,0.56,50.9,53.1,9.4,8.4,0.517,13.5,32.4,0.295,0.0,15.64,-0.73,15.0,3.0,1.0,0.0,Big 12,33.0,0.788,12.0,2.0,888.0,0.505,176.0,0.364,540.0,0.751,307.0,1081.0,382.0,206.0,145.0,325.0,588.0,63.9,117.7,0.409,0.275,0.593,53.2,43.0,9.7,13.1,0.555,13.4,31.7,0.307,0.0,3.55,2.76,2.0,0.0,0.0,0.0,Summit
2014,Second Round,4,San Diego State,12,North Dakota State,0,36.0,0.861,16.0,2.0,873.0,0.435,186.0,0.358,598.0,0.663,470.0,1364.0,356.0,274.0,183.0,355.0,600.0,63.9,109.2,0.449,0.258,0.519,53.6,40.8,11.8,14.1,0.481,12.7,36.7,0.298,0.0,0.91,14.04,14.0,6.0,3.0,1.0,MWC,33.0,0.788,12.0,2.0,888.0,0.505,176.0,0.364,540.0,0.751,307.0,1081.0,382.0,206.0,145.0,325.0,588.0,63.9,117.7,0.409,0.275,0.593,53.2,43.0,9.7,13.1,0.555,13.4,31.7,0.307,0.0,3.55,2.76,2.0,0.0,0.0,0.0,Summit
2014,First Round,4,San Diego State,13,New Mexico State,0,36.0,0.861,16.0,2.0,873.0,0.435,186.0,0.358,598.0,0.663,470.0,1364.0,356.0,274.0,183.0,355.0,600.0,63.9,109.2,0.449,0.258,0.519,53.6,40.8,11.8,14.1,0.481,12.7,36.7,0.298,0.0,0.91,14.04,14.0,6.0,3.0,1.0,MWC,36.0,0.722,12.0,4.0,936.0,0.488,194.0,0.371,705.0,0.686,428.0,1346.0,474.0,169.0,224.0,457.0,614.0,66.9,113.8,0.535,0.273,0.576,53.5,50.6,6.9,13.5,0.539,16.0,37.5,0.368,0.0,5.27,0.9,4.0,0.0,0.0,0.0,WAC
2014,First Round,6,Baylor,11,Nebraska,0,38.0,0.684,9.0,9.0,959.0,0.455,280.0,0.386,645.0,0.68,525.0,1456.0,563.0,197.0,202.0,440.0,648.0,64.2,115.1,0.45,0.344,0.556,54.8,58.7,8.0,14.0,0.521,14.7,40.6,0.306,1.0,6.78,9.02,4.0,3.0,0.0,0.0,Big 12,32.0,0.594,11.0,7.0,719.0,0.427,188.0,0.333,511.0,0.717,278.0,1059.0,304.0,222.0,99.0,349.0,660.0,65.4,102.2,0.423,0.335,0.528,48.6,42.3,10.6,9.3,0.483,14.7,25.7,0.303,0.0,2.73,7.4,2.0,0.0,0.0,0.0,Big Ten
2014,First Round,3,Creighton,14,Louisiana,0,35.0,0.771,14.0,4.0,957.0,0.497,356.0,0.414,486.0,0.743,293.0,1192.0,614.0,139.0,49.0,342.0,618.0,65.3,120.6,0.339,0.446,0.616,51.7,64.2,6.1,3.8,0.589,13.3,27.7,0.252,1.0,12.14,5.89,6.0,0.0,0.0,0.0,Big East,35.0,0.657,11.0,7.0,988.0,0.465,246.0,0.367,613.0,0.671,464.0,1329.0,472.0,250.0,144.0,459.0,734.0,71.2,111.4,0.429,0.315,0.554,52.3,47.8,9.8,10.2,0.522,15.2,36.3,0.288,0.0,8.1,-5.19,3.0,0.0,0.0,0.0,Sun Belt
2014,Second Round,3,Creighton,6,Baylor,1,35.0,0.771,14.0,4.0,957.0,0.497,356.0,0.414,486.0,0.743,293.0,1192.0,614.0,139.0,49.0,342.0,618.0,65.3,120.6,0.339,0.446,0.616,51.7,64.2,6.1,3.8,0.589,13.3,27.7,0.252,1.0,12.14,5.89,6.0,0.0,0.0,0.0,Big East,38.0,0.684,9.0,9.0,959.0,0.455,280.0,0.386,645.0,0.68,525.0,1456.0,563.0,197.0,202.0,440.0,648.0,64.2,115.1,0.45,0.344,0.556,54.8,58.7,8.0,14.0,0.521,14.7,40.6,0.306,1.0,6.78,9.02,4.0,3.0,0.0,0.0,Big 12
2014,Sweet Sixteen,2,Wisconsin,6,Baylor,0,38.0,0.789,12.0,6.0,927.0,0.459,297.0,0.376,642.0,0.746,337.0,1266.0,468.0,183.0,127.0,307.0,574.0,63.3,115.7,0.426,0.391,0.575,51.1,50.5,7.6,8.0,0.533,11.2,28.1,0.318,1.0,9.22,10.47,13.0,6.0,1.0,0.0,Big Ten,38.0,0.684,9.0,9.0,959.0,0.455,280.0,0.386,645.0,0.68,525.0,1456.0,563.0,197.0,202.0,440.0,648.0,64.2,115.1,0.45,0.344,0.556,54.8,58.7,8.0,14.0,0.521,14.7,40.6,0.306,1.0,6.78,9.02,4.0,3.0,0.0,0.0,Big 12
2014,First Round,7,Oregon,10,BYU,0,34.0,0.706,10.0,8.0,928.0,0.469,259.0,0.389,668.0,0.772,356.0,1159.0,492.0,263.0,113.0,389.0,725.0,69.9,115.0,0.438,0.337,0.583,50.7,53.0,10.9,8.7,0.535,14.0,32.2,0.338,1.0,14.69,1.06,10.0,1.0,0.0,0.0,Pac-12,35.0,0.657,13.0,5.0,1012.0,0.463,177.0,0.355,730.0,0.692,463.0,1432.0,544.0,251.0,103.0,395.0,690.0,73.5,111.9,0.483,0.228,0.545,53.3,53.8,9.6,7.3,0.503,12.8,34.7,0.334,0.0,15.1,-3.46,7.0,1.0,0.0,0.0,WCC
2014,First Round,2,Wisconsin,15,American,0,38.0,0.789,12.0,6.0,927.0,0.459,297.0,0.376,642.0,0.746,337.0,1266.0,468.0,183.0,127.0,307.0,574.0,63.3,115.7,0.426,0.391,0.575,51.1,50.5,7.6,8.0,0.533,11.2,28.1,0.318,1.0,9.22,10.47,13.0,6.0,1.0,0.0,Big Ten,33.0,0.606,13.0,5.0,748.0,0.49,207.0,0.379,378.0,0.707,232.0,986.0,492.0,198.0,110.0,464.0,567.0,60.7,103.4,0.35,0.358,0.584,50.6,65.8,9.8,9.9,0.558,20.7,26.5,0.248,0.0,-7.93,8.62,1.0,0.0,0.0,0.0,Patriot
2014,Second Round,2,Wisconsin,7,Oregon,0,38.0,0.789,12.0,6.0,927.0,0.459,297.0,0.376,642.0,0.746,337.0,1266.0,468.0,183.0,127.0,307.0,574.0,63.3,115.7,0.426,0.391,0.575,51.1,50.5,7.6,8.0,0.533,11.2,28.1,0.318,1.0,9.22,10.47,13.0,6.0,1.0,0.0,Big Ten,34.0,0.706,10.0,8.0,928.0,0.469,259.0,0.389,668.0,0.772,356.0,1159.0,492.0,263.0,113.0,389.0,725.0,69.9,115.0,0.438,0.337,0.583,50.7,53.0,10.9,8.7,0.535,14.0,32.2,0.338,1.0,14.69,1.06,10.0,1.0,0.0,0.0,Pac-12
2015,Play-In,11,Dayton,11,Boise State,0,36.0,0.75,13.0,5.0,810.0,0.462,239.0,0.357,580.0,0.686,255.0,1121.0,490.0,250.0,91.0,415.0,573.0,64.2,105.1,0.482,0.382,0.565,48.6,60.5,10.8,7.2,0.53,16.1,23.3,0.33,0.0,2.88,8.1,2.0,1.0,0.0,0.0,A-10,34.0,0.735,14.0,4.0,831.0,0.456,297.0,0.392,431.0,0.729,298.0,1119.0,409.0,206.0,79.0,348.0,582.0,62.4,110.5,0.324,0.416,0.568,52.1,49.2,9.5,7.0,0.537,14.2,28.4,0.236,0.0,4.57,5.44,2.0,0.0,0.0,0.0,MWC
2015,Play-In,11,BYU,11,Ole Miss,1,35.0,0.714,13.0,5.0,976.0,0.467,300.0,0.393,679.0,0.766,421.0,1349.0,594.0,257.0,103.0,417.0,721.0,70.7,116.7,0.424,0.365,0.584,53.2,60.9,10.2,7.4,0.539,14.2,34.1,0.325,0.0,18.11,-4.57,8.0,1.0,0.0,0.0,WCC,34.0,0.618,11.0,7.0,848.0,0.423,220.0,0.332,559.0,0.773,430.0,1284.0,450.0,225.0,128.0,378.0,668.0,67.0,107.9,0.361,0.331,0.527,51.8,53.1,9.8,11.3,0.478,13.9,34.8,0.279,0.0,9.33,2.07,2.0,0.0,0.0,0.0,SEC
2015,First Round,6,Xavier,11,Ole Miss,0,37.0,0.622,9.0,9.0,956.0,0.475,234.0,0.351,566.0,0.73,364.0,1282.0,596.0,223.0,106.0,447.0,661.0,65.6,109.8,0.385,0.331,0.57,52.8,62.3,9.0,8.3,0.534,15.8,31.3,0.281,1.0,11.02,4.4,5.0,3.0,0.0,0.0,Big East,34.0,0.618,11.0,7.0,848.0,0.423,220.0,0.332,559.0,0.773,430.0,1284.0,450.0,225.0,128.0,378.0,668.0,67.0,107.9,0.361,0.331,0.527,51.8,53.1,9.8,11.3,0.478,13.9,34.8,0.279,0.0,9.33,2.07,2.0,0.0,0.0,0.0,SEC
2015,Play-In,16,North Florida,16,Robert Morris,1,35.0,0.657,12.0,2.0,897.0,0.47,317.0,0.391,540.0,0.723,339.0,1219.0,506.0,214.0,146.0,436.0,568.0,67.7,112.0,0.391,0.424,0.585,50.7,56.4,9.0,9.9,0.553,16.1,30.1,0.283,0.0,4.01,-4.82,1.0,0.0,0.0,0.0,A-Sun,35.0,0.571,12.0,6.0,854.0,0.443,221.0,0.375,485.0,0.709,367.0,1162.0,428.0,300.0,100.0,467.0,650.0,66.7,102.6,0.355,0.306,0.536,47.9,50.1,12.8,8.1,0.501,17.2,31.0,0.252,0.0,-1.1,-1.92,1.0,0.0,0.0,0.0,NEC
2015,First Round,1,Duke,16,Robert Morris,0,39.0,0.897,15.0,3.0,1099.0,0.502,283.0,0.387,610.0,0.699,445.0,1436.0,588.0,278.0,149.0,421.0,607.0,65.9,119.4,0.398,0.334,0.593,53.9,53.5,10.7,9.0,0.566,13.9,35.8,0.278,1.0,17.28,7.69,31.0,22.0,12.0,5.0,ACC,35.0,0.571,12.0,6.0,854.0,0.443,221.0,0.375,485.0,0.709,367.0,1162.0,428.0,300.0,100.0,467.0,650.0,66.7,102.6,0.355,0.306,0.536,47.9,50.1,12.8,8.1,0.501,17.2,31.0,0.252,0.0,-1.1,-1.92,1.0,0.0,0.0,0.0,NEC
2015,Play-In,16,Manhattan,16,Hampton,1,33.0,0.576,13.0,7.0,756.0,0.432,215.0,0.336,573.0,0.691,345.0,1065.0,460.0,264.0,92.0,481.0,758.0,68.2,100.7,0.474,0.366,0.537,48.6,60.8,11.6,7.5,0.494,18.3,30.9,0.328,0.0,1.34,-2.68,2.0,0.0,0.0,0.0,MAAC,35.0,0.486,8.0,8.0,796.0,0.406,194.0,0.304,560.0,0.652,416.0,1292.0,372.0,235.0,141.0,494.0,752.0,69.5,96.1,0.438,0.326,0.496,50.1,46.7,9.6,10.5,0.456,17.3,31.8,0.286,0.0,-2.46,-5.79,2.0,0.0,0.0,0.0,MEAC
2015,First Round,1,Kentucky,16,Hampton,0,39.0,0.974,18.0,0.0,1006.0,0.468,203.0,0.349,685.0,0.726,491.0,1482.0,553.0,253.0,268.0,408.0,665.0,63.8,115.5,0.439,0.271,0.558,54.9,55.0,10.1,18.2,0.515,13.6,39.5,0.319,1.0,11.55,17.18,16.0,12.0,6.0,1.0,SEC,35.0,0.486,8.0,8.0,796.0,0.406,194.0,0.304,560.0,0.652,416.0,1292.0,372.0,235.0,141.0,494.0,752.0,69.5,96.1,0.438,0.326,0.496,50.1,46.7,9.6,10.5,0.456,17.3,31.8,0.286,0.0,-2.46,-5.79,2.0,0.0,0.0,0.0,MEAC
2015,First Round,1,Villanova,16,Lafayette,0,36.0,0.917,16.0,2.0,916.0,0.47,326.0,0.389,596.0,0.731,371.0,1235.0,570.0,278.0,146.0,382.0,596.0,65.0,116.9,0.418,0.429,0.589,51.5,62.2,11.8,11.0,0.553,14.0,32.5,0.305,1.0,12.87,10.26,12.0,4.0,1.0,0.0,Big East,33.0,0.606,9.0,9.0,872.0,0.485,261.0,0.408,421.0,0.767,282.0,1017.0,514.0,181.0,83.0,366.0,515.0,64.8,112.9,0.305,0.356,0.589,48.3,58.9,8.4,6.9,0.557,15.1,28.4,0.234,0.0,4.46,-7.83,3.0,0.0,0.0,0.0,Patriot
2015,Second Round,1,Villanova,8,NC State,1,36.0,0.917,16.0,2.0,916.0,0.47,326.0,0.389,596.0,0.731,371.0,1235.0,570.0,278.0,146.0,382.0,596.0,65.0,116.9,0.418,0.429,0.589,51.5,62.2,11.8,11.0,0.553,14.0,32.5,0.305,1.0,12.87,10.26,12.0,4.0,1.0,0.0,Big East,36.0,0.611,10.0,8.0,895.0,0.436,236.0,0.357,499.0,0.686,435.0,1369.0,415.0,138.0,184.0,375.0,637.0,64.5,108.0,0.354,0.322,0.526,52.3,46.4,5.9,13.1,0.493,13.5,34.0,0.243,1.0,8.3,5.8,11.0,3.0,0.0,0.0,ACC
2015,Sweet Sixteen,4,Louisville,8,NC State,0,36.0,0.75,12.0,6.0,878.0,0.429,198.0,0.307,529.0,0.668,454.0,1351.0,419.0,283.0,192.0,408.0,623.0,65.6,104.5,0.387,0.314,0.512,51.8,47.7,11.9,14.4,0.477,14.4,34.7,0.258,1.0,6.4,11.73,20.0,13.0,7.0,2.0,ACC,36.0,0.611,10.0,8.0,895.0,0.436,236.0,0.357,499.0,0.686,435.0,1369.0,415.0,138.0,184.0,375.0,637.0,64.5,108.0,0.354,0.322,0.526,52.3,46.4,5.9,13.1,0.493,13.5,34.0,0.243,1.0,8.3,5.8,11.0,3.0,0.0,0.0,ACC
2015,First Round,8,NC State,9,LSU,0,36.0,0.611,10.0,8.0,895.0,0.436,236.0,0.357,499.0,0.686,435.0,1369.0,415.0,138.0,184.0,375.0,637.0,64.5,108.0,0.354,0.322,0.526,52.3,46.4,5.9,13.1,0.493,13.5,34.0,0.243,1.0,8.3,5.8,11.0,3.0,0.0,0.0,ACC,33.0,0.667,11.0,7.0,892.0,0.455,189.0,0.339,450.0,0.684,401.0,1294.0,516.0,240.0,204.0,476.0,516.0,69.6,103.1,0.335,0.284,0.533,51.5,57.8,10.2,14.0,0.503,17.3,33.9,0.229,0.0,10.21,1.18,3.0,0.0,0.0,0.0,SEC
2015,First Round,5,Northern Iowa,12,Wyoming,0,35.0,0.886,16.0,2.0,776.0,0.48,257.0,0.398,472.0,0.733,255.0,1071.0,413.0,207.0,84.0,363.0,508.0,57.4,111.9,0.398,0.399,0.593,51.9,53.2,10.2,7.8,0.559,15.9,27.0,0.292,0.0,0.88,11.66,3.0,1.0,0.0,0.0,MVC,35.0,0.714,11.0,7.0,747.0,0.461,209.0,0.326,448.0,0.702,216.0,1047.0,501.0,191.0,102.0,392.0,481.0,58.3,103.1,0.394,0.397,0.56,49.9,67.1,9.2,8.9,0.526,16.9,22.3,0.277,0.0,-4.06,7.88,1.0,0.0,0.0,0.0,MWC
2015,First Round,4,Louisville,13,UC-Irvine,0,36.0,0.75,12.0,6.0,878.0,0.429,198.0,0.307,529.0,0.668,454.0,1351.0,419.0,283.0,192.0,408.0,623.0,65.6,104.5,0.387,0.314,0.512,51.8,47.7,11.9,14.4,0.477,14.4,34.7,0.258,1.0,6.4,11.73,20.0,13.0,7.0,2.0,ACC,34.0,0.618,11.0,5.0,854.0,0.461,217.0,0.389,370.0,0.684,329.0,1198.0,480.0,194.0,168.0,396.0,578.0,63.7,105.2,0.292,0.301,0.544,51.2,56.2,8.9,12.6,0.52,15.8,30.2,0.2,0.0,-0.23,3.87,1.0,0.0,0.0,0.0,Big West
2015,Second Round,4,Louisville,5,Northern Iowa,0,36.0,0.75,12.0,6.0,878.0,0.429,198.0,0.307,529.0,0.668,454.0,1351.0,419.0,283.0,192.0,408.0,623.0,65.6,104.5,0.387,0.314,0.512,51.8,47.7,11.9,14.4,0.477,14.4,34.7,0.258,1.0,6.4,11.73,20.0,13.0,7.0,2.0,ACC,35.0,0.886,16.0,2.0,776.0,0.48,257.0,0.398,472.0,0.733,255.0,1071.0,413.0,207.0,84.0,363.0,508.0,57.4,111.9,0.398,0.399,0.593,51.9,53.2,10.2,7.8,0.559,15.9,27.0,0.292,0.0,0.88,11.66,3.0,1.0,0.0,0.0,MVC
2015,Elite Eight,4,Louisville,7,Michigan State,1,36.0,0.75,12.0,6.0,878.0,0.429,198.0,0.307,529.0,0.668,454.0,1351.0,419.0,283.0,192.0,408.0,623.0,65.6,104.5,0.387,0.314,0.512,51.8,47.7,11.9,14.4,0.477,14.4,34.7,0.258,1.0,6.4,11.73,20.0,13.0,7.0,2.0,ACC,39.0,0.692,12.0,6.0,1014.0,0.465,294.0,0.385,451.0,0.632,436.0,1458.0,646.0,203.0,176.0,441.0,738.0,63.0,109.7,0.327,0.35,0.55,53.9,63.7,8.0,12.6,0.532,14.9,33.4,0.207,1.0,9.54,7.92,18.0,13.0,7.0,1.0,Big Ten
2015,Sweet Sixteen,3,Oklahoma,7,Michigan State,1,35.0,0.686,12.0,6.0,885.0,0.435,236.0,0.343,495.0,0.741,389.0,1332.0,430.0,237.0,174.0,419.0,570.0,67.4,105.2,0.328,0.338,0.532,51.1,48.6,10.0,12.9,0.493,15.1,31.5,0.243,1.0,9.42,9.23,16.0,4.0,1.0,0.0,Big 12,39.0,0.692,12.0,6.0,1014.0,0.465,294.0,0.385,451.0,0.632,436.0,1458.0,646.0,203.0,176.0,441.0,738.0,63.0,109.7,0.327,0.35,0.55,53.9,63.7,8.0,12.6,0.532,14.9,33.4,0.207,1.0,9.54,7.92,18.0,13.0,7.0,1.0,Big Ten
2015,Second Round,2,Virginia,7,Michigan State,1,34.0,0.882,16.0,2.0,804.0,0.457,170.0,0.352,446.0,0.726,358.0,1232.0,430.0,186.0,143.0,316.0,484.0,58.6,110.8,0.349,0.275,0.543,56.0,53.5,9.3,13.3,0.506,13.4,34.2,0.254,1.0,2.12,19.6,5.0,2.0,0.0,0.0,ACC,39.0,0.692,12.0,6.0,1014.0,0.465,294.0,0.385,451.0,0.632,436.0,1458.0,646.0,203.0,176.0,441.0,738.0,63.0,109.7,0.327,0.35,0.55,53.9,63.7,8.0,12.6,0.532,14.9,33.4,0.207,1.0,9.54,7.92,18.0,13.0,7.0,1.0,Big Ten
2015,Final Four,1,Duke,7,Michigan State,0,39.0,0.897,15.0,3.0,1099.0,0.502,283.0,0.387,610.0,0.699,445.0,1436.0,588.0,278.0,149.0,421.0,607.0,65.9,119.4,0.398,0.334,0.593,53.9,53.5,10.7,9.0,0.566,13.9,35.8,0.278,1.0,17.28,7.69,31.0,22.0,12.0,5.0,ACC,39.0,0.692,12.0,6.0,1014.0,0.465,294.0,0.385,451.0,0.632,436.0,1458.0,646.0,203.0,176.0,441.0,738.0,63.0,109.7,0.327,0.35,0.55,53.9,63.7,8.0,12.6,0.532,14.9,33.4,0.207,1.0,9.54,7.92,18.0,13.0,7.0,1.0,Big Ten
2015,First Round,6,Providence,11,Dayton,1,34.0,0.647,11.0,7.0,828.0,0.438,171.0,0.313,543.0,0.707,411.0,1228.0,474.0,242.0,155.0,407.0,628.0,65.7,105.4,0.407,0.289,0.526,52.9,57.2,10.8,13.5,0.484,15.3,35.1,0.287,0.0,7.44,6.27,2.0,0.0,0.0,0.0,Big East,36.0,0.75,13.0,5.0,810.0,0.462,239.0,0.357,580.0,0.686,255.0,1121.0,490.0,250.0,91.0,415.0,573.0,64.2,105.1,0.482,0.382,0.565,48.6,60.5,10.8,7.2,0.53,16.1,23.3,0.33,0.0,2.88,8.1,2.0,1.0,0.0,0.0,A-10
2015,Second Round,3,Oklahoma,11,Dayton,0,35.0,0.686,12.0,6.0,885.0,0.435,236.0,0.343,495.0,0.741,389.0,1332.0,430.0,237.0,174.0,419.0,570.0,67.4,105.2,0.328,0.338,0.532,51.1,48.6,10.0,12.9,0.493,15.1,31.5,0.243,1.0,9.42,9.23,16.0,4.0,1.0,0.0,Big 12,36.0,0.75,13.0,5.0,810.0,0.462,239.0,0.357,580.0,0.686,255.0,1121.0,490.0,250.0,91.0,415.0,573.0,64.2,105.1,0.482,0.382,0.565,48.6,60.5,10.8,7.2,0.53,16.1,23.3,0.33,0.0,2.88,8.1,2.0,1.0,0.0,0.0,A-10
2015,First Round,3,Oklahoma,14,Albany (NY),0,35.0,0.686,12.0,6.0,885.0,0.435,236.0,0.343,495.0,0.741,389.0,1332.0,430.0,237.0,174.0,419.0,570.0,67.4,105.2,0.328,0.338,0.532,51.1,48.6,10.0,12.9,0.493,15.1,31.5,0.243,1.0,9.42,9.23,16.0,4.0,1.0,0.0,Big 12,33.0,0.727,15.0,1.0,729.0,0.438,205.0,0.358,493.0,0.758,334.0,1111.0,349.0,187.0,53.0,381.0,544.0,61.2,106.4,0.39,0.343,0.546,53.5,47.9,9.2,5.5,0.499,16.2,32.6,0.296,0.0,-3.2,2.86,5.0,0.0,0.0,0.0,AEC
2015,First Round,7,Michigan State,10,Georgia,0,39.0,0.692,12.0,6.0,1014.0,0.465,294.0,0.385,451.0,0.632,436.0,1458.0,646.0,203.0,176.0,441.0,738.0,63.0,109.7,0.327,0.35,0.55,53.9,63.7,8.0,12.6,0.532,14.9,33.4,0.207,1.0,9.54,7.92,18.0,13.0,7.0,1.0,Big Ten,33.0,0.636,11.0,7.0,747.0,0.432,184.0,0.342,572.0,0.692,360.0,1260.0,411.0,183.0,151.0,420.0,608.0,64.8,102.8,0.477,0.311,0.53,53.0,55.0,8.4,12.4,0.485,16.5,32.2,0.331,0.0,5.49,6.93,5.0,0.0,0.0,0.0,SEC
2015,First Round,2,Virginia,15,Belmont,0,34.0,0.882,16.0,2.0,804.0,0.457,170.0,0.352,446.0,0.726,358.0,1232.0,430.0,186.0,143.0,316.0,484.0,58.6,110.8,0.349,0.275,0.543,56.0,53.5,9.3,13.3,0.506,13.4,34.2,0.254,1.0,2.12,19.6,5.0,2.0,0.0,0.0,ACC,33.0,0.667,11.0,5.0,858.0,0.476,329.0,0.38,405.0,0.692,307.0,1093.0,504.0,209.0,66.0,451.0,549.0,67.5,109.9,0.324,0.48,0.589,50.3,58.7,9.4,5.5,0.567,17.8,29.0,0.225,0.0,5.55,-5.2,7.0,0.0,0.0,0.0,OVC
2015,Second Round,1,Kentucky,8,Cincinnati,0,39.0,0.974,18.0,0.0,1006.0,0.468,203.0,0.349,685.0,0.726,491.0,1482.0,553.0,253.0,268.0,408.0,665.0,63.8,115.5,0.439,0.271,0.558,54.9,55.0,10.1,18.2,0.515,13.6,39.5,0.319,1.0,11.55,17.18,16.0,12.0,6.0,1.0,SEC,34.0,0.676,13.0,5.0,761.0,0.446,167.0,0.329,424.0,0.67,383.0,1178.0,394.0,222.0,185.0,432.0,507.0,59.6,102.8,0.371,0.297,0.527,53.5,51.8,10.8,15.4,0.495,17.7,37.3,0.249,0.0,-1.19,11.91,7.0,1.0,0.0,0.0,AAC
2015,Sweet Sixteen,1,Kentucky,5,West Virginia,0,39.0,0.974,18.0,0.0,1006.0,0.468,203.0,0.349,685.0,0.726,491.0,1482.0,553.0,253.0,268.0,408.0,665.0,63.8,115.5,0.439,0.271,0.558,54.9,55.0,10.1,18.2,0.515,13.6,39.5,0.319,1.0,11.55,17.18,16.0,12.0,6.0,1.0,SEC,35.0,0.714,11.0,7.0,872.0,0.408,227.0,0.316,571.0,0.662,575.0,1272.0,494.0,376.0,96.0,453.0,821.0,68.7,104.9,0.404,0.336,0.499,52.1,56.7,15.5,8.7,0.461,15.1,40.2,0.267,1.0,10.53,4.59,21.0,7.0,2.0,0.0,Big 12
2015,Second Round,4,Maryland,5,West Virginia,1,35.0,0.8,14.0,4.0,781.0,0.44,258.0,0.376,597.0,0.756,314.0,1223.0,376.0,169.0,151.0,431.0,584.0,64.7,106.1,0.445,0.387,0.562,51.1,48.1,7.4,11.9,0.512,16.7,28.9,0.336,0.0,5.42,7.9,6.0,1.0,0.0,0.0,Big Ten,35.0,0.714,11.0,7.0,872.0,0.408,227.0,0.316,571.0,0.662,575.0,1272.0,494.0,376.0,96.0,453.0,821.0,68.7,104.9,0.404,0.336,0.499,52.1,56.7,15.5,8.7,0.461,15.1,40.2,0.267,1.0,10.53,4.59,21.0,7.0,2.0,0.0,Big 12
2015,Elite Eight,1,Kentucky,3,Notre Dame,0,39.0,0.974,18.0,0.0,1006.0,0.468,203.0,0.349,685.0,0.726,491.0,1482.0,553.0,253.0,268.0,408.0,665.0,63.8,115.5,0.439,0.271,0.558,54.9,55.0,10.1,18.2,0.515,13.6,39.5,0.319,1.0,11.55,17.18,16.0,12.0,6.0,1.0,SEC,38.0,0.842,14.0,4.0,1050.0,0.509,302.0,0.39,561.0,0.742,313.0,1231.0,576.0,256.0,138.0,357.0,540.0,63.7,120.4,0.367,0.376,0.612,49.8,54.9,10.4,9.1,0.583,12.9,27.9,0.272,1.0,14.99,4.24,12.0,2.0,0.0,0.0,ACC
2015,Final Four,1,Kentucky,1,Wisconsin,1,39.0,0.974,18.0,0.0,1006.0,0.468,203.0,0.349,685.0,0.726,491.0,1482.0,553.0,253.0,268.0,408.0,665.0,63.8,115.5,0.439,0.271,0.558,54.9,55.0,10.1,18.2,0.515,13.6,39.5,0.319,1.0,11.55,17.18,16.0,12.0,6.0,1.0,SEC,40.0,0.9,16.0,2.0,1014.0,0.479,288.0,0.365,584.0,0.763,383.0,1338.0,504.0,174.0,127.0,296.0,501.0,59.5,121.1,0.362,0.374,0.585,54.7,49.7,7.3,8.2,0.548,10.7,32.1,0.276,1.0,10.53,14.08,14.0,7.0,2.0,0.0,Big Ten
2015,First Round,8,Cincinnati,9,Purdue,0,34.0,0.676,13.0,5.0,761.0,0.446,167.0,0.329,424.0,0.67,383.0,1178.0,394.0,222.0,185.0,432.0,507.0,59.6,102.8,0.371,0.297,0.527,53.5,51.8,10.8,15.4,0.495,17.7,37.3,0.249,0.0,-1.19,11.91,7.0,1.0,0.0,0.0,AAC,34.0,0.618,12.0,6.0,827.0,0.449,195.0,0.327,524.0,0.683,409.0,1249.0,505.0,185.0,177.0,444.0,642.0,64.9,106.4,0.417,0.324,0.539,53.5,61.1,8.3,13.6,0.502,16.8,36.5,0.285,0.0,6.22,6.71,8.0,2.0,0.0,0.0,Big Ten
2015,First Round,5,West Virginia,12,Buffalo,0,35.0,0.714,11.0,7.0,872.0,0.408,227.0,0.316,571.0,0.662,575.0,1272.0,494.0,376.0,96.0,453.0,821.0,68.7,104.9,0.404,0.336,0.499,52.1,56.7,15.5,8.7,0.461,15.1,40.2,0.267,1.0,10.53,4.59,21.0,7.0,2.0,0.0,Big 12,33.0,0.697,12.0,6.0,837.0,0.435,199.0,0.341,589.0,0.719,420.0,1260.0,433.0,248.0,132.0,378.0,613.0,68.7,108.5,0.426,0.303,0.533,52.0,51.7,10.9,11.3,0.487,14.1,34.5,0.306,0.0,8.32,-0.39,1.0,0.0,0.0,0.0,MAC
2015,First Round,4,Maryland,13,Valparaiso,0,35.0,0.8,14.0,4.0,781.0,0.44,258.0,0.376,597.0,0.756,314.0,1223.0,376.0,169.0,151.0,431.0,584.0,64.7,106.1,0.445,0.387,0.562,51.1,48.1,7.4,11.9,0.512,16.7,28.9,0.336,0.0,5.42,7.9,6.0,1.0,0.0,0.0,Big Ten,34.0,0.824,13.0,3.0,837.0,0.456,236.0,0.381,456.0,0.675,397.0,1276.0,443.0,203.0,157.0,422.0,563.0,63.8,108.6,0.368,0.338,0.548,55.1,52.9,9.3,14.1,0.52,16.4,35.6,0.248,0.0,-0.19,6.48,2.0,0.0,0.0,0.0,Horizon
2015,First Round,6,Butler,11,Texas,0,34.0,0.676,12.0,6.0,814.0,0.433,192.0,0.356,526.0,0.686,408.0,1239.0,387.0,217.0,103.0,376.0,592.0,64.2,105.9,0.408,0.287,0.522,54.2,47.5,9.8,8.8,0.484,14.3,34.7,0.279,1.0,5.06,11.58,1.0,0.0,0.0,0.0,Big East,34.0,0.588,8.0,10.0,796.0,0.433,212.0,0.339,486.0,0.724,422.0,1351.0,442.0,128.0,265.0,435.0,555.0,62.9,105.9,0.365,0.341,0.531,56.0,55.5,5.9,20.0,0.491,16.8,37.9,0.265,1.0,5.33,10.83,22.0,6.0,1.0,0.0,Big 12
2015,First Round,3,Notre Dame,14,Northeastern,0,38.0,0.842,14.0,4.0,1050.0,0.509,302.0,0.39,561.0,0.742,313.0,1231.0,576.0,256.0,138.0,357.0,540.0,63.7,120.4,0.367,0.376,0.612,49.8,54.9,10.4,9.1,0.583,12.9,27.9,0.272,1.0,14.99,4.24,12.0,2.0,0.0,0.0,ACC,35.0,0.657,12.0,6.0,838.0,0.486,203.0,0.386,518.0,0.727,297.0,1160.0,500.0,183.0,129.0,483.0,496.0,63.5,106.7,0.413,0.305,0.581,54.2,59.7,8.1,9.3,0.545,19.0,30.1,0.3,0.0,0.68,1.35,1.0,0.0,0.0,0.0,CAA
2015,Second Round,3,Notre Dame,6,Butler,0,38.0,0.842,14.0,4.0,1050.0,0.509,302.0,0.39,561.0,0.742,313.0,1231.0,576.0,256.0,138.0,357.0,540.0,63.7,120.4,0.367,0.376,0.612,49.8,54.9,10.4,9.1,0.583,12.9,27.9,0.272,1.0,14.99,4.24,12.0,2.0,0.0,0.0,ACC,34.0,0.676,12.0,6.0,814.0,0.433,192.0,0.356,526.0,0.686,408.0,1239.0,387.0,217.0,103.0,376.0,592.0,64.2,105.9,0.408,0.287,0.522,54.2,47.5,9.8,8.8,0.484,14.3,34.7,0.279,1.0,5.06,11.58,1.0,0.0,0.0,0.0,Big East
2015,Sweet Sixteen,3,Notre Dame,7,Wichita State,0,38.0,0.842,14.0,4.0,1050.0,0.509,302.0,0.39,561.0,0.742,313.0,1231.0,576.0,256.0,138.0,357.0,540.0,63.7,120.4,0.367,0.376,0.612,49.8,54.9,10.4,9.1,0.583,12.9,27.9,0.272,1.0,14.99,4.24,12.0,2.0,0.0,0.0,ACC,35.0,0.857,17.0,1.0,860.0,0.445,239.0,0.357,501.0,0.701,415.0,1245.0,476.0,250.0,134.0,327.0,587.0,61.9,112.7,0.37,0.347,0.541,53.6,55.3,11.5,11.3,0.507,12.6,34.9,0.259,1.0,5.57,9.99,11.0,2.0,1.0,0.0,MVC
2015,Second Round,2,Kansas,7,Wichita State,1,36.0,0.75,13.0,5.0,869.0,0.44,213.0,0.379,610.0,0.724,426.0,1364.0,475.0,237.0,175.0,463.0,639.0,66.7,106.3,0.426,0.284,0.539,52.6,54.7,9.8,12.3,0.494,16.3,34.9,0.309,1.0,11.13,7.34,17.0,10.0,2.0,1.0,Big 12,35.0,0.857,17.0,1.0,860.0,0.445,239.0,0.357,501.0,0.701,415.0,1245.0,476.0,250.0,134.0,327.0,587.0,61.9,112.7,0.37,0.347,0.541,53.6,55.3,11.5,11.3,0.507,12.6,34.9,0.259,1.0,5.57,9.99,11.0,2.0,1.0,0.0,MVC
2015,First Round,7,Wichita State,10,Indiana,0,35.0,0.857,17.0,1.0,860.0,0.445,239.0,0.357,501.0,0.701,415.0,1245.0,476.0,250.0,134.0,327.0,587.0,61.9,112.7,0.37,0.347,0.541,53.6,55.3,11.5,11.3,0.507,12.6,34.9,0.259,1.0,5.57,9.99,11.0,2.0,1.0,0.0,MVC,34.0,0.588,9.0,9.0,923.0,0.464,319.0,0.406,468.0,0.719,407.0,1224.0,473.0,170.0,108.0,392.0,606.0,66.9,115.3,0.327,0.395,0.573,52.2,51.2,7.4,7.8,0.544,14.6,35.2,0.235,0.0,14.4,-1.47,8.0,3.0,1.0,0.0,Big Ten
2015,First Round,2,Kansas,15,New Mexico State,0,36.0,0.75,13.0,5.0,869.0,0.44,213.0,0.379,610.0,0.724,426.0,1364.0,475.0,237.0,175.0,463.0,639.0,66.7,106.3,0.426,0.284,0.539,52.6,54.7,9.8,12.3,0.494,16.3,34.9,0.309,1.0,11.13,7.34,17.0,10.0,2.0,1.0,Big 12,34.0,0.676,13.0,1.0,808.0,0.462,165.0,0.367,535.0,0.694,428.0,1199.0,406.0,219.0,124.0,470.0,541.0,62.9,107.5,0.441,0.257,0.548,54.9,50.2,10.2,9.2,0.509,18.2,39.9,0.306,0.0,0.55,3.16,5.0,0.0,0.0,0.0,WAC
2015,Second Round,1,Duke,8,San Diego State,0,39.0,0.897,15.0,3.0,1099.0,0.502,283.0,0.387,610.0,0.699,445.0,1436.0,588.0,278.0,149.0,421.0,607.0,65.9,119.4,0.398,0.334,0.593,53.9,53.5,10.7,9.0,0.566,13.9,35.8,0.278,1.0,17.28,7.69,31.0,22.0,12.0,5.0,ACC,36.0,0.75,14.0,4.0,800.0,0.418,189.0,0.32,437.0,0.63,439.0,1270.0,377.0,247.0,179.0,410.0,506.0,60.8,100.7,0.362,0.308,0.496,52.4,47.1,11.2,14.1,0.467,15.4,35.4,0.228,0.0,-2.5,14.31,15.0,6.0,3.0,1.0,MWC
2015,Sweet Sixteen,1,Duke,5,Utah,0,39.0,0.897,15.0,3.0,1099.0,0.502,283.0,0.387,610.0,0.699,445.0,1436.0,588.0,278.0,149.0,421.0,607.0,65.9,119.4,0.398,0.334,0.593,53.9,53.5,10.7,9.0,0.566,13.9,35.8,0.278,1.0,17.28,7.69,31.0,22.0,12.0,5.0,ACC,35.0,0.743,13.0,5.0,849.0,0.482,264.0,0.404,534.0,0.703,322.0,1204.0,489.0,208.0,175.0,407.0,581.0,62.6,113.5,0.432,0.372,0.588,53.7,57.6,9.5,13.5,0.557,16.1,31.6,0.303,1.0,6.09,14.89,3.0,1.0,0.0,0.0,Pac-12
2015,Second Round,4,Georgetown,5,Utah,1,33.0,0.667,12.0,6.0,799.0,0.456,201.0,0.353,541.0,0.704,367.0,1152.0,427.0,251.0,156.0,415.0,668.0,64.6,108.1,0.439,0.325,0.552,52.2,53.4,11.6,14.1,0.513,16.4,34.3,0.309,1.0,8.11,7.37,10.0,2.0,1.0,0.0,Big East,35.0,0.743,13.0,5.0,849.0,0.482,264.0,0.404,534.0,0.703,322.0,1204.0,489.0,208.0,175.0,407.0,581.0,62.6,113.5,0.432,0.372,0.588,53.7,57.6,9.5,13.5,0.557,16.1,31.6,0.303,1.0,6.09,14.89,3.0,1.0,0.0,0.0,Pac-12
2015,Elite Eight,1,Duke,2,Gonzaga,0,39.0,0.897,15.0,3.0,1099.0,0.502,283.0,0.387,610.0,0.699,445.0,1436.0,588.0,278.0,149.0,421.0,607.0,65.9,119.4,0.398,0.334,0.593,53.9,53.5,10.7,9.0,0.566,13.9,35.8,0.278,1.0,17.28,7.69,31.0,22.0,12.0,5.0,ACC,38.0,0.921,17.0,1.0,1084.0,0.52,264.0,0.4,557.0,0.691,391.0,1441.0,620.0,226.0,126.0,397.0,637.0,65.2,120.3,0.387,0.317,0.606,55.5,57.2,9.1,8.4,0.584,13.9,34.1,0.267,1.0,13.08,8.04,16.0,5.0,0.0,0.0,WCC
2015,First Round,8,San Diego State,9,St. John's (NY),0,36.0,0.75,14.0,4.0,800.0,0.418,189.0,0.32,437.0,0.63,439.0,1270.0,377.0,247.0,179.0,410.0,506.0,60.8,100.7,0.362,0.308,0.496,52.4,47.1,11.2,14.1,0.467,15.4,35.4,0.228,0.0,-2.5,14.31,15.0,6.0,3.0,1.0,MWC,33.0,0.636,10.0,8.0,835.0,0.442,198.0,0.348,475.0,0.691,336.0,1164.0,408.0,246.0,210.0,352.0,587.0,67.6,104.6,0.363,0.301,0.529,47.4,48.9,11.0,16.8,0.494,13.7,28.4,0.251,0.0,7.19,4.66,8.0,5.0,0.0,0.0,Big East
2015,First Round,5,Utah,12,Stephen F. Austin,0,35.0,0.743,13.0,5.0,849.0,0.482,264.0,0.404,534.0,0.703,322.0,1204.0,489.0,208.0,175.0,407.0,581.0,62.6,113.5,0.432,0.372,0.588,53.7,57.6,9.5,13.5,0.557,16.1,31.6,0.303,1.0,6.09,14.89,3.0,1.0,0.0,0.0,Pac-12,34.0,0.853,17.0,1.0,911.0,0.487,262.0,0.379,588.0,0.736,413.0,1176.0,596.0,259.0,120.0,476.0,734.0,68.0,115.2,0.427,0.37,0.594,54.2,65.4,11.2,10.0,0.557,17.5,37.9,0.314,0.0,7.22,1.39,2.0,0.0,0.0,0.0,Southland
2015,First Round,4,Georgetown,13,Eastern Washington,0,33.0,0.667,12.0,6.0,799.0,0.456,201.0,0.353,541.0,0.704,367.0,1152.0,427.0,251.0,156.0,415.0,668.0,64.6,108.1,0.439,0.325,0.552,52.2,53.4,11.6,14.1,0.513,16.4,34.3,0.309,1.0,8.11,7.37,10.0,2.0,1.0,0.0,Big East,35.0,0.743,14.0,4.0,977.0,0.478,344.0,0.4,522.0,0.726,351.0,1183.0,454.0,219.0,167.0,376.0,624.0,68.3,117.1,0.352,0.421,0.591,50.0,46.5,9.1,13.0,0.562,13.6,29.9,0.255,0.0,9.2,-8.41,1.0,0.0,0.0,0.0,Big Sky
2015,First Round,6,SMU,11,UCLA,1,34.0,0.794,15.0,3.0,832.0,0.475,145.0,0.363,541.0,0.703,388.0,1244.0,524.0,237.0,146.0,426.0,551.0,63.3,108.8,0.44,0.229,0.555,55.0,63.0,11.0,14.7,0.517,16.8,37.1,0.309,0.0,4.59,8.35,8.0,4.0,3.0,1.0,AAC,36.0,0.611,11.0,7.0,930.0,0.443,223.0,0.368,507.0,0.676,440.0,1367.0,498.0,238.0,139.0,430.0,645.0,67.3,106.1,0.357,0.289,0.527,52.6,53.5,9.8,11.0,0.496,14.9,33.8,0.242,0.0,8.94,3.14,9.0,3.0,0.0,0.0,Pac-12
2015,Sweet Sixteen,2,Gonzaga,11,UCLA,0,38.0,0.921,17.0,1.0,1084.0,0.52,264.0,0.4,557.0,0.691,391.0,1441.0,620.0,226.0,126.0,397.0,637.0,65.2,120.3,0.387,0.317,0.606,55.5,57.2,9.1,8.4,0.584,13.9,34.1,0.267,1.0,13.08,8.04,16.0,5.0,0.0,0.0,WCC,36.0,0.611,11.0,7.0,930.0,0.443,223.0,0.368,507.0,0.676,440.0,1367.0,498.0,238.0,139.0,430.0,645.0,67.3,106.1,0.357,0.289,0.527,52.6,53.5,9.8,11.0,0.496,14.9,33.8,0.242,0.0,8.94,3.14,9.0,3.0,0.0,0.0,Pac-12
2015,First Round,3,Iowa State,14,Alabama-Birmingham,1,34.0,0.735,12.0,6.0,940.0,0.476,263.0,0.362,502.0,0.696,323.0,1221.0,546.0,218.0,133.0,375.0,527.0,69.8,111.4,0.365,0.368,0.571,50.5,58.1,9.2,9.7,0.543,13.9,28.3,0.254,1.0,15.84,2.1,4.0,1.0,0.0,0.0,Big 12,36.0,0.556,12.0,6.0,873.0,0.428,202.0,0.333,528.0,0.738,434.0,1322.0,516.0,237.0,184.0,482.0,630.0,65.9,101.5,0.35,0.297,0.52,51.0,59.1,9.7,13.0,0.477,16.8,34.2,0.259,0.0,1.98,-0.05,1.0,0.0,0.0,0.0,CUSA
2015,Second Round,11,UCLA,14,Alabama-Birmingham,0,36.0,0.611,11.0,7.0,930.0,0.443,223.0,0.368,507.0,0.676,440.0,1367.0,498.0,238.0,139.0,430.0,645.0,67.3,106.1,0.357,0.289,0.527,52.6,53.5,9.8,11.0,0.496,14.9,33.8,0.242,0.0,8.94,3.14,9.0,3.0,0.0,0.0,Pac-12,36.0,0.556,12.0,6.0,873.0,0.428,202.0,0.333,528.0,0.738,434.0,1322.0,516.0,237.0,184.0,482.0,630.0,65.9,101.5,0.35,0.297,0.52,51.0,59.1,9.7,13.0,0.477,16.8,34.2,0.259,0.0,1.98,-0.05,1.0,0.0,0.0,0.0,CUSA
2015,First Round,7,Iowa,10,Davidson,0,34.0,0.647,12.0,6.0,821.0,0.431,192.0,0.333,538.0,0.744,422.0,1274.0,482.0,218.0,158.0,377.0,536.0,64.5,107.4,0.38,0.302,0.527,52.9,58.7,9.9,13.1,0.481,14.4,35.6,0.282,1.0,7.02,8.81,7.0,0.0,0.0,0.0,Big Ten,32.0,0.75,14.0,4.0,898.0,0.467,343.0,0.391,390.0,0.705,335.0,1144.0,547.0,171.0,93.0,303.0,601.0,67.2,117.1,0.287,0.456,0.578,50.3,60.9,7.9,7.5,0.556,12.2,30.0,0.203,0.0,13.12,-1.16,8.0,1.0,0.0,0.0,A-10
2015,First Round,2,Gonzaga,15,North Dakota State,0,38.0,0.921,17.0,1.0,1084.0,0.52,264.0,0.4,557.0,0.691,391.0,1441.0,620.0,226.0,126.0,397.0,637.0,65.2,120.3,0.387,0.317,0.606,55.5,57.2,9.1,8.4,0.584,13.9,34.1,0.267,1.0,13.08,8.04,16.0,5.0,0.0,0.0,WCC,33.0,0.697,12.0,4.0,743.0,0.434,230.0,0.383,425.0,0.692,274.0,1098.0,315.0,156.0,123.0,325.0,504.0,61.9,103.7,0.358,0.35,0.534,51.3,42.4,7.6,10.7,0.501,14.0,25.6,0.248,0.0,-5.08,3.36,1.0,0.0,0.0,0.0,Summit
2015,Second Round,2,Gonzaga,7,Iowa,0,38.0,0.921,17.0,1.0,1084.0,0.52,264.0,0.4,557.0,0.691,391.0,1441.0,620.0,226.0,126.0,397.0,637.0,65.2,120.3,0.387,0.317,0.606,55.5,57.2,9.1,8.4,0.584,13.9,34.1,0.267,1.0,13.08,8.04,16.0,5.0,0.0,0.0,WCC,34.0,0.647,12.0,6.0,821.0,0.431,192.0,0.333,538.0,0.744,422.0,1274.0,482.0,218.0,158.0,377.0,536.0,64.5,107.4,0.38,0.302,0.527,52.9,58.7,9.9,13.1,0.481,14.4,35.6,0.282,1.0,7.02,8.81,7.0,0.0,0.0,0.0,Big Ten
2015,First Round,1,Wisconsin,16,Coastal Carolina,0,40.0,0.9,16.0,2.0,1014.0,0.479,288.0,0.365,584.0,0.763,383.0,1338.0,504.0,174.0,127.0,296.0,501.0,59.5,121.1,0.362,0.374,0.585,54.7,49.7,7.3,8.2,0.548,10.7,32.1,0.276,1.0,10.53,14.08,14.0,7.0,2.0,0.0,Big Ten,34.0,0.706,12.0,6.0,836.0,0.44,228.0,0.36,538.0,0.69,447.0,1338.0,385.0,240.0,111.0,399.0,559.0,65.2,110.0,0.411,0.333,0.537,55.7,46.1,10.8,10.2,0.5,15.0,37.5,0.283,0.0,-0.89,-0.13,10.0,3.0,0.0,0.0,Big South
2015,Second Round,1,Wisconsin,8,Oregon,0,40.0,0.9,16.0,2.0,1014.0,0.479,288.0,0.365,584.0,0.763,383.0,1338.0,504.0,174.0,127.0,296.0,501.0,59.5,121.1,0.362,0.374,0.585,54.7,49.7,7.3,8.2,0.548,10.7,32.1,0.276,1.0,10.53,14.08,14.0,7.0,2.0,0.0,Big Ten,36.0,0.722,13.0,5.0,992.0,0.463,263.0,0.362,466.0,0.76,372.0,1298.0,508.0,207.0,157.0,421.0,655.0,68.0,109.3,0.286,0.339,0.557,50.9,51.2,8.3,11.0,0.524,14.7,30.8,0.217,0.0,10.74,0.68,11.0,1.0,0.0,0.0,Pac-12
2015,Sweet Sixteen,1,Wisconsin,4,UNC,0,40.0,0.9,16.0,2.0,1014.0,0.479,288.0,0.365,584.0,0.763,383.0,1338.0,504.0,174.0,127.0,296.0,501.0,59.5,121.1,0.362,0.374,0.585,54.7,49.7,7.3,8.2,0.548,10.7,32.1,0.276,1.0,10.53,14.08,14.0,7.0,2.0,0.0,Big Ten,38.0,0.684,11.0,7.0,1099.0,0.476,184.0,0.358,571.0,0.701,526.0,1541.0,661.0,251.0,160.0,481.0,738.0,69.2,111.6,0.353,0.223,0.548,55.2,60.1,9.5,11.3,0.516,15.1,40.0,0.247,1.0,17.1,3.54,25.0,16.0,7.0,2.0,ACC
2015,Elite Eight,1,Wisconsin,2,Arizona,0,40.0,0.9,16.0,2.0,1014.0,0.479,288.0,0.365,584.0,0.763,383.0,1338.0,504.0,174.0,127.0,296.0,501.0,59.5,121.1,0.362,0.374,0.585,54.7,49.7,7.3,8.2,0.548,10.7,32.1,0.276,1.0,10.53,14.08,14.0,7.0,2.0,0.0,Big Ten,38.0,0.895,16.0,2.0,1009.0,0.488,193.0,0.36,700.0,0.719,411.0,1399.0,528.0,275.0,131.0,419.0,681.0,66.5,114.7,0.471,0.259,0.575,56.8,52.3,10.8,9.8,0.535,14.2,34.5,0.338,1.0,13.24,11.09,8.0,6.0,0.0,0.0,Pac-12
2015,National Championship,1,Wisconsin,1,Duke,1,40.0,0.9,16.0,2.0,1014.0,0.479,288.0,0.365,584.0,0.763,383.0,1338.0,504.0,174.0,127.0,296.0,501.0,59.5,121.1,0.362,0.374,0.585,54.7,49.7,7.3,8.2,0.548,10.7,32.1,0.276,1.0,10.53,14.08,14.0,7.0,2.0,0.0,Big Ten,39.0,0.897,15.0,3.0,1099.0,0.502,283.0,0.387,610.0,0.699,445.0,1436.0,588.0,278.0,149.0,421.0,607.0,65.9,119.4,0.398,0.334,0.593,53.9,53.5,10.7,9.0,0.566,13.9,35.8,0.278,1.0,17.28,7.69,31.0,22.0,12.0,5.0,ACC
2015,First Round,8,Oregon,9,Oklahoma State,0,36.0,0.722,13.0,5.0,992.0,0.463,263.0,0.362,466.0,0.76,372.0,1298.0,508.0,207.0,157.0,421.0,655.0,68.0,109.3,0.286,0.339,0.557,50.9,51.2,8.3,11.0,0.524,14.7,30.8,0.217,0.0,10.74,0.68,11.0,1.0,0.0,0.0,Pac-12,32.0,0.563,8.0,10.0,733.0,0.44,226.0,0.349,468.0,0.726,287.0,1039.0,366.0,253.0,156.0,392.0,614.0,64.6,103.6,0.387,0.388,0.547,48.6,49.9,12.1,13.7,0.507,16.6,27.8,0.281,0.0,5.43,7.52,6.0,0.0,0.0,0.0,Big 12
2015,First Round,5,Arkansas,12,Wofford,0,36.0,0.75,13.0,5.0,978.0,0.445,238.0,0.349,593.0,0.724,470.0,1290.0,579.0,277.0,168.0,430.0,684.0,70.1,109.6,0.373,0.31,0.539,50.2,59.2,10.9,12.0,0.5,14.3,35.7,0.27,0.0,13.97,0.1,7.0,2.0,0.0,0.0,SEC,35.0,0.8,16.0,2.0,818.0,0.454,222.0,0.372,473.0,0.688,324.0,1139.0,461.0,228.0,87.0,379.0,589.0,62.7,106.2,0.382,0.331,0.547,51.1,56.4,10.4,7.2,0.516,15.1,29.1,0.262,0.0,-5.13,7.7,4.0,0.0,0.0,0.0,Southern
2015,First Round,4,UNC,13,Harvard,0,38.0,0.684,11.0,7.0,1099.0,0.476,184.0,0.358,571.0,0.701,526.0,1541.0,661.0,251.0,160.0,481.0,738.0,69.2,111.6,0.353,0.223,0.548,55.2,60.1,9.5,11.3,0.516,15.1,40.0,0.247,1.0,17.1,3.54,25.0,16.0,7.0,2.0,ACC,30.0,0.733,12.0,3.0,671.0,0.433,146.0,0.354,438.0,0.719,316.0,1025.0,384.0,213.0,135.0,349.0,472.0,61.2,103.2,0.393,0.266,0.524,52.5,57.2,11.4,13.1,0.481,16.0,32.7,0.283,0.0,-3.18,7.65,5.0,1.0,0.0,0.0,Ivy
2015,Second Round,4,UNC,5,Arkansas,0,38.0,0.684,11.0,7.0,1099.0,0.476,184.0,0.358,571.0,0.701,526.0,1541.0,661.0,251.0,160.0,481.0,738.0,69.2,111.6,0.353,0.223,0.548,55.2,60.1,9.5,11.3,0.516,15.1,40.0,0.247,1.0,17.1,3.54,25.0,16.0,7.0,2.0,ACC,36.0,0.75,13.0,5.0,978.0,0.445,238.0,0.349,593.0,0.724,470.0,1290.0,579.0,277.0,168.0,430.0,684.0,70.1,109.6,0.373,0.31,0.539,50.2,59.2,10.9,12.0,0.5,14.3,35.7,0.27,0.0,13.97,0.1,7.0,2.0,0.0,0.0,SEC
2015,Second Round,6,Xavier,14,Georgia State,0,37.0,0.622,9.0,9.0,956.0,0.475,234.0,0.351,566.0,0.73,364.0,1282.0,596.0,223.0,106.0,447.0,661.0,65.6,109.8,0.385,0.331,0.57,52.8,62.3,9.0,8.3,0.534,15.8,31.3,0.281,1.0,11.02,4.4,5.0,3.0,0.0,0.0,Big East,35.0,0.714,15.0,5.0,902.0,0.48,174.0,0.333,521.0,0.725,322.0,1116.0,479.0,321.0,143.0,366.0,642.0,64.3,109.8,0.383,0.278,0.563,48.9,53.1,14.1,13.5,0.527,14.2,30.0,0.277,0.0,2.07,3.4,2.0,0.0,0.0,0.0,Sun Belt
2015,First Round,3,Baylor,14,Georgia State,1,34.0,0.706,11.0,7.0,813.0,0.434,236.0,0.377,487.0,0.674,497.0,1333.0,497.0,263.0,132.0,434.0,565.0,62.8,109.2,0.386,0.334,0.53,55.9,61.1,12.2,11.2,0.497,16.4,42.4,0.26,1.0,6.46,11.39,5.0,3.0,0.0,0.0,Big 12,35.0,0.714,15.0,5.0,902.0,0.48,174.0,0.333,521.0,0.725,322.0,1116.0,479.0,321.0,143.0,366.0,642.0,64.3,109.8,0.383,0.278,0.563,48.9,53.1,14.1,13.5,0.527,14.2,30.0,0.277,0.0,2.07,3.4,2.0,0.0,0.0,0.0,Sun Belt
2015,First Round,7,VCU,10,Ohio State,1,36.0,0.722,12.0,6.0,896.0,0.419,293.0,0.343,524.0,0.657,444.0,1277.0,456.0,342.0,153.0,383.0,690.0,66.4,106.5,0.373,0.399,0.518,49.2,50.9,14.0,12.5,0.487,13.2,31.8,0.245,0.0,9.1,3.69,5.0,1.0,1.0,0.0,A-10,35.0,0.686,11.0,7.0,964.0,0.483,236.0,0.37,471.0,0.68,387.0,1241.0,534.0,266.0,178.0,396.0,563.0,66.0,113.2,0.347,0.319,0.567,51.5,55.4,11.4,14.6,0.542,14.6,33.5,0.236,1.0,11.93,7.76,13.0,6.0,2.0,0.0,Big Ten
2015,Second Round,2,Arizona,10,Ohio State,0,38.0,0.895,16.0,2.0,1009.0,0.488,193.0,0.36,700.0,0.719,411.0,1399.0,528.0,275.0,131.0,419.0,681.0,66.5,114.7,0.471,0.259,0.575,56.8,52.3,10.8,9.8,0.535,14.2,34.5,0.338,1.0,13.24,11.09,8.0,6.0,0.0,0.0,Pac-12,35.0,0.686,11.0,7.0,964.0,0.483,236.0,0.37,471.0,0.68,387.0,1241.0,534.0,266.0,178.0,396.0,563.0,66.0,113.2,0.347,0.319,0.567,51.5,55.4,11.4,14.6,0.542,14.6,33.5,0.236,1.0,11.93,7.76,13.0,6.0,2.0,0.0,Big Ten
2015,First Round,2,Arizona,15,Texas Southern,0,38.0,0.895,16.0,2.0,1009.0,0.488,193.0,0.36,700.0,0.719,411.0,1399.0,528.0,275.0,131.0,419.0,681.0,66.5,114.7,0.471,0.259,0.575,56.8,52.3,10.8,9.8,0.535,14.2,34.5,0.338,1.0,13.24,11.09,8.0,6.0,0.0,0.0,Pac-12,35.0,0.629,16.0,2.0,818.0,0.445,185.0,0.322,569.0,0.661,394.0,1193.0,375.0,214.0,109.0,454.0,609.0,64.5,103.6,0.468,0.312,0.531,50.0,45.8,9.3,7.7,0.495,16.8,33.8,0.309,0.0,-1.74,-4.23,7.0,1.0,1.0,0.0,SWAC
2015,Sweet Sixteen,2,Arizona,6,Xavier,0,38.0,0.895,16.0,2.0,1009.0,0.488,193.0,0.36,700.0,0.719,411.0,1399.0,528.0,275.0,131.0,419.0,681.0,66.5,114.7,0.471,0.259,0.575,56.8,52.3,10.8,9.8,0.535,14.2,34.5,0.338,1.0,13.24,11.09,8.0,6.0,0.0,0.0,Pac-12,37.0,0.622,9.0,9.0,956.0,0.475,234.0,0.351,566.0,0.73,364.0,1282.0,596.0,223.0,106.0,447.0,661.0,65.6,109.8,0.385,0.331,0.57,52.8,62.3,9.0,8.3,0.534,15.8,31.3,0.281,1.0,11.02,4.4,5.0,3.0,0.0,0.0,Big East
2016,Play-In,16,Florida Gulf Coast,16,Fairleigh Dickinson,0,35.0,0.6,8.0,6.0,1008.0,0.479,186.0,0.353,501.0,0.644,417.0,1422.0,483.0,230.0,141.0,438.0,674.0,69.7,108.1,0.369,0.25,0.546,53.5,47.9,9.2,10.3,0.523,15.0,32.9,0.238,0.0,-1.41,0.63,1.0,0.0,0.0,0.0,A-Sun,33.0,0.545,11.0,7.0,929.0,0.458,238.0,0.362,462.0,0.697,348.0,1108.0,472.0,250.0,87.0,423.0,720.0,72.4,105.8,0.327,0.324,0.546,46.3,50.8,10.3,7.2,0.517,15.3,28.6,0.228,0.0,1.37,-12.27,1.0,0.0,0.0,0.0,NEC
2016,Play-In,11,Michigan,11,Tulsa,0,36.0,0.639,10.0,8.0,947.0,0.462,342.0,0.38,420.0,0.738,290.0,1152.0,537.0,203.0,81.0,348.0,558.0,65.7,111.9,0.278,0.44,0.573,49.2,56.7,8.6,6.4,0.546,13.1,24.7,0.205,0.0,5.59,8.15,10.0,4.0,1.0,0.0,Big Ten,32.0,0.625,12.0,6.0,821.0,0.444,219.0,0.326,495.0,0.677,323.0,1123.0,435.0,216.0,88.0,346.0,563.0,68.8,106.1,0.395,0.363,0.536,48.7,53.0,9.7,7.7,0.503,13.6,27.8,0.268,0.0,5.0,4.79,4.0,0.0,0.0,0.0,AAC
2016,Play-In,16,Southern,16,Holy Cross,1,35.0,0.629,11.0,7.0,909.0,0.444,211.0,0.346,505.0,0.67,365.0,1258.0,381.0,258.0,123.0,391.0,680.0,69.5,104.2,0.369,0.298,0.527,49.0,41.9,10.6,9.7,0.496,14.0,28.9,0.247,0.0,-5.1,-2.58,2.0,0.0,0.0,0.0,SWAC,35.0,0.429,5.0,13.0,775.0,0.412,251.0,0.326,466.0,0.687,279.0,1052.0,480.0,219.0,86.0,386.0,585.0,64.6,98.4,0.361,0.409,0.515,45.6,61.9,9.5,7.8,0.479,14.9,23.1,0.248,0.0,-11.03,-0.17,3.0,0.0,0.0,0.0,Patriot
2016,First Round,1,Oregon,16,Holy Cross,0,38.0,0.816,14.0,4.0,1041.0,0.467,260.0,0.343,648.0,0.715,442.0,1382.0,517.0,275.0,221.0,431.0,675.0,69.5,112.8,0.406,0.34,0.562,52.4,49.7,10.4,15.3,0.525,13.9,34.2,0.291,1.0,10.14,7.91,12.0,2.0,0.0,0.0,Pac-12,35.0,0.429,5.0,13.0,775.0,0.412,251.0,0.326,466.0,0.687,279.0,1052.0,480.0,219.0,86.0,386.0,585.0,64.6,98.4,0.361,0.409,0.515,45.6,61.9,9.5,7.8,0.479,14.9,23.1,0.248,0.0,-11.03,-0.17,3.0,0.0,0.0,0.0,Patriot
2016,Play-In,11,Wichita State,11,Vanderbilt,0,35.0,0.743,16.0,2.0,867.0,0.429,250.0,0.324,551.0,0.717,408.0,1305.0,489.0,255.0,125.0,346.0,705.0,66.1,108.8,0.38,0.381,0.531,53.1,56.4,10.9,11.6,0.49,12.7,31.7,0.272,1.0,4.0,13.39,12.0,2.0,1.0,0.0,MVC,33.0,0.576,11.0,7.0,857.0,0.456,273.0,0.382,519.0,0.695,313.0,1273.0,487.0,139.0,182.0,386.0,632.0,69.2,109.0,0.398,0.38,0.561,50.8,56.8,6.0,12.9,0.529,14.7,27.2,0.276,1.0,7.45,9.75,9.0,2.0,0.0,0.0,SEC
2016,First Round,1,UNC,16,Florida Gulf Coast,0,40.0,0.825,14.0,4.0,1235.0,0.482,224.0,0.327,617.0,0.747,568.0,1624.0,708.0,269.0,177.0,431.0,718.0,70.2,118.0,0.323,0.268,0.561,55.9,57.3,9.6,11.5,0.526,12.7,40.3,0.241,1.0,16.74,6.7,26.0,17.0,8.0,2.0,ACC,35.0,0.6,8.0,6.0,1008.0,0.479,186.0,0.353,501.0,0.644,417.0,1422.0,483.0,230.0,141.0,438.0,674.0,69.7,108.1,0.369,0.25,0.546,53.5,47.9,9.2,10.3,0.523,15.0,32.9,0.238,0.0,-1.41,0.63,1.0,0.0,0.0,0.0,A-Sun
2016,Second Round,1,UNC,9,Providence,0,40.0,0.825,14.0,4.0,1235.0,0.482,224.0,0.327,617.0,0.747,568.0,1624.0,708.0,269.0,177.0,431.0,718.0,70.2,118.0,0.323,0.268,0.561,55.9,57.3,9.6,11.5,0.526,12.7,40.3,0.241,1.0,16.74,6.7,26.0,17.0,8.0,2.0,ACC,35.0,0.686,10.0,8.0,881.0,0.421,249.0,0.321,566.0,0.725,402.0,1263.0,550.0,229.0,123.0,397.0,591.0,69.8,104.4,0.373,0.371,0.523,49.4,62.4,9.3,8.9,0.48,13.9,30.3,0.27,0.0,5.04,6.9,3.0,0.0,0.0,0.0,Big East
2016,First Round,8,USC,9,Providence,1,34.0,0.618,9.0,9.0,982.0,0.459,266.0,0.387,507.0,0.676,401.0,1337.0,504.0,215.0,181.0,415.0,590.0,72.5,109.4,0.351,0.322,0.549,51.1,51.3,8.6,12.5,0.522,14.3,32.1,0.237,0.0,11.43,2.1,2.0,1.0,0.0,0.0,Pac-12,35.0,0.686,10.0,8.0,881.0,0.421,249.0,0.321,566.0,0.725,402.0,1263.0,550.0,229.0,123.0,397.0,591.0,69.8,104.4,0.373,0.371,0.523,49.4,62.4,9.3,8.9,0.48,13.9,30.3,0.27,0.0,5.04,6.9,3.0,0.0,0.0,0.0,Big East
2016,Sweet Sixteen,1,UNC,5,Indiana,1,40.0,0.825,14.0,4.0,1235.0,0.482,224.0,0.327,617.0,0.747,568.0,1624.0,708.0,269.0,177.0,431.0,718.0,70.2,118.0,0.323,0.268,0.561,55.9,57.3,9.6,11.5,0.526,12.7,40.3,0.241,1.0,16.74,6.7,26.0,17.0,8.0,2.0,ACC,35.0,0.771,15.0,3.0,1021.0,0.502,345.0,0.415,504.0,0.733,414.0,1288.0,560.0,239.0,137.0,474.0,647.0,69.1,119.2,0.338,0.409,0.612,54.9,54.8,9.9,9.8,0.587,16.7,37.0,0.248,1.0,13.68,5.91,9.0,4.0,1.0,0.0,Big Ten
2016,Second Round,4,Kentucky,5,Indiana,1,36.0,0.75,13.0,5.0,1028.0,0.478,244.0,0.366,561.0,0.69,462.0,1395.0,512.0,206.0,207.0,389.0,735.0,68.1,115.6,0.378,0.31,0.564,53.6,49.8,8.3,14.1,0.535,13.3,37.3,0.261,1.0,11.92,8.31,17.0,12.0,6.0,1.0,SEC,35.0,0.771,15.0,3.0,1021.0,0.502,345.0,0.415,504.0,0.733,414.0,1288.0,560.0,239.0,137.0,474.0,647.0,69.1,119.2,0.338,0.409,0.612,54.9,54.8,9.9,9.8,0.587,16.7,37.0,0.248,1.0,13.68,5.91,9.0,4.0,1.0,0.0,Big Ten
2016,Elite Eight,1,UNC,6,Notre Dame,0,40.0,0.825,14.0,4.0,1235.0,0.482,224.0,0.327,617.0,0.747,568.0,1624.0,708.0,269.0,177.0,431.0,718.0,70.2,118.0,0.323,0.268,0.561,55.9,57.3,9.6,11.5,0.526,12.7,40.3,0.241,1.0,16.74,6.7,26.0,17.0,8.0,2.0,ACC,36.0,0.667,11.0,7.0,972.0,0.476,262.0,0.374,498.0,0.742,381.0,1265.0,480.0,197.0,143.0,359.0,544.0,65.0,115.2,0.329,0.343,0.573,51.1,49.4,8.4,10.1,0.54,13.2,32.3,0.244,0.0,7.63,6.47,13.0,3.0,0.0,0.0,ACC
2016,Final Four,1,UNC,10,Syracuse,0,40.0,0.825,14.0,4.0,1235.0,0.482,224.0,0.327,617.0,0.747,568.0,1624.0,708.0,269.0,177.0,431.0,718.0,70.2,118.0,0.323,0.268,0.561,55.9,57.3,9.6,11.5,0.526,12.7,40.3,0.241,1.0,16.74,6.7,26.0,17.0,8.0,2.0,ACC,37.0,0.622,9.0,9.0,884.0,0.425,315.0,0.36,506.0,0.688,445.0,1319.0,493.0,300.0,162.0,440.0,598.0,64.9,106.7,0.354,0.421,0.533,49.3,55.8,12.4,12.6,0.501,15.3,33.4,0.243,0.0,2.69,11.93,0.0,0.0,0.0,0.0,ACC
2016,Elite Eight,1,Virginia,10,Syracuse,1,37.0,0.784,13.0,5.0,964.0,0.491,224.0,0.402,474.0,0.752,323.0,1189.0,551.0,199.0,119.0,345.0,596.0,61.5,115.0,0.321,0.284,0.58,53.2,57.2,8.7,10.2,0.548,13.2,29.8,0.241,1.0,4.12,17.92,6.0,3.0,0.0,0.0,ACC,37.0,0.622,9.0,9.0,884.0,0.425,315.0,0.36,506.0,0.688,445.0,1319.0,493.0,300.0,162.0,440.0,598.0,64.9,106.7,0.354,0.421,0.533,49.3,55.8,12.4,12.6,0.501,15.3,33.4,0.243,0.0,2.69,11.93,0.0,0.0,0.0,0.0,ACC
2016,First Round,7,Dayton,10,Syracuse,1,33.0,0.758,14.0,4.0,836.0,0.455,221.0,0.344,500.0,0.668,327.0,1265.0,480.0,196.0,145.0,427.0,626.0,68.6,104.5,0.408,0.35,0.546,53.2,57.4,8.6,12.2,0.516,16.3,28.7,0.272,0.0,2.28,9.06,3.0,1.0,0.0,0.0,A-10,37.0,0.622,9.0,9.0,884.0,0.425,315.0,0.36,506.0,0.688,445.0,1319.0,493.0,300.0,162.0,440.0,598.0,64.9,106.7,0.354,0.421,0.533,49.3,55.8,12.4,12.6,0.501,15.3,33.4,0.243,0.0,2.69,11.93,0.0,0.0,0.0,0.0,ACC
2016,National Championship,1,UNC,2,Villanova,1,40.0,0.825,14.0,4.0,1235.0,0.482,224.0,0.327,617.0,0.747,568.0,1624.0,708.0,269.0,177.0,431.0,718.0,70.2,118.0,0.323,0.268,0.561,55.9,57.3,9.6,11.5,0.526,12.7,40.3,0.241,1.0,16.74,6.7,26.0,17.0,8.0,2.0,ACC,40.0,0.875,16.0,2.0,1086.0,0.483,347.0,0.362,599.0,0.782,351.0,1385.0,637.0,282.0,136.0,440.0,681.0,67.3,115.4,0.341,0.427,0.597,51.2,58.7,10.4,9.7,0.561,14.4,28.0,0.267,1.0,9.92,14.17,13.0,5.0,2.0,1.0,Big East
2016,Elite Eight,1,Kansas,2,Villanova,1,38.0,0.868,15.0,3.0,1092.0,0.495,304.0,0.418,601.0,0.713,402.0,1443.0,604.0,253.0,158.0,478.0,719.0,69.7,115.0,0.382,0.33,0.592,53.9,55.3,9.4,10.7,0.564,15.5,32.3,0.272,1.0,14.28,9.59,18.0,11.0,2.0,1.0,Big 12,40.0,0.875,16.0,2.0,1086.0,0.483,347.0,0.362,599.0,0.782,351.0,1385.0,637.0,282.0,136.0,440.0,681.0,67.3,115.4,0.341,0.427,0.597,51.2,58.7,10.4,9.7,0.561,14.4,28.0,0.267,1.0,9.92,14.17,13.0,5.0,2.0,1.0,Big East
2016,First Round,5,Indiana,12,Chattanooga,0,35.0,0.771,15.0,3.0,1021.0,0.502,345.0,0.415,504.0,0.733,414.0,1288.0,560.0,239.0,137.0,474.0,647.0,69.1,119.2,0.338,0.409,0.612,54.9,54.8,9.9,9.8,0.587,16.7,37.0,0.248,1.0,13.68,5.91,9.0,4.0,1.0,0.0,Big Ten,35.0,0.829,15.0,3.0,897.0,0.457,262.0,0.359,596.0,0.735,381.0,1241.0,504.0,272.0,165.0,437.0,596.0,68.1,110.5,0.413,0.371,0.565,52.3,56.2,11.3,13.1,0.524,15.7,32.6,0.304,0.0,-0.54,3.78,1.0,0.0,0.0,0.0,Southern
2016,First Round,4,Kentucky,13,Stony Brook,0,36.0,0.75,13.0,5.0,1028.0,0.478,244.0,0.366,561.0,0.69,462.0,1395.0,512.0,206.0,207.0,389.0,735.0,68.1,115.6,0.378,0.31,0.564,53.6,49.8,8.3,14.1,0.535,13.3,37.3,0.261,1.0,11.92,8.31,17.0,12.0,6.0,1.0,SEC,33.0,0.788,14.0,2.0,933.0,0.468,220.0,0.368,429.0,0.673,426.0,1312.0,541.0,204.0,150.0,379.0,523.0,67.8,112.0,0.32,0.3,0.548,55.4,58.0,9.1,12.1,0.524,14.2,36.0,0.215,0.0,-1.06,4.81,1.0,0.0,0.0,0.0,AEC
2016,First Round,6,Notre Dame,11,Michigan,0,36.0,0.667,11.0,7.0,972.0,0.476,262.0,0.374,498.0,0.742,381.0,1265.0,480.0,197.0,143.0,359.0,544.0,65.0,115.2,0.329,0.343,0.573,51.1,49.4,8.4,10.1,0.54,13.2,32.3,0.244,0.0,7.63,6.47,13.0,3.0,0.0,0.0,ACC,36.0,0.639,10.0,8.0,947.0,0.462,342.0,0.38,420.0,0.738,290.0,1152.0,537.0,203.0,81.0,348.0,558.0,65.7,111.9,0.278,0.44,0.573,49.2,56.7,8.6,6.4,0.546,13.1,24.7,0.205,0.0,5.59,8.15,10.0,4.0,1.0,0.0,Big Ten
2016,Second Round,6,Notre Dame,14,Stephen F. Austin,0,36.0,0.667,11.0,7.0,972.0,0.476,262.0,0.374,498.0,0.742,381.0,1265.0,480.0,197.0,143.0,359.0,544.0,65.0,115.2,0.329,0.343,0.573,51.1,49.4,8.4,10.1,0.54,13.2,32.3,0.244,0.0,7.63,6.47,13.0,3.0,0.0,0.0,ACC,34.0,0.824,18.0,0.0,972.0,0.478,269.0,0.363,515.0,0.735,405.0,1188.0,635.0,310.0,122.0,411.0,700.0,69.6,115.3,0.345,0.365,0.577,51.9,65.3,13.1,10.2,0.545,14.8,34.6,0.253,0.0,2.91,6.32,3.0,0.0,0.0,0.0,Southland
2016,First Round,3,West Virginia,14,Stephen F. Austin,1,35.0,0.743,13.0,5.0,943.0,0.449,209.0,0.325,654.0,0.673,558.0,1380.0,510.0,343.0,93.0,498.0,819.0,70.7,110.3,0.462,0.306,0.536,56.1,54.1,13.8,8.5,0.498,16.3,41.9,0.311,1.0,10.88,10.73,22.0,7.0,2.0,0.0,Big 12,34.0,0.824,18.0,0.0,972.0,0.478,269.0,0.363,515.0,0.735,405.0,1188.0,635.0,310.0,122.0,411.0,700.0,69.6,115.3,0.345,0.365,0.577,51.9,65.3,13.1,10.2,0.545,14.8,34.6,0.253,0.0,2.91,6.32,3.0,0.0,0.0,0.0,Southland
2016,Sweet Sixteen,6,Notre Dame,7,Wisconsin,0,36.0,0.667,11.0,7.0,972.0,0.476,262.0,0.374,498.0,0.742,381.0,1265.0,480.0,197.0,143.0,359.0,544.0,65.0,115.2,0.329,0.343,0.573,51.1,49.4,8.4,10.1,0.54,13.2,32.3,0.244,0.0,7.63,6.47,13.0,3.0,0.0,0.0,ACC,35.0,0.629,12.0,6.0,816.0,0.426,229.0,0.349,512.0,0.703,398.0,1228.0,400.0,205.0,114.0,386.0,588.0,64.1,105.1,0.38,0.342,0.524,52.3,49.0,9.1,8.6,0.485,14.6,33.0,0.267,0.0,-0.13,13.53,1.0,1.0,0.0,0.0,Big Ten
2016,Second Round,2,Xavier,7,Wisconsin,1,34.0,0.824,14.0,4.0,928.0,0.452,255.0,0.363,626.0,0.73,436.0,1387.0,548.0,246.0,101.0,429.0,678.0,72.4,111.2,0.417,0.342,0.556,54.9,59.1,10.0,8.4,0.514,14.8,35.2,0.305,1.0,12.97,5.6,6.0,3.0,0.0,0.0,Big East,35.0,0.629,12.0,6.0,816.0,0.426,229.0,0.349,512.0,0.703,398.0,1228.0,400.0,205.0,114.0,386.0,588.0,64.1,105.1,0.38,0.342,0.524,52.3,49.0,9.1,8.6,0.485,14.6,33.0,0.267,0.0,-0.13,13.53,1.0,1.0,0.0,0.0,Big Ten
2016,First Round,7,Wisconsin,10,Pitt,0,35.0,0.629,12.0,6.0,816.0,0.426,229.0,0.349,512.0,0.703,398.0,1228.0,400.0,205.0,114.0,386.0,588.0,64.1,105.1,0.38,0.342,0.524,52.3,49.0,9.1,8.6,0.485,14.6,33.0,0.267,0.0,-0.13,13.53,1.0,1.0,0.0,0.0,Big Ten,33.0,0.636,9.0,9.0,878.0,0.458,204.0,0.346,516.0,0.752,417.0,1257.0,547.0,162.0,121.0,384.0,581.0,66.4,112.2,0.357,0.307,0.551,55.2,62.3,7.3,10.0,0.511,14.6,36.9,0.269,0.0,6.32,9.15,11.0,3.0,0.0,0.0,ACC
2016,First Round,2,Xavier,15,Weber State,0,34.0,0.824,14.0,4.0,928.0,0.452,255.0,0.363,626.0,0.73,436.0,1387.0,548.0,246.0,101.0,429.0,678.0,72.4,111.2,0.417,0.342,0.556,54.9,59.1,10.0,8.4,0.514,14.8,35.2,0.305,1.0,12.97,5.6,6.0,3.0,0.0,0.0,Big East,35.0,0.743,15.0,3.0,908.0,0.482,291.0,0.371,555.0,0.676,300.0,1296.0,477.0,175.0,119.0,462.0,611.0,68.6,109.4,0.436,0.416,0.585,52.6,52.5,7.2,7.7,0.559,16.9,26.5,0.294,0.0,-2.48,2.66,3.0,0.0,0.0,0.0,Big Sky
2016,First Round,1,Kansas,16,Austin Peay,1,38.0,0.868,15.0,3.0,1092.0,0.495,304.0,0.418,601.0,0.713,402.0,1443.0,604.0,253.0,158.0,478.0,719.0,69.7,115.0,0.382,0.33,0.592,53.9,55.3,9.4,10.7,0.564,15.5,32.3,0.272,1.0,14.28,9.59,18.0,11.0,2.0,1.0,Big 12,36.0,0.5,7.0,9.0,945.0,0.461,223.0,0.346,627.0,0.67,422.0,1326.0,479.0,250.0,101.0,502.0,633.0,70.5,106.4,0.457,0.315,0.549,51.8,50.7,9.7,7.7,0.516,16.8,33.0,0.306,0.0,-0.02,-6.02,4.0,0.0,0.0,0.0,OVC
2016,Second Round,1,Kansas,9,UConn,0,38.0,0.868,15.0,3.0,1092.0,0.495,304.0,0.418,601.0,0.713,402.0,1443.0,604.0,253.0,158.0,478.0,719.0,69.7,115.0,0.382,0.33,0.592,53.9,55.3,9.4,10.7,0.564,15.5,32.3,0.272,1.0,14.28,9.59,18.0,11.0,2.0,1.0,Big 12,36.0,0.694,11.0,7.0,944.0,0.454,255.0,0.365,488.0,0.793,338.0,1300.0,489.0,210.0,182.0,385.0,657.0,66.1,109.0,0.296,0.336,0.555,51.1,51.8,8.7,14.0,0.516,14.0,28.5,0.235,0.0,4.41,11.48,2.0,1.0,1.0,1.0,AAC
2016,First Round,8,Colorado,9,UConn,1,34.0,0.647,10.0,8.0,865.0,0.426,252.0,0.389,594.0,0.735,446.0,1434.0,461.0,177.0,167.0,454.0,638.0,70.8,106.3,0.398,0.319,0.534,55.7,53.3,7.3,11.6,0.488,15.8,35.3,0.293,0.0,4.93,7.1,4.0,0.0,0.0,0.0,Pac-12,36.0,0.694,11.0,7.0,944.0,0.454,255.0,0.365,488.0,0.793,338.0,1300.0,489.0,210.0,182.0,385.0,657.0,66.1,109.0,0.296,0.336,0.555,51.1,51.8,8.7,14.0,0.516,14.0,28.5,0.235,0.0,4.41,11.48,2.0,1.0,1.0,1.0,AAC
2016,Sweet Sixteen,1,Kansas,5,Maryland,0,38.0,0.868,15.0,3.0,1092.0,0.495,304.0,0.418,601.0,0.713,402.0,1443.0,604.0,253.0,158.0,478.0,719.0,69.7,115.0,0.382,0.33,0.592,53.9,55.3,9.4,10.7,0.564,15.5,32.3,0.272,1.0,14.28,9.59,18.0,11.0,2.0,1.0,Big 12,36.0,0.75,12.0,6.0,943.0,0.486,267.0,0.361,572.0,0.768,319.0,1288.0,488.0,210.0,194.0,458.0,605.0,67.3,112.1,0.384,0.381,0.594,51.9,51.7,8.6,13.9,0.555,16.6,28.6,0.295,1.0,7.96,8.76,7.0,2.0,0.0,0.0,Big Ten
2016,First Round,5,Maryland,12,South Dakota State,0,36.0,0.75,12.0,6.0,943.0,0.486,267.0,0.361,572.0,0.768,319.0,1288.0,488.0,210.0,194.0,458.0,605.0,67.3,112.1,0.384,0.381,0.594,51.9,51.7,8.6,13.9,0.555,16.6,28.6,0.295,1.0,7.96,8.76,7.0,2.0,0.0,0.0,Big Ten,34.0,0.765,12.0,4.0,877.0,0.45,255.0,0.357,582.0,0.743,381.0,1279.0,381.0,169.0,84.0,399.0,670.0,68.8,110.8,0.402,0.367,0.558,53.7,43.4,7.2,6.6,0.515,14.7,32.5,0.298,0.0,3.72,1.71,3.0,0.0,0.0,0.0,Summit
2016,Second Round,5,Maryland,13,Hawaii,0,36.0,0.75,12.0,6.0,943.0,0.486,267.0,0.361,572.0,0.768,319.0,1288.0,488.0,210.0,194.0,458.0,605.0,67.3,112.1,0.384,0.381,0.594,51.9,51.7,8.6,13.9,0.555,16.6,28.6,0.295,1.0,7.96,8.76,7.0,2.0,0.0,0.0,Big Ten,34.0,0.824,13.0,3.0,893.0,0.459,237.0,0.322,597.0,0.684,362.0,1270.0,525.0,257.0,124.0,443.0,695.0,71.6,107.3,0.449,0.379,0.555,53.0,58.8,10.5,10.0,0.52,15.8,31.1,0.307,0.0,4.61,4.42,1.0,0.0,0.0,0.0,Big West
2016,First Round,4,California,13,Hawaii,1,34.0,0.676,12.0,6.0,890.0,0.461,236.0,0.363,529.0,0.656,386.0,1349.0,430.0,139.0,159.0,419.0,706.0,68.2,108.5,0.417,0.337,0.55,54.5,48.3,5.9,10.9,0.522,15.3,32.6,0.274,0.0,6.56,8.84,2.0,1.0,0.0,0.0,Pac-12,34.0,0.824,13.0,3.0,893.0,0.459,237.0,0.322,597.0,0.684,362.0,1270.0,525.0,257.0,124.0,443.0,695.0,71.6,107.3,0.449,0.379,0.555,53.0,58.8,10.5,10.0,0.52,15.8,31.1,0.307,0.0,4.61,4.42,1.0,0.0,0.0,0.0,Big West
2016,First Round,6,Arizona,11,Wichita State,1,34.0,0.735,12.0,6.0,946.0,0.48,221.0,0.381,622.0,0.721,394.0,1368.0,485.0,164.0,161.0,442.0,621.0,69.8,112.8,0.438,0.294,0.575,56.5,51.3,6.8,11.3,0.536,15.7,34.9,0.316,1.0,10.88,7.9,9.0,6.0,0.0,0.0,Pac-12,35.0,0.743,16.0,2.0,867.0,0.429,250.0,0.324,551.0,0.717,408.0,1305.0,489.0,255.0,125.0,346.0,705.0,66.1,108.8,0.38,0.381,0.531,53.1,56.4,10.9,11.6,0.49,12.7,31.7,0.272,1.0,4.0,13.39,12.0,2.0,1.0,0.0,MVC
2016,Second Round,3,Miami (FL),11,Wichita State,0,35.0,0.771,13.0,5.0,907.0,0.479,241.0,0.375,578.0,0.749,330.0,1207.0,438.0,215.0,127.0,383.0,581.0,66.2,113.3,0.407,0.339,0.582,51.7,48.3,9.3,9.1,0.542,14.5,29.9,0.305,1.0,8.72,9.8,7.0,3.0,1.0,0.0,ACC,35.0,0.743,16.0,2.0,867.0,0.429,250.0,0.324,551.0,0.717,408.0,1305.0,489.0,255.0,125.0,346.0,705.0,66.1,108.8,0.38,0.381,0.531,53.1,56.4,10.9,11.6,0.49,12.7,31.7,0.272,1.0,4.0,13.39,12.0,2.0,1.0,0.0,MVC
2016,First Round,3,Miami (FL),14,Buffalo,0,35.0,0.771,13.0,5.0,907.0,0.479,241.0,0.375,578.0,0.749,330.0,1207.0,438.0,215.0,127.0,383.0,581.0,66.2,113.3,0.407,0.339,0.582,51.7,48.3,9.3,9.1,0.542,14.5,29.9,0.305,1.0,8.72,9.8,7.0,3.0,1.0,0.0,ACC,35.0,0.571,10.0,8.0,915.0,0.437,263.0,0.339,616.0,0.71,425.0,1363.0,441.0,240.0,124.0,475.0,748.0,72.6,105.9,0.414,0.37,0.54,51.7,48.2,9.4,9.2,0.499,15.9,32.2,0.294,0.0,4.5,-3.16,1.0,0.0,0.0,0.0,MAC
2016,First Round,7,Iowa,10,Temple,0,33.0,0.667,12.0,6.0,906.0,0.447,269.0,0.374,480.0,0.717,392.0,1257.0,523.0,223.0,156.0,339.0,538.0,69.1,111.5,0.33,0.355,0.546,50.6,57.7,9.7,12.5,0.513,12.6,31.8,0.237,1.0,9.8,7.21,8.0,0.0,0.0,0.0,Big Ten,33.0,0.636,14.0,4.0,822.0,0.407,255.0,0.337,368.0,0.684,371.0,1225.0,445.0,173.0,103.0,305.0,535.0,65.8,102.4,0.266,0.375,0.498,49.3,54.1,7.8,7.8,0.47,11.8,29.1,0.182,0.0,0.52,7.17,16.0,0.0,0.0,0.0,AAC
2016,First Round,2,Villanova,15,UNC Asheville,0,40.0,0.875,16.0,2.0,1086.0,0.483,347.0,0.362,599.0,0.782,351.0,1385.0,637.0,282.0,136.0,440.0,681.0,67.3,115.4,0.341,0.427,0.597,51.2,58.7,10.4,9.7,0.561,14.4,28.0,0.267,1.0,9.92,14.17,13.0,5.0,2.0,1.0,Big East,34.0,0.647,12.0,6.0,898.0,0.455,195.0,0.323,561.0,0.694,396.0,1278.0,422.0,312.0,112.0,444.0,587.0,70.4,105.8,0.41,0.306,0.541,51.5,47.0,12.9,9.0,0.505,15.9,31.9,0.284,0.0,0.44,0.66,1.0,0.0,0.0,0.0,Big South
2016,Second Round,2,Villanova,7,Iowa,0,40.0,0.875,16.0,2.0,1086.0,0.483,347.0,0.362,599.0,0.782,351.0,1385.0,637.0,282.0,136.0,440.0,681.0,67.3,115.4,0.341,0.427,0.597,51.2,58.7,10.4,9.7,0.561,14.4,28.0,0.267,1.0,9.92,14.17,13.0,5.0,2.0,1.0,Big East,33.0,0.667,12.0,6.0,906.0,0.447,269.0,0.374,480.0,0.717,392.0,1257.0,523.0,223.0,156.0,339.0,538.0,69.1,111.5,0.33,0.355,0.546,50.6,57.7,9.7,12.5,0.513,12.6,31.8,0.237,1.0,9.8,7.21,8.0,0.0,0.0,0.0,Big Ten
2016,Sweet Sixteen,2,Villanova,3,Miami (FL),0,40.0,0.875,16.0,2.0,1086.0,0.483,347.0,0.362,599.0,0.782,351.0,1385.0,637.0,282.0,136.0,440.0,681.0,67.3,115.4,0.341,0.427,0.597,51.2,58.7,10.4,9.7,0.561,14.4,28.0,0.267,1.0,9.92,14.17,13.0,5.0,2.0,1.0,Big East,35.0,0.771,13.0,5.0,907.0,0.479,241.0,0.375,578.0,0.749,330.0,1207.0,438.0,215.0,127.0,383.0,581.0,66.2,113.3,0.407,0.339,0.582,51.7,48.3,9.3,9.1,0.542,14.5,29.9,0.305,1.0,8.72,9.8,7.0,3.0,1.0,0.0,ACC
2016,Final Four,2,Villanova,2,Oklahoma,0,40.0,0.875,16.0,2.0,1086.0,0.483,347.0,0.362,599.0,0.782,351.0,1385.0,637.0,282.0,136.0,440.0,681.0,67.3,115.4,0.341,0.427,0.597,51.2,58.7,10.4,9.7,0.561,14.4,28.0,0.267,1.0,9.92,14.17,13.0,5.0,2.0,1.0,Big East,37.0,0.784,12.0,6.0,1018.0,0.458,382.0,0.422,530.0,0.722,407.0,1418.0,537.0,247.0,188.0,484.0,630.0,71.0,111.0,0.33,0.407,0.573,51.4,52.8,9.3,12.6,0.543,15.8,31.0,0.238,1.0,12.91,6.85,17.0,5.0,2.0,0.0,Big 12
2016,Elite Eight,1,Oregon,2,Oklahoma,1,38.0,0.816,14.0,4.0,1041.0,0.467,260.0,0.343,648.0,0.715,442.0,1382.0,517.0,275.0,221.0,431.0,675.0,69.5,112.8,0.406,0.34,0.562,52.4,49.7,10.4,15.3,0.525,13.9,34.2,0.291,1.0,10.14,7.91,12.0,2.0,0.0,0.0,Pac-12,37.0,0.784,12.0,6.0,1018.0,0.458,382.0,0.422,530.0,0.722,407.0,1418.0,537.0,247.0,188.0,484.0,630.0,71.0,111.0,0.33,0.407,0.573,51.4,52.8,9.3,12.6,0.543,15.8,31.0,0.238,1.0,12.91,6.85,17.0,5.0,2.0,0.0,Big 12
2016,Second Round,1,Oregon,8,St. Joseph's,0,38.0,0.816,14.0,4.0,1041.0,0.467,260.0,0.343,648.0,0.715,442.0,1382.0,517.0,275.0,221.0,431.0,675.0,69.5,112.8,0.406,0.34,0.562,52.4,49.7,10.4,15.3,0.525,13.9,34.2,0.291,1.0,10.14,7.91,12.0,2.0,0.0,0.0,Pac-12,36.0,0.778,13.0,5.0,976.0,0.453,251.0,0.327,577.0,0.716,364.0,1378.0,534.0,184.0,119.0,355.0,583.0,70.1,109.7,0.374,0.356,0.548,51.9,54.7,7.3,9.2,0.512,12.3,28.2,0.268,0.0,8.31,3.78,7.0,2.0,0.0,0.0,A-10
2016,Sweet Sixteen,1,Oregon,4,Duke,0,38.0,0.816,14.0,4.0,1041.0,0.467,260.0,0.343,648.0,0.715,442.0,1382.0,517.0,275.0,221.0,431.0,675.0,69.5,112.8,0.406,0.34,0.562,52.4,49.7,10.4,15.3,0.525,13.9,34.2,0.291,1.0,10.14,7.91,12.0,2.0,0.0,0.0,Pac-12,36.0,0.694,11.0,7.0,983.0,0.46,328.0,0.385,626.0,0.723,426.0,1296.0,478.0,226.0,154.0,354.0,603.0,68.4,117.7,0.405,0.398,0.573,49.5,48.6,9.1,9.8,0.537,12.2,33.0,0.293,1.0,13.71,5.52,32.0,23.0,12.0,5.0,ACC
2016,First Round,8,St. Joseph's,9,Cincinnati,0,36.0,0.778,13.0,5.0,976.0,0.453,251.0,0.327,577.0,0.716,364.0,1378.0,534.0,184.0,119.0,355.0,583.0,70.1,109.7,0.374,0.356,0.548,51.9,54.7,7.3,9.2,0.512,12.3,28.2,0.268,0.0,8.31,3.78,7.0,2.0,0.0,0.0,A-10,33.0,0.667,12.0,6.0,851.0,0.43,252.0,0.348,464.0,0.705,441.0,1291.0,508.0,257.0,192.0,363.0,513.0,65.5,108.9,0.332,0.366,0.527,53.2,59.7,11.6,15.5,0.493,13.7,36.6,0.234,0.0,4.15,11.04,8.0,1.0,0.0,0.0,AAC
2016,First Round,5,Baylor,12,Yale,1,34.0,0.647,10.0,8.0,933.0,0.466,210.0,0.367,545.0,0.725,467.0,1267.0,603.0,269.0,135.0,432.0,660.0,67.6,112.8,0.375,0.286,0.555,55.6,64.6,11.6,11.2,0.518,15.5,40.1,0.272,0.0,9.63,6.5,6.0,3.0,0.0,0.0,Big 12,30.0,0.767,13.0,1.0,795.0,0.47,190.0,0.363,468.0,0.67,407.0,1208.0,452.0,170.0,137.0,398.0,530.0,66.9,111.5,0.413,0.309,0.555,57.8,56.9,8.4,12.6,0.526,16.4,39.4,0.276,0.0,0.55,8.53,1.0,0.0,0.0,0.0,Ivy
2016,Second Round,4,Duke,12,Yale,0,36.0,0.694,11.0,7.0,983.0,0.46,328.0,0.385,626.0,0.723,426.0,1296.0,478.0,226.0,154.0,354.0,603.0,68.4,117.7,0.405,0.398,0.573,49.5,48.6,9.1,9.8,0.537,12.2,33.0,0.293,1.0,13.71,5.52,32.0,23.0,12.0,5.0,ACC,30.0,0.767,13.0,1.0,795.0,0.47,190.0,0.363,468.0,0.67,407.0,1208.0,452.0,170.0,137.0,398.0,530.0,66.9,111.5,0.413,0.309,0.555,57.8,56.9,8.4,12.6,0.526,16.4,39.4,0.276,0.0,0.55,8.53,1.0,0.0,0.0,0.0,Ivy
2016,First Round,4,Duke,13,UNC Wilmington,0,36.0,0.694,11.0,7.0,983.0,0.46,328.0,0.385,626.0,0.723,426.0,1296.0,478.0,226.0,154.0,354.0,603.0,68.4,117.7,0.405,0.398,0.573,49.5,48.6,9.1,9.8,0.537,12.2,33.0,0.293,1.0,13.71,5.52,32.0,23.0,12.0,5.0,ACC,33.0,0.758,14.0,4.0,928.0,0.455,230.0,0.34,534.0,0.703,397.0,1237.0,438.0,246.0,143.0,374.0,793.0,71.3,110.0,0.373,0.332,0.546,50.6,47.2,10.3,11.2,0.512,13.5,32.2,0.262,0.0,6.31,-0.06,1.0,0.0,0.0,0.0,CAA
2016,First Round,6,Texas,11,Northern Iowa,1,33.0,0.606,11.0,7.0,814.0,0.432,232.0,0.341,495.0,0.666,363.0,1139.0,377.0,167.0,144.0,341.0,688.0,66.8,106.1,0.394,0.361,0.526,49.1,46.3,7.5,11.6,0.494,13.2,30.7,0.263,0.0,4.13,10.67,6.0,1.0,1.0,0.0,Big 12,36.0,0.639,11.0,7.0,849.0,0.455,298.0,0.374,479.0,0.757,195.0,1091.0,429.0,204.0,94.0,357.0,560.0,64.1,106.2,0.34,0.427,0.572,46.8,50.5,8.8,7.7,0.535,14.2,17.6,0.257,0.0,-1.06,9.84,4.0,1.0,0.0,0.0,MVC
2016,Second Round,3,Texas A&M,11,Northern Iowa,0,37.0,0.757,13.0,5.0,991.0,0.449,281.0,0.341,565.0,0.672,477.0,1461.0,612.0,260.0,133.0,434.0,668.0,68.6,110.0,0.381,0.373,0.542,53.0,61.8,10.1,10.5,0.512,14.3,34.6,0.256,1.0,7.66,10.8,3.0,1.0,0.0,0.0,SEC,36.0,0.639,11.0,7.0,849.0,0.455,298.0,0.374,479.0,0.757,195.0,1091.0,429.0,204.0,94.0,357.0,560.0,64.1,106.2,0.34,0.427,0.572,46.8,50.5,8.8,7.7,0.535,14.2,17.6,0.257,0.0,-1.06,9.84,4.0,1.0,0.0,0.0,MVC
2016,First Round,3,Texas A&M,14,Green Bay,0,37.0,0.757,13.0,5.0,991.0,0.449,281.0,0.341,565.0,0.672,477.0,1461.0,612.0,260.0,133.0,434.0,668.0,68.6,110.0,0.381,0.373,0.542,53.0,61.8,10.1,10.5,0.512,14.3,34.6,0.256,1.0,7.66,10.8,3.0,1.0,0.0,0.0,SEC,36.0,0.639,11.0,7.0,1048.0,0.446,255.0,0.349,662.0,0.657,458.0,1385.0,501.0,358.0,166.0,441.0,724.0,77.3,107.1,0.429,0.311,0.533,48.7,47.8,12.7,11.1,0.5,13.5,30.9,0.282,0.0,10.71,-9.55,1.0,0.0,0.0,0.0,Horizon
2016,First Round,7,Oregon State,10,VCU,1,32.0,0.594,9.0,9.0,811.0,0.44,218.0,0.371,461.0,0.671,337.0,1102.0,432.0,236.0,106.0,361.0,642.0,68.4,105.1,0.373,0.319,0.53,48.3,53.3,10.8,9.7,0.499,14.3,29.2,0.25,0.0,3.46,6.93,4.0,0.0,0.0,0.0,Pac-12,36.0,0.694,14.0,4.0,1010.0,0.451,262.0,0.352,499.0,0.692,447.0,1347.0,515.0,309.0,135.0,405.0,706.0,69.8,110.0,0.322,0.333,0.539,52.0,51.0,12.2,9.8,0.51,13.6,33.2,0.223,0.0,7.19,6.64,1.0,0.0,0.0,0.0,A-10
2016,Second Round,2,Oklahoma,10,VCU,0,37.0,0.784,12.0,6.0,1018.0,0.458,382.0,0.422,530.0,0.722,407.0,1418.0,537.0,247.0,188.0,484.0,630.0,71.0,111.0,0.33,0.407,0.573,51.4,52.8,9.3,12.6,0.543,15.8,31.0,0.238,1.0,12.91,6.85,17.0,5.0,2.0,0.0,Big 12,36.0,0.694,14.0,4.0,1010.0,0.451,262.0,0.352,499.0,0.692,447.0,1347.0,515.0,309.0,135.0,405.0,706.0,69.8,110.0,0.322,0.333,0.539,52.0,51.0,12.2,9.8,0.51,13.6,33.2,0.223,0.0,7.19,6.64,1.0,0.0,0.0,0.0,A-10
2016,First Round,2,Oklahoma,15,Cal State Bakersfield,0,37.0,0.784,12.0,6.0,1018.0,0.458,382.0,0.422,530.0,0.722,407.0,1418.0,537.0,247.0,188.0,484.0,630.0,71.0,111.0,0.33,0.407,0.573,51.4,52.8,9.3,12.6,0.543,15.8,31.0,0.238,1.0,12.91,6.85,17.0,5.0,2.0,0.0,Big 12,33.0,0.727,11.0,3.0,875.0,0.451,179.0,0.342,476.0,0.656,414.0,1263.0,516.0,263.0,165.0,405.0,707.0,68.4,105.8,0.374,0.27,0.527,52.8,59.0,11.6,14.2,0.497,15.1,34.6,0.245,0.0,-2.09,4.67,4.0,1.0,0.0,0.0,WAC
2016,Sweet Sixteen,2,Oklahoma,3,Texas A&M,0,37.0,0.784,12.0,6.0,1018.0,0.458,382.0,0.422,530.0,0.722,407.0,1418.0,537.0,247.0,188.0,484.0,630.0,71.0,111.0,0.33,0.407,0.573,51.4,52.8,9.3,12.6,0.543,15.8,31.0,0.238,1.0,12.91,6.85,17.0,5.0,2.0,0.0,Big 12,37.0,0.757,13.0,5.0,991.0,0.449,281.0,0.341,565.0,0.672,477.0,1461.0,612.0,260.0,133.0,434.0,668.0,68.6,110.0,0.381,0.373,0.542,53.0,61.8,10.1,10.5,0.512,14.3,34.6,0.256,1.0,7.66,10.8,3.0,1.0,0.0,0.0,SEC
2016,First Round,1,Virginia,16,Hampton,0,37.0,0.784,13.0,5.0,964.0,0.491,224.0,0.402,474.0,0.752,323.0,1189.0,551.0,199.0,119.0,345.0,596.0,61.5,115.0,0.321,0.284,0.58,53.2,57.2,8.7,10.2,0.548,13.2,29.8,0.241,1.0,4.12,17.92,6.0,3.0,0.0,0.0,ACC,32.0,0.656,13.0,3.0,810.0,0.412,206.0,0.304,537.0,0.659,447.0,1322.0,381.0,169.0,117.0,440.0,649.0,71.7,101.0,0.414,0.345,0.502,53.1,47.0,7.2,9.0,0.464,15.7,34.6,0.273,0.0,-1.41,-7.34,3.0,0.0,0.0,0.0,MEAC
2016,Second Round,1,Virginia,9,Butler,0,37.0,0.784,13.0,5.0,964.0,0.491,224.0,0.402,474.0,0.752,323.0,1189.0,551.0,199.0,119.0,345.0,596.0,61.5,115.0,0.321,0.284,0.58,53.2,57.2,8.7,10.2,0.548,13.2,29.8,0.241,1.0,4.12,17.92,6.0,3.0,0.0,0.0,ACC,33.0,0.667,10.0,8.0,918.0,0.466,236.0,0.393,566.0,0.731,366.0,1188.0,468.0,227.0,107.0,335.0,646.0,69.8,114.1,0.393,0.305,0.564,52.3,51.0,9.8,8.9,0.526,12.5,32.1,0.287,1.0,11.28,5.18,2.0,0.0,0.0,0.0,Big East
2016,First Round,8,Texas Tech,9,Butler,1,32.0,0.594,9.0,9.0,785.0,0.448,185.0,0.346,550.0,0.742,326.0,1086.0,418.0,190.0,134.0,385.0,589.0,66.7,106.7,0.422,0.304,0.547,50.1,53.2,8.8,11.8,0.5,15.5,31.2,0.314,0.0,5.06,7.35,18.0,9.0,1.0,1.0,Big 12,33.0,0.667,10.0,8.0,918.0,0.466,236.0,0.393,566.0,0.731,366.0,1188.0,468.0,227.0,107.0,335.0,646.0,69.8,114.1,0.393,0.305,0.564,52.3,51.0,9.8,8.9,0.526,12.5,32.1,0.287,1.0,11.28,5.18,2.0,0.0,0.0,0.0,Big East
2016,Sweet Sixteen,1,Virginia,4,Iowa State,0,37.0,0.784,13.0,5.0,964.0,0.491,224.0,0.402,474.0,0.752,323.0,1189.0,551.0,199.0,119.0,345.0,596.0,61.5,115.0,0.321,0.284,0.58,53.2,57.2,8.7,10.2,0.548,13.2,29.8,0.241,1.0,4.12,17.92,6.0,3.0,0.0,0.0,ACC,35.0,0.657,10.0,8.0,1087.0,0.503,293.0,0.387,395.0,0.702,304.0,1244.0,577.0,218.0,142.0,398.0,542.0,71.5,113.1,0.261,0.351,0.59,49.7,53.1,8.6,9.8,0.571,14.1,26.1,0.183,1.0,15.69,1.24,2.0,1.0,0.0,0.0,Big 12
2016,First Round,5,Purdue,12,Little Rock,1,35.0,0.743,12.0,6.0,960.0,0.47,268.0,0.367,538.0,0.744,407.0,1443.0,615.0,147.0,165.0,419.0,607.0,67.8,113.7,0.354,0.358,0.571,57.3,64.1,6.1,11.7,0.536,14.9,34.9,0.263,1.0,10.01,10.16,9.0,2.0,0.0,0.0,Big Ten,35.0,0.857,17.0,3.0,886.0,0.453,266.0,0.384,449.0,0.729,324.0,1195.0,451.0,230.0,106.0,355.0,640.0,64.5,109.0,0.315,0.354,0.553,50.1,50.9,10.1,9.6,0.52,13.6,27.9,0.229,0.0,-3.25,10.37,1.0,0.0,0.0,0.0,Sun Belt
2016,Second Round,4,Iowa State,12,Little Rock,0,35.0,0.657,10.0,8.0,1087.0,0.503,293.0,0.387,395.0,0.702,304.0,1244.0,577.0,218.0,142.0,398.0,542.0,71.5,113.1,0.261,0.351,0.59,49.7,53.1,8.6,9.8,0.571,14.1,26.1,0.183,1.0,15.69,1.24,2.0,1.0,0.0,0.0,Big 12,35.0,0.857,17.0,3.0,886.0,0.453,266.0,0.384,449.0,0.729,324.0,1195.0,451.0,230.0,106.0,355.0,640.0,64.5,109.0,0.315,0.354,0.553,50.1,50.9,10.1,9.6,0.52,13.6,27.9,0.229,0.0,-3.25,10.37,1.0,0.0,0.0,0.0,Sun Belt
2016,First Round,4,Iowa State,13,Iona,0,35.0,0.657,10.0,8.0,1087.0,0.503,293.0,0.387,395.0,0.702,304.0,1244.0,577.0,218.0,142.0,398.0,542.0,71.5,113.1,0.261,0.351,0.59,49.7,53.1,8.6,9.8,0.571,14.1,26.1,0.183,1.0,15.69,1.24,2.0,1.0,0.0,0.0,Big 12,33.0,0.667,16.0,4.0,919.0,0.457,327.0,0.37,463.0,0.711,348.0,1218.0,551.0,248.0,135.0,422.0,642.0,72.5,109.5,0.324,0.44,0.566,49.7,60.0,10.3,10.6,0.538,15.4,29.2,0.23,0.0,6.73,-3.15,3.0,0.0,0.0,0.0,MAAC
2016,First Round,6,Seton Hall,11,Gonzaga,1,34.0,0.735,12.0,6.0,892.0,0.446,206.0,0.347,532.0,0.658,438.0,1355.0,455.0,251.0,155.0,469.0,636.0,70.7,104.5,0.404,0.297,0.529,52.4,51.0,10.4,11.4,0.498,16.4,34.7,0.266,0.0,6.27,8.39,1.0,0.0,0.0,0.0,Big East,36.0,0.778,15.0,3.0,1011.0,0.486,281.0,0.381,537.0,0.758,382.0,1426.0,501.0,184.0,111.0,418.0,623.0,68.1,115.4,0.34,0.355,0.587,55.2,49.6,7.5,7.7,0.553,14.7,32.3,0.258,1.0,8.08,8.84,17.0,6.0,0.0,0.0,WCC
2016,Second Round,3,Utah,11,Gonzaga,1,36.0,0.75,13.0,5.0,977.0,0.489,273.0,0.366,551.0,0.721,347.0,1335.0,557.0,199.0,149.0,451.0,549.0,67.7,112.5,0.382,0.373,0.588,53.2,57.0,8.1,9.9,0.557,16.0,30.2,0.276,0.0,7.81,7.69,4.0,1.0,0.0,0.0,Pac-12,36.0,0.778,15.0,3.0,1011.0,0.486,281.0,0.381,537.0,0.758,382.0,1426.0,501.0,184.0,111.0,418.0,623.0,68.1,115.4,0.34,0.355,0.587,55.2,49.6,7.5,7.7,0.553,14.7,32.3,0.258,1.0,8.08,8.84,17.0,6.0,0.0,0.0,WCC
2016,Sweet Sixteen,10,Syracuse,11,Gonzaga,0,37.0,0.622,9.0,9.0,884.0,0.425,315.0,0.36,506.0,0.688,445.0,1319.0,493.0,300.0,162.0,440.0,598.0,64.9,106.7,0.354,0.421,0.533,49.3,55.8,12.4,12.6,0.501,15.3,33.4,0.243,0.0,2.69,11.93,0.0,0.0,0.0,0.0,ACC,36.0,0.778,15.0,3.0,1011.0,0.486,281.0,0.381,537.0,0.758,382.0,1426.0,501.0,184.0,111.0,418.0,623.0,68.1,115.4,0.34,0.355,0.587,55.2,49.6,7.5,7.7,0.553,14.7,32.3,0.258,1.0,8.08,8.84,17.0,6.0,0.0,0.0,WCC
2016,First Round,3,Utah,14,Fresno State,0,36.0,0.75,13.0,5.0,977.0,0.489,273.0,0.366,551.0,0.721,347.0,1335.0,557.0,199.0,149.0,451.0,549.0,67.7,112.5,0.382,0.373,0.588,53.2,57.0,8.1,9.9,0.557,16.0,30.2,0.276,0.0,7.81,7.69,4.0,1.0,0.0,0.0,Pac-12,35.0,0.714,13.0,5.0,926.0,0.436,219.0,0.343,559.0,0.694,409.0,1293.0,466.0,295.0,138.0,378.0,764.0,70.1,105.7,0.379,0.3,0.524,50.4,50.3,11.9,11.8,0.487,13.1,31.1,0.263,0.0,3.14,2.13,1.0,0.0,0.0,0.0,MWC
2016,First Round,2,Michigan State,15,Middle Tennessee,1,35.0,0.829,13.0,5.0,1009.0,0.486,321.0,0.434,454.0,0.729,427.0,1454.0,719.0,156.0,177.0,406.0,671.0,66.8,118.6,0.3,0.356,0.588,58.0,71.3,6.6,12.9,0.563,14.6,37.0,0.218,1.0,12.25,10.34,19.0,13.0,7.0,1.0,Big Ten,35.0,0.714,13.0,5.0,909.0,0.449,279.0,0.39,442.0,0.616,369.0,1283.0,455.0,215.0,123.0,419.0,700.0,69.1,104.7,0.355,0.354,0.537,51.4,50.1,8.9,9.9,0.518,15.0,29.1,0.218,0.0,-1.76,4.42,4.0,0.0,0.0,0.0,CUSA
2016,Second Round,10,Syracuse,15,Middle Tennessee,0,37.0,0.622,9.0,9.0,884.0,0.425,315.0,0.36,506.0,0.688,445.0,1319.0,493.0,300.0,162.0,440.0,598.0,64.9,106.7,0.354,0.421,0.533,49.3,55.8,12.4,12.6,0.501,15.3,33.4,0.243,0.0,2.69,11.93,0.0,0.0,0.0,0.0,ACC,35.0,0.714,13.0,5.0,909.0,0.449,279.0,0.39,442.0,0.616,369.0,1283.0,455.0,215.0,123.0,419.0,700.0,69.1,104.7,0.355,0.354,0.537,51.4,50.1,8.9,9.9,0.518,15.0,29.1,0.218,0.0,-1.76,4.42,4.0,0.0,0.0,0.0,CUSA
2017,Play-In,16,New Orleans,16,Mount St. Mary's,1,32.0,0.625,13.0,5.0,830.0,0.473,139.0,0.317,532.0,0.71,386.0,1140.0,500.0,252.0,97.0,534.0,562.0,69.5,103.2,0.427,0.25,0.552,52.9,60.2,11.2,8.6,0.513,20.2,36.7,0.303,0.0,-5.53,1.43,1.0,0.0,0.0,0.0,Southland,36.0,0.556,14.0,4.0,877.0,0.444,261.0,0.358,431.0,0.673,276.0,1082.0,403.0,222.0,142.0,472.0,640.0,68.4,99.1,0.324,0.369,0.536,44.5,46.0,9.0,9.6,0.51,17.1,23.0,0.218,0.0,-6.3,2.02,2.0,0.0,0.0,0.0,NEC
2017,First Round,1,Villanova,16,Mount St. Mary's,0,36.0,0.889,15.0,3.0,965.0,0.495,311.0,0.369,538.0,0.79,316.0,1208.0,505.0,259.0,109.0,402.0,515.0,65.6,117.6,0.35,0.433,0.612,53.0,52.3,11.0,9.0,0.575,15.0,30.0,0.276,1.0,9.2,14.61,14.0,5.0,2.0,1.0,Big East,36.0,0.556,14.0,4.0,877.0,0.444,261.0,0.358,431.0,0.673,276.0,1082.0,403.0,222.0,142.0,472.0,640.0,68.4,99.1,0.324,0.369,0.536,44.5,46.0,9.0,9.6,0.51,17.1,23.0,0.218,0.0,-6.3,2.02,2.0,0.0,0.0,0.0,NEC
2017,Play-In,11,USC,11,Providence,0,36.0,0.722,10.0,8.0,975.0,0.456,283.0,0.362,583.0,0.741,387.0,1286.0,550.0,252.0,190.0,398.0,571.0,70.1,111.2,0.368,0.366,0.56,50.3,56.4,9.9,13.3,0.522,13.7,30.9,0.273,0.0,8.07,3.41,3.0,1.0,0.0,0.0,Pac-12,33.0,0.606,10.0,8.0,804.0,0.448,239.0,0.371,472.0,0.691,294.0,1101.0,471.0,218.0,98.0,412.0,569.0,67.6,103.6,0.381,0.359,0.547,49.1,58.6,9.7,8.1,0.514,16.3,26.4,0.263,0.0,1.51,9.73,4.0,0.0,0.0,0.0,Big East
2017,Play-In,11,Kansas State,11,Wake Forest,0,35.0,0.6,8.0,10.0,869.0,0.461,247.0,0.362,538.0,0.694,330.0,1132.0,521.0,271.0,130.0,453.0,630.0,67.5,106.4,0.412,0.363,0.56,49.2,60.0,11.4,10.3,0.527,16.8,29.5,0.286,0.0,4.38,10.42,11.0,3.0,1.0,0.0,Big 12,33.0,0.576,9.0,9.0,923.0,0.472,268.0,0.385,619.0,0.779,349.0,1199.0,512.0,183.0,121.0,389.0,668.0,71.7,115.5,0.407,0.357,0.586,51.9,55.5,7.7,10.1,0.541,14.3,30.7,0.317,0.0,14.95,-0.76,2.0,0.0,0.0,0.0,ACC
2017,Play-In,16,North Carolina Central,16,UC-Davis,1,34.0,0.735,13.0,3.0,910.0,0.454,255.0,0.335,467.0,0.683,397.0,1313.0,480.0,209.0,112.0,406.0,587.0,68.8,108.7,0.341,0.38,0.546,51.7,52.7,8.9,8.7,0.517,14.8,32.9,0.233,0.0,-5.59,2.41,2.0,0.0,0.0,0.0,MEAC,36.0,0.639,11.0,5.0,873.0,0.435,221.0,0.348,558.0,0.674,364.0,1280.0,461.0,202.0,118.0,513.0,688.0,70.2,98.9,0.412,0.316,0.526,50.8,52.8,7.9,9.0,0.49,17.6,28.9,0.278,0.0,-4.89,-0.32,2.0,1.0,0.0,0.0,Big West
2017,First Round,1,Kansas,16,UC-Davis,1,36.0,0.861,16.0,2.0,1071.0,0.488,318.0,0.404,535.0,0.678,428.0,1393.0,584.0,250.0,162.0,456.0,639.0,71.4,115.4,0.36,0.359,0.583,53.0,54.5,9.6,11.2,0.561,15.1,33.9,0.244,1.0,16.58,6.95,19.0,12.0,2.0,1.0,Big 12,36.0,0.639,11.0,5.0,873.0,0.435,221.0,0.348,558.0,0.674,364.0,1280.0,461.0,202.0,118.0,513.0,688.0,70.2,98.9,0.412,0.316,0.526,50.8,52.8,7.9,9.0,0.49,17.6,28.9,0.278,0.0,-4.89,-0.32,2.0,1.0,0.0,0.0,Big West
2017,Second Round,1,Villanova,8,Wisconsin,1,36.0,0.889,15.0,3.0,965.0,0.495,311.0,0.369,538.0,0.79,316.0,1208.0,505.0,259.0,109.0,402.0,515.0,65.6,117.6,0.35,0.433,0.612,53.0,52.3,11.0,9.0,0.575,15.0,30.0,0.276,1.0,9.2,14.61,14.0,5.0,2.0,1.0,Big East,37.0,0.73,12.0,6.0,971.0,0.455,283.0,0.359,453.0,0.644,460.0,1377.0,504.0,250.0,130.0,411.0,602.0,64.5,110.7,0.329,0.369,0.542,54.7,51.9,10.3,9.8,0.521,14.3,35.7,0.212,1.0,3.85,15.56,2.0,2.0,0.0,0.0,Big Ten
2017,Sweet Sixteen,4,Florida,8,Wisconsin,0,36.0,0.75,14.0,4.0,953.0,0.45,278.0,0.358,620.0,0.729,416.0,1331.0,450.0,272.0,167.0,431.0,661.0,70.1,110.0,0.402,0.366,0.556,51.3,47.2,10.7,11.8,0.516,14.6,31.8,0.293,1.0,11.36,11.04,1.0,1.0,0.0,0.0,SEC,37.0,0.73,12.0,6.0,971.0,0.455,283.0,0.359,453.0,0.644,460.0,1377.0,504.0,250.0,130.0,411.0,602.0,64.5,110.7,0.329,0.369,0.542,54.7,51.9,10.3,9.8,0.521,14.3,35.7,0.212,1.0,3.85,15.56,2.0,2.0,0.0,0.0,Big Ten
2017,First Round,8,Wisconsin,9,Virginia Tech,0,37.0,0.73,12.0,6.0,971.0,0.455,283.0,0.359,453.0,0.644,460.0,1377.0,504.0,250.0,130.0,411.0,602.0,64.5,110.7,0.329,0.369,0.542,54.7,51.9,10.3,9.8,0.521,14.3,35.7,0.212,1.0,3.85,15.56,2.0,2.0,0.0,0.0,Big Ten,33.0,0.667,10.0,8.0,887.0,0.489,290.0,0.403,546.0,0.737,240.0,1068.0,497.0,131.0,91.0,398.0,543.0,69.8,112.5,0.409,0.397,0.603,48.2,56.0,5.6,7.0,0.569,15.5,23.4,0.301,0.0,10.14,2.63,6.0,3.0,0.0,0.0,ACC
2017,First Round,5,Virginia,12,UNC Wilmington,0,34.0,0.676,11.0,7.0,839.0,0.46,232.0,0.385,336.0,0.709,297.0,1119.0,473.0,190.0,138.0,324.0,556.0,60.3,107.9,0.26,0.33,0.548,52.3,56.4,9.1,13.9,0.524,13.7,28.2,0.184,1.0,-1.49,22.12,7.0,3.0,0.0,0.0,ACC,35.0,0.829,15.0,3.0,1071.0,0.48,336.0,0.366,489.0,0.691,422.0,1261.0,564.0,234.0,115.0,363.0,699.0,71.5,118.1,0.317,0.411,0.578,51.6,52.7,9.3,8.2,0.555,12.4,32.8,0.219,0.0,10.95,-2.89,2.0,0.0,0.0,0.0,CAA
2017,First Round,4,Florida,13,ETSU,0,36.0,0.75,14.0,4.0,953.0,0.45,278.0,0.358,620.0,0.729,416.0,1331.0,450.0,272.0,167.0,431.0,661.0,70.1,110.0,0.402,0.366,0.556,51.3,47.2,10.7,11.8,0.516,14.6,31.8,0.293,1.0,11.36,11.04,1.0,1.0,0.0,0.0,SEC,35.0,0.771,14.0,4.0,960.0,0.488,265.0,0.382,597.0,0.702,357.0,1269.0,516.0,293.0,162.0,519.0,698.0,71.4,110.2,0.432,0.352,0.587,53.1,53.8,11.6,13.6,0.555,18.0,31.3,0.304,0.0,4.41,2.91,1.0,0.0,0.0,0.0,Southern
2017,Second Round,4,Florida,5,Virginia,0,36.0,0.75,14.0,4.0,953.0,0.45,278.0,0.358,620.0,0.729,416.0,1331.0,450.0,272.0,167.0,431.0,661.0,70.1,110.0,0.402,0.366,0.556,51.3,47.2,10.7,11.8,0.516,14.6,31.8,0.293,1.0,11.36,11.04,1.0,1.0,0.0,0.0,SEC,34.0,0.676,11.0,7.0,839.0,0.46,232.0,0.385,336.0,0.709,297.0,1119.0,473.0,190.0,138.0,324.0,556.0,60.3,107.9,0.26,0.33,0.548,52.3,56.4,9.1,13.9,0.524,13.7,28.2,0.184,1.0,-1.49,22.12,7.0,3.0,0.0,0.0,ACC
2017,Elite Eight,4,Florida,7,South Carolina,1,36.0,0.75,14.0,4.0,953.0,0.45,278.0,0.358,620.0,0.729,416.0,1331.0,450.0,272.0,167.0,431.0,661.0,70.1,110.0,0.402,0.366,0.556,51.3,47.2,10.7,11.8,0.516,14.6,31.8,0.293,1.0,11.36,11.04,1.0,1.0,0.0,0.0,SEC,37.0,0.703,12.0,6.0,924.0,0.421,248.0,0.338,611.0,0.699,464.0,1346.0,468.0,288.0,142.0,480.0,751.0,69.9,102.9,0.398,0.334,0.518,50.8,50.6,11.0,11.1,0.477,15.5,33.5,0.278,0.0,5.2,12.32,5.0,2.0,1.0,0.0,SEC
2017,Sweet Sixteen,3,Baylor,7,South Carolina,1,35.0,0.771,12.0,6.0,921.0,0.471,230.0,0.359,478.0,0.723,451.0,1329.0,544.0,180.0,166.0,469.0,617.0,65.3,111.5,0.338,0.328,0.562,56.5,59.1,7.9,13.0,0.53,17.1,40.2,0.244,1.0,4.89,14.86,7.0,4.0,0.0,0.0,Big 12,37.0,0.703,12.0,6.0,924.0,0.421,248.0,0.338,611.0,0.699,464.0,1346.0,468.0,288.0,142.0,480.0,751.0,69.9,102.9,0.398,0.334,0.518,50.8,50.6,11.0,11.1,0.477,15.5,33.5,0.278,0.0,5.2,12.32,5.0,2.0,1.0,0.0,SEC
2017,Second Round,2,Duke,7,South Carolina,1,37.0,0.757,11.0,7.0,1019.0,0.475,311.0,0.378,642.0,0.762,390.0,1341.0,484.0,226.0,172.0,421.0,675.0,69.9,115.7,0.393,0.383,0.588,51.9,47.5,8.7,10.9,0.548,14.2,31.6,0.299,1.0,13.15,8.41,33.0,23.0,12.0,5.0,ACC,37.0,0.703,12.0,6.0,924.0,0.421,248.0,0.338,611.0,0.699,464.0,1346.0,468.0,288.0,142.0,480.0,751.0,69.9,102.9,0.398,0.334,0.518,50.8,50.6,11.0,11.1,0.477,15.5,33.5,0.278,0.0,5.2,12.32,5.0,2.0,1.0,0.0,SEC
2017,Final Four,1,Gonzaga,7,South Carolina,0,39.0,0.949,17.0,1.0,1149.0,0.504,286.0,0.382,638.0,0.717,378.0,1587.0,595.0,265.0,183.0,448.0,660.0,70.9,116.4,0.39,0.329,0.596,54.7,51.8,9.6,11.2,0.567,14.2,29.8,0.28,1.0,12.79,12.47,18.0,7.0,1.0,0.0,WCC,37.0,0.703,12.0,6.0,924.0,0.421,248.0,0.338,611.0,0.699,464.0,1346.0,468.0,288.0,142.0,480.0,751.0,69.9,102.9,0.398,0.334,0.518,50.8,50.6,11.0,11.1,0.477,15.5,33.5,0.278,0.0,5.2,12.32,5.0,2.0,1.0,0.0,SEC
2017,First Round,6,SMU,11,USC,1,35.0,0.857,17.0,1.0,914.0,0.473,286.0,0.406,485.0,0.697,416.0,1335.0,566.0,200.0,117.0,377.0,506.0,63.7,116.6,0.36,0.365,0.574,56.3,61.9,9.0,11.1,0.547,14.3,37.1,0.251,1.0,5.83,12.88,1.0,0.0,0.0,0.0,AAC,36.0,0.722,10.0,8.0,975.0,0.456,283.0,0.362,583.0,0.741,387.0,1286.0,550.0,252.0,190.0,398.0,571.0,70.1,111.2,0.368,0.366,0.56,50.3,56.4,9.9,13.3,0.522,13.7,30.9,0.273,0.0,8.07,3.41,3.0,1.0,0.0,0.0,Pac-12
2017,Second Round,3,Baylor,11,USC,0,35.0,0.771,12.0,6.0,921.0,0.471,230.0,0.359,478.0,0.723,451.0,1329.0,544.0,180.0,166.0,469.0,617.0,65.3,111.5,0.338,0.328,0.562,56.5,59.1,7.9,13.0,0.53,17.1,40.2,0.244,1.0,4.89,14.86,7.0,4.0,0.0,0.0,Big 12,36.0,0.722,10.0,8.0,975.0,0.456,283.0,0.362,583.0,0.741,387.0,1286.0,550.0,252.0,190.0,398.0,571.0,70.1,111.2,0.368,0.366,0.56,50.3,56.4,9.9,13.3,0.522,13.7,30.9,0.273,0.0,8.07,3.41,3.0,1.0,0.0,0.0,Pac-12
2017,First Round,3,Baylor,14,New Mexico State,0,35.0,0.771,12.0,6.0,921.0,0.471,230.0,0.359,478.0,0.723,451.0,1329.0,544.0,180.0,166.0,469.0,617.0,65.3,111.5,0.338,0.328,0.562,56.5,59.1,7.9,13.0,0.53,17.1,40.2,0.244,1.0,4.89,14.86,7.0,4.0,0.0,0.0,Big 12,34.0,0.824,11.0,3.0,913.0,0.467,252.0,0.337,600.0,0.712,436.0,1339.0,505.0,166.0,128.0,465.0,627.0,70.0,112.1,0.431,0.382,0.568,54.4,55.3,6.9,9.6,0.531,16.5,36.7,0.307,0.0,2.84,1.83,1.0,0.0,0.0,0.0,WAC
2017,First Round,7,South Carolina,10,Marquette,0,37.0,0.703,12.0,6.0,924.0,0.421,248.0,0.338,611.0,0.699,464.0,1346.0,468.0,288.0,142.0,480.0,751.0,69.9,102.9,0.398,0.334,0.518,50.8,50.6,11.0,11.1,0.477,15.5,33.5,0.278,0.0,5.2,12.32,5.0,2.0,1.0,0.0,SEC,32.0,0.594,10.0,8.0,919.0,0.487,336.0,0.429,457.0,0.781,280.0,1058.0,525.0,231.0,115.0,396.0,620.0,71.1,115.2,0.31,0.415,0.607,49.6,57.1,10.1,9.3,0.576,15.5,27.0,0.242,0.0,14.48,0.78,1.0,0.0,0.0,0.0,Big East
2017,First Round,2,Duke,15,Troy,0,37.0,0.757,11.0,7.0,1019.0,0.475,311.0,0.378,642.0,0.762,390.0,1341.0,484.0,226.0,172.0,421.0,675.0,69.9,115.7,0.393,0.383,0.588,51.9,47.5,8.7,10.9,0.548,14.2,31.6,0.299,1.0,13.15,8.41,33.0,23.0,12.0,5.0,ACC,37.0,0.595,10.0,8.0,982.0,0.456,311.0,0.359,614.0,0.725,409.0,1362.0,484.0,221.0,129.0,462.0,654.0,70.1,110.9,0.393,0.403,0.565,51.8,49.3,8.5,9.8,0.528,15.3,31.6,0.285,0.0,1.96,-2.43,1.0,0.0,0.0,0.0,Sun Belt
2017,Second Round,1,Kansas,9,Michigan State,0,36.0,0.861,16.0,2.0,1071.0,0.488,318.0,0.404,535.0,0.678,428.0,1393.0,584.0,250.0,162.0,456.0,639.0,71.4,115.4,0.36,0.359,0.583,53.0,54.5,9.6,11.2,0.561,15.1,33.9,0.244,1.0,16.58,6.95,19.0,12.0,2.0,1.0,Big 12,35.0,0.571,10.0,8.0,905.0,0.47,273.0,0.373,432.0,0.669,328.0,1275.0,591.0,151.0,162.0,490.0,699.0,68.2,105.1,0.335,0.38,0.563,52.6,65.3,6.3,11.9,0.54,18.0,29.1,0.224,0.0,4.2,9.47,20.0,13.0,7.0,1.0,Big Ten
2017,First Round,8,Miami (FL),9,Michigan State,1,33.0,0.636,10.0,8.0,813.0,0.452,209.0,0.356,443.0,0.718,363.0,1176.0,389.0,213.0,125.0,417.0,513.0,64.7,106.3,0.343,0.326,0.544,53.0,47.8,9.9,10.5,0.51,16.6,33.4,0.246,0.0,0.43,14.05,8.0,3.0,1.0,0.0,ACC,35.0,0.571,10.0,8.0,905.0,0.47,273.0,0.373,432.0,0.669,328.0,1275.0,591.0,151.0,162.0,490.0,699.0,68.2,105.1,0.335,0.38,0.563,52.6,65.3,6.3,11.9,0.54,18.0,29.1,0.224,0.0,4.2,9.47,20.0,13.0,7.0,1.0,Big Ten
2017,Sweet Sixteen,1,Kansas,4,Purdue,0,36.0,0.861,16.0,2.0,1071.0,0.488,318.0,0.404,535.0,0.678,428.0,1393.0,584.0,250.0,162.0,456.0,639.0,71.4,115.4,0.36,0.359,0.583,53.0,54.5,9.6,11.2,0.561,15.1,33.9,0.244,1.0,16.58,6.95,19.0,12.0,2.0,1.0,Big 12,35.0,0.771,14.0,4.0,980.0,0.479,315.0,0.403,515.0,0.757,344.0,1322.0,640.0,181.0,87.0,455.0,552.0,70.0,112.6,0.333,0.383,0.589,54.9,65.3,7.3,6.1,0.557,16.1,30.7,0.252,1.0,11.54,8.59,10.0,3.0,0.0,0.0,Big Ten
2017,Elite Eight,1,Kansas,3,Oregon,1,36.0,0.861,16.0,2.0,1071.0,0.488,318.0,0.404,535.0,0.678,428.0,1393.0,584.0,250.0,162.0,456.0,639.0,71.4,115.4,0.36,0.359,0.583,53.0,54.5,9.6,11.2,0.561,15.1,33.9,0.244,1.0,16.58,6.95,19.0,12.0,2.0,1.0,Big 12,39.0,0.846,16.0,2.0,1091.0,0.481,334.0,0.38,560.0,0.712,412.0,1431.0,614.0,253.0,248.0,454.0,614.0,68.8,114.2,0.347,0.388,0.582,52.9,56.3,9.4,17.2,0.554,14.7,32.2,0.247,1.0,9.52,11.29,13.0,3.0,1.0,0.0,Pac-12
2017,Final Four,1,UNC,3,Oregon,0,40.0,0.825,14.0,4.0,1226.0,0.466,283.0,0.355,642.0,0.701,630.0,1748.0,722.0,283.0,139.0,473.0,711.0,72.6,116.0,0.348,0.303,0.55,58.2,58.9,9.7,9.7,0.519,13.4,41.3,0.244,1.0,16.92,7.91,27.0,18.0,9.0,3.0,ACC,39.0,0.846,16.0,2.0,1091.0,0.481,334.0,0.38,560.0,0.712,412.0,1431.0,614.0,253.0,248.0,454.0,614.0,68.8,114.2,0.347,0.388,0.582,52.9,56.3,9.4,17.2,0.554,14.7,32.2,0.247,1.0,9.52,11.29,13.0,3.0,1.0,0.0,Pac-12
2017,First Round,5,Iowa State,12,Nevada,0,35.0,0.686,12.0,6.0,1031.0,0.472,344.0,0.4,423.0,0.7,318.0,1219.0,553.0,272.0,124.0,355.0,557.0,70.6,112.5,0.276,0.393,0.572,47.7,53.6,10.8,8.9,0.55,12.6,25.6,0.194,1.0,12.54,7.97,3.0,1.0,0.0,0.0,Big 12,35.0,0.8,14.0,4.0,933.0,0.448,320.0,0.382,606.0,0.705,386.0,1351.0,559.0,189.0,152.0,386.0,581.0,70.9,112.0,0.413,0.402,0.561,52.4,59.9,7.6,11.0,0.525,13.4,30.3,0.291,0.0,8.93,1.56,1.0,0.0,0.0,0.0,MWC
2017,First Round,4,Purdue,13,Vermont,0,35.0,0.771,14.0,4.0,980.0,0.479,315.0,0.403,515.0,0.757,344.0,1322.0,640.0,181.0,87.0,455.0,552.0,70.0,112.6,0.333,0.383,0.589,54.9,65.3,7.3,6.1,0.557,16.1,30.7,0.252,1.0,11.54,8.59,10.0,3.0,0.0,0.0,Big Ten,35.0,0.829,16.0,0.0,943.0,0.494,229.0,0.369,456.0,0.7,326.0,1192.0,476.0,199.0,151.0,392.0,555.0,65.4,112.4,0.341,0.325,0.58,52.8,50.5,8.7,11.4,0.554,15.0,30.3,0.239,0.0,-0.77,7.44,2.0,0.0,0.0,0.0,AEC
2017,Second Round,4,Purdue,5,Iowa State,0,35.0,0.771,14.0,4.0,980.0,0.479,315.0,0.403,515.0,0.757,344.0,1322.0,640.0,181.0,87.0,455.0,552.0,70.0,112.6,0.333,0.383,0.589,54.9,65.3,7.3,6.1,0.557,16.1,30.7,0.252,1.0,11.54,8.59,10.0,3.0,0.0,0.0,Big Ten,35.0,0.686,12.0,6.0,1031.0,0.472,344.0,0.4,423.0,0.7,318.0,1219.0,553.0,272.0,124.0,355.0,557.0,70.6,112.5,0.276,0.393,0.572,47.7,53.6,10.8,8.9,0.55,12.6,25.6,0.194,1.0,12.54,7.97,3.0,1.0,0.0,0.0,Big 12
2017,First Round,6,Creighton,11,Rhode Island,1,35.0,0.714,10.0,8.0,1078.0,0.504,304.0,0.397,404.0,0.682,289.0,1223.0,598.0,213.0,102.0,435.0,582.0,72.9,112.3,0.277,0.358,0.592,49.3,55.5,8.4,7.6,0.576,15.2,24.8,0.189,0.0,12.76,4.51,7.0,0.0,0.0,0.0,Big East,35.0,0.714,13.0,5.0,916.0,0.454,217.0,0.332,528.0,0.668,409.0,1301.0,467.0,227.0,206.0,389.0,725.0,67.4,108.8,0.392,0.323,0.538,51.8,51.0,9.6,15.7,0.507,14.0,32.8,0.262,0.0,3.78,9.1,1.0,0.0,0.0,0.0,A-10
2017,Second Round,3,Oregon,11,Rhode Island,0,39.0,0.846,16.0,2.0,1091.0,0.481,334.0,0.38,560.0,0.712,412.0,1431.0,614.0,253.0,248.0,454.0,614.0,68.8,114.2,0.347,0.388,0.582,52.9,56.3,9.4,17.2,0.554,14.7,32.2,0.247,1.0,9.52,11.29,13.0,3.0,1.0,0.0,Pac-12,35.0,0.714,13.0,5.0,916.0,0.454,217.0,0.332,528.0,0.668,409.0,1301.0,467.0,227.0,206.0,389.0,725.0,67.4,108.8,0.392,0.323,0.538,51.8,51.0,9.6,15.7,0.507,14.0,32.8,0.262,0.0,3.78,9.1,1.0,0.0,0.0,0.0,A-10
2017,First Round,3,Oregon,14,Iona,0,39.0,0.846,16.0,2.0,1091.0,0.481,334.0,0.38,560.0,0.712,412.0,1431.0,614.0,253.0,248.0,454.0,614.0,68.8,114.2,0.347,0.388,0.582,52.9,56.3,9.4,17.2,0.554,14.7,32.2,0.247,1.0,9.52,11.29,13.0,3.0,1.0,0.0,Pac-12,35.0,0.629,12.0,8.0,979.0,0.454,342.0,0.397,513.0,0.768,337.0,1250.0,541.0,239.0,108.0,421.0,669.0,72.3,109.9,0.31,0.4,0.569,48.2,55.3,9.3,7.7,0.534,14.6,26.9,0.238,0.0,5.95,-4.87,4.0,0.0,0.0,0.0,MAAC
2017,Sweet Sixteen,3,Oregon,7,Michigan,0,39.0,0.846,16.0,2.0,1091.0,0.481,334.0,0.38,560.0,0.712,412.0,1431.0,614.0,253.0,248.0,454.0,614.0,68.8,114.2,0.347,0.388,0.582,52.9,56.3,9.4,17.2,0.554,14.7,32.2,0.247,1.0,9.52,11.29,13.0,3.0,1.0,0.0,Pac-12,38.0,0.684,10.0,8.0,1002.0,0.483,361.0,0.385,486.0,0.779,280.0,1111.0,527.0,220.0,108.0,348.0,571.0,63.8,116.5,0.301,0.451,0.601,47.9,52.6,9.0,7.4,0.57,12.8,24.5,0.234,1.0,7.68,11.13,11.0,5.0,1.0,0.0,Big Ten
2017,Second Round,2,Louisville,7,Michigan,1,34.0,0.735,12.0,6.0,952.0,0.457,238.0,0.355,486.0,0.686,457.0,1343.0,461.0,227.0,186.0,374.0,652.0,68.5,112.0,0.34,0.321,0.543,54.1,48.4,9.7,15.2,0.514,13.4,36.6,0.233,1.0,10.35,12.13,21.0,13.0,7.0,2.0,ACC,38.0,0.684,10.0,8.0,1002.0,0.483,361.0,0.385,486.0,0.779,280.0,1111.0,527.0,220.0,108.0,348.0,571.0,63.8,116.5,0.301,0.451,0.601,47.9,52.6,9.0,7.4,0.57,12.8,24.5,0.234,1.0,7.68,11.13,11.0,5.0,1.0,0.0,Big Ten
2017,First Round,7,Michigan,10,Oklahoma State,0,38.0,0.684,10.0,8.0,1002.0,0.483,361.0,0.385,486.0,0.779,280.0,1111.0,527.0,220.0,108.0,348.0,571.0,63.8,116.5,0.301,0.451,0.601,47.9,52.6,9.0,7.4,0.57,12.8,24.5,0.234,1.0,7.68,11.13,11.0,5.0,1.0,0.0,Big Ten,33.0,0.606,9.0,9.0,957.0,0.467,294.0,0.402,620.0,0.789,454.0,1215.0,486.0,252.0,99.0,432.0,730.0,72.7,117.8,0.383,0.357,0.583,52.9,50.8,10.5,8.1,0.539,15.1,38.1,0.302,1.0,19.23,-0.04,4.0,0.0,0.0,0.0,Big 12
2017,First Round,2,Louisville,15,Jacksonville State,0,34.0,0.735,12.0,6.0,952.0,0.457,238.0,0.355,486.0,0.686,457.0,1343.0,461.0,227.0,186.0,374.0,652.0,68.5,112.0,0.34,0.321,0.543,54.1,48.4,9.7,15.2,0.514,13.4,36.6,0.233,1.0,10.35,12.13,21.0,13.0,7.0,2.0,ACC,35.0,0.571,9.0,7.0,857.0,0.459,258.0,0.377,462.0,0.714,355.0,1244.0,493.0,157.0,134.0,477.0,628.0,65.3,105.7,0.346,0.367,0.559,52.7,57.5,6.8,10.8,0.528,18.0,31.5,0.247,0.0,-5.6,2.75,3.0,0.0,0.0,0.0,OVC
2017,First Round,1,UNC,16,Texas Southern,1,40.0,0.825,14.0,4.0,1226.0,0.466,283.0,0.355,642.0,0.701,630.0,1748.0,722.0,283.0,139.0,473.0,711.0,72.6,116.0,0.348,0.303,0.55,58.2,58.9,9.7,9.7,0.519,13.4,41.3,0.244,1.0,16.92,7.91,27.0,18.0,9.0,3.0,ACC,35.0,0.657,16.0,2.0,866.0,0.429,205.0,0.295,656.0,0.735,401.0,1228.0,411.0,251.0,110.0,407.0,607.0,69.7,105.5,0.442,0.345,0.531,48.4,47.5,10.2,7.3,0.48,14.3,31.6,0.325,0.0,-1.82,-4.6,8.0,1.0,1.0,0.0,SWAC
2017,Second Round,1,UNC,8,Arkansas,0,40.0,0.825,14.0,4.0,1226.0,0.466,283.0,0.355,642.0,0.701,630.0,1748.0,722.0,283.0,139.0,473.0,711.0,72.6,116.0,0.348,0.303,0.55,58.2,58.9,9.7,9.7,0.519,13.4,41.3,0.244,1.0,16.92,7.91,27.0,18.0,9.0,3.0,ACC,36.0,0.722,12.0,6.0,997.0,0.461,233.0,0.365,628.0,0.761,401.0,1298.0,497.0,278.0,170.0,428.0,739.0,71.7,110.7,0.381,0.295,0.558,49.5,49.8,10.8,12.4,0.514,14.3,31.7,0.29,0.0,10.56,3.48,8.0,2.0,0.0,0.0,SEC
2017,Sweet Sixteen,1,UNC,4,Butler,0,40.0,0.825,14.0,4.0,1226.0,0.466,283.0,0.355,642.0,0.701,630.0,1748.0,722.0,283.0,139.0,473.0,711.0,72.6,116.0,0.348,0.303,0.55,58.2,58.9,9.7,9.7,0.519,13.4,41.3,0.244,1.0,16.92,7.91,27.0,18.0,9.0,3.0,ACC,34.0,0.735,12.0,6.0,906.0,0.477,261.0,0.366,522.0,0.741,287.0,1091.0,453.0,206.0,96.0,346.0,640.0,67.3,112.6,0.371,0.376,0.581,50.6,50.0,8.9,8.4,0.546,13.4,27.1,0.275,1.0,8.45,9.25,3.0,1.0,0.0,0.0,Big East
2017,Elite Eight,1,UNC,2,Kentucky,0,40.0,0.825,14.0,4.0,1226.0,0.466,283.0,0.355,642.0,0.701,630.0,1748.0,722.0,283.0,139.0,473.0,711.0,72.6,116.0,0.348,0.303,0.55,58.2,58.9,9.7,9.7,0.519,13.4,41.3,0.244,1.0,16.92,7.91,27.0,18.0,9.0,3.0,ACC,38.0,0.842,16.0,2.0,1134.0,0.473,267.0,0.353,690.0,0.704,470.0,1512.0,585.0,229.0,200.0,443.0,716.0,74.3,113.8,0.409,0.316,0.564,53.2,51.6,8.1,13.0,0.529,13.4,33.2,0.288,1.0,16.92,6.96,18.0,13.0,6.0,1.0,SEC
2017,First Round,8,Arkansas,9,Seton Hall,0,36.0,0.722,12.0,6.0,997.0,0.461,233.0,0.365,628.0,0.761,401.0,1298.0,497.0,278.0,170.0,428.0,739.0,71.7,110.7,0.381,0.295,0.558,49.5,49.8,10.8,12.4,0.514,14.3,31.7,0.29,0.0,10.56,3.48,8.0,2.0,0.0,0.0,SEC,33.0,0.636,10.0,8.0,872.0,0.447,202.0,0.338,471.0,0.643,439.0,1311.0,405.0,228.0,82.0,449.0,613.0,69.0,104.9,0.376,0.307,0.526,54.7,46.4,9.9,6.6,0.499,16.4,35.7,0.242,0.0,4.83,7.28,2.0,0.0,0.0,0.0,Big East
2017,First Round,5,Minnesota,12,Middle Tennessee,1,34.0,0.706,11.0,7.0,887.0,0.435,209.0,0.343,573.0,0.711,378.0,1341.0,507.0,194.0,227.0,393.0,577.0,70.3,104.6,0.396,0.299,0.528,50.5,57.2,7.9,15.9,0.487,14.0,29.6,0.281,0.0,7.61,6.95,1.0,0.0,0.0,0.0,Big Ten,36.0,0.861,17.0,1.0,1014.0,0.488,228.0,0.367,441.0,0.699,355.0,1273.0,552.0,242.0,100.0,374.0,655.0,66.4,112.4,0.304,0.299,0.567,53.9,54.4,10.1,8.3,0.543,13.6,30.7,0.212,0.0,0.5,9.3,5.0,0.0,0.0,0.0,CUSA
2017,Second Round,4,Butler,12,Middle Tennessee,0,34.0,0.735,12.0,6.0,906.0,0.477,261.0,0.366,522.0,0.741,287.0,1091.0,453.0,206.0,96.0,346.0,640.0,67.3,112.6,0.371,0.376,0.581,50.6,50.0,8.9,8.4,0.546,13.4,27.1,0.275,1.0,8.45,9.25,3.0,1.0,0.0,0.0,Big East,36.0,0.861,17.0,1.0,1014.0,0.488,228.0,0.367,441.0,0.699,355.0,1273.0,552.0,242.0,100.0,374.0,655.0,66.4,112.4,0.304,0.299,0.567,53.9,54.4,10.1,8.3,0.543,13.6,30.7,0.212,0.0,0.5,9.3,5.0,0.0,0.0,0.0,CUSA
2017,First Round,4,Butler,13,Winthrop,0,34.0,0.735,12.0,6.0,906.0,0.477,261.0,0.366,522.0,0.741,287.0,1091.0,453.0,206.0,96.0,346.0,640.0,67.3,112.6,0.371,0.376,0.581,50.6,50.0,8.9,8.4,0.546,13.4,27.1,0.275,1.0,8.45,9.25,3.0,1.0,0.0,0.0,Big East,33.0,0.788,15.0,3.0,891.0,0.455,313.0,0.373,520.0,0.717,316.0,1224.0,423.0,216.0,169.0,430.0,605.0,71.5,108.3,0.37,0.429,0.568,50.3,47.5,8.9,13.1,0.535,15.7,27.1,0.266,0.0,4.5,-3.16,1.0,0.0,0.0,0.0,Big South
2017,First Round,6,Cincinnati,11,Kansas State,0,36.0,0.833,16.0,2.0,969.0,0.458,264.0,0.346,472.0,0.686,437.0,1328.0,557.0,261.0,173.0,361.0,566.0,65.1,113.3,0.325,0.361,0.547,53.3,57.5,11.1,13.9,0.52,12.9,35.5,0.223,1.0,4.5,13.94,9.0,1.0,0.0,0.0,AAC,35.0,0.6,8.0,10.0,869.0,0.461,247.0,0.362,538.0,0.694,330.0,1132.0,521.0,271.0,130.0,453.0,630.0,67.5,106.4,0.412,0.363,0.56,49.2,60.0,11.4,10.3,0.527,16.8,29.5,0.286,0.0,4.38,10.42,11.0,3.0,1.0,0.0,Big 12
2017,First Round,3,UCLA,14,Kent State,0,36.0,0.861,15.0,3.0,1210.0,0.522,354.0,0.406,459.0,0.738,343.0,1386.0,771.0,212.0,191.0,404.0,583.0,74.2,121.0,0.268,0.376,0.618,52.4,63.7,7.9,12.5,0.598,13.4,28.9,0.198,1.0,20.52,0.15,10.0,4.0,0.0,0.0,Pac-12,36.0,0.611,10.0,8.0,986.0,0.428,257.0,0.32,543.0,0.719,539.0,1454.0,449.0,230.0,134.0,465.0,685.0,70.7,107.0,0.328,0.349,0.521,54.0,45.5,8.9,9.7,0.484,14.9,38.7,0.236,0.0,1.29,-0.4,1.0,0.0,0.0,0.0,MAC
2017,Second Round,3,UCLA,6,Cincinnati,0,36.0,0.861,15.0,3.0,1210.0,0.522,354.0,0.406,459.0,0.738,343.0,1386.0,771.0,212.0,191.0,404.0,583.0,74.2,121.0,0.268,0.376,0.618,52.4,63.7,7.9,12.5,0.598,13.4,28.9,0.198,1.0,20.52,0.15,10.0,4.0,0.0,0.0,Pac-12,36.0,0.833,16.0,2.0,969.0,0.458,264.0,0.346,472.0,0.686,437.0,1328.0,557.0,261.0,173.0,361.0,566.0,65.1,113.3,0.325,0.361,0.547,53.3,57.5,11.1,13.9,0.52,12.9,35.5,0.223,1.0,4.5,13.94,9.0,1.0,0.0,0.0,AAC
2017,First Round,7,Dayton,10,Wichita State,1,32.0,0.75,15.0,3.0,820.0,0.465,258.0,0.385,530.0,0.69,277.0,1097.0,500.0,249.0,128.0,376.0,601.0,69.4,108.9,0.436,0.381,0.571,49.7,61.0,11.2,11.9,0.538,15.0,25.8,0.301,0.0,5.8,7.18,4.0,1.0,0.0,0.0,A-10,36.0,0.861,17.0,1.0,992.0,0.469,310.0,0.403,622.0,0.733,434.0,1472.0,586.0,235.0,140.0,406.0,676.0,69.4,116.7,0.401,0.364,0.579,56.1,59.1,9.4,11.4,0.543,13.9,34.3,0.294,1.0,10.67,10.57,13.0,2.0,1.0,0.0,MVC
2017,Second Round,2,Kentucky,10,Wichita State,0,38.0,0.842,16.0,2.0,1134.0,0.473,267.0,0.353,690.0,0.704,470.0,1512.0,585.0,229.0,200.0,443.0,716.0,74.3,113.8,0.409,0.316,0.564,53.2,51.6,8.1,13.0,0.529,13.4,33.2,0.288,1.0,16.92,6.96,18.0,13.0,6.0,1.0,SEC,36.0,0.861,17.0,1.0,992.0,0.469,310.0,0.403,622.0,0.733,434.0,1472.0,586.0,235.0,140.0,406.0,676.0,69.4,116.7,0.401,0.364,0.579,56.1,59.1,9.4,11.4,0.543,13.9,34.3,0.294,1.0,10.67,10.57,13.0,2.0,1.0,0.0,MVC
2017,First Round,2,Kentucky,15,Northern Kentucky,0,38.0,0.842,16.0,2.0,1134.0,0.473,267.0,0.353,690.0,0.704,470.0,1512.0,585.0,229.0,200.0,443.0,716.0,74.3,113.8,0.409,0.316,0.564,53.2,51.6,8.1,13.0,0.529,13.4,33.2,0.288,1.0,16.92,6.96,18.0,13.0,6.0,1.0,SEC,35.0,0.686,12.0,6.0,928.0,0.456,300.0,0.349,503.0,0.68,391.0,1319.0,486.0,200.0,98.0,468.0,622.0,70.8,107.3,0.363,0.422,0.557,53.1,52.4,8.1,7.1,0.529,16.4,31.7,0.247,0.0,-0.49,0.32,1.0,0.0,0.0,0.0,Horizon
2017,Sweet Sixteen,2,Kentucky,3,UCLA,0,38.0,0.842,16.0,2.0,1134.0,0.473,267.0,0.353,690.0,0.704,470.0,1512.0,585.0,229.0,200.0,443.0,716.0,74.3,113.8,0.409,0.316,0.564,53.2,51.6,8.1,13.0,0.529,13.4,33.2,0.288,1.0,16.92,6.96,18.0,13.0,6.0,1.0,SEC,36.0,0.861,15.0,3.0,1210.0,0.522,354.0,0.406,459.0,0.738,343.0,1386.0,771.0,212.0,191.0,404.0,583.0,74.2,121.0,0.268,0.376,0.618,52.4,63.7,7.9,12.5,0.598,13.4,28.9,0.198,1.0,20.52,0.15,10.0,4.0,0.0,0.0,Pac-12
2017,First Round,1,Gonzaga,16,South Dakota State,0,39.0,0.949,17.0,1.0,1149.0,0.504,286.0,0.382,638.0,0.717,378.0,1587.0,595.0,265.0,183.0,448.0,660.0,70.9,116.4,0.39,0.329,0.596,54.7,51.8,9.6,11.2,0.567,14.2,29.8,0.28,1.0,12.79,12.47,18.0,7.0,1.0,0.0,WCC,35.0,0.514,8.0,8.0,881.0,0.455,318.0,0.36,603.0,0.771,316.0,1229.0,459.0,180.0,83.0,453.0,584.0,69.2,109.6,0.404,0.456,0.581,50.7,52.1,7.4,7.2,0.537,16.4,27.4,0.311,0.0,1.91,-4.2,1.0,0.0,0.0,0.0,Summit
2017,Second Round,1,Gonzaga,8,Northwestern,0,39.0,0.949,17.0,1.0,1149.0,0.504,286.0,0.382,638.0,0.717,378.0,1587.0,595.0,265.0,183.0,448.0,660.0,70.9,116.4,0.39,0.329,0.596,54.7,51.8,9.6,11.2,0.567,14.2,29.8,0.28,1.0,12.79,12.47,18.0,7.0,1.0,0.0,WCC,36.0,0.667,10.0,8.0,913.0,0.436,255.0,0.342,477.0,0.748,386.0,1304.0,541.0,189.0,175.0,383.0,691.0,66.5,106.8,0.305,0.356,0.534,50.6,59.3,7.9,13.2,0.497,13.8,30.7,0.228,0.0,2.9,11.12,1.0,0.0,0.0,0.0,Big Ten
2017,Sweet Sixteen,1,Gonzaga,4,West Virginia,0,39.0,0.949,17.0,1.0,1149.0,0.504,286.0,0.382,638.0,0.717,378.0,1587.0,595.0,265.0,183.0,448.0,660.0,70.9,116.4,0.39,0.329,0.596,54.7,51.8,9.6,11.2,0.567,14.2,29.8,0.28,1.0,12.79,12.47,18.0,7.0,1.0,0.0,WCC,37.0,0.757,12.0,6.0,1059.0,0.454,275.0,0.362,621.0,0.685,534.0,1387.0,607.0,371.0,176.0,455.0,756.0,71.4,112.2,0.389,0.325,0.545,52.1,57.3,13.8,14.2,0.513,14.1,37.7,0.266,1.0,14.63,9.83,23.0,8.0,2.0,0.0,Big 12
2017,Elite Eight,1,Gonzaga,11,Xavier,0,39.0,0.949,17.0,1.0,1149.0,0.504,286.0,0.382,638.0,0.717,378.0,1587.0,595.0,265.0,183.0,448.0,660.0,70.9,116.4,0.39,0.329,0.596,54.7,51.8,9.6,11.2,0.567,14.2,29.8,0.28,1.0,12.79,12.47,18.0,7.0,1.0,0.0,WCC,38.0,0.632,9.0,9.0,981.0,0.457,267.0,0.345,607.0,0.688,451.0,1416.0,560.0,228.0,100.0,478.0,711.0,68.2,109.0,0.411,0.361,0.552,54.4,57.1,8.8,7.7,0.519,15.7,34.5,0.283,0.0,7.6,7.2,7.0,4.0,0.0,0.0,Big East
2017,First Round,6,Maryland,11,Xavier,1,33.0,0.727,12.0,6.0,827.0,0.449,272.0,0.359,512.0,0.699,351.0,1173.0,472.0,180.0,154.0,426.0,613.0,68.1,108.1,0.398,0.411,0.557,50.3,57.1,8.0,11.9,0.523,16.3,31.1,0.278,0.0,5.84,6.95,8.0,2.0,0.0,0.0,Big Ten,38.0,0.632,9.0,9.0,981.0,0.457,267.0,0.345,607.0,0.688,451.0,1416.0,560.0,228.0,100.0,478.0,711.0,68.2,109.0,0.411,0.361,0.552,54.4,57.1,8.8,7.7,0.519,15.7,34.5,0.283,0.0,7.6,7.2,7.0,4.0,0.0,0.0,Big East
2017,Second Round,3,Florida State,11,Xavier,1,35.0,0.743,12.0,6.0,1036.0,0.483,233.0,0.347,568.0,0.689,409.0,1324.0,511.0,259.0,180.0,415.0,684.0,72.6,113.1,0.384,0.313,0.566,52.7,49.3,10.2,13.7,0.537,14.1,33.6,0.265,1.0,13.22,5.65,8.0,2.0,0.0,0.0,ACC,38.0,0.632,9.0,9.0,981.0,0.457,267.0,0.345,607.0,0.688,451.0,1416.0,560.0,228.0,100.0,478.0,711.0,68.2,109.0,0.411,0.361,0.552,54.4,57.1,8.8,7.7,0.519,15.7,34.5,0.283,0.0,7.6,7.2,7.0,4.0,0.0,0.0,Big East
2017,Sweet Sixteen,2,Arizona,11,Xavier,1,37.0,0.865,16.0,2.0,977.0,0.477,244.0,0.39,635.0,0.765,380.0,1358.0,501.0,201.0,119.0,413.0,625.0,67.3,113.8,0.405,0.305,0.58,55.1,51.3,8.1,8.8,0.537,14.5,33.1,0.31,1.0,7.47,10.79,10.0,7.0,0.0,0.0,Pac-12,38.0,0.632,9.0,9.0,981.0,0.457,267.0,0.345,607.0,0.688,451.0,1416.0,560.0,228.0,100.0,478.0,711.0,68.2,109.0,0.411,0.361,0.552,54.4,57.1,8.8,7.7,0.519,15.7,34.5,0.283,0.0,7.6,7.2,7.0,4.0,0.0,0.0,Big East
2017,National Championship,1,Gonzaga,1,UNC,1,39.0,0.949,17.0,1.0,1149.0,0.504,286.0,0.382,638.0,0.717,378.0,1587.0,595.0,265.0,183.0,448.0,660.0,70.9,116.4,0.39,0.329,0.596,54.7,51.8,9.6,11.2,0.567,14.2,29.8,0.28,1.0,12.79,12.47,18.0,7.0,1.0,0.0,WCC,40.0,0.825,14.0,4.0,1226.0,0.466,283.0,0.355,642.0,0.701,630.0,1748.0,722.0,283.0,139.0,473.0,711.0,72.6,116.0,0.348,0.303,0.55,58.2,58.9,9.7,9.7,0.519,13.4,41.3,0.244,1.0,16.92,7.91,27.0,18.0,9.0,3.0,ACC
2017,First Round,8,Northwestern,9,Vanderbilt,0,36.0,0.667,10.0,8.0,913.0,0.436,255.0,0.342,477.0,0.748,386.0,1304.0,541.0,189.0,175.0,383.0,691.0,66.5,106.8,0.305,0.356,0.534,50.6,59.3,7.9,13.2,0.497,13.8,30.7,0.228,0.0,2.9,11.12,1.0,0.0,0.0,0.0,Big Ten,35.0,0.543,10.0,8.0,815.0,0.43,346.0,0.376,513.0,0.777,286.0,1208.0,450.0,147.0,133.0,430.0,581.0,67.1,105.6,0.348,0.486,0.563,50.0,55.2,6.2,9.8,0.521,16.3,24.7,0.271,0.0,3.95,9.75,3.0,0.0,0.0,0.0,SEC
2017,First Round,5,Notre Dame,12,Princeton,0,36.0,0.722,12.0,6.0,980.0,0.458,334.0,0.384,489.0,0.8,334.0,1212.0,566.0,255.0,134.0,341.0,533.0,67.7,113.8,0.286,0.406,0.573,48.7,57.8,10.4,9.7,0.536,12.3,27.3,0.229,1.0,10.0,7.81,14.0,3.0,0.0,0.0,ACC,30.0,0.767,14.0,0.0,772.0,0.45,298.0,0.378,307.0,0.738,247.0,1003.0,426.0,200.0,93.0,298.0,482.0,65.2,109.5,0.242,0.46,0.562,50.0,55.2,10.2,9.5,0.537,13.5,24.4,0.179,0.0,-3.08,9.65,1.0,0.0,0.0,0.0,Ivy
2017,First Round,4,West Virginia,13,Bucknell,0,37.0,0.757,12.0,6.0,1059.0,0.454,275.0,0.362,621.0,0.685,534.0,1387.0,607.0,371.0,176.0,455.0,756.0,71.4,112.2,0.389,0.325,0.545,52.1,57.3,13.8,14.2,0.513,14.1,37.7,0.266,1.0,14.63,9.83,23.0,8.0,2.0,0.0,Big 12,35.0,0.743,15.0,3.0,942.0,0.48,286.0,0.379,497.0,0.681,302.0,1203.0,510.0,252.0,134.0,466.0,655.0,70.7,107.9,0.372,0.384,0.578,50.6,54.1,10.2,9.7,0.553,16.8,26.7,0.253,0.0,4.04,1.85,1.0,0.0,0.0,0.0,Patriot
2017,Second Round,4,West Virginia,5,Notre Dame,0,37.0,0.757,12.0,6.0,1059.0,0.454,275.0,0.362,621.0,0.685,534.0,1387.0,607.0,371.0,176.0,455.0,756.0,71.4,112.2,0.389,0.325,0.545,52.1,57.3,13.8,14.2,0.513,14.1,37.7,0.266,1.0,14.63,9.83,23.0,8.0,2.0,0.0,Big 12,36.0,0.722,12.0,6.0,980.0,0.458,334.0,0.384,489.0,0.8,334.0,1212.0,566.0,255.0,134.0,341.0,533.0,67.7,113.8,0.286,0.406,0.573,48.7,57.8,10.4,9.7,0.536,12.3,27.3,0.229,1.0,10.0,7.81,14.0,3.0,0.0,0.0,ACC
2017,First Round,3,Florida State,14,Florida Gulf Coast,0,35.0,0.743,12.0,6.0,1036.0,0.483,233.0,0.347,568.0,0.689,409.0,1324.0,511.0,259.0,180.0,415.0,684.0,72.6,113.1,0.384,0.313,0.566,52.7,49.3,10.2,13.7,0.537,14.1,33.6,0.265,1.0,13.22,5.65,8.0,2.0,0.0,0.0,ACC,34.0,0.765,12.0,2.0,1007.0,0.499,221.0,0.347,466.0,0.702,379.0,1269.0,527.0,207.0,116.0,421.0,635.0,69.3,113.8,0.329,0.315,0.579,53.9,52.3,8.7,9.7,0.554,15.3,33.9,0.231,0.0,0.31,1.95,2.0,0.0,0.0,0.0,A-Sun
2017,First Round,7,Saint Mary's,10,VCU,0,34.0,0.853,16.0,2.0,892.0,0.496,293.0,0.394,372.0,0.745,324.0,1205.0,563.0,143.0,110.0,365.0,512.0,61.3,117.6,0.278,0.414,0.602,57.2,63.1,6.9,8.5,0.578,15.2,33.0,0.207,0.0,1.09,15.66,6.0,1.0,0.0,0.0,WCC,35.0,0.743,14.0,4.0,945.0,0.461,199.0,0.331,527.0,0.705,386.0,1275.0,525.0,263.0,138.0,435.0,728.0,69.0,106.8,0.364,0.294,0.544,51.8,55.6,10.7,10.6,0.51,15.3,31.2,0.257,0.0,5.67,5.9,2.0,0.0,0.0,0.0,A-10
2017,First Round,2,Arizona,15,North Dakota,1,37.0,0.865,16.0,2.0,977.0,0.477,244.0,0.39,635.0,0.765,380.0,1358.0,501.0,201.0,119.0,413.0,625.0,67.3,113.8,0.405,0.305,0.58,55.1,51.3,8.1,8.8,0.537,14.5,33.1,0.31,1.0,7.47,10.79,10.0,7.0,0.0,0.0,Pac-12,32.0,0.688,14.0,4.0,926.0,0.483,228.0,0.39,498.0,0.713,297.0,1146.0,487.0,251.0,93.0,419.0,672.0,72.9,108.8,0.364,0.305,0.573,50.5,52.6,10.6,7.5,0.542,15.7,26.8,0.26,0.0,2.19,-4.02,1.0,0.0,0.0,0.0,Big Sky
2017,Second Round,2,Arizona,7,Saint Mary's,0,37.0,0.865,16.0,2.0,977.0,0.477,244.0,0.39,635.0,0.765,380.0,1358.0,501.0,201.0,119.0,413.0,625.0,67.3,113.8,0.405,0.305,0.58,55.1,51.3,8.1,8.8,0.537,14.5,33.1,0.31,1.0,7.47,10.79,10.0,7.0,0.0,0.0,Pac-12,34.0,0.853,16.0,2.0,892.0,0.496,293.0,0.394,372.0,0.745,324.0,1205.0,563.0,143.0,110.0,365.0,512.0,61.3,117.6,0.278,0.414,0.602,57.2,63.1,6.9,8.5,0.578,15.2,33.0,0.207,0.0,1.09,15.66,6.0,1.0,0.0,0.0,WCC
2018,Play-In,16,Radford,16,LIU,0,36.0,0.639,12.0,6.0,850.0,0.425,277.0,0.349,445.0,0.725,415.0,1244.0,442.0,226.0,105.0,441.0,596.0,63.4,104.3,0.307,0.397,0.528,52.3,52.0,9.7,9.1,0.494,16.1,33.7,0.223,0.0,-7.39,4.78,1.0,0.0,0.0,0.0,Big South,35.0,0.514,10.0,8.0,935.0,0.455,279.0,0.342,547.0,0.696,370.0,1327.0,442.0,194.0,111.0,496.0,687.0,72.9,105.4,0.382,0.397,0.555,51.0,47.3,7.6,7.6,0.523,17.0,29.7,0.266,0.0,-0.12,-8.48,2.0,0.0,0.0,0.0,NEC
2018,Play-In,11,St. Bonaventure,11,UCLA,0,34.0,0.765,14.0,4.0,884.0,0.451,255.0,0.386,597.0,0.752,344.0,1208.0,472.0,239.0,118.0,391.0,674.0,69.4,109.5,0.405,0.337,0.561,50.5,53.4,10.0,10.8,0.516,14.3,29.2,0.305,0.0,5.9,2.97,2.0,0.0,0.0,0.0,A-10,33.0,0.636,11.0,7.0,927.0,0.46,310.0,0.381,515.0,0.72,337.0,1283.0,495.0,184.0,131.0,399.0,592.0,71.4,111.1,0.355,0.404,0.569,51.8,53.4,7.6,10.3,0.537,14.5,28.4,0.256,0.0,11.87,0.2,11.0,4.0,0.0,0.0,Pac-12
2018,Play-In,16,North Carolina Central,16,Texas Southern,1,35.0,0.543,9.0,7.0,949.0,0.461,212.0,0.331,410.0,0.687,415.0,1336.0,545.0,179.0,117.0,495.0,650.0,68.8,104.3,0.29,0.311,0.538,53.4,57.4,7.4,9.4,0.512,17.4,33.9,0.199,0.0,-11.13,-2.06,3.0,0.0,0.0,0.0,MEAC,36.0,0.444,12.0,6.0,925.0,0.438,280.0,0.359,657.0,0.725,372.0,1301.0,438.0,207.0,145.0,453.0,631.0,72.7,105.8,0.429,0.37,0.548,48.5,47.4,7.9,9.3,0.505,15.1,28.4,0.311,0.0,2.19,-9.71,9.0,1.0,1.0,0.0,SWAC
2018,First Round,1,Xavier,16,Texas Southern,1,35.0,0.829,15.0,3.0,1011.0,0.492,274.0,0.372,657.0,0.779,345.0,1342.0,579.0,205.0,109.0,441.0,602.0,72.3,115.5,0.41,0.358,0.601,55.1,57.3,8.0,8.4,0.559,15.2,30.2,0.32,1.0,15.18,3.88,8.0,4.0,0.0,0.0,Big East,36.0,0.444,12.0,6.0,925.0,0.438,280.0,0.359,657.0,0.725,372.0,1301.0,438.0,207.0,145.0,453.0,631.0,72.7,105.8,0.429,0.37,0.548,48.5,47.4,7.9,9.3,0.505,15.1,28.4,0.311,0.0,2.19,-9.71,9.0,1.0,1.0,0.0,SWAC
2018,Play-In,11,Arizona State,11,Syracuse,1,32.0,0.625,8.0,10.0,888.0,0.463,288.0,0.363,581.0,0.733,315.0,1126.0,458.0,209.0,114.0,343.0,604.0,72.2,113.6,0.413,0.413,0.576,49.0,51.6,9.0,9.9,0.538,13.0,27.9,0.303,0.0,13.8,0.56,2.0,0.0,0.0,0.0,Pac-12,37.0,0.622,8.0,10.0,832.0,0.417,208.0,0.318,594.0,0.736,442.0,1375.0,395.0,258.0,198.0,460.0,611.0,64.2,102.4,0.405,0.328,0.518,52.6,47.5,10.7,17.4,0.469,16.2,34.6,0.298,0.0,-2.38,15.26,33.0,19.0,5.0,1.0,ACC
2018,First Round,6,TCU,11,Syracuse,1,33.0,0.636,9.0,9.0,979.0,0.496,274.0,0.395,476.0,0.706,368.0,1201.0,615.0,214.0,119.0,419.0,553.0,70.0,115.1,0.342,0.352,0.59,54.5,62.8,9.1,9.4,0.566,15.4,34.1,0.241,1.0,13.36,3.02,12.0,3.0,0.0,0.0,Big 12,37.0,0.622,8.0,10.0,832.0,0.417,208.0,0.318,594.0,0.736,442.0,1375.0,395.0,258.0,198.0,460.0,611.0,64.2,102.4,0.405,0.328,0.518,52.6,47.5,10.7,17.4,0.469,16.2,34.6,0.298,0.0,-2.38,15.26,33.0,19.0,5.0,1.0,ACC
2018,Second Round,3,Michigan State,11,Syracuse,1,35.0,0.857,16.0,2.0,991.0,0.496,290.0,0.4,535.0,0.747,405.0,1439.0,670.0,143.0,251.0,459.0,640.0,68.1,117.3,0.359,0.363,0.601,57.6,67.6,6.0,18.5,0.569,16.4,37.0,0.268,1.0,10.72,11.69,21.0,13.0,7.0,1.0,Big Ten,37.0,0.622,8.0,10.0,832.0,0.417,208.0,0.318,594.0,0.736,442.0,1375.0,395.0,258.0,198.0,460.0,611.0,64.2,102.4,0.405,0.328,0.518,52.6,47.5,10.7,17.4,0.469,16.2,34.6,0.298,0.0,-2.38,15.26,33.0,19.0,5.0,1.0,ACC
2018,Sweet Sixteen,2,Duke,11,Syracuse,0,37.0,0.784,13.0,5.0,1125.0,0.492,309.0,0.372,562.0,0.71,496.0,1519.0,648.0,275.0,185.0,460.0,574.0,70.6,118.6,0.346,0.363,0.586,55.5,57.6,10.5,12.4,0.559,14.7,38.8,0.246,1.0,16.41,8.02,34.0,24.0,12.0,5.0,ACC,37.0,0.622,8.0,10.0,832.0,0.417,208.0,0.318,594.0,0.736,442.0,1375.0,395.0,258.0,198.0,460.0,611.0,64.2,102.4,0.405,0.328,0.518,52.6,47.5,10.7,17.4,0.469,16.2,34.6,0.298,0.0,-2.38,15.26,33.0,19.0,5.0,1.0,ACC
2018,First Round,1,Villanova,16,Radford,0,40.0,0.9,14.0,4.0,1220.0,0.5,464.0,0.401,559.0,0.779,385.0,1436.0,655.0,259.0,162.0,426.0,645.0,70.1,122.3,0.294,0.475,0.623,52.4,53.7,9.1,10.5,0.595,13.3,29.3,0.229,1.0,17.8,8.84,15.0,6.0,3.0,2.0,Big East,36.0,0.639,12.0,6.0,850.0,0.425,277.0,0.349,445.0,0.725,415.0,1244.0,442.0,226.0,105.0,441.0,596.0,63.4,104.3,0.307,0.397,0.528,52.3,52.0,9.7,9.1,0.494,16.1,33.7,0.223,0.0,-7.39,4.78,1.0,0.0,0.0,0.0,Big South
2018,Second Round,1,Villanova,9,Alabama,0,40.0,0.9,14.0,4.0,1220.0,0.5,464.0,0.401,559.0,0.779,385.0,1436.0,655.0,259.0,162.0,426.0,645.0,70.1,122.3,0.294,0.475,0.623,52.4,53.7,9.1,10.5,0.595,13.3,29.3,0.229,1.0,17.8,8.84,15.0,6.0,3.0,2.0,Big East,36.0,0.556,8.0,10.0,910.0,0.461,229.0,0.326,555.0,0.67,360.0,1290.0,458.0,228.0,192.0,513.0,676.0,70.2,103.0,0.419,0.355,0.55,50.3,50.3,9.0,14.7,0.519,17.8,29.4,0.281,0.0,4.15,8.19,1.0,0.0,0.0,0.0,SEC
2018,First Round,8,Virginia Tech,9,Alabama,1,33.0,0.636,10.0,8.0,931.0,0.499,289.0,0.388,483.0,0.709,246.0,1078.0,542.0,191.0,74.0,395.0,523.0,69.9,113.0,0.365,0.399,0.602,48.8,58.2,8.2,6.6,0.577,15.3,23.9,0.259,0.0,10.46,3.89,7.0,3.0,0.0,0.0,ACC,36.0,0.556,8.0,10.0,910.0,0.461,229.0,0.326,555.0,0.67,360.0,1290.0,458.0,228.0,192.0,513.0,676.0,70.2,103.0,0.419,0.355,0.55,50.3,50.3,9.0,14.7,0.519,17.8,29.4,0.281,0.0,4.15,8.19,1.0,0.0,0.0,0.0,SEC
2018,Sweet Sixteen,1,Villanova,5,West Virginia,0,40.0,0.9,14.0,4.0,1220.0,0.5,464.0,0.401,559.0,0.779,385.0,1436.0,655.0,259.0,162.0,426.0,645.0,70.1,122.3,0.294,0.475,0.623,52.4,53.7,9.1,10.5,0.595,13.3,29.3,0.229,1.0,17.8,8.84,15.0,6.0,3.0,2.0,Big East,37.0,0.703,11.0,7.0,1036.0,0.436,322.0,0.353,570.0,0.766,521.0,1401.0,561.0,301.0,192.0,420.0,798.0,70.5,113.2,0.313,0.384,0.543,52.5,54.2,11.5,15.9,0.504,13.3,36.8,0.24,1.0,12.47,7.42,24.0,9.0,2.0,0.0,Big 12
2018,Elite Eight,1,Villanova,3,Texas Tech,0,40.0,0.9,14.0,4.0,1220.0,0.5,464.0,0.401,559.0,0.779,385.0,1436.0,655.0,259.0,162.0,426.0,645.0,70.1,122.3,0.294,0.475,0.623,52.4,53.7,9.1,10.5,0.595,13.3,29.3,0.229,1.0,17.8,8.84,15.0,6.0,3.0,2.0,Big East,37.0,0.73,11.0,7.0,964.0,0.46,252.0,0.359,579.0,0.704,407.0,1332.0,529.0,262.0,158.0,454.0,669.0,68.3,108.4,0.393,0.335,0.555,52.6,54.9,10.3,12.8,0.52,15.4,32.9,0.276,1.0,5.29,14.09,2.0,1.0,0.0,0.0,Big 12
2018,Sweet Sixteen,2,Purdue,3,Texas Tech,1,37.0,0.811,15.0,3.0,1033.0,0.493,353.0,0.42,555.0,0.743,319.0,1295.0,598.0,211.0,180.0,399.0,580.0,68.1,117.7,0.356,0.401,0.606,51.8,57.9,8.3,12.5,0.577,14.0,27.8,0.265,1.0,12.91,10.5,11.0,4.0,0.0,0.0,Big Ten,37.0,0.73,11.0,7.0,964.0,0.46,252.0,0.359,579.0,0.704,407.0,1332.0,529.0,262.0,158.0,454.0,669.0,68.3,108.4,0.393,0.335,0.555,52.6,54.9,10.3,12.8,0.52,15.4,32.9,0.276,1.0,5.29,14.09,2.0,1.0,0.0,0.0,Big 12
2018,Final Four,1,Villanova,1,Kansas,0,40.0,0.9,14.0,4.0,1220.0,0.5,464.0,0.401,559.0,0.779,385.0,1436.0,655.0,259.0,162.0,426.0,645.0,70.1,122.3,0.294,0.475,0.623,52.4,53.7,9.1,10.5,0.595,13.3,29.3,0.229,1.0,17.8,8.84,15.0,6.0,3.0,2.0,Big East,39.0,0.795,13.0,5.0,1165.0,0.492,391.0,0.401,453.0,0.708,381.0,1388.0,649.0,254.0,160.0,456.0,597.0,70.2,115.5,0.27,0.412,0.594,50.3,55.7,9.2,10.9,0.575,14.6,29.3,0.191,1.0,13.58,7.81,20.0,13.0,3.0,1.0,Big 12
2018,National Championship,1,Villanova,3,Michigan,0,40.0,0.9,14.0,4.0,1220.0,0.5,464.0,0.401,559.0,0.779,385.0,1436.0,655.0,259.0,162.0,426.0,645.0,70.1,122.3,0.294,0.475,0.623,52.4,53.7,9.1,10.5,0.595,13.3,29.3,0.229,1.0,17.8,8.84,15.0,6.0,3.0,2.0,Big East,41.0,0.805,13.0,5.0,1092.0,0.468,361.0,0.357,474.0,0.661,345.0,1367.0,585.0,261.0,126.0,379.0,643.0,65.7,111.0,0.307,0.433,0.564,50.3,53.6,9.6,8.1,0.545,12.4,25.4,0.203,1.0,4.22,14.81,12.0,6.0,2.0,0.0,Big Ten
2018,First Round,5,West Virginia,12,Murray State,0,37.0,0.703,11.0,7.0,1036.0,0.436,322.0,0.353,570.0,0.766,521.0,1401.0,561.0,301.0,192.0,420.0,798.0,70.5,113.2,0.313,0.384,0.543,52.5,54.2,11.5,15.9,0.504,13.3,36.8,0.24,1.0,12.47,7.42,24.0,9.0,2.0,0.0,Big 12,32.0,0.813,16.0,2.0,870.0,0.483,271.0,0.377,504.0,0.734,341.0,1186.0,471.0,216.0,104.0,384.0,559.0,68.1,115.3,0.381,0.399,0.591,54.1,54.1,9.9,8.7,0.558,15.3,33.0,0.28,0.0,2.89,3.99,1.0,0.0,0.0,0.0,OVC
2018,Second Round,5,West Virginia,13,Marshall,0,37.0,0.703,11.0,7.0,1036.0,0.436,322.0,0.353,570.0,0.766,521.0,1401.0,561.0,301.0,192.0,420.0,798.0,70.5,113.2,0.313,0.384,0.543,52.5,54.2,11.5,15.9,0.504,13.3,36.8,0.24,1.0,12.47,7.42,24.0,9.0,2.0,0.0,Big 12,36.0,0.694,12.0,6.0,1042.0,0.467,362.0,0.358,571.0,0.764,293.0,1287.0,615.0,252.0,209.0,476.0,617.0,76.3,108.7,0.335,0.453,0.583,46.7,59.0,9.1,12.7,0.548,15.5,22.5,0.256,0.0,10.29,-6.08,1.0,0.0,0.0,0.0,CUSA
2018,First Round,4,Wichita State,13,Marshall,1,33.0,0.758,14.0,4.0,957.0,0.476,300.0,0.381,517.0,0.739,405.0,1336.0,610.0,154.0,127.0,385.0,580.0,70.0,117.3,0.348,0.392,0.583,57.1,63.7,6.6,11.1,0.551,14.1,35.6,0.257,1.0,12.81,3.77,14.0,2.0,1.0,0.0,AAC,36.0,0.694,12.0,6.0,1042.0,0.467,362.0,0.358,571.0,0.764,293.0,1287.0,615.0,252.0,209.0,476.0,617.0,76.3,108.7,0.335,0.453,0.583,46.7,59.0,9.1,12.7,0.548,15.5,22.5,0.256,0.0,10.29,-6.08,1.0,0.0,0.0,0.0,CUSA
2018,First Round,6,Florida,11,St. Bonaventure,0,34.0,0.618,11.0,7.0,893.0,0.432,308.0,0.37,483.0,0.718,367.0,1198.0,445.0,237.0,164.0,335.0,591.0,68.4,109.6,0.326,0.403,0.54,48.5,49.8,10.1,12.7,0.507,12.3,28.7,0.234,1.0,8.15,8.52,2.0,1.0,0.0,0.0,SEC,34.0,0.765,14.0,4.0,884.0,0.451,255.0,0.386,597.0,0.752,344.0,1208.0,472.0,239.0,118.0,391.0,674.0,69.4,109.5,0.405,0.337,0.561,50.5,53.4,10.0,10.8,0.516,14.3,29.2,0.305,0.0,5.9,2.97,2.0,0.0,0.0,0.0,A-10
2018,First Round,3,Texas Tech,14,Stephen F. Austin,0,37.0,0.73,11.0,7.0,964.0,0.46,252.0,0.359,579.0,0.704,407.0,1332.0,529.0,262.0,158.0,454.0,669.0,68.3,108.4,0.393,0.335,0.555,52.6,54.9,10.3,12.8,0.52,15.4,32.9,0.276,1.0,5.29,14.09,2.0,1.0,0.0,0.0,Big 12,35.0,0.8,14.0,4.0,1000.0,0.486,242.0,0.372,577.0,0.705,402.0,1248.0,498.0,361.0,107.0,540.0,765.0,73.8,109.1,0.398,0.316,0.576,52.6,49.8,14.0,9.7,0.544,18.1,33.5,0.28,0.0,1.51,1.16,1.0,0.0,0.0,0.0,Southland
2018,Second Round,3,Texas Tech,6,Florida,0,37.0,0.73,11.0,7.0,964.0,0.46,252.0,0.359,579.0,0.704,407.0,1332.0,529.0,262.0,158.0,454.0,669.0,68.3,108.4,0.393,0.335,0.555,52.6,54.9,10.3,12.8,0.52,15.4,32.9,0.276,1.0,5.29,14.09,2.0,1.0,0.0,0.0,Big 12,34.0,0.618,11.0,7.0,893.0,0.432,308.0,0.37,483.0,0.718,367.0,1198.0,445.0,237.0,164.0,335.0,591.0,68.4,109.6,0.326,0.403,0.54,48.5,49.8,10.1,12.7,0.507,12.3,28.7,0.234,1.0,8.15,8.52,2.0,1.0,0.0,0.0,SEC
2018,First Round,7,Arkansas,10,Butler,1,35.0,0.657,10.0,8.0,1005.0,0.474,269.0,0.395,540.0,0.681,351.0,1208.0,501.0,218.0,163.0,381.0,700.0,71.3,111.8,0.374,0.321,0.565,48.9,49.9,8.6,13.8,0.538,13.2,28.7,0.255,0.0,11.86,2.91,9.0,2.0,0.0,0.0,SEC,35.0,0.6,9.0,9.0,1020.0,0.473,287.0,0.357,436.0,0.776,324.0,1198.0,489.0,232.0,100.0,391.0,642.0,69.6,111.1,0.261,0.374,0.57,51.3,47.9,9.3,8.2,0.54,13.9,27.4,0.202,1.0,9.68,7.24,1.0,0.0,0.0,0.0,Big East
2018,Second Round,2,Purdue,10,Butler,0,37.0,0.811,15.0,3.0,1033.0,0.493,353.0,0.42,555.0,0.743,319.0,1295.0,598.0,211.0,180.0,399.0,580.0,68.1,117.7,0.356,0.401,0.606,51.8,57.9,8.3,12.5,0.577,14.0,27.8,0.265,1.0,12.91,10.5,11.0,4.0,0.0,0.0,Big Ten,35.0,0.6,9.0,9.0,1020.0,0.473,287.0,0.357,436.0,0.776,324.0,1198.0,489.0,232.0,100.0,391.0,642.0,69.6,111.1,0.261,0.374,0.57,51.3,47.9,9.3,8.2,0.54,13.9,27.4,0.202,1.0,9.68,7.24,1.0,0.0,0.0,0.0,Big East
2018,First Round,2,Purdue,15,Cal State Fullerton,0,37.0,0.811,15.0,3.0,1033.0,0.493,353.0,0.42,555.0,0.743,319.0,1295.0,598.0,211.0,180.0,399.0,580.0,68.1,117.7,0.356,0.401,0.606,51.8,57.9,8.3,12.5,0.577,14.0,27.8,0.265,1.0,12.91,10.5,11.0,4.0,0.0,0.0,Big Ten,32.0,0.625,10.0,6.0,804.0,0.467,167.0,0.334,543.0,0.729,280.0,1123.0,403.0,201.0,106.0,455.0,578.0,69.9,102.7,0.433,0.291,0.559,51.1,50.1,8.9,8.6,0.516,18.0,27.1,0.316,0.0,-0.27,-0.66,1.0,0.0,0.0,0.0,Big West
2018,First Round,1,Kansas,16,Penn,0,39.0,0.795,13.0,5.0,1165.0,0.492,391.0,0.401,453.0,0.708,381.0,1388.0,649.0,254.0,160.0,456.0,597.0,70.2,115.5,0.27,0.412,0.594,50.3,55.7,9.2,10.9,0.575,14.6,29.3,0.191,1.0,13.58,7.81,20.0,13.0,3.0,1.0,Big 12,33.0,0.727,12.0,2.0,893.0,0.458,291.0,0.35,429.0,0.659,283.0,1239.0,508.0,194.0,92.0,391.0,566.0,70.2,105.3,0.334,0.427,0.555,51.0,56.9,8.2,7.0,0.533,14.8,23.6,0.22,0.0,0.03,2.22,4.0,1.0,0.0,0.0,Ivy
2018,Second Round,1,Kansas,8,Seton Hall,0,39.0,0.795,13.0,5.0,1165.0,0.492,391.0,0.401,453.0,0.708,381.0,1388.0,649.0,254.0,160.0,456.0,597.0,70.2,115.5,0.27,0.412,0.594,50.3,55.7,9.2,10.9,0.575,14.6,29.3,0.191,1.0,13.58,7.81,20.0,13.0,3.0,1.0,Big 12,34.0,0.647,10.0,8.0,971.0,0.468,250.0,0.365,509.0,0.698,416.0,1302.0,527.0,210.0,117.0,432.0,614.0,71.1,111.0,0.352,0.33,0.558,53.1,54.3,8.6,9.1,0.529,15.2,34.2,0.246,0.0,10.68,4.99,3.0,0.0,0.0,0.0,Big East
2018,Sweet Sixteen,1,Kansas,5,Clemson,0,39.0,0.795,13.0,5.0,1165.0,0.492,391.0,0.401,453.0,0.708,381.0,1388.0,649.0,254.0,160.0,456.0,597.0,70.2,115.5,0.27,0.412,0.594,50.3,55.7,9.2,10.9,0.575,14.6,29.3,0.191,1.0,13.58,7.81,20.0,13.0,3.0,1.0,Big 12,35.0,0.714,11.0,7.0,899.0,0.456,288.0,0.366,498.0,0.755,313.0,1256.0,463.0,198.0,169.0,414.0,564.0,67.5,108.5,0.335,0.399,0.566,51.7,51.5,8.3,13.3,0.529,15.3,27.1,0.253,1.0,4.91,12.25,5.0,1.0,0.0,0.0,ACC
2018,Second Round,4,Auburn,5,Clemson,1,34.0,0.765,13.0,5.0,906.0,0.431,324.0,0.357,647.0,0.774,407.0,1290.0,481.0,252.0,180.0,411.0,672.0,73.4,111.5,0.398,0.432,0.557,51.7,53.1,10.1,15.2,0.508,14.1,32.0,0.308,1.0,12.84,3.13,9.0,4.0,0.0,0.0,SEC,35.0,0.714,11.0,7.0,899.0,0.456,288.0,0.366,498.0,0.755,313.0,1256.0,463.0,198.0,169.0,414.0,564.0,67.5,108.5,0.335,0.399,0.566,51.7,51.5,8.3,13.3,0.529,15.3,27.1,0.253,1.0,4.91,12.25,5.0,1.0,0.0,0.0,ACC
2018,Elite Eight,1,Kansas,2,Duke,0,39.0,0.795,13.0,5.0,1165.0,0.492,391.0,0.401,453.0,0.708,381.0,1388.0,649.0,254.0,160.0,456.0,597.0,70.2,115.5,0.27,0.412,0.594,50.3,55.7,9.2,10.9,0.575,14.6,29.3,0.191,1.0,13.58,7.81,20.0,13.0,3.0,1.0,Big 12,37.0,0.784,13.0,5.0,1125.0,0.492,309.0,0.372,562.0,0.71,496.0,1519.0,648.0,275.0,185.0,460.0,574.0,70.6,118.6,0.346,0.363,0.586,55.5,57.6,10.5,12.4,0.559,14.7,38.8,0.246,1.0,16.41,8.02,34.0,24.0,12.0,5.0,ACC
2018,First Round,8,Seton Hall,9,NC State,0,34.0,0.647,10.0,8.0,971.0,0.468,250.0,0.365,509.0,0.698,416.0,1302.0,527.0,210.0,117.0,432.0,614.0,71.1,111.0,0.352,0.33,0.558,53.1,54.3,8.6,9.1,0.529,15.2,34.2,0.246,0.0,10.68,4.99,3.0,0.0,0.0,0.0,Big East,33.0,0.636,11.0,7.0,965.0,0.47,263.0,0.372,489.0,0.696,401.0,1176.0,531.0,244.0,122.0,400.0,609.0,72.1,112.3,0.342,0.344,0.562,50.3,55.0,10.2,9.2,0.534,14.3,33.4,0.238,0.0,12.67,0.24,3.0,0.0,0.0,0.0,ACC
2018,First Round,5,Clemson,12,New Mexico State,0,35.0,0.714,11.0,7.0,899.0,0.456,288.0,0.366,498.0,0.755,313.0,1256.0,463.0,198.0,169.0,414.0,564.0,67.5,108.5,0.335,0.399,0.566,51.7,51.5,8.3,13.3,0.529,15.3,27.1,0.253,1.0,4.91,12.25,5.0,1.0,0.0,0.0,ACC,34.0,0.824,12.0,2.0,963.0,0.458,258.0,0.334,388.0,0.643,427.0,1402.0,481.0,189.0,103.0,429.0,604.0,70.1,107.5,0.287,0.367,0.538,56.0,49.9,7.9,8.6,0.519,15.2,34.2,0.184,0.0,1.87,7.19,1.0,0.0,0.0,0.0,WAC
2018,First Round,4,Auburn,13,College of Charleston,0,34.0,0.765,13.0,5.0,906.0,0.431,324.0,0.357,647.0,0.774,407.0,1290.0,481.0,252.0,180.0,411.0,672.0,73.4,111.5,0.398,0.432,0.557,51.7,53.1,10.1,15.2,0.508,14.1,32.0,0.308,1.0,12.84,3.13,9.0,4.0,0.0,0.0,SEC,34.0,0.765,14.0,4.0,875.0,0.459,259.0,0.36,527.0,0.754,286.0,1129.0,387.0,177.0,119.0,339.0,563.0,65.9,111.1,0.367,0.378,0.567,49.6,44.2,7.8,9.8,0.527,13.2,25.7,0.277,0.0,-1.6,3.43,1.0,0.0,0.0,0.0,CAA
2018,First Round,3,Michigan State,14,Bucknell,0,35.0,0.857,16.0,2.0,991.0,0.496,290.0,0.4,535.0,0.747,405.0,1439.0,670.0,143.0,251.0,459.0,640.0,68.1,117.3,0.359,0.363,0.601,57.6,67.6,6.0,18.5,0.569,16.4,37.0,0.268,1.0,10.72,11.69,21.0,13.0,7.0,1.0,Big Ten,35.0,0.714,16.0,2.0,965.0,0.471,280.0,0.348,627.0,0.719,325.0,1281.0,505.0,194.0,152.0,437.0,655.0,72.4,110.3,0.425,0.392,0.576,50.8,52.3,7.5,10.4,0.539,15.1,27.0,0.306,0.0,6.85,-2.36,2.0,0.0,0.0,0.0,Patriot
2018,First Round,7,Rhode Island,10,Oklahoma,0,34.0,0.765,15.0,3.0,954.0,0.455,236.0,0.352,439.0,0.697,389.0,1170.0,520.0,249.0,118.0,362.0,645.0,69.2,109.0,0.301,0.32,0.539,50.0,54.5,10.5,9.5,0.511,13.1,31.0,0.209,0.0,4.97,6.84,2.0,0.0,0.0,0.0,A-10,32.0,0.563,8.0,10.0,954.0,0.462,300.0,0.359,510.0,0.746,339.0,1229.0,479.0,208.0,151.0,428.0,551.0,76.5,109.8,0.332,0.405,0.569,49.8,50.2,8.4,11.0,0.535,15.2,28.4,0.247,0.0,17.15,-3.34,18.0,5.0,2.0,0.0,Big 12
2018,First Round,2,Duke,15,Iona,0,37.0,0.784,13.0,5.0,1125.0,0.492,309.0,0.372,562.0,0.71,496.0,1519.0,648.0,275.0,185.0,460.0,574.0,70.6,118.6,0.346,0.363,0.586,55.5,57.6,10.5,12.4,0.559,14.7,38.8,0.246,1.0,16.41,8.02,34.0,24.0,12.0,5.0,ACC,34.0,0.588,11.0,7.0,957.0,0.461,324.0,0.383,462.0,0.738,291.0,1146.0,542.0,229.0,103.0,395.0,587.0,71.5,109.2,0.302,0.408,0.569,47.2,56.6,9.3,7.6,0.539,14.3,24.4,0.223,0.0,5.7,-4.95,5.0,0.0,0.0,0.0,MAAC
2018,Second Round,2,Duke,7,Rhode Island,0,37.0,0.784,13.0,5.0,1125.0,0.492,309.0,0.372,562.0,0.71,496.0,1519.0,648.0,275.0,185.0,460.0,574.0,70.6,118.6,0.346,0.363,0.586,55.5,57.6,10.5,12.4,0.559,14.7,38.8,0.246,1.0,16.41,8.02,34.0,24.0,12.0,5.0,ACC,34.0,0.765,15.0,3.0,954.0,0.455,236.0,0.352,439.0,0.697,389.0,1170.0,520.0,249.0,118.0,362.0,645.0,69.2,109.0,0.301,0.32,0.539,50.0,54.5,10.5,9.5,0.511,13.1,31.0,0.209,0.0,4.97,6.84,2.0,0.0,0.0,0.0,A-10
2018,Second Round,1,Xavier,9,Florida State,1,35.0,0.829,15.0,3.0,1011.0,0.492,274.0,0.372,657.0,0.779,345.0,1342.0,579.0,205.0,109.0,441.0,602.0,72.3,115.5,0.41,0.358,0.601,55.1,57.3,8.0,8.4,0.559,15.2,30.2,0.32,1.0,15.18,3.88,8.0,4.0,0.0,0.0,Big East,35.0,0.657,9.0,9.0,994.0,0.468,273.0,0.35,543.0,0.691,398.0,1322.0,523.0,241.0,186.0,456.0,652.0,72.2,109.5,0.37,0.368,0.562,51.8,52.6,9.4,14.0,0.532,15.4,32.0,0.256,0.0,12.0,3.78,9.0,3.0,0.0,0.0,ACC
2018,First Round,8,Missouri,9,Florida State,1,33.0,0.606,10.0,8.0,794.0,0.45,306.0,0.383,505.0,0.734,333.0,1225.0,443.0,170.0,140.0,469.0,594.0,67.3,107.1,0.39,0.453,0.573,53.2,55.8,7.6,11.3,0.537,18.3,31.2,0.286,0.0,4.1,9.71,3.0,1.0,0.0,0.0,SEC,35.0,0.657,9.0,9.0,994.0,0.468,273.0,0.35,543.0,0.691,398.0,1322.0,523.0,241.0,186.0,456.0,652.0,72.2,109.5,0.37,0.368,0.562,51.8,52.6,9.4,14.0,0.532,15.4,32.0,0.256,0.0,12.0,3.78,9.0,3.0,0.0,0.0,ACC
2018,Sweet Sixteen,4,Gonzaga,9,Florida State,1,37.0,0.865,17.0,1.0,1125.0,0.498,328.0,0.368,513.0,0.708,413.0,1477.0,564.0,234.0,134.0,420.0,631.0,69.7,118.2,0.321,0.394,0.593,56.0,50.1,8.9,9.6,0.57,13.9,32.9,0.227,1.0,12.4,6.04,19.0,8.0,1.0,0.0,WCC,35.0,0.657,9.0,9.0,994.0,0.468,273.0,0.35,543.0,0.691,398.0,1322.0,523.0,241.0,186.0,456.0,652.0,72.2,109.5,0.37,0.368,0.562,51.8,52.6,9.4,14.0,0.532,15.4,32.0,0.256,0.0,12.0,3.78,9.0,3.0,0.0,0.0,ACC
2018,Elite Eight,3,Michigan,9,Florida State,0,41.0,0.805,13.0,5.0,1092.0,0.468,361.0,0.357,474.0,0.661,345.0,1367.0,585.0,261.0,126.0,379.0,643.0,65.7,111.0,0.307,0.433,0.564,50.3,53.6,9.6,8.1,0.545,12.4,25.4,0.203,1.0,4.22,14.81,12.0,6.0,2.0,0.0,Big Ten,35.0,0.657,9.0,9.0,994.0,0.468,273.0,0.35,543.0,0.691,398.0,1322.0,523.0,241.0,186.0,456.0,652.0,72.2,109.5,0.37,0.368,0.562,51.8,52.6,9.4,14.0,0.532,15.4,32.0,0.256,0.0,12.0,3.78,9.0,3.0,0.0,0.0,ACC
2018,First Round,5,Ohio State,12,South Dakota State,0,34.0,0.735,15.0,3.0,951.0,0.48,239.0,0.353,450.0,0.731,334.0,1245.0,499.0,209.0,132.0,399.0,595.0,67.9,111.0,0.311,0.342,0.57,53.6,52.5,9.0,11.3,0.541,14.9,30.1,0.227,1.0,7.67,10.0,4.0,1.0,0.0,0.0,Big Ten,35.0,0.8,13.0,1.0,1003.0,0.467,374.0,0.403,578.0,0.762,310.0,1360.0,467.0,172.0,80.0,353.0,562.0,72.3,115.7,0.354,0.432,0.59,52.2,46.6,6.7,5.9,0.554,12.3,24.8,0.269,0.0,8.68,-1.84,2.0,0.0,0.0,0.0,Summit
2018,First Round,4,Gonzaga,13,UNC Greensboro,0,37.0,0.865,17.0,1.0,1125.0,0.498,328.0,0.368,513.0,0.708,413.0,1477.0,564.0,234.0,134.0,420.0,631.0,69.7,118.2,0.321,0.394,0.593,56.0,50.1,8.9,9.6,0.57,13.9,32.9,0.227,1.0,12.4,6.04,19.0,8.0,1.0,0.0,WCC,35.0,0.771,15.0,3.0,924.0,0.445,331.0,0.353,383.0,0.698,418.0,1307.0,487.0,267.0,132.0,481.0,650.0,66.9,107.1,0.265,0.452,0.548,55.0,52.7,11.2,12.4,0.525,17.1,34.2,0.185,0.0,-3.77,8.3,1.0,0.0,0.0,0.0,Southern
2018,Second Round,4,Gonzaga,5,Ohio State,0,37.0,0.865,17.0,1.0,1125.0,0.498,328.0,0.368,513.0,0.708,413.0,1477.0,564.0,234.0,134.0,420.0,631.0,69.7,118.2,0.321,0.394,0.593,56.0,50.1,8.9,9.6,0.57,13.9,32.9,0.227,1.0,12.4,6.04,19.0,8.0,1.0,0.0,WCC,34.0,0.735,15.0,3.0,951.0,0.48,239.0,0.353,450.0,0.731,334.0,1245.0,499.0,209.0,132.0,399.0,595.0,67.9,111.0,0.311,0.342,0.57,53.6,52.5,9.0,11.3,0.541,14.9,30.1,0.227,1.0,7.67,10.0,4.0,1.0,0.0,0.0,Big Ten
2018,First Round,6,Houston,11,San Diego State,0,35.0,0.771,14.0,4.0,952.0,0.461,297.0,0.387,484.0,0.718,408.0,1352.0,505.0,218.0,106.0,418.0,737.0,68.5,112.0,0.326,0.372,0.563,54.6,53.0,9.1,9.0,0.533,14.9,33.6,0.234,1.0,7.34,8.65,15.0,3.0,1.0,0.0,AAC,33.0,0.667,11.0,7.0,902.0,0.459,239.0,0.337,502.0,0.715,366.0,1250.0,488.0,206.0,107.0,394.0,564.0,70.4,109.6,0.357,0.36,0.553,53.7,54.1,8.9,9.4,0.519,14.6,31.9,0.255,0.0,4.84,7.39,1.0,0.0,0.0,0.0,MWC
2018,First Round,3,Michigan,14,Montana,0,41.0,0.805,13.0,5.0,1092.0,0.468,361.0,0.357,474.0,0.661,345.0,1367.0,585.0,261.0,126.0,379.0,643.0,65.7,111.0,0.307,0.433,0.564,50.3,53.6,9.6,8.1,0.545,12.4,25.4,0.203,1.0,4.22,14.81,12.0,6.0,2.0,0.0,Big Ten,34.0,0.765,16.0,2.0,944.0,0.467,186.0,0.339,551.0,0.706,402.0,1258.0,428.0,264.0,114.0,422.0,716.0,69.9,108.8,0.386,0.272,0.549,53.3,45.3,10.9,9.2,0.513,15.0,33.3,0.273,0.0,2.31,3.97,1.0,0.0,0.0,0.0,Big Sky
2018,Second Round,3,Michigan,6,Houston,0,41.0,0.805,13.0,5.0,1092.0,0.468,361.0,0.357,474.0,0.661,345.0,1367.0,585.0,261.0,126.0,379.0,643.0,65.7,111.0,0.307,0.433,0.564,50.3,53.6,9.6,8.1,0.545,12.4,25.4,0.203,1.0,4.22,14.81,12.0,6.0,2.0,0.0,Big Ten,35.0,0.771,14.0,4.0,952.0,0.461,297.0,0.387,484.0,0.718,408.0,1352.0,505.0,218.0,106.0,418.0,737.0,68.5,112.0,0.326,0.372,0.563,54.6,53.0,9.1,9.0,0.533,14.9,33.6,0.234,1.0,7.34,8.65,15.0,3.0,1.0,0.0,AAC
2018,Sweet Sixteen,3,Michigan,7,Texas A&M,0,41.0,0.805,13.0,5.0,1092.0,0.468,361.0,0.357,474.0,0.661,345.0,1367.0,585.0,261.0,126.0,379.0,643.0,65.7,111.0,0.307,0.433,0.564,50.3,53.6,9.6,8.1,0.545,12.4,25.4,0.203,1.0,4.22,14.81,12.0,6.0,2.0,0.0,Big Ten,35.0,0.629,9.0,9.0,976.0,0.46,230.0,0.329,449.0,0.661,432.0,1450.0,538.0,190.0,209.0,476.0,574.0,70.9,106.1,0.32,0.33,0.538,54.3,55.1,7.7,15.3,0.514,16.3,33.9,0.212,0.0,6.36,8.95,4.0,2.0,0.0,0.0,SEC
2018,Second Round,2,UNC,7,Texas A&M,1,37.0,0.703,11.0,7.0,1105.0,0.457,305.0,0.359,503.0,0.743,511.0,1570.0,674.0,213.0,151.0,445.0,587.0,71.7,113.4,0.28,0.351,0.551,56.4,61.0,8.0,11.1,0.52,14.0,37.4,0.208,1.0,15.41,4.66,28.0,18.0,9.0,3.0,ACC,35.0,0.629,9.0,9.0,976.0,0.46,230.0,0.329,449.0,0.661,432.0,1450.0,538.0,190.0,209.0,476.0,574.0,70.9,106.1,0.32,0.33,0.538,54.3,55.1,7.7,15.3,0.514,16.3,33.9,0.212,0.0,6.36,8.95,4.0,2.0,0.0,0.0,SEC
2018,Final Four,3,Michigan,11,Loyola (IL),0,41.0,0.805,13.0,5.0,1092.0,0.468,361.0,0.357,474.0,0.661,345.0,1367.0,585.0,261.0,126.0,379.0,643.0,65.7,111.0,0.307,0.433,0.564,50.3,53.6,9.6,8.1,0.545,12.4,25.4,0.203,1.0,4.22,14.81,12.0,6.0,2.0,0.0,Big Ten,38.0,0.842,15.0,3.0,995.0,0.507,277.0,0.396,454.0,0.725,238.0,1222.0,594.0,241.0,90.0,472.0,528.0,65.9,108.6,0.319,0.357,0.602,51.3,59.7,9.6,6.8,0.577,17.3,22.4,0.231,0.0,0.65,9.72,1.0,1.0,1.0,0.0,MVC
2018,First Round,6,Miami (FL),11,Loyola (IL),1,32.0,0.688,11.0,7.0,875.0,0.465,247.0,0.364,362.0,0.662,318.0,1113.0,424.0,210.0,130.0,367.0,518.0,67.8,108.0,0.291,0.36,0.551,50.6,48.5,9.6,11.0,0.531,14.6,29.1,0.192,0.0,4.56,8.27,9.0,3.0,1.0,0.0,ACC,38.0,0.842,15.0,3.0,995.0,0.507,277.0,0.396,454.0,0.725,238.0,1222.0,594.0,241.0,90.0,472.0,528.0,65.9,108.6,0.319,0.357,0.602,51.3,59.7,9.6,6.8,0.577,17.3,22.4,0.231,0.0,0.65,9.72,1.0,1.0,1.0,0.0,MVC
2018,Second Round,3,Tennessee,11,Loyola (IL),1,35.0,0.743,13.0,5.0,885.0,0.44,273.0,0.38,541.0,0.757,404.0,1262.0,550.0,222.0,156.0,422.0,680.0,67.1,109.3,0.355,0.357,0.549,51.4,62.1,9.4,12.8,0.508,15.2,33.3,0.269,1.0,5.78,12.42,23.0,6.0,1.0,0.0,SEC,38.0,0.842,15.0,3.0,995.0,0.507,277.0,0.396,454.0,0.725,238.0,1222.0,594.0,241.0,90.0,472.0,528.0,65.9,108.6,0.319,0.357,0.602,51.3,59.7,9.6,6.8,0.577,17.3,22.4,0.231,0.0,0.65,9.72,1.0,1.0,1.0,0.0,MVC
2018,Sweet Sixteen,7,Nevada,11,Loyola (IL),1,37.0,0.784,15.0,3.0,1049.0,0.469,354.0,0.392,603.0,0.743,342.0,1316.0,598.0,230.0,150.0,357.0,630.0,70.5,115.5,0.363,0.404,0.582,49.4,57.0,8.7,10.9,0.548,12.0,26.4,0.269,0.0,12.64,1.8,2.0,1.0,0.0,0.0,MWC,38.0,0.842,15.0,3.0,995.0,0.507,277.0,0.396,454.0,0.725,238.0,1222.0,594.0,241.0,90.0,472.0,528.0,65.9,108.6,0.319,0.357,0.602,51.3,59.7,9.6,6.8,0.577,17.3,22.4,0.231,0.0,0.65,9.72,1.0,1.0,1.0,0.0,MVC
2018,Elite Eight,9,Kansas State,11,Loyola (IL),1,37.0,0.676,10.0,8.0,937.0,0.463,254.0,0.341,502.0,0.734,304.0,1136.0,510.0,294.0,110.0,423.0,684.0,66.6,106.4,0.338,0.368,0.56,47.4,54.4,11.9,9.3,0.525,15.3,25.8,0.248,0.0,1.46,11.38,12.0,4.0,1.0,0.0,Big 12,38.0,0.842,15.0,3.0,995.0,0.507,277.0,0.396,454.0,0.725,238.0,1222.0,594.0,241.0,90.0,472.0,528.0,65.9,108.6,0.319,0.357,0.602,51.3,59.7,9.6,6.8,0.577,17.3,22.4,0.231,0.0,0.65,9.72,1.0,1.0,1.0,0.0,MVC
2018,First Round,7,Texas A&M,10,Providence,0,35.0,0.629,9.0,9.0,976.0,0.46,230.0,0.329,449.0,0.661,432.0,1450.0,538.0,190.0,209.0,476.0,574.0,70.9,106.1,0.32,0.33,0.538,54.3,55.1,7.7,15.3,0.514,16.3,33.9,0.212,0.0,6.36,8.95,4.0,2.0,0.0,0.0,SEC,35.0,0.6,10.0,8.0,899.0,0.441,223.0,0.332,554.0,0.704,369.0,1247.0,485.0,238.0,128.0,430.0,624.0,69.5,104.1,0.386,0.329,0.534,49.6,53.9,9.6,9.8,0.496,15.1,28.8,0.272,0.0,3.47,7.65,5.0,0.0,0.0,0.0,Big East
2018,First Round,2,UNC,15,Lipscomb,0,37.0,0.703,11.0,7.0,1105.0,0.457,305.0,0.359,503.0,0.743,511.0,1570.0,674.0,213.0,151.0,445.0,587.0,71.7,113.4,0.28,0.351,0.551,56.4,61.0,8.0,11.1,0.52,14.0,37.4,0.208,1.0,15.41,4.66,28.0,18.0,9.0,3.0,ACC,33.0,0.697,10.0,4.0,924.0,0.453,267.0,0.328,593.0,0.718,346.0,1276.0,517.0,216.0,102.0,493.0,656.0,77.0,105.0,0.405,0.399,0.557,52.2,56.0,8.4,8.0,0.518,16.9,28.3,0.291,0.0,4.74,-6.84,1.0,0.0,0.0,0.0,A-Sun
2018,First Round,1,Virginia,16,UMBC,1,34.0,0.912,17.0,1.0,848.0,0.46,247.0,0.383,340.0,0.754,282.0,1099.0,458.0,232.0,124.0,290.0,480.0,60.6,110.4,0.245,0.35,0.555,51.2,54.0,11.2,12.3,0.527,12.3,26.9,0.184,1.0,-1.75,23.95,8.0,3.0,0.0,0.0,ACC,36.0,0.694,12.0,4.0,926.0,0.443,364.0,0.387,414.0,0.646,348.0,1245.0,547.0,269.0,87.0,440.0,592.0,69.2,105.6,0.307,0.45,0.55,49.1,59.1,10.8,7.3,0.531,15.5,26.8,0.198,0.0,-2.3,0.28,1.0,0.0,0.0,0.0,AEC
2018,Second Round,9,Kansas State,16,UMBC,0,37.0,0.676,10.0,8.0,937.0,0.463,254.0,0.341,502.0,0.734,304.0,1136.0,510.0,294.0,110.0,423.0,684.0,66.6,106.4,0.338,0.368,0.56,47.4,54.4,11.9,9.3,0.525,15.3,25.8,0.248,0.0,1.46,11.38,12.0,4.0,1.0,0.0,Big 12,36.0,0.694,12.0,4.0,926.0,0.443,364.0,0.387,414.0,0.646,348.0,1245.0,547.0,269.0,87.0,440.0,592.0,69.2,105.6,0.307,0.45,0.55,49.1,59.1,10.8,7.3,0.531,15.5,26.8,0.198,0.0,-2.3,0.28,1.0,0.0,0.0,0.0,AEC
2018,First Round,8,Creighton,9,Kansas State,1,33.0,0.636,10.0,8.0,1008.0,0.492,343.0,0.372,397.0,0.748,249.0,1206.0,588.0,187.0,88.0,371.0,501.0,72.8,113.8,0.259,0.45,0.599,51.0,58.3,7.7,6.7,0.575,13.9,22.5,0.194,1.0,12.82,3.53,8.0,0.0,0.0,0.0,Big East,37.0,0.676,10.0,8.0,937.0,0.463,254.0,0.341,502.0,0.734,304.0,1136.0,510.0,294.0,110.0,423.0,684.0,66.6,106.4,0.338,0.368,0.56,47.4,54.4,11.9,9.3,0.525,15.3,25.8,0.248,0.0,1.46,11.38,12.0,4.0,1.0,0.0,Big 12
2018,Sweet Sixteen,5,Kentucky,9,Kansas State,1,37.0,0.703,10.0,8.0,998.0,0.472,195.0,0.357,649.0,0.698,441.0,1431.0,489.0,208.0,176.0,480.0,702.0,69.8,109.6,0.44,0.258,0.555,53.6,49.0,8.0,13.7,0.518,15.8,35.5,0.307,1.0,9.26,7.98,19.0,14.0,6.0,1.0,SEC,37.0,0.676,10.0,8.0,937.0,0.463,254.0,0.341,502.0,0.734,304.0,1136.0,510.0,294.0,110.0,423.0,684.0,66.6,106.4,0.338,0.368,0.56,47.4,54.4,11.9,9.3,0.525,15.3,25.8,0.248,0.0,1.46,11.38,12.0,4.0,1.0,0.0,Big 12
2018,First Round,5,Kentucky,12,Davidson,0,37.0,0.703,10.0,8.0,998.0,0.472,195.0,0.357,649.0,0.698,441.0,1431.0,489.0,208.0,176.0,480.0,702.0,69.8,109.6,0.44,0.258,0.555,53.6,49.0,8.0,13.7,0.518,15.8,35.5,0.307,1.0,9.26,7.98,19.0,14.0,6.0,1.0,SEC,33.0,0.636,13.0,5.0,899.0,0.48,353.0,0.389,368.0,0.798,229.0,1078.0,551.0,155.0,65.0,315.0,503.0,65.3,115.7,0.246,0.484,0.602,50.8,61.3,7.1,6.1,0.574,13.1,22.6,0.196,0.0,5.42,5.61,9.0,1.0,0.0,0.0,A-10
2018,Second Round,5,Kentucky,13,Buffalo,0,37.0,0.703,10.0,8.0,998.0,0.472,195.0,0.357,649.0,0.698,441.0,1431.0,489.0,208.0,176.0,480.0,702.0,69.8,109.6,0.44,0.258,0.555,53.6,49.0,8.0,13.7,0.518,15.8,35.5,0.307,1.0,9.26,7.98,19.0,14.0,6.0,1.0,SEC,36.0,0.75,15.0,3.0,1105.0,0.473,351.0,0.37,486.0,0.699,430.0,1388.0,597.0,225.0,146.0,446.0,755.0,73.9,113.4,0.298,0.406,0.572,51.4,54.0,8.4,10.1,0.549,14.3,31.8,0.208,0.0,11.64,-3.66,2.0,0.0,0.0,0.0,MAC
2018,First Round,4,Arizona,13,Buffalo,1,35.0,0.771,14.0,4.0,1009.0,0.504,237.0,0.369,563.0,0.76,353.0,1277.0,531.0,173.0,158.0,426.0,603.0,68.6,115.6,0.37,0.321,0.598,55.6,52.6,7.1,12.0,0.563,15.3,33.3,0.281,0.0,10.25,5.42,11.0,7.0,0.0,0.0,Pac-12,36.0,0.75,15.0,3.0,1105.0,0.473,351.0,0.37,486.0,0.699,430.0,1388.0,597.0,225.0,146.0,446.0,755.0,73.9,113.4,0.298,0.406,0.572,51.4,54.0,8.4,10.1,0.549,14.3,31.8,0.208,0.0,11.64,-3.66,2.0,0.0,0.0,0.0,MAC
2018,First Round,3,Tennessee,14,Wright State,0,35.0,0.743,13.0,5.0,885.0,0.44,273.0,0.38,541.0,0.757,404.0,1262.0,550.0,222.0,156.0,422.0,680.0,67.1,109.3,0.355,0.357,0.549,51.4,62.1,9.4,12.8,0.508,15.2,33.3,0.269,1.0,5.78,12.42,23.0,6.0,1.0,0.0,SEC,35.0,0.714,14.0,4.0,873.0,0.432,237.0,0.337,517.0,0.715,356.0,1266.0,460.0,231.0,77.0,459.0,558.0,69.9,101.4,0.358,0.348,0.529,51.8,52.7,9.4,6.5,0.491,16.3,28.9,0.256,0.0,-4.33,4.91,4.0,0.0,0.0,0.0,Horizon
2018,First Round,7,Nevada,10,Texas,0,37.0,0.784,15.0,3.0,1049.0,0.469,354.0,0.392,603.0,0.743,342.0,1316.0,598.0,230.0,150.0,357.0,630.0,70.5,115.5,0.363,0.404,0.582,49.4,57.0,8.7,10.9,0.548,12.0,26.4,0.269,0.0,12.64,1.8,2.0,1.0,0.0,0.0,MWC,34.0,0.559,8.0,10.0,882.0,0.439,245.0,0.32,441.0,0.665,361.0,1217.0,394.0,209.0,168.0,399.0,547.0,66.9,103.9,0.33,0.381,0.527,50.0,44.7,8.9,12.8,0.5,14.6,29.5,0.219,0.0,3.68,10.28,7.0,1.0,1.0,0.0,Big 12
2018,First Round,2,Cincinnati,15,Georgia State,0,36.0,0.861,16.0,2.0,944.0,0.45,262.0,0.353,523.0,0.692,479.0,1413.0,570.0,256.0,194.0,404.0,561.0,66.1,112.3,0.36,0.353,0.543,55.6,60.4,10.8,15.8,0.512,14.1,38.5,0.249,1.0,3.05,17.2,10.0,1.0,0.0,0.0,AAC,35.0,0.686,12.0,6.0,937.0,0.461,323.0,0.385,417.0,0.678,309.0,1182.0,455.0,256.0,160.0,395.0,639.0,67.9,108.8,0.303,0.413,0.562,47.7,48.6,10.7,15.1,0.54,14.5,26.0,0.205,0.0,0.04,3.18,3.0,0.0,0.0,0.0,Sun Belt
2018,Second Round,2,Cincinnati,7,Nevada,1,36.0,0.861,16.0,2.0,944.0,0.45,262.0,0.353,523.0,0.692,479.0,1413.0,570.0,256.0,194.0,404.0,561.0,66.1,112.3,0.36,0.353,0.543,55.6,60.4,10.8,15.8,0.512,14.1,38.5,0.249,1.0,3.05,17.2,10.0,1.0,0.0,0.0,AAC,37.0,0.784,15.0,3.0,1049.0,0.469,354.0,0.392,603.0,0.743,342.0,1316.0,598.0,230.0,150.0,357.0,630.0,70.5,115.5,0.363,0.404,0.582,49.4,57.0,8.7,10.9,0.548,12.0,26.4,0.269,0.0,12.64,1.8,2.0,1.0,0.0,0.0,MWC
2019,Play-In,16,North Dakota State,16,North Carolina Central,0,35.0,0.543,9.0,7.0,874.0,0.454,332.0,0.365,476.0,0.777,229.0,1105.0,402.0,160.0,87.0,368.0,523.0,66.8,108.5,0.318,0.472,0.576,48.7,46.0,6.8,6.6,0.54,14.2,20.6,0.247,0.0,-1.85,-2.16,2.0,0.0,0.0,0.0,Summit,34.0,0.529,10.0,6.0,874.0,0.455,221.0,0.319,460.0,0.718,399.0,1265.0,526.0,207.0,93.0,515.0,610.0,68.5,104.0,0.334,0.361,0.545,54.8,60.2,8.9,7.5,0.512,18.8,35.1,0.239,0.0,-9.24,-2.29,4.0,0.0,0.0,0.0,MEAC
2019,Play-In,11,Belmont,11,Temple,0,33.0,0.818,16.0,2.0,1042.0,0.498,343.0,0.372,441.0,0.737,286.0,1275.0,645.0,220.0,125.0,376.0,509.0,74.2,116.2,0.286,0.44,0.603,52.2,61.9,8.9,9.1,0.58,13.7,25.1,0.211,0.0,11.35,-2.23,8.0,0.0,0.0,0.0,OVC,33.0,0.697,13.0,5.0,873.0,0.437,247.0,0.33,472.0,0.727,316.0,1136.0,476.0,284.0,73.0,368.0,581.0,70.5,104.4,0.325,0.374,0.534,48.2,54.5,12.0,6.2,0.499,13.8,26.1,0.236,0.0,5.55,2.62,17.0,0.0,0.0,0.0,AAC
2019,Play-In,16,Prairie View,16,Fairleigh Dickinson,1,35.0,0.629,17.0,1.0,903.0,0.438,225.0,0.32,596.0,0.681,392.0,1151.0,445.0,309.0,55.0,445.0,758.0,72.5,103.5,0.425,0.341,0.53,46.7,49.3,12.2,4.6,0.493,15.2,29.8,0.289,0.0,-0.86,-6.43,1.0,0.0,0.0,0.0,SWAC,35.0,0.6,12.0,6.0,921.0,0.475,269.0,0.4,509.0,0.725,323.0,1155.0,486.0,261.0,132.0,477.0,578.0,68.7,107.5,0.362,0.347,0.576,49.3,52.8,10.7,10.5,0.544,17.3,28.8,0.263,0.0,-0.7,-5.39,2.0,0.0,0.0,0.0,NEC
2019,First Round,1,Gonzaga,16,Fairleigh Dickinson,0,37.0,0.892,16.0,0.0,1177.0,0.526,287.0,0.363,602.0,0.761,354.0,1443.0,668.0,278.0,204.0,394.0,603.0,71.7,122.2,0.353,0.353,0.62,54.7,56.8,10.5,13.9,0.59,13.1,30.4,0.269,1.0,18.57,9.22,20.0,9.0,1.0,0.0,WCC,35.0,0.6,12.0,6.0,921.0,0.475,269.0,0.4,509.0,0.725,323.0,1155.0,486.0,261.0,132.0,477.0,578.0,68.7,107.5,0.362,0.347,0.576,49.3,52.8,10.7,10.5,0.544,17.3,28.8,0.263,0.0,-0.7,-5.39,2.0,0.0,0.0,0.0,NEC
2019,Play-In,11,Arizona State,11,St. John's (NY),0,34.0,0.676,12.0,6.0,899.0,0.447,240.0,0.336,600.0,0.68,399.0,1351.0,459.0,213.0,109.0,466.0,675.0,72.5,105.4,0.438,0.355,0.543,52.6,51.1,8.5,9.6,0.506,16.1,31.3,0.298,0.0,8.06,2.22,3.0,0.0,0.0,0.0,Pac-12,34.0,0.618,8.0,10.0,944.0,0.45,289.0,0.357,446.0,0.719,264.0,1120.0,472.0,302.0,111.0,357.0,650.0,72.6,105.0,0.295,0.385,0.548,45.8,50.0,12.1,9.8,0.518,13.0,21.4,0.212,0.0,7.7,0.18,1.0,0.0,0.0,0.0,Big East
2019,First Round,1,Duke,16,North Dakota State,0,38.0,0.842,14.0,4.0,1157.0,0.478,278.0,0.308,551.0,0.686,495.0,1567.0,606.0,346.0,257.0,488.0,595.0,73.2,112.6,0.332,0.373,0.561,53.8,52.4,12.4,16.4,0.536,14.8,35.3,0.228,1.0,17.48,9.41,35.0,25.0,12.0,5.0,ACC,35.0,0.543,9.0,7.0,874.0,0.454,332.0,0.365,476.0,0.777,229.0,1105.0,402.0,160.0,87.0,368.0,523.0,66.8,108.5,0.318,0.472,0.576,48.7,46.0,6.8,6.6,0.54,14.2,20.6,0.247,0.0,-1.85,-2.16,2.0,0.0,0.0,0.0,Summit
2019,Second Round,1,Duke,9,UCF,0,38.0,0.842,14.0,4.0,1157.0,0.478,278.0,0.308,551.0,0.686,495.0,1567.0,606.0,346.0,257.0,488.0,595.0,73.2,112.6,0.332,0.373,0.561,53.8,52.4,12.4,16.4,0.536,14.8,35.3,0.228,1.0,17.48,9.41,35.0,25.0,12.0,5.0,ACC,33.0,0.727,13.0,5.0,819.0,0.465,229.0,0.365,518.0,0.649,315.0,1215.0,439.0,189.0,150.0,393.0,554.0,67.3,107.0,0.453,0.356,0.557,51.5,53.6,8.5,12.6,0.529,15.5,29.0,0.294,0.0,3.01,10.36,2.0,1.0,0.0,0.0,AAC
2019,First Round,8,VCU,9,UCF,1,33.0,0.758,16.0,2.0,820.0,0.438,235.0,0.305,469.0,0.701,358.0,1208.0,450.0,263.0,148.0,458.0,650.0,69.0,102.1,0.357,0.412,0.535,50.8,54.9,11.5,12.2,0.501,17.3,31.0,0.251,0.0,1.16,10.8,1.0,0.0,0.0,0.0,A-10,33.0,0.727,13.0,5.0,819.0,0.465,229.0,0.365,518.0,0.649,315.0,1215.0,439.0,189.0,150.0,393.0,554.0,67.3,107.0,0.453,0.356,0.557,51.5,53.6,8.5,12.6,0.529,15.5,29.0,0.294,0.0,3.01,10.36,2.0,1.0,0.0,0.0,AAC
2019,Sweet Sixteen,1,Duke,4,Virginia Tech,0,38.0,0.842,14.0,4.0,1157.0,0.478,278.0,0.308,551.0,0.686,495.0,1567.0,606.0,346.0,257.0,488.0,595.0,73.2,112.6,0.332,0.373,0.561,53.8,52.4,12.4,16.4,0.536,14.8,35.3,0.228,1.0,17.48,9.41,35.0,25.0,12.0,5.0,ACC,35.0,0.743,12.0,6.0,893.0,0.47,327.0,0.394,461.0,0.761,310.0,1142.0,531.0,236.0,78.0,392.0,532.0,64.4,113.3,0.319,0.437,0.588,51.9,59.5,10.4,8.4,0.556,15.2,29.2,0.243,1.0,6.5,12.79,8.0,4.0,0.0,0.0,ACC
2019,Elite Eight,1,Duke,2,Michigan State,1,38.0,0.842,14.0,4.0,1157.0,0.478,278.0,0.308,551.0,0.686,495.0,1567.0,606.0,346.0,257.0,488.0,595.0,73.2,112.6,0.332,0.373,0.561,53.8,52.4,12.4,16.4,0.536,14.8,35.3,0.228,1.0,17.48,9.41,35.0,25.0,12.0,5.0,ACC,39.0,0.821,16.0,4.0,1071.0,0.48,319.0,0.378,564.0,0.753,414.0,1579.0,715.0,201.0,205.0,493.0,647.0,68.1,113.1,0.336,0.378,0.585,56.1,66.8,7.5,13.7,0.552,16.0,33.2,0.253,1.0,12.94,11.99,22.0,14.0,8.0,1.0,Big Ten
2019,First Round,5,Mississippi State,12,Liberty,1,34.0,0.676,10.0,8.0,936.0,0.472,292.0,0.377,464.0,0.717,393.0,1215.0,481.0,274.0,172.0,451.0,586.0,68.6,111.9,0.326,0.391,0.574,52.8,51.4,11.7,14.0,0.546,16.5,34.6,0.234,1.0,10.03,5.93,11.0,5.0,3.0,0.0,SEC,36.0,0.806,14.0,2.0,963.0,0.487,322.0,0.369,406.0,0.775,270.0,1174.0,532.0,223.0,96.0,395.0,543.0,65.4,112.8,0.265,0.442,0.596,51.5,55.2,9.5,8.1,0.569,15.1,25.1,0.205,0.0,-3.23,8.5,2.0,0.0,0.0,0.0,A-Sun
2019,Second Round,4,Virginia Tech,12,Liberty,0,35.0,0.743,12.0,6.0,893.0,0.47,327.0,0.394,461.0,0.761,310.0,1142.0,531.0,236.0,78.0,392.0,532.0,64.4,113.3,0.319,0.437,0.588,51.9,59.5,10.4,8.4,0.556,15.2,29.2,0.243,1.0,6.5,12.79,8.0,4.0,0.0,0.0,ACC,36.0,0.806,14.0,2.0,963.0,0.487,322.0,0.369,406.0,0.775,270.0,1174.0,532.0,223.0,96.0,395.0,543.0,65.4,112.8,0.265,0.442,0.596,51.5,55.2,9.5,8.1,0.569,15.1,25.1,0.205,0.0,-3.23,8.5,2.0,0.0,0.0,0.0,A-Sun
2019,First Round,4,Virginia Tech,13,Saint Louis,0,35.0,0.743,12.0,6.0,893.0,0.47,327.0,0.394,461.0,0.761,310.0,1142.0,531.0,236.0,78.0,392.0,532.0,64.4,113.3,0.319,0.437,0.588,51.9,59.5,10.4,8.4,0.556,15.2,29.2,0.243,1.0,6.5,12.79,8.0,4.0,0.0,0.0,ACC,36.0,0.639,10.0,8.0,855.0,0.417,205.0,0.304,484.0,0.598,492.0,1428.0,460.0,254.0,145.0,464.0,634.0,67.0,99.4,0.394,0.329,0.492,54.5,53.8,10.5,11.9,0.467,16.0,35.7,0.236,0.0,-3.11,8.17,7.0,0.0,0.0,0.0,A-10
2019,First Round,6,Maryland,11,Belmont,0,34.0,0.676,13.0,7.0,858.0,0.449,247.0,0.349,466.0,0.743,378.0,1336.0,447.0,148.0,163.0,437.0,526.0,66.6,107.3,0.328,0.37,0.55,56.0,52.1,6.5,13.4,0.514,16.5,34.0,0.244,1.0,5.58,10.43,9.0,2.0,0.0,0.0,Big Ten,33.0,0.818,16.0,2.0,1042.0,0.498,343.0,0.372,441.0,0.737,286.0,1275.0,645.0,220.0,125.0,376.0,509.0,74.2,116.2,0.286,0.44,0.603,52.2,61.9,8.9,9.1,0.58,13.7,25.1,0.211,0.0,11.35,-2.23,8.0,0.0,0.0,0.0,OVC
2019,First Round,3,LSU,14,Yale,0,35.0,0.8,16.0,2.0,988.0,0.457,236.0,0.319,603.0,0.752,460.0,1355.0,452.0,308.0,148.0,452.0,634.0,70.6,111.1,0.371,0.342,0.553,53.0,45.7,12.2,11.8,0.512,15.1,36.2,0.279,1.0,13.87,2.63,3.0,1.0,0.0,0.0,SEC,30.0,0.733,10.0,4.0,893.0,0.493,230.0,0.363,411.0,0.738,259.0,1157.0,503.0,177.0,131.0,392.0,510.0,72.9,109.7,0.307,0.35,0.584,52.9,56.3,8.0,11.2,0.556,15.9,25.8,0.227,0.0,7.97,-2.44,2.0,0.0,0.0,0.0,Ivy
2019,Second Round,3,LSU,6,Maryland,0,35.0,0.8,16.0,2.0,988.0,0.457,236.0,0.319,603.0,0.752,460.0,1355.0,452.0,308.0,148.0,452.0,634.0,70.6,111.1,0.371,0.342,0.553,53.0,45.7,12.2,11.8,0.512,15.1,36.2,0.279,1.0,13.87,2.63,3.0,1.0,0.0,0.0,SEC,34.0,0.676,13.0,7.0,858.0,0.449,247.0,0.349,466.0,0.743,378.0,1336.0,447.0,148.0,163.0,437.0,526.0,66.6,107.3,0.328,0.37,0.55,56.0,52.1,6.5,13.4,0.514,16.5,34.0,0.244,1.0,5.58,10.43,9.0,2.0,0.0,0.0,Big Ten
2019,First Round,7,Louisville,10,Minnesota,1,34.0,0.588,10.0,8.0,854.0,0.434,294.0,0.342,534.0,0.777,345.0,1297.0,458.0,149.0,99.0,412.0,591.0,68.4,107.4,0.349,0.437,0.553,52.4,53.6,6.3,7.9,0.509,15.2,29.0,0.271,1.0,8.4,8.88,9.0,4.0,0.0,0.0,ACC,36.0,0.611,9.0,11.0,887.0,0.435,191.0,0.317,578.0,0.682,402.0,1314.0,523.0,175.0,140.0,418.0,578.0,67.9,103.7,0.416,0.296,0.521,51.2,59.0,7.1,10.1,0.482,14.6,30.9,0.283,0.0,5.5,7.02,2.0,0.0,0.0,0.0,Big Ten
2019,Second Round,2,Michigan State,10,Minnesota,0,39.0,0.821,16.0,4.0,1071.0,0.48,319.0,0.378,564.0,0.753,414.0,1579.0,715.0,201.0,205.0,493.0,647.0,68.1,113.1,0.336,0.378,0.585,56.1,66.8,7.5,13.7,0.552,16.0,33.2,0.253,1.0,12.94,11.99,22.0,14.0,8.0,1.0,Big Ten,36.0,0.611,9.0,11.0,887.0,0.435,191.0,0.317,578.0,0.682,402.0,1314.0,523.0,175.0,140.0,418.0,578.0,67.9,103.7,0.416,0.296,0.521,51.2,59.0,7.1,10.1,0.482,14.6,30.9,0.283,0.0,5.5,7.02,2.0,0.0,0.0,0.0,Big Ten
2019,First Round,2,Michigan State,15,Bradley,0,39.0,0.821,16.0,4.0,1071.0,0.48,319.0,0.378,564.0,0.753,414.0,1579.0,715.0,201.0,205.0,493.0,647.0,68.1,113.1,0.336,0.378,0.585,56.1,66.8,7.5,13.7,0.552,16.0,33.2,0.253,1.0,12.94,11.99,22.0,14.0,8.0,1.0,Big Ten,35.0,0.571,9.0,9.0,812.0,0.433,240.0,0.368,465.0,0.692,313.0,1195.0,423.0,186.0,132.0,440.0,617.0,66.2,100.2,0.359,0.348,0.531,50.7,52.1,8.0,11.6,0.497,16.7,26.9,0.248,0.0,-4.59,4.52,1.0,0.0,0.0,0.0,MVC
2019,Sweet Sixteen,2,Michigan State,3,LSU,0,39.0,0.821,16.0,4.0,1071.0,0.48,319.0,0.378,564.0,0.753,414.0,1579.0,715.0,201.0,205.0,493.0,647.0,68.1,113.1,0.336,0.378,0.585,56.1,66.8,7.5,13.7,0.552,16.0,33.2,0.253,1.0,12.94,11.99,22.0,14.0,8.0,1.0,Big Ten,35.0,0.8,16.0,2.0,988.0,0.457,236.0,0.319,603.0,0.752,460.0,1355.0,452.0,308.0,148.0,452.0,634.0,70.6,111.1,0.371,0.342,0.553,53.0,45.7,12.2,11.8,0.512,15.1,36.2,0.279,1.0,13.87,2.63,3.0,1.0,0.0,0.0,SEC
2019,Final Four,2,Michigan State,3,Texas Tech,1,39.0,0.821,16.0,4.0,1071.0,0.48,319.0,0.378,564.0,0.753,414.0,1579.0,715.0,201.0,205.0,493.0,647.0,68.1,113.1,0.336,0.378,0.585,56.1,66.8,7.5,13.7,0.552,16.0,33.2,0.253,1.0,12.94,11.99,22.0,14.0,8.0,1.0,Big Ten,38.0,0.816,14.0,4.0,990.0,0.469,277.0,0.365,508.0,0.732,315.0,1297.0,518.0,278.0,186.0,457.0,663.0,67.6,106.9,0.329,0.36,0.567,50.8,52.3,10.7,15.4,0.535,15.8,26.3,0.241,1.0,5.95,16.84,3.0,2.0,1.0,0.0,Big 12
2019,Elite Eight,1,Gonzaga,3,Texas Tech,1,37.0,0.892,16.0,0.0,1177.0,0.526,287.0,0.363,602.0,0.761,354.0,1443.0,668.0,278.0,204.0,394.0,603.0,71.7,122.2,0.353,0.353,0.62,54.7,56.8,10.5,13.9,0.59,13.1,30.4,0.269,1.0,18.57,9.22,20.0,9.0,1.0,0.0,WCC,38.0,0.816,14.0,4.0,990.0,0.469,277.0,0.365,508.0,0.732,315.0,1297.0,518.0,278.0,186.0,457.0,663.0,67.6,106.9,0.329,0.36,0.567,50.8,52.3,10.7,15.4,0.535,15.8,26.3,0.241,1.0,5.95,16.84,3.0,2.0,1.0,0.0,Big 12
2019,Sweet Sixteen,2,Michigan,3,Texas Tech,1,37.0,0.811,15.0,5.0,941.0,0.448,287.0,0.342,406.0,0.701,299.0,1307.0,512.0,225.0,149.0,334.0,514.0,65.4,106.5,0.275,0.399,0.542,50.7,54.4,9.3,10.3,0.516,12.3,23.9,0.193,1.0,4.23,17.6,13.0,7.0,2.0,0.0,Big Ten,38.0,0.816,14.0,4.0,990.0,0.469,277.0,0.365,508.0,0.732,315.0,1297.0,518.0,278.0,186.0,457.0,663.0,67.6,106.9,0.329,0.36,0.567,50.8,52.3,10.7,15.4,0.535,15.8,26.3,0.241,1.0,5.95,16.84,3.0,2.0,1.0,0.0,Big 12
2019,National Championship,1,Virginia,3,Texas Tech,0,38.0,0.921,16.0,2.0,974.0,0.474,321.0,0.395,445.0,0.744,342.0,1326.0,544.0,211.0,149.0,342.0,542.0,60.8,116.3,0.291,0.395,0.58,53.9,55.9,9.0,13.0,0.552,12.8,29.7,0.216,1.0,5.08,20.38,9.0,4.0,1.0,1.0,ACC,38.0,0.816,14.0,4.0,990.0,0.469,277.0,0.365,508.0,0.732,315.0,1297.0,518.0,278.0,186.0,457.0,663.0,67.6,106.9,0.329,0.36,0.567,50.8,52.3,10.7,15.4,0.535,15.8,26.3,0.241,1.0,5.95,16.84,3.0,2.0,1.0,0.0,Big 12
2019,Second Round,1,Gonzaga,9,Baylor,0,37.0,0.892,16.0,0.0,1177.0,0.526,287.0,0.363,602.0,0.761,354.0,1443.0,668.0,278.0,204.0,394.0,603.0,71.7,122.2,0.353,0.353,0.62,54.7,56.8,10.5,13.9,0.59,13.1,30.4,0.269,1.0,18.57,9.22,20.0,9.0,1.0,0.0,WCC,34.0,0.588,10.0,8.0,869.0,0.442,274.0,0.341,430.0,0.677,450.0,1281.0,473.0,209.0,159.0,446.0,636.0,66.5,107.6,0.323,0.408,0.538,54.1,54.4,9.2,13.8,0.512,16.4,37.6,0.219,0.0,5.23,8.15,8.0,4.0,0.0,0.0,Big 12
2019,First Round,8,Syracuse,9,Baylor,1,34.0,0.588,10.0,8.0,808.0,0.424,274.0,0.333,480.0,0.685,363.0,1174.0,408.0,278.0,162.0,423.0,588.0,67.2,103.4,0.368,0.432,0.529,48.4,50.5,12.1,16.8,0.496,15.9,30.0,0.252,0.0,3.37,10.37,34.0,19.0,5.0,1.0,ACC,34.0,0.588,10.0,8.0,869.0,0.442,274.0,0.341,430.0,0.677,450.0,1281.0,473.0,209.0,159.0,446.0,636.0,66.5,107.6,0.323,0.408,0.538,54.1,54.4,9.2,13.8,0.512,16.4,37.6,0.219,0.0,5.23,8.15,8.0,4.0,0.0,0.0,Big 12
2019,Sweet Sixteen,1,Gonzaga,4,Florida State,0,37.0,0.892,16.0,0.0,1177.0,0.526,287.0,0.363,602.0,0.761,354.0,1443.0,668.0,278.0,204.0,394.0,603.0,71.7,122.2,0.353,0.353,0.62,54.7,56.8,10.5,13.9,0.59,13.1,30.4,0.269,1.0,18.57,9.22,20.0,9.0,1.0,0.0,WCC,37.0,0.784,13.0,5.0,960.0,0.442,272.0,0.332,579.0,0.744,418.0,1391.0,475.0,266.0,161.0,492.0,705.0,69.5,106.3,0.358,0.377,0.545,53.2,49.5,10.2,12.7,0.505,16.2,32.3,0.267,1.0,8.69,9.31,10.0,4.0,0.0,0.0,ACC
2019,First Round,5,Marquette,12,Murray State,1,34.0,0.706,12.0,6.0,893.0,0.454,319.0,0.388,524.0,0.757,331.0,1292.0,456.0,168.0,145.0,467.0,635.0,70.7,108.2,0.351,0.417,0.572,53.0,51.1,6.9,11.2,0.535,16.9,29.1,0.266,0.0,8.5,6.28,2.0,0.0,0.0,0.0,Big East,33.0,0.848,16.0,2.0,988.0,0.492,258.0,0.353,493.0,0.733,351.0,1247.0,591.0,249.0,149.0,401.0,527.0,71.8,115.1,0.335,0.364,0.586,52.1,59.8,10.5,11.5,0.557,14.7,31.3,0.246,0.0,6.13,2.83,2.0,0.0,0.0,0.0,OVC
2019,Second Round,4,Florida State,12,Murray State,0,37.0,0.784,13.0,5.0,960.0,0.442,272.0,0.332,579.0,0.744,418.0,1391.0,475.0,266.0,161.0,492.0,705.0,69.5,106.3,0.358,0.377,0.545,53.2,49.5,10.2,12.7,0.505,16.2,32.3,0.267,1.0,8.69,9.31,10.0,4.0,0.0,0.0,ACC,33.0,0.848,16.0,2.0,988.0,0.492,258.0,0.353,493.0,0.733,351.0,1247.0,591.0,249.0,149.0,401.0,527.0,71.8,115.1,0.335,0.364,0.586,52.1,59.8,10.5,11.5,0.557,14.7,31.3,0.246,0.0,6.13,2.83,2.0,0.0,0.0,0.0,OVC
2019,First Round,4,Florida State,13,Vermont,0,37.0,0.784,13.0,5.0,960.0,0.442,272.0,0.332,579.0,0.744,418.0,1391.0,475.0,266.0,161.0,492.0,705.0,69.5,106.3,0.358,0.377,0.545,53.2,49.5,10.2,12.7,0.505,16.2,32.3,0.267,1.0,8.69,9.31,10.0,4.0,0.0,0.0,ACC,34.0,0.794,14.0,2.0,864.0,0.458,273.0,0.359,507.0,0.748,304.0,1194.0,399.0,188.0,136.0,377.0,568.0,66.5,110.2,0.359,0.403,0.568,53.2,46.2,8.3,11.9,0.53,14.6,27.3,0.269,0.0,-0.37,5.25,3.0,0.0,0.0,0.0,AEC
2019,First Round,6,Buffalo,11,Arizona State,0,36.0,0.889,16.0,2.0,1083.0,0.462,344.0,0.337,527.0,0.687,452.0,1470.0,599.0,263.0,140.0,433.0,659.0,74.5,112.8,0.327,0.436,0.561,52.4,55.3,9.8,10.1,0.535,13.8,31.8,0.225,1.0,14.35,1.22,3.0,0.0,0.0,0.0,MAC,34.0,0.676,12.0,6.0,899.0,0.447,240.0,0.336,600.0,0.68,399.0,1351.0,459.0,213.0,109.0,466.0,675.0,72.5,105.4,0.438,0.355,0.543,52.6,51.1,8.5,9.6,0.506,16.1,31.3,0.298,0.0,8.06,2.22,3.0,0.0,0.0,0.0,Pac-12
2019,First Round,3,Texas Tech,14,Northern Kentucky,0,38.0,0.816,14.0,4.0,990.0,0.469,277.0,0.365,508.0,0.732,315.0,1297.0,518.0,278.0,186.0,457.0,663.0,67.6,106.9,0.329,0.36,0.567,50.8,52.3,10.7,15.4,0.535,15.8,26.3,0.241,1.0,5.95,16.84,3.0,2.0,1.0,0.0,Big 12,35.0,0.743,13.0,5.0,979.0,0.478,306.0,0.363,483.0,0.666,364.0,1298.0,592.0,218.0,139.0,441.0,664.0,70.0,111.3,0.354,0.412,0.574,53.2,60.5,8.8,11.5,0.553,15.6,30.6,0.236,0.0,3.55,1.11,2.0,0.0,0.0,0.0,Horizon
2019,Second Round,3,Texas Tech,6,Buffalo,0,38.0,0.816,14.0,4.0,990.0,0.469,277.0,0.365,508.0,0.732,315.0,1297.0,518.0,278.0,186.0,457.0,663.0,67.6,106.9,0.329,0.36,0.567,50.8,52.3,10.7,15.4,0.535,15.8,26.3,0.241,1.0,5.95,16.84,3.0,2.0,1.0,0.0,Big 12,36.0,0.889,16.0,2.0,1083.0,0.462,344.0,0.337,527.0,0.687,452.0,1470.0,599.0,263.0,140.0,433.0,659.0,74.5,112.8,0.327,0.436,0.561,52.4,55.3,9.8,10.1,0.535,13.8,31.8,0.225,1.0,14.35,1.22,3.0,0.0,0.0,0.0,MAC
2019,First Round,7,Nevada,10,Florida,1,34.0,0.853,15.0,3.0,924.0,0.462,297.0,0.347,578.0,0.708,325.0,1274.0,498.0,211.0,134.0,352.0,584.0,70.7,113.2,0.408,0.428,0.57,51.8,53.9,8.8,11.2,0.537,12.9,27.1,0.289,1.0,9.4,6.61,3.0,1.0,0.0,0.0,MWC,36.0,0.556,9.0,9.0,857.0,0.425,291.0,0.334,435.0,0.721,375.0,1201.0,437.0,257.0,131.0,420.0,614.0,64.7,103.7,0.299,0.433,0.53,49.2,51.0,10.9,11.0,0.498,15.4,30.6,0.216,1.0,0.81,14.61,3.0,1.0,0.0,0.0,SEC
2019,Second Round,2,Michigan,10,Florida,0,37.0,0.811,15.0,5.0,941.0,0.448,287.0,0.342,406.0,0.701,299.0,1307.0,512.0,225.0,149.0,334.0,514.0,65.4,106.5,0.275,0.399,0.542,50.7,54.4,9.3,10.3,0.516,12.3,23.9,0.193,1.0,4.23,17.6,13.0,7.0,2.0,0.0,Big Ten,36.0,0.556,9.0,9.0,857.0,0.425,291.0,0.334,435.0,0.721,375.0,1201.0,437.0,257.0,131.0,420.0,614.0,64.7,103.7,0.299,0.433,0.53,49.2,51.0,10.9,11.0,0.498,15.4,30.6,0.216,1.0,0.81,14.61,3.0,1.0,0.0,0.0,SEC
2019,First Round,2,Michigan,15,Montana,0,37.0,0.811,15.0,5.0,941.0,0.448,287.0,0.342,406.0,0.701,299.0,1307.0,512.0,225.0,149.0,334.0,514.0,65.4,106.5,0.275,0.399,0.542,50.7,54.4,9.3,10.3,0.516,12.3,23.9,0.193,1.0,4.23,17.6,13.0,7.0,2.0,0.0,Big Ten,35.0,0.743,16.0,4.0,975.0,0.492,287.0,0.376,428.0,0.689,293.0,1176.0,510.0,229.0,106.0,416.0,655.0,68.6,110.6,0.313,0.385,0.585,51.8,52.3,9.5,8.8,0.564,15.4,26.6,0.216,0.0,0.45,1.05,2.0,0.0,0.0,0.0,Big Sky
2019,First Round,1,UNC,16,Iona,0,36.0,0.806,16.0,2.0,1118.0,0.464,312.0,0.362,541.0,0.743,477.0,1589.0,678.0,252.0,120.0,473.0,611.0,75.9,112.7,0.302,0.358,0.56,56.6,60.6,9.2,9.5,0.529,14.6,34.8,0.224,1.0,19.81,4.12,29.0,19.0,9.0,3.0,ACC,33.0,0.515,12.0,6.0,857.0,0.452,297.0,0.351,521.0,0.745,283.0,1152.0,432.0,223.0,90.0,406.0,564.0,71.4,107.4,0.368,0.445,0.568,48.0,50.4,9.5,7.7,0.53,15.4,24.3,0.275,0.0,2.92,-7.69,6.0,0.0,0.0,0.0,MAAC
2019,Second Round,1,UNC,9,Washington,0,36.0,0.806,16.0,2.0,1118.0,0.464,312.0,0.362,541.0,0.743,477.0,1589.0,678.0,252.0,120.0,473.0,611.0,75.9,112.7,0.302,0.358,0.56,56.6,60.6,9.2,9.5,0.529,14.6,34.8,0.224,1.0,19.81,4.12,29.0,19.0,9.0,3.0,ACC,36.0,0.75,15.0,3.0,883.0,0.451,273.0,0.35,472.0,0.695,334.0,1129.0,419.0,323.0,206.0,479.0,653.0,67.4,103.2,0.347,0.399,0.551,47.6,47.5,13.3,16.3,0.521,17.4,28.8,0.241,0.0,1.22,10.79,1.0,0.0,0.0,0.0,Pac-12
2019,First Round,8,Utah State,9,Washington,1,35.0,0.8,15.0,3.0,959.0,0.471,274.0,0.355,559.0,0.748,377.0,1405.0,598.0,215.0,147.0,449.0,649.0,70.0,111.5,0.367,0.379,0.575,56.2,62.4,8.7,12.2,0.538,15.8,31.9,0.274,0.0,6.8,5.17,1.0,0.0,0.0,0.0,MWC,36.0,0.75,15.0,3.0,883.0,0.451,273.0,0.35,472.0,0.695,334.0,1129.0,419.0,323.0,206.0,479.0,653.0,67.4,103.2,0.347,0.399,0.551,47.6,47.5,13.3,16.3,0.521,17.4,28.8,0.241,0.0,1.22,10.79,1.0,0.0,0.0,0.0,Pac-12
2019,Sweet Sixteen,1,UNC,5,Auburn,1,36.0,0.806,16.0,2.0,1118.0,0.464,312.0,0.362,541.0,0.743,477.0,1589.0,678.0,252.0,120.0,473.0,611.0,75.9,112.7,0.302,0.358,0.56,56.6,60.6,9.2,9.5,0.529,14.6,34.8,0.224,1.0,19.81,4.12,29.0,19.0,9.0,3.0,ACC,40.0,0.75,11.0,7.0,1097.0,0.45,454.0,0.377,540.0,0.711,457.0,1369.0,572.0,369.0,190.0,466.0,731.0,69.2,114.1,0.312,0.494,0.569,49.2,52.1,13.2,15.6,0.543,14.3,31.6,0.221,1.0,13.12,7.72,10.0,5.0,1.0,0.0,SEC
2019,Second Round,4,Kansas,5,Auburn,1,36.0,0.722,12.0,6.0,989.0,0.465,260.0,0.35,487.0,0.705,374.0,1376.0,478.0,243.0,139.0,472.0,610.0,70.3,106.5,0.325,0.349,0.555,52.1,48.3,9.5,10.9,0.526,16.1,29.9,0.229,1.0,10.88,7.47,21.0,13.0,3.0,1.0,Big 12,40.0,0.75,11.0,7.0,1097.0,0.45,454.0,0.377,540.0,0.711,457.0,1369.0,572.0,369.0,190.0,466.0,731.0,69.2,114.1,0.312,0.494,0.569,49.2,52.1,13.2,15.6,0.543,14.3,31.6,0.221,1.0,13.12,7.72,10.0,5.0,1.0,0.0,SEC
2019,Elite Eight,2,Kentucky,5,Auburn,1,37.0,0.811,15.0,3.0,978.0,0.477,215.0,0.354,635.0,0.739,427.0,1428.0,501.0,220.0,176.0,466.0,600.0,67.3,111.9,0.419,0.296,0.571,56.9,51.2,8.8,13.4,0.53,15.9,36.4,0.31,1.0,8.31,13.12,20.0,15.0,6.0,1.0,SEC,40.0,0.75,11.0,7.0,1097.0,0.45,454.0,0.377,540.0,0.711,457.0,1369.0,572.0,369.0,190.0,466.0,731.0,69.2,114.1,0.312,0.494,0.569,49.2,52.1,13.2,15.6,0.543,14.3,31.6,0.221,1.0,13.12,7.72,10.0,5.0,1.0,0.0,SEC
2019,Final Four,1,Virginia,5,Auburn,0,38.0,0.921,16.0,2.0,974.0,0.474,321.0,0.395,445.0,0.744,342.0,1326.0,544.0,211.0,149.0,342.0,542.0,60.8,116.3,0.291,0.395,0.58,53.9,55.9,9.0,13.0,0.552,12.8,29.7,0.216,1.0,5.08,20.38,9.0,4.0,1.0,1.0,ACC,40.0,0.75,11.0,7.0,1097.0,0.45,454.0,0.377,540.0,0.711,457.0,1369.0,572.0,369.0,190.0,466.0,731.0,69.2,114.1,0.312,0.494,0.569,49.2,52.1,13.2,15.6,0.543,14.3,31.6,0.221,1.0,13.12,7.72,10.0,5.0,1.0,0.0,SEC
2019,First Round,5,Auburn,12,New Mexico State,0,40.0,0.75,11.0,7.0,1097.0,0.45,454.0,0.377,540.0,0.711,457.0,1369.0,572.0,369.0,190.0,466.0,731.0,69.2,114.1,0.312,0.494,0.569,49.2,52.1,13.2,15.6,0.543,14.3,31.6,0.221,1.0,13.12,7.72,10.0,5.0,1.0,0.0,SEC,35.0,0.857,15.0,1.0,962.0,0.46,326.0,0.334,484.0,0.678,445.0,1343.0,514.0,197.0,91.0,419.0,632.0,68.3,113.9,0.341,0.467,0.562,57.2,53.4,8.2,8.1,0.538,14.7,36.7,0.231,0.0,3.91,6.14,2.0,0.0,0.0,0.0,WAC
2019,First Round,4,Kansas,13,Northeastern,0,36.0,0.722,12.0,6.0,989.0,0.465,260.0,0.35,487.0,0.705,374.0,1376.0,478.0,243.0,139.0,472.0,610.0,70.3,106.5,0.325,0.349,0.555,52.1,48.3,9.5,10.9,0.526,16.1,29.9,0.229,1.0,10.88,7.47,21.0,13.0,3.0,1.0,Big 12,34.0,0.676,14.0,4.0,880.0,0.476,328.0,0.382,476.0,0.751,237.0,1075.0,480.0,211.0,74.0,381.0,539.0,66.3,111.7,0.343,0.464,0.597,49.7,54.5,9.2,6.0,0.565,15.1,22.5,0.258,0.0,2.73,1.22,2.0,0.0,0.0,0.0,CAA
2019,First Round,6,Iowa State,11,Ohio State,1,35.0,0.657,9.0,9.0,974.0,0.476,294.0,0.363,450.0,0.732,327.0,1230.0,527.0,247.0,160.0,379.0,517.0,68.2,112.7,0.3,0.396,0.575,50.3,54.1,10.3,12.5,0.548,13.9,28.4,0.22,1.0,10.5,7.57,4.0,1.0,0.0,0.0,Big 12,35.0,0.571,8.0,12.0,839.0,0.434,264.0,0.341,477.0,0.734,328.0,1215.0,494.0,206.0,85.0,438.0,623.0,66.7,103.2,0.337,0.401,0.54,50.9,58.9,8.8,7.0,0.503,16.4,27.6,0.247,0.0,2.84,11.04,5.0,1.0,0.0,0.0,Big Ten
2019,Second Round,3,Houston,11,Ohio State,0,37.0,0.892,16.0,2.0,982.0,0.446,333.0,0.355,490.0,0.703,448.0,1502.0,548.0,240.0,161.0,410.0,705.0,67.3,111.8,0.316,0.426,0.55,54.9,55.8,9.6,13.4,0.521,13.9,33.8,0.222,1.0,6.31,12.6,16.0,4.0,1.0,0.0,AAC,35.0,0.571,8.0,12.0,839.0,0.434,264.0,0.341,477.0,0.734,328.0,1215.0,494.0,206.0,85.0,438.0,623.0,66.7,103.2,0.337,0.401,0.54,50.9,58.9,8.8,7.0,0.503,16.4,27.6,0.247,0.0,2.84,11.04,5.0,1.0,0.0,0.0,Big Ten
2019,First Round,3,Houston,14,Georgia State,0,37.0,0.892,16.0,2.0,982.0,0.446,333.0,0.355,490.0,0.703,448.0,1502.0,548.0,240.0,161.0,410.0,705.0,67.3,111.8,0.316,0.426,0.55,54.9,55.8,9.6,13.4,0.521,13.9,33.8,0.222,1.0,6.31,12.6,16.0,4.0,1.0,0.0,AAC,34.0,0.706,13.0,5.0,903.0,0.459,330.0,0.384,462.0,0.666,273.0,1110.0,415.0,269.0,158.0,391.0,583.0,71.3,107.1,0.353,0.436,0.565,45.4,46.0,11.1,14.0,0.543,14.5,23.1,0.235,0.0,3.57,-1.13,4.0,0.0,0.0,0.0,Sun Belt
2019,First Round,7,Wofford,10,Seton Hall,0,35.0,0.857,18.0,0.0,1044.0,0.49,385.0,0.414,406.0,0.704,365.0,1232.0,528.0,233.0,105.0,377.0,589.0,68.5,119.2,0.271,0.436,0.598,54.5,50.6,9.6,9.1,0.58,13.5,32.5,0.19,0.0,7.67,6.26,5.0,0.0,0.0,0.0,Southern,34.0,0.588,9.0,9.0,888.0,0.439,240.0,0.324,492.0,0.706,361.0,1213.0,459.0,235.0,132.0,423.0,638.0,70.1,104.1,0.345,0.367,0.533,50.0,51.7,9.8,11.2,0.499,15.2,29.6,0.243,0.0,5.79,4.46,4.0,0.0,0.0,0.0,Big East
2019,First Round,2,Kentucky,15,Abilene Christian,0,37.0,0.811,15.0,3.0,978.0,0.477,215.0,0.354,635.0,0.739,427.0,1428.0,501.0,220.0,176.0,466.0,600.0,67.3,111.9,0.419,0.296,0.571,56.9,51.2,8.8,13.4,0.53,15.9,36.4,0.31,1.0,8.31,13.12,20.0,15.0,6.0,1.0,SEC,34.0,0.794,14.0,4.0,897.0,0.469,251.0,0.38,457.0,0.712,325.0,1110.0,525.0,297.0,93.0,407.0,635.0,67.2,108.6,0.336,0.345,0.565,50.3,58.5,12.9,8.0,0.535,15.5,28.8,0.239,0.0,-4.14,2.24,1.0,0.0,0.0,0.0,Southland
2019,Second Round,2,Kentucky,7,Wofford,0,37.0,0.811,15.0,3.0,978.0,0.477,215.0,0.354,635.0,0.739,427.0,1428.0,501.0,220.0,176.0,466.0,600.0,67.3,111.9,0.419,0.296,0.571,56.9,51.2,8.8,13.4,0.53,15.9,36.4,0.31,1.0,8.31,13.12,20.0,15.0,6.0,1.0,SEC,35.0,0.857,18.0,0.0,1044.0,0.49,385.0,0.414,406.0,0.704,365.0,1232.0,528.0,233.0,105.0,377.0,589.0,68.5,119.2,0.271,0.436,0.598,54.5,50.6,9.6,9.1,0.58,13.5,32.5,0.19,0.0,7.67,6.26,5.0,0.0,0.0,0.0,Southern
2019,Sweet Sixteen,2,Kentucky,3,Houston,0,37.0,0.811,15.0,3.0,978.0,0.477,215.0,0.354,635.0,0.739,427.0,1428.0,501.0,220.0,176.0,466.0,600.0,67.3,111.9,0.419,0.296,0.571,56.9,51.2,8.8,13.4,0.53,15.9,36.4,0.31,1.0,8.31,13.12,20.0,15.0,6.0,1.0,SEC,37.0,0.892,16.0,2.0,982.0,0.446,333.0,0.355,490.0,0.703,448.0,1502.0,548.0,240.0,161.0,410.0,705.0,67.3,111.8,0.316,0.426,0.55,54.9,55.8,9.6,13.4,0.521,13.9,33.8,0.222,1.0,6.31,12.6,16.0,4.0,1.0,0.0,AAC
2019,First Round,1,Virginia,16,Gardner-Webb,0,38.0,0.921,16.0,2.0,974.0,0.474,321.0,0.395,445.0,0.744,342.0,1326.0,544.0,211.0,149.0,342.0,542.0,60.8,116.3,0.291,0.395,0.58,53.9,55.9,9.0,13.0,0.552,12.8,29.7,0.216,1.0,5.08,20.38,9.0,4.0,1.0,1.0,ACC,35.0,0.657,11.0,6.0,955.0,0.487,281.0,0.391,527.0,0.711,271.0,1190.0,502.0,238.0,101.0,407.0,561.0,68.5,110.9,0.378,0.366,0.587,49.2,52.6,9.7,8.8,0.558,15.0,24.5,0.269,0.0,1.19,-3.8,1.0,0.0,0.0,0.0,Big South
2019,Second Round,1,Virginia,9,Oklahoma,0,38.0,0.921,16.0,2.0,974.0,0.474,321.0,0.395,445.0,0.744,342.0,1326.0,544.0,211.0,149.0,342.0,542.0,60.8,116.3,0.291,0.395,0.58,53.9,55.9,9.0,13.0,0.552,12.8,29.7,0.216,1.0,5.08,20.38,9.0,4.0,1.0,1.0,ACC,34.0,0.588,7.0,11.0,883.0,0.447,226.0,0.346,431.0,0.697,305.0,1263.0,430.0,203.0,102.0,401.0,527.0,69.3,102.5,0.313,0.331,0.534,50.2,48.7,8.6,8.3,0.504,15.0,25.6,0.218,0.0,6.9,8.4,19.0,5.0,2.0,0.0,Big 12
2019,First Round,8,Ole Miss,9,Oklahoma,1,33.0,0.606,10.0,8.0,876.0,0.46,272.0,0.358,461.0,0.783,322.0,1128.0,475.0,235.0,118.0,416.0,603.0,69.2,108.4,0.309,0.399,0.568,51.1,54.2,10.2,9.6,0.531,16.0,30.1,0.242,0.0,7.75,4.57,6.0,0.0,0.0,0.0,SEC,34.0,0.588,7.0,11.0,883.0,0.447,226.0,0.346,431.0,0.697,305.0,1263.0,430.0,203.0,102.0,401.0,527.0,69.3,102.5,0.313,0.331,0.534,50.2,48.7,8.6,8.3,0.504,15.0,25.6,0.218,0.0,6.9,8.4,19.0,5.0,2.0,0.0,Big 12
2019,Sweet Sixteen,1,Virginia,12,Oregon,0,38.0,0.921,16.0,2.0,974.0,0.474,321.0,0.395,445.0,0.744,342.0,1326.0,544.0,211.0,149.0,342.0,542.0,60.8,116.3,0.291,0.395,0.58,53.9,55.9,9.0,13.0,0.552,12.8,29.7,0.216,1.0,5.08,20.38,9.0,4.0,1.0,1.0,ACC,38.0,0.658,10.0,8.0,958.0,0.451,295.0,0.351,450.0,0.721,361.0,1307.0,501.0,290.0,162.0,442.0,665.0,65.5,106.2,0.294,0.395,0.549,51.1,52.3,11.6,14.6,0.52,15.4,29.1,0.212,0.0,0.68,13.27,14.0,4.0,1.0,0.0,Pac-12
2019,First Round,5,Wisconsin,12,Oregon,1,34.0,0.676,14.0,6.0,874.0,0.449,241.0,0.359,344.0,0.648,283.0,1197.0,430.0,177.0,140.0,327.0,511.0,64.8,103.9,0.273,0.346,0.531,49.8,49.2,7.9,11.0,0.511,13.0,24.3,0.177,1.0,2.77,15.13,3.0,2.0,0.0,0.0,Big Ten,38.0,0.658,10.0,8.0,958.0,0.451,295.0,0.351,450.0,0.721,361.0,1307.0,501.0,290.0,162.0,442.0,665.0,65.5,106.2,0.294,0.395,0.549,51.1,52.3,11.6,14.6,0.52,15.4,29.1,0.212,0.0,0.68,13.27,14.0,4.0,1.0,0.0,Pac-12
2019,Elite Eight,1,Virginia,3,Purdue,0,38.0,0.921,16.0,2.0,974.0,0.474,321.0,0.395,445.0,0.744,342.0,1326.0,544.0,211.0,149.0,342.0,542.0,60.8,116.3,0.291,0.395,0.58,53.9,55.9,9.0,13.0,0.552,12.8,29.7,0.216,1.0,5.08,20.38,9.0,4.0,1.0,1.0,ACC,36.0,0.722,16.0,4.0,967.0,0.451,365.0,0.374,461.0,0.719,421.0,1341.0,518.0,220.0,143.0,381.0,625.0,66.1,114.4,0.299,0.455,0.563,53.7,53.6,9.1,12.6,0.536,13.5,33.8,0.215,1.0,12.29,9.11,12.0,5.0,0.0,0.0,Big Ten
2019,Sweet Sixteen,2,Tennessee,3,Purdue,1,37.0,0.838,15.0,3.0,1106.0,0.496,262.0,0.367,561.0,0.754,379.0,1391.0,660.0,221.0,199.0,412.0,654.0,69.4,116.2,0.333,0.32,0.587,52.3,59.7,8.5,15.2,0.554,13.7,30.9,0.251,1.0,14.69,6.86,24.0,7.0,1.0,0.0,SEC,36.0,0.722,16.0,4.0,967.0,0.451,365.0,0.374,461.0,0.719,421.0,1341.0,518.0,220.0,143.0,381.0,625.0,66.1,114.4,0.299,0.455,0.563,53.7,53.6,9.1,12.6,0.536,13.5,33.8,0.215,1.0,12.29,9.11,12.0,5.0,0.0,0.0,Big Ten
2019,First Round,4,Kansas State,13,UC-Irvine,1,34.0,0.735,14.0,4.0,806.0,0.429,241.0,0.334,383.0,0.667,325.0,1137.0,464.0,256.0,76.0,385.0,550.0,64.9,101.3,0.306,0.384,0.52,50.9,57.6,11.6,7.7,0.493,15.2,28.4,0.204,0.0,-1.44,16.82,13.0,4.0,1.0,0.0,Big 12,37.0,0.838,15.0,1.0,987.0,0.457,252.0,0.359,449.0,0.702,429.0,1471.0,479.0,210.0,153.0,441.0,673.0,66.2,107.8,0.296,0.325,0.543,54.8,48.5,8.5,10.9,0.516,15.2,34.0,0.208,0.0,-0.3,6.0,2.0,0.0,0.0,0.0,Big West
2019,Second Round,12,Oregon,13,UC-Irvine,0,38.0,0.658,10.0,8.0,958.0,0.451,295.0,0.351,450.0,0.721,361.0,1307.0,501.0,290.0,162.0,442.0,665.0,65.5,106.2,0.294,0.395,0.549,51.1,52.3,11.6,14.6,0.52,15.4,29.1,0.212,0.0,0.68,13.27,14.0,4.0,1.0,0.0,Pac-12,37.0,0.838,15.0,1.0,987.0,0.457,252.0,0.359,449.0,0.702,429.0,1471.0,479.0,210.0,153.0,441.0,673.0,66.2,107.8,0.296,0.325,0.543,54.8,48.5,8.5,10.9,0.516,15.2,34.0,0.208,0.0,-0.3,6.0,2.0,0.0,0.0,0.0,Big West
2019,First Round,6,Villanova,11,Saint Mary's,0,36.0,0.722,13.0,5.0,884.0,0.438,380.0,0.352,506.0,0.728,368.0,1253.0,503.0,194.0,106.0,388.0,580.0,65.0,112.2,0.344,0.535,0.565,51.3,56.9,8.2,8.7,0.532,14.2,30.1,0.251,0.0,5.02,9.31,16.0,6.0,3.0,2.0,Big East,34.0,0.647,11.0,5.0,899.0,0.472,253.0,0.378,412.0,0.742,329.0,1180.0,341.0,201.0,87.0,355.0,572.0,64.3,112.2,0.291,0.352,0.568,54.4,37.9,9.2,6.9,0.538,14.1,30.8,0.216,0.0,2.16,10.42,7.0,1.0,0.0,0.0,WCC
2019,First Round,3,Purdue,14,Old Dominion,0,36.0,0.722,16.0,4.0,967.0,0.451,365.0,0.374,461.0,0.719,421.0,1341.0,518.0,220.0,143.0,381.0,625.0,66.1,114.4,0.299,0.455,0.563,53.7,53.6,9.1,12.6,0.536,13.5,33.8,0.215,1.0,12.29,9.11,12.0,5.0,0.0,0.0,Big Ten,35.0,0.743,13.0,5.0,823.0,0.406,264.0,0.349,388.0,0.663,418.0,1365.0,439.0,197.0,160.0,408.0,580.0,65.6,100.2,0.289,0.373,0.499,53.2,53.3,8.6,14.3,0.471,15.0,31.8,0.192,0.0,-5.84,9.58,8.0,2.0,0.0,0.0,CUSA
2019,Second Round,3,Purdue,6,Villanova,0,36.0,0.722,16.0,4.0,967.0,0.451,365.0,0.374,461.0,0.719,421.0,1341.0,518.0,220.0,143.0,381.0,625.0,66.1,114.4,0.299,0.455,0.563,53.7,53.6,9.1,12.6,0.536,13.5,33.8,0.215,1.0,12.29,9.11,12.0,5.0,0.0,0.0,Big Ten,36.0,0.722,13.0,5.0,884.0,0.438,380.0,0.352,506.0,0.728,368.0,1253.0,503.0,194.0,106.0,388.0,580.0,65.0,112.2,0.344,0.535,0.565,51.3,56.9,8.2,8.7,0.532,14.2,30.1,0.251,0.0,5.02,9.31,16.0,6.0,3.0,2.0,Big East
2019,First Round,7,Cincinnati,10,Iowa,1,35.0,0.8,14.0,4.0,872.0,0.432,232.0,0.345,534.0,0.704,442.0,1264.0,466.0,214.0,155.0,365.0,563.0,65.0,109.5,0.376,0.333,0.528,53.7,53.4,9.3,14.5,0.49,13.3,36.9,0.265,0.0,2.64,11.9,11.0,1.0,0.0,0.0,AAC,35.0,0.657,10.0,10.0,914.0,0.456,285.0,0.364,627.0,0.739,357.0,1246.0,542.0,211.0,112.0,427.0,565.0,70.2,110.4,0.423,0.39,0.569,50.6,59.3,8.5,9.0,0.527,15.1,29.5,0.313,0.0,12.59,1.67,9.0,0.0,0.0,0.0,Big Ten
2019,Second Round,2,Tennessee,10,Iowa,0,37.0,0.838,15.0,3.0,1106.0,0.496,262.0,0.367,561.0,0.754,379.0,1391.0,660.0,221.0,199.0,412.0,654.0,69.4,116.2,0.333,0.32,0.587,52.3,59.7,8.5,15.2,0.554,13.7,30.9,0.251,1.0,14.69,6.86,24.0,7.0,1.0,0.0,SEC,35.0,0.657,10.0,10.0,914.0,0.456,285.0,0.364,627.0,0.739,357.0,1246.0,542.0,211.0,112.0,427.0,565.0,70.2,110.4,0.423,0.39,0.569,50.6,59.3,8.5,9.0,0.527,15.1,29.5,0.313,0.0,12.59,1.67,9.0,0.0,0.0,0.0,Big Ten
2019,First Round,2,Tennessee,15,Colgate,0,37.0,0.838,15.0,3.0,1106.0,0.496,262.0,0.367,561.0,0.754,379.0,1391.0,660.0,221.0,199.0,412.0,654.0,69.4,116.2,0.333,0.32,0.587,52.3,59.7,8.5,15.2,0.554,13.7,30.9,0.251,1.0,14.69,6.86,24.0,7.0,1.0,0.0,SEC,35.0,0.686,13.0,5.0,955.0,0.479,320.0,0.393,418.0,0.742,322.0,1240.0,541.0,213.0,121.0,456.0,547.0,67.8,110.3,0.282,0.409,0.585,52.7,56.6,8.9,10.0,0.559,16.8,29.1,0.21,0.0,1.82,-0.59,1.0,0.0,0.0,0.0,Patriot
