Year,Round,Seed_Favorite,Team_Favorite,Seed_Underdog,Team_Underdog,Underdog_Upset,G_Favorite,W_Favorite,W-L%_Favorite,SRS_Favorite,FG_Favorite,FG%_Favorite,3P_Favorite,3P%_Favorite,FT_Favorite,FT%_Favorite,ORB_Favorite,TRB_Favorite,AST_Favorite,STL_Favorite,BLK_Favorite,TOV_Favorite,PF_Favorite,Pace_Favorite,ORtg_Favorite,FTr_Favorite,3PAr_Favorite,TS%_Favorite,TRB%_Favorite,AST%_Favorite,STL%_Favorite,BLK%_Favorite,eFG%_Favorite,TOV%_Favorite,ORB%_Favorite,FT/FGA_Favorite,Top_25_Favorite,MM_Favorite,S16_Favorite,F4_Favorite,Champs_Favorite,G_Underdog,W_Underdog,W-L%_Underdog,SRS_Underdog,FG_Underdog,FG%_Underdog,3P_Underdog,3P%_Underdog,FT_Underdog,FT%_Underdog,ORB_Underdog,TRB_Underdog,AST_Underdog,STL_Underdog,BLK_Underdog,TOV_Underdog,PF_Underdog,Pace_Underdog,ORtg_Underdog,FTr_Underdog,3PAr_Underdog,TS%_Underdog,TRB%_Underdog,AST%_Underdog,STL%_Underdog,BLK%_Underdog,eFG%_Underdog,TOV%_Underdog,ORB%_Underdog,FT/FGA_Underdog,Top_25_Underdog,MM_Underdog,S16_Underdog,F4_Underdog,Champs_Underdog
1993,First Round,1,UNC,16,East Carolina,0,38,34,0.895,29.04,1219,0.506,168,0.372,666,0.706,,1561,698,357,145,581,602,,,0.392,0.188,0.573,56.1,57.3,,8.8,0.541,16.9,,0.277,1,23,19,9,2,30,13,0.433,-2.02,725,0.419,158,0.333,429,0.643,,1073,346,220,66,427,591,,,0.386,0.274,0.498,50.9,47.7,,5.9,0.465,17.3,,0.248,0,1,0,0,0
1993,Second Round,1,UNC,8,Rhode Island,1,38,34,0.895,29.04,1219,0.506,168,0.372,666,0.706,,1561,698,357,145,581,602,,,0.392,0.188,0.573,56.1,57.3,,8.8,0.541,16.9,,0.277,1,23,19,9,2,30,19,0.633,9.5,787,0.439,161,0.335,582,0.716,,1114,399,255,82,429,732,,,0.453,0.268,0.531,51.5,50.7,,6.9,0.484,16.4,,0.324,0,1,0,0,0
1993,Sweet Sixteen,1,UNC,4,Arkansas,0,38,34,0.895,29.04,1219,0.506,168,0.372,666,0.706,,1561,698,357,145,581,602,,,0.392,0.188,0.573,56.1,57.3,,8.8,0.541,16.9,,0.277,1,23,19,9,2,31,22,0.71,17.72,995,0.488,210,0.395,495,0.687,,1065,582,352,97,451,707,,,0.354,0.261,0.566,45.6,58.5,,7.2,0.539,15.9,,0.243,1,9,3,1,0
1993,Elite Eight,1,UNC,2,Cincinnati,0,38,34,0.895,29.04,1219,0.506,168,0.372,666,0.706,,1561,698,357,145,581,602,,,0.392,0.188,0.573,56.1,57.3,,8.8,0.541,16.9,,0.277,1,23,19,9,2,32,27,0.844,22.62,900,0.47,159,0.322,424,0.639,,1152,513,319,83,452,592,,,0.347,0.258,0.535,53.2,57,,7.3,0.512,16.9,,0.222,1,3,2,1,0
1993,Final Four,1,UNC,2,Kansas,0,38,34,0.895,29.04,1219,0.506,168,0.372,666,0.706,,1561,698,357,145,581,602,,,0.392,0.188,0.573,56.1,57.3,,8.8,0.541,16.9,,0.277,1,23,19,9,2,36,29,0.806,22.3,1109,0.515,215,0.408,604,0.718,,1299,687,328,104,523,633,,,0.39,0.245,0.595,51.7,61.9,,6.5,0.565,17,,0.28,1,4,2,2,0
1993,Elite Eight,1,Indiana,2,Kansas,1,35,31,0.886,25.83,1076,0.522,197,0.425,679,0.717,,1281,620,218,99,450,557,,,0.459,0.225,0.603,52.1,57.6,,6,0.57,15.2,,0.329,1,17,13,5,3,36,29,0.806,22.3,1109,0.515,215,0.408,604,0.718,,1299,687,328,104,523,633,,,0.39,0.245,0.595,51.7,61.9,,6.5,0.565,17,,0.28,1,4,2,2,0
1993,National Championship,1,UNC,1,Michigan,0,38,34,0.895,29.04,1219,0.506,168,0.372,666,0.706,,1561,698,357,145,581,602,,,0.392,0.188,0.573,56.1,57.3,,8.8,0.541,16.9,,0.277,1,23,19,9,2,36,31,0.861,22.01,1131,0.498,151,0.35,537,0.653,,1493,587,243,193,561,670,,,0.362,0.19,0.555,55.2,51.9,,11.4,0.532,17.4,,0.237,1,4,3,3,1
1993,Final Four,1,Kentucky,1,Michigan,1,34,30,0.882,26.9,1048,0.48,340,0.394,539,0.688,,1364,665,323,160,541,776,,,0.359,0.395,0.582,54,63.5,,10.7,0.558,17.5,,0.247,1,4,3,2,0,36,31,0.861,22.01,1131,0.498,151,0.35,537,0.653,,1493,587,243,193,561,670,,,0.362,0.19,0.555,55.2,51.9,,11.4,0.532,17.4,,0.237,1,4,3,3,1
1993,First Round,8,Rhode Island,9,Purdue,0,30,19,0.633,9.5,787,0.439,161,0.335,582,0.716,,1114,399,255,82,429,732,,,0.453,0.268,0.531,51.5,50.7,,6.9,0.484,16.4,,0.324,0,1,0,0,0,28,18,0.643,12.95,728,0.482,110,0.385,420,0.708,,898,436,183,65,414,507,,,0.393,0.19,0.555,50.6,59.9,,5.3,0.519,18.8,,0.278,1,10,1,0,0
1993,First Round,5,St. John's (NY),12,Texas Tech,0,30,19,0.633,13.14,825,0.481,80,0.331,531,0.665,,1092,473,275,70,456,660,,,0.466,0.141,0.54,52.1,57.3,,5.7,0.504,17.9,,0.31,0,1,0,0,0,30,18,0.6,2.91,838,0.475,193,0.376,536,0.679,,1156,515,203,77,473,561,,,0.447,0.291,0.562,52.7,61.5,,5.6,0.53,18.1,,0.304,0,1,0,0,0
1993,First Round,4,Arkansas,13,Holy Cross,0,31,22,0.71,17.72,995,0.488,210,0.395,495,0.687,,1065,582,352,97,451,707,,,0.354,0.261,0.566,45.6,58.5,,7.2,0.539,15.9,,0.243,1,9,3,1,0,30,23,0.767,2.59,885,0.473,164,0.388,629,0.737,,1110,536,304,92,461,551,,,0.456,0.226,0.562,48.2,60.6,,5.9,0.516,16.8,,0.336,0,3,0,0,0
1993,Second Round,4,Arkansas,5,St. John's (NY),0,31,22,0.71,17.72,995,0.488,210,0.395,495,0.687,,1065,582,352,97,451,707,,,0.354,0.261,0.566,45.6,58.5,,7.2,0.539,15.9,,0.243,1,9,3,1,0,30,19,0.633,13.14,825,0.481,80,0.331,531,0.665,,1092,473,275,70,456,660,,,0.466,0.141,0.54,52.1,57.3,,5.7,0.504,17.9,,0.31,0,1,0,0,0
1993,First Round,6,Virginia,11,Manhattan,0,31,21,0.677,14.6,847,0.441,140,0.334,465,0.653,,1283,482,167,119,449,575,,,0.371,0.218,0.509,52.5,56.9,,8.2,0.477,16.6,,0.242,0,2,1,0,0,30,23,0.767,3.15,772,0.462,163,0.368,487,0.669,,1136,432,237,78,499,571,,,0.436,0.265,0.544,53.4,56,,6.2,0.511,19.8,,0.291,0,1,0,0,0
1993,First Round,3,UMass,14,Penn,0,31,24,0.774,14.25,756,0.44,155,0.346,595,0.698,,1232,464,192,149,450,610,,,0.495,0.26,0.532,54.8,61.4,,10.9,0.485,17.5,,0.346,1,2,1,0,0,27,22,0.815,6.27,713,0.445,197,0.401,327,0.667,,1001,397,196,93,315,479,,,0.306,0.306,0.531,50.8,55.7,,8.3,0.507,14.7,,0.204,0,1,0,0,0
1993,Second Round,3,UMass,6,Virginia,1,31,24,0.774,14.25,756,0.44,155,0.346,595,0.698,,1232,464,192,149,450,610,,,0.495,0.26,0.532,54.8,61.4,,10.9,0.485,17.5,,0.346,1,2,1,0,0,31,21,0.677,14.6,847,0.441,140,0.334,465,0.653,,1283,482,167,119,449,575,,,0.371,0.218,0.509,52.5,56.9,,8.2,0.477,16.6,,0.242,0,2,1,0,0
1993,Sweet Sixteen,2,Cincinnati,6,Virginia,0,32,27,0.844,22.62,900,0.47,159,0.322,424,0.639,,1152,513,319,83,452,592,,,0.347,0.258,0.535,53.2,57,,7.3,0.512,16.9,,0.222,1,3,2,1,0,31,21,0.677,14.6,847,0.441,140,0.334,465,0.653,,1283,482,167,119,449,575,,,0.371,0.218,0.509,52.5,56.9,,8.2,0.477,16.6,,0.242,0,2,1,0,0
1993,First Round,7,New Mexico State,10,Nebraska,0,34,26,0.765,8.08,928,0.465,154,0.347,605,0.688,,1275,552,266,88,513,548,,,0.441,0.223,0.542,52.5,59.5,,6.4,0.504,17.5,,0.303,1,8,2,0,0,31,20,0.645,10.57,908,0.46,158,0.338,523,0.684,,1283,540,262,131,540,695,,,0.387,0.237,0.534,52.2,59.5,,9.3,0.5,18.8,,0.265,0,5,0,0,0
1993,First Round,2,Cincinnati,15,Coppin State,0,32,27,0.844,22.62,900,0.47,159,0.322,424,0.639,,1152,513,319,83,452,592,,,0.347,0.258,0.535,53.2,57,,7.3,0.512,16.9,,0.222,1,3,2,1,0,30,22,0.733,-3.73,736,0.4,212,0.344,531,0.701,,1143,349,278,101,441,589,,,0.411,0.335,0.503,50.6,47.4,,8.1,0.458,16.7,,0.289,0,2,0,0,0
1993,Second Round,2,Cincinnati,7,New Mexico State,0,32,27,0.844,22.62,900,0.47,159,0.322,424,0.639,,1152,513,319,83,452,592,,,0.347,0.258,0.535,53.2,57,,7.3,0.512,16.9,,0.222,1,3,2,1,0,34,26,0.765,8.08,928,0.465,154,0.347,605,0.688,,1275,552,266,88,513,548,,,0.441,0.223,0.542,52.5,59.5,,6.4,0.504,17.5,,0.303,1,8,2,0,0
1993,First Round,1,Indiana,16,Wright State,0,35,31,0.886,25.83,1076,0.522,197,0.425,679,0.717,,1281,620,218,99,450,557,,,0.459,0.225,0.603,52.1,57.6,,6,0.57,15.2,,0.329,1,17,13,5,3,30,20,0.667,3.1,987,0.516,153,0.379,547,0.725,,1138,548,323,81,494,571,,,0.394,0.211,0.589,54.5,55.5,,6.2,0.556,17.9,,0.286,0,1,0,0,0
1993,Second Round,1,Indiana,9,Xavier,0,35,31,0.886,25.83,1076,0.522,197,0.425,679,0.717,,1281,620,218,99,450,557,,,0.459,0.225,0.603,52.1,57.6,,6,0.57,15.2,,0.329,1,17,13,5,3,30,24,0.8,10.89,841,0.501,138,0.4,410,0.69,,1069,485,161,122,410,512,,,0.354,0.205,0.569,53,57.7,,10,0.542,17.3,,0.244,0,7,1,0,0
1993,First Round,8,New Orleans,9,Xavier,1,30,26,0.867,12,768,0.478,87,0.363,552,0.675,,1136,418,213,150,458,553,,,0.509,0.149,0.545,54.1,54.4,,11.8,0.505,18.7,,0.343,1,2,0,0,0,30,24,0.8,10.89,841,0.501,138,0.4,410,0.69,,1069,485,161,122,410,512,,,0.354,0.205,0.569,53,57.7,,10,0.542,17.3,,0.244,0,7,1,0,0
1993,Sweet Sixteen,1,Indiana,4,Louisville,0,35,31,0.886,25.83,1076,0.522,197,0.425,679,0.717,,1281,620,218,99,450,557,,,0.459,0.225,0.603,52.1,57.6,,6,0.57,15.2,,0.329,1,17,13,5,3,31,22,0.71,14.65,917,0.498,188,0.416,491,0.669,,1167,520,239,134,472,537,,,0.399,0.246,0.574,52.3,56.7,,9.8,0.549,17.7,,0.267,1,17,13,6,2
1993,First Round,5,Oklahoma State,12,Marquette,0,29,20,0.69,14.62,807,0.514,131,0.389,501,0.673,,1125,519,213,84,506,539,,,0.474,0.215,0.584,55.7,64.3,,6.7,0.555,20.8,,0.319,1,16,9,1,0,28,20,0.714,15.68,730,0.481,131,0.399,476,0.743,,1032,507,180,122,383,453,,,0.422,0.216,0.567,54.7,69.5,,10.4,0.524,17.4,,0.314,0,1,0,0,0
1993,First Round,4,Louisville,13,Delaware,0,31,22,0.71,14.65,917,0.498,188,0.416,491,0.669,,1167,520,239,134,472,537,,,0.399,0.246,0.574,52.3,56.7,,9.8,0.549,17.7,,0.267,1,17,13,6,2,30,22,0.733,-0.63,775,0.44,111,0.324,583,0.697,,1260,380,230,138,473,515,,,0.474,0.195,0.519,54.1,49,,9.5,0.471,18,,0.331,0,2,0,0,0
1993,Second Round,4,Louisville,5,Oklahoma State,0,31,22,0.71,14.65,917,0.498,188,0.416,491,0.669,,1167,520,239,134,472,537,,,0.399,0.246,0.574,52.3,56.7,,9.8,0.549,17.7,,0.267,1,17,13,6,2,29,20,0.69,14.62,807,0.514,131,0.389,501,0.673,,1125,519,213,84,506,539,,,0.474,0.215,0.584,55.7,64.3,,6.7,0.555,20.8,,0.319,1,16,9,1,0
1993,First Round,6,California,11,LSU,0,30,21,0.7,12.79,877,0.473,135,0.311,491,0.665,,1136,514,284,98,497,605,,,0.398,0.234,0.54,53.2,58.6,,8.1,0.509,18.4,,0.265,0,1,1,0,0,33,22,0.667,10.24,944,0.438,193,0.368,516,0.684,,1291,493,316,100,486,600,,,0.35,0.244,0.517,51.7,52.2,,7.2,0.483,16.2,,0.239,0,13,5,2,0
1993,First Round,3,Duke,14,Southern Illinois,1,32,24,0.75,25.98,989,0.507,184,0.397,604,0.721,,1153,529,270,161,469,528,,,0.43,0.237,0.589,49.9,53.5,,9.7,0.554,16.6,,0.31,1,10,7,6,2,33,23,0.697,9.33,917,0.465,143,0.337,568,0.693,,1309,448,264,132,491,695,,,0.416,0.215,0.539,54.7,48.9,,9.3,0.501,17.2,,0.288,0,1,0,0,0
1993,Second Round,3,Duke,6,California,1,32,24,0.75,25.98,989,0.507,184,0.397,604,0.721,,1153,529,270,161,469,528,,,0.43,0.237,0.589,49.9,53.5,,9.7,0.554,16.6,,0.31,1,10,7,6,2,30,21,0.7,12.79,877,0.473,135,0.311,491,0.665,,1136,514,284,98,497,605,,,0.398,0.234,0.54,53.2,58.6,,8.1,0.509,18.4,,0.265,0,1,1,0,0
1993,Sweet Sixteen,2,Kansas,6,California,0,36,29,0.806,22.3,1109,0.515,215,0.408,604,0.718,,1299,687,328,104,523,633,,,0.39,0.245,0.595,51.7,61.9,,6.5,0.565,17,,0.28,1,4,2,2,0,30,21,0.7,12.79,877,0.473,135,0.311,491,0.665,,1136,514,284,98,497,605,,,0.398,0.234,0.54,53.2,58.6,,8.1,0.509,18.4,,0.265,0,1,1,0,0
1993,First Round,7,BYU,10,SMU,0,34,25,0.735,12.5,948,0.498,161,0.363,697,0.767,,1324,613,214,127,566,721,,,0.477,0.233,0.589,54.6,64.7,,9,0.54,19.5,,0.366,0,4,0,0,0,28,20,0.714,6.8,842,0.43,171,0.299,417,0.596,,1248,455,233,105,359,545,,,0.358,0.292,0.496,51.1,54,,8.1,0.474,13.6,,0.213,0,1,0,0,0
1993,First Round,2,Kansas,15,Ball State,0,36,29,0.806,22.3,1109,0.515,215,0.408,604,0.718,,1299,687,328,104,523,633,,,0.39,0.245,0.595,51.7,61.9,,6.5,0.565,17,,0.28,1,4,2,2,0,34,26,0.765,1.32,835,0.466,143,0.38,608,0.696,,1199,464,199,86,507,554,,,0.487,0.21,0.549,53.3,55.6,,6.1,0.506,18.7,,0.339,0,2,1,0,0
1993,Second Round,2,Kansas,7,BYU,0,36,29,0.806,22.3,1109,0.515,215,0.408,604,0.718,,1299,687,328,104,523,633,,,0.39,0.245,0.595,51.7,61.9,,6.5,0.565,17,,0.28,1,4,2,2,0,34,25,0.735,12.5,948,0.498,161,0.363,697,0.767,,1324,613,214,127,566,721,,,0.477,0.233,0.589,54.6,64.7,,9,0.54,19.5,,0.366,0,4,0,0,0
1993,First Round,1,Kentucky,16,Rider,0,34,30,0.882,26.9,1048,0.48,340,0.394,539,0.688,,1364,665,323,160,541,776,,,0.359,0.395,0.582,54,63.5,,10.7,0.558,17.5,,0.247,1,4,3,2,0,30,19,0.633,-5.61,775,0.479,132,0.371,520,0.694,,1033,415,215,91,451,602,,,0.463,0.22,0.558,50,53.5,,7.1,0.52,18.6,,0.321,0,1,0,0,0
1993,Second Round,1,Kentucky,8,Utah,0,34,30,0.882,26.9,1048,0.48,340,0.394,539,0.688,,1364,665,323,160,541,776,,,0.359,0.395,0.582,54,63.5,,10.7,0.558,17.5,,0.247,1,4,3,2,0,31,24,0.774,13.34,863,0.493,189,0.41,476,0.791,,1140,539,206,120,396,528,,,0.344,0.263,0.587,53.4,62.5,,9.2,0.547,16.3,,0.272,1,3,1,0,0
1993,Sweet Sixteen,1,Kentucky,5,Wake Forest,1,34,30,0.882,26.9,1048,0.48,340,0.394,539,0.688,,1364,665,323,160,541,776,,,0.359,0.395,0.582,54,63.5,,10.7,0.558,17.5,,0.247,1,4,3,2,0,30,21,0.7,16.82,834,0.491,181,0.402,481,0.722,,1103,493,206,87,432,459,,,0.392,0.265,0.578,53.5,59.1,,6.9,0.544,17.7,,0.283,1,3,1,0,0
1993,Second Round,4,Iowa,5,Wake Forest,1,32,23,0.719,19.75,886,0.472,103,0.319,632,0.705,,1370,456,306,165,489,498,,,0.478,0.172,0.545,57.4,51.5,,11.8,0.5,17.5,,0.337,1,8,4,0,0,30,21,0.7,16.82,834,0.491,181,0.402,481,0.722,,1103,493,206,87,432,459,,,0.392,0.265,0.578,53.5,59.1,,6.9,0.544,17.7,,0.283,1,3,1,0,0
1993,Elite Eight,1,Kentucky,3,Florida State,1,34,30,0.882,26.9,1048,0.48,340,0.394,539,0.688,,1364,665,323,160,541,776,,,0.359,0.395,0.582,54,63.5,,10.7,0.558,17.5,,0.247,1,4,3,2,0,35,25,0.714,18.07,1145,0.495,187,0.332,543,0.673,,1376,584,322,210,554,606,,,0.349,0.244,0.56,50.6,51,,11.6,0.535,17,,0.235,1,7,2,0,0
1993,First Round,8,Utah,9,Pitt,0,31,24,0.774,13.34,863,0.493,189,0.41,476,0.791,,1140,539,206,120,396,528,,,0.344,0.263,0.587,53.4,62.5,,9.2,0.547,16.3,,0.272,1,3,1,0,0,28,17,0.607,9.72,780,0.454,129,0.315,474,0.661,,1123,423,176,116,456,544,,,0.418,0.238,0.526,52.8,54.2,,8.8,0.492,18.1,,0.276,0,7,1,0,0
1993,First Round,5,Wake Forest,12,Chattanooga,0,30,21,0.7,16.82,834,0.491,181,0.402,481,0.722,,1103,493,206,87,432,459,,,0.392,0.265,0.578,53.5,59.1,,6.9,0.544,17.7,,0.283,1,3,1,0,0,33,26,0.788,6.63,995,0.483,235,0.381,595,0.751,,1304,549,261,117,444,513,,,0.384,0.299,0.579,52.3,55.2,,7.9,0.54,15.4,,0.289,0,2,0,0,0
1993,First Round,4,Iowa,13,Louisiana-Monroe,0,32,23,0.719,19.75,886,0.472,103,0.319,632,0.705,,1370,456,306,165,489,498,,,0.478,0.172,0.545,57.4,51.5,,11.8,0.5,17.5,,0.337,1,8,4,0,0,31,26,0.839,7.65,1015,0.522,171,0.387,501,0.643,,1085,482,317,87,427,613,,,0.4,0.227,0.583,50.3,47.5,,6.1,0.566,15.6,,0.257,0,6,0,0,0
1993,First Round,6,Kansas State,11,Tulane,1,30,19,0.633,9.85,780,0.442,160,0.343,389,0.667,,1117,456,202,49,477,571,,,0.331,0.265,0.517,53.7,58.5,,3.8,0.488,19,,0.221,0,1,0,0,0,31,22,0.71,8.13,864,0.45,118,0.303,506,0.631,,1183,478,368,101,478,592,,,0.418,0.203,0.511,51.1,55.3,,8.2,0.481,17.2,,0.264,0,2,0,0,0
1993,Second Round,3,Florida State,11,Tulane,0,35,25,0.714,18.07,1145,0.495,187,0.332,543,0.673,,1376,584,322,210,554,606,,,0.349,0.244,0.56,50.6,51,,11.6,0.535,17,,0.235,1,7,2,0,0,31,22,0.71,8.13,864,0.45,118,0.303,506,0.631,,1183,478,368,101,478,592,,,0.418,0.203,0.511,51.1,55.3,,8.2,0.481,17.2,,0.264,0,2,0,0,0
1993,First Round,3,Florida State,14,Evansville,0,35,25,0.714,18.07,1145,0.495,187,0.332,543,0.673,,1376,584,322,210,554,606,,,0.349,0.244,0.56,50.6,51,,11.6,0.535,17,,0.235,1,7,2,0,0,30,23,0.767,8.84,768,0.486,166,0.391,549,0.747,,1037,485,172,90,427,552,,,0.465,0.269,0.583,51.2,63.2,,7.1,0.539,18.1,,0.347,0,3,0,0,0
1993,Sweet Sixteen,3,Florida State,7,Western Kentucky,0,35,25,0.714,18.07,1145,0.495,187,0.332,543,0.673,,1376,584,322,210,554,606,,,0.349,0.244,0.56,50.6,51,,11.6,0.535,17,,0.235,1,7,2,0,0,32,26,0.813,15.22,985,0.479,205,0.36,548,0.642,,1234,517,358,124,533,707,,,0.416,0.277,0.553,53.1,52.5,,9.3,0.529,17.8,,0.267,1,1,1,0,0
1993,Second Round,2,Seton Hall,7,Western Kentucky,1,35,28,0.8,19.48,922,0.475,198,0.389,683,0.755,,1308,540,258,167,497,639,,,0.466,0.262,0.575,51.8,58.6,,10.6,0.526,17.3,,0.352,1,5,3,1,0,32,26,0.813,15.22,985,0.479,205,0.36,548,0.642,,1234,517,358,124,533,707,,,0.416,0.277,0.553,53.1,52.5,,9.3,0.529,17.8,,0.267,1,1,1,0,0
1993,First Round,7,Western Kentucky,10,Memphis,0,32,26,0.813,15.22,985,0.479,205,0.36,548,0.642,,1234,517,358,124,533,707,,,0.416,0.277,0.553,53.1,52.5,,9.3,0.529,17.8,,0.267,1,1,1,0,0,32,20,0.625,12.7,888,0.453,170,0.322,456,0.676,,1195,521,287,140,466,558,,,0.345,0.27,0.527,51,58.7,,10.3,0.497,17,,0.233,0,4,1,0,0
1993,First Round,2,Seton Hall,15,Tennessee State,0,35,28,0.8,19.48,922,0.475,198,0.389,683,0.755,,1308,540,258,167,497,639,,,0.466,0.262,0.575,51.8,58.6,,10.6,0.526,17.3,,0.352,1,5,3,1,0,29,19,0.655,-1.13,836,0.464,191,0.342,419,0.638,,1166,488,190,127,430,578,,,0.364,0.31,0.539,51.6,58.4,,9.9,0.517,16.9,,0.232,0,1,0,0,0
1993,First Round,1,Michigan,16,Coastal Carolina,0,36,31,0.861,22.01,1131,0.498,151,0.35,537,0.653,,1493,587,243,193,561,670,,,0.362,0.19,0.555,55.2,51.9,,11.4,0.532,17.4,,0.237,1,4,3,3,1,32,22,0.688,-3.91,893,0.479,195,0.405,507,0.701,,1143,480,249,120,450,524,,,0.387,0.258,0.563,50.5,53.8,,8.4,0.531,16.9,,0.272,0,2,0,0,0
1993,Second Round,1,Michigan,9,UCLA,0,36,31,0.861,22.01,1131,0.498,151,0.35,537,0.653,,1493,587,243,193,561,670,,,0.362,0.19,0.555,55.2,51.9,,11.4,0.532,17.4,,0.237,1,4,3,3,1,33,22,0.667,11.35,985,0.503,116,0.358,501,0.671,,1333,528,266,180,542,619,,,0.381,0.165,0.559,51.8,53.6,,11.7,0.532,19,,0.256,0,9,2,0,0
1993,First Round,8,Iowa State,9,UCLA,1,31,20,0.645,18.65,946,0.489,163,0.302,465,0.759,,1062,563,328,81,442,503,,,0.317,0.279,0.566,48.6,59.5,,5.4,0.531,16.6,,0.24,0,10,4,1,0,33,22,0.667,11.35,985,0.503,116,0.358,501,0.671,,1333,528,266,180,542,619,,,0.381,0.165,0.559,51.8,53.6,,11.7,0.532,19,,0.256,0,9,2,0,0
1993,Sweet Sixteen,1,Michigan,12,George Washington,0,36,31,0.861,22.01,1131,0.498,151,0.35,537,0.653,,1493,587,243,193,561,670,,,0.362,0.19,0.555,55.2,51.9,,11.4,0.532,17.4,,0.237,1,4,3,3,1,30,21,0.7,11.56,797,0.448,162,0.371,536,0.625,,1267,368,170,139,,637,,,0.482,0.246,0.524,52.7,46.2,,10.6,0.494,,,0.301,0,3,1,0,0
1993,First Round,5,New Mexico,12,George Washington,1,31,24,0.774,8.97,768,0.457,238,0.39,390,0.636,,1074,449,200,133,373,489,,,0.365,0.364,0.549,49.7,58.5,,9.6,0.528,15.9,,0.232,1,6,1,0,0,30,21,0.7,11.56,797,0.448,162,0.371,536,0.625,,1267,368,170,139,,637,,,0.482,0.246,0.524,52.7,46.2,,10.6,0.494,,,0.301,0,3,1,0,0
1993,Elite Eight,1,Michigan,7,Temple,0,36,31,0.861,22.01,1131,0.498,151,0.35,537,0.653,,1493,587,243,193,561,670,,,0.362,0.19,0.555,55.2,51.9,,11.4,0.532,17.4,,0.237,1,4,3,3,1,33,20,0.606,12.92,819,0.436,196,0.346,451,0.64,,1149,355,277,100,334,517,,,0.375,0.302,0.516,48.4,43.3,,8.4,0.488,13.1,,0.24,0,9,3,0,0
1993,Sweet Sixteen,3,Vanderbilt,7,Temple,1,34,28,0.824,19.81,986,0.5,262,0.412,588,0.729,,1208,577,277,99,485,568,,,0.409,0.323,0.599,50.7,58.5,,6.6,0.567,17.1,,0.298,1,4,1,0,0,33,20,0.606,12.92,819,0.436,196,0.346,451,0.64,,1149,355,277,100,334,517,,,0.375,0.302,0.516,48.4,43.3,,8.4,0.488,13.1,,0.24,0,9,3,0,0
1993,First Round,4,Georgia Tech,13,Southern,1,30,19,0.633,12.95,905,0.494,147,0.385,374,0.684,,1176,588,191,151,485,461,,,0.298,0.208,0.557,51.8,65,,10.2,0.534,18.8,,0.204,1,10,4,1,0,31,21,0.677,2,1075,0.463,258,0.388,603,0.639,,1422,536,387,139,552,625,,,0.406,0.286,0.543,51.2,49.9,,7.8,0.518,16.6,,0.26,0,4,0,0,0
1993,Second Round,12,George Washington,13,Southern,0,30,21,0.7,11.56,797,0.448,162,0.371,536,0.625,,1267,368,170,139,,637,,,0.482,0.246,0.524,52.7,46.2,,10.6,0.494,,,0.301,0,3,1,0,0,31,21,0.677,2,1075,0.463,258,0.388,603,0.639,,1422,536,387,139,552,625,,,0.406,0.286,0.543,51.2,49.9,,7.8,0.518,16.6,,0.26,0,4,0,0,0
1993,First Round,6,Illinois,11,Long Beach State,0,32,19,0.594,11.83,877,0.479,158,0.367,517,0.689,,1155,496,179,92,485,573,,,0.409,0.235,0.555,52.1,56.6,,6.4,0.522,18.1,,0.282,0,16,7,2,0,32,22,0.688,8.25,883,0.485,200,0.385,546,0.695,,1113,548,267,68,509,618,,,0.432,0.286,0.573,50.8,62.1,,4.7,0.54,18.8,,0.3,0,1,0,0,0
1993,First Round,3,Vanderbilt,14,Boise State,0,34,28,0.824,19.81,986,0.5,262,0.412,588,0.729,,1208,577,277,99,485,568,,,0.409,0.323,0.599,50.7,58.5,,6.6,0.567,17.1,,0.298,1,4,1,0,0,29,21,0.724,0.35,779,0.474,121,0.311,511,0.718,,1010,422,250,109,463,597,,,0.433,0.237,0.552,49.4,54.2,,8.7,0.511,18.9,,0.311,0,3,1,0,0
1993,Second Round,3,Vanderbilt,6,Illinois,0,34,28,0.824,19.81,986,0.5,262,0.412,588,0.729,,1208,577,277,99,485,568,,,0.409,0.323,0.599,50.7,58.5,,6.6,0.567,17.1,,0.298,1,4,1,0,0,32,19,0.594,11.83,877,0.479,158,0.367,517,0.689,,1155,496,179,92,485,573,,,0.409,0.235,0.555,52.1,56.6,,6.4,0.522,18.1,,0.282,0,16,7,2,0
1993,First Round,7,Temple,10,Missouri,0,33,20,0.606,12.92,819,0.436,196,0.346,451,0.64,,1149,355,277,100,334,517,,,0.375,0.302,0.516,48.4,43.3,,8.4,0.488,13.1,,0.24,0,9,3,0,0,33,19,0.576,13.38,892,0.459,156,0.36,512,0.606,,1298,532,252,101,468,626,,,0.435,0.223,0.523,52.6,59.6,,7.7,0.499,16.6,,0.264,0,13,4,0,0
1993,Second Round,7,Temple,15,Santa Clara,0,33,20,0.606,12.92,819,0.436,196,0.346,451,0.64,,1149,355,277,100,334,517,,,0.375,0.302,0.516,48.4,43.3,,8.4,0.488,13.1,,0.24,0,9,3,0,0,31,19,0.613,1.41,721,0.43,194,0.348,500,0.702,,1076,448,203,50,398,614,,,0.425,0.332,0.53,51.5,62.1,,4.4,0.488,16.5,,0.298,0,1,0,0,0
1993,First Round,2,Arizona,15,Santa Clara,1,28,24,0.857,20.5,847,0.488,143,0.357,503,0.684,,1208,486,193,124,445,520,,,0.424,0.231,0.562,55.8,57.4,,9.9,0.53,17.6,,0.29,1,14,5,2,0,31,19,0.613,1.41,721,0.43,194,0.348,500,0.702,,1076,448,203,50,398,614,,,0.425,0.332,0.53,51.5,62.1,,4.4,0.488,16.5,,0.298,0,1,0,0,0
1994,First Round,1,UNC,16,Liberty,0,35,28,0.8,22.62,1091,0.499,144,0.33,670,0.665,,1531,649,285,219,532,579,,,0.461,0.2,0.562,55.4,59.5,,14.3,0.532,16.6,,0.306,1,24,19,9,2,30,18,0.6,-6.66,743,0.447,211,0.366,455,0.715,,1099,479,173,125,469,514,,,0.383,0.347,0.548,49.5,64.5,,9.1,0.511,19.3,,0.274,0,1,0,0,0
1994,Second Round,1,UNC,9,Boston College,1,35,28,0.8,22.62,1091,0.499,144,0.33,670,0.665,,1531,649,285,219,532,579,,,0.461,0.2,0.562,55.4,59.5,,14.3,0.532,16.6,,0.306,1,24,19,9,2,34,23,0.676,16.78,944,0.471,234,0.404,536,0.682,,1286,536,236,70,463,604,,,0.392,0.289,0.559,51.1,56.8,,4.4,0.529,16.3,,0.267,0,1,1,0,0
1994,First Round,8,Washington State,9,Boston College,1,31,20,0.645,13.77,846,0.472,221,0.37,442,0.7,,1131,428,232,93,485,589,,,0.352,0.334,0.563,51.7,50.6,,7.4,0.534,18.8,,0.247,0,1,0,0,0,34,23,0.676,16.78,944,0.471,234,0.404,536,0.682,,1286,536,236,70,463,604,,,0.392,0.289,0.559,51.1,56.8,,4.4,0.529,16.3,,0.267,0,1,1,0,0
1994,Sweet Sixteen,5,Indiana,9,Boston College,1,30,21,0.7,16.04,832,0.484,182,0.454,582,0.75,,1145,523,183,125,476,551,,,0.451,0.233,0.581,51.4,62.9,,9,0.537,18.6,,0.338,1,18,14,5,3,34,23,0.676,16.78,944,0.471,234,0.404,536,0.682,,1286,536,236,70,463,604,,,0.392,0.289,0.559,51.1,56.8,,4.4,0.529,16.3,,0.267,0,1,1,0,0
1994,Elite Eight,3,Florida,9,Boston College,0,37,29,0.784,16.19,985,0.454,196,0.36,611,0.705,,1478,529,305,145,591,683,,,0.4,0.251,0.538,54.3,53.7,,10.1,0.499,18.6,,0.282,1,5,2,1,0,34,23,0.676,16.78,944,0.471,234,0.404,536,0.682,,1286,536,236,70,463,604,,,0.392,0.289,0.559,51.1,56.8,,4.4,0.529,16.3,,0.267,0,1,1,0,0
1994,First Round,5,Indiana,12,Ohio,0,30,21,0.7,16.04,832,0.484,182,0.454,582,0.75,,1145,523,183,125,476,551,,,0.451,0.233,0.581,51.4,62.9,,9,0.537,18.6,,0.338,1,18,14,5,3,33,25,0.758,11.5,924,0.475,208,0.392,612,0.672,,1314,489,190,168,492,640,,,0.468,0.272,0.561,53.9,52.9,,11.7,0.529,17.1,,0.315,0,1,0,0,0
1994,First Round,4,Temple,13,Drexel,0,31,23,0.742,17.28,718,0.416,158,0.34,383,0.639,,1162,313,253,110,265,414,,,0.347,0.27,0.492,51.6,43.6,,10.9,0.462,11.7,,0.222,1,10,3,0,0,30,25,0.833,3.27,798,0.449,204,0.376,495,0.631,,1262,503,156,68,367,560,,,0.442,0.306,0.534,52.7,63,,4.8,0.506,14.6,,0.279,0,1,0,0,0
1994,Second Round,4,Temple,5,Indiana,1,31,23,0.742,17.28,718,0.416,158,0.34,383,0.639,,1162,313,253,110,265,414,,,0.347,0.27,0.492,51.6,43.6,,10.9,0.462,11.7,,0.222,1,10,3,0,0,30,21,0.7,16.04,832,0.484,182,0.454,582,0.75,,1145,523,183,125,476,551,,,0.451,0.233,0.581,51.4,62.9,,9,0.537,18.6,,0.338,1,18,14,5,3
1994,First Round,6,Nebraska,11,Penn,1,30,20,0.667,13.56,956,0.483,194,0.344,514,0.745,,1201,581,267,117,477,629,,,0.349,0.285,0.568,50.8,60.8,,8.7,0.532,17.1,,0.26,1,6,0,0,0,28,25,0.893,5.93,753,0.443,208,0.354,425,0.711,,1033,409,259,83,345,489,,,0.352,0.346,0.54,50.5,54.3,,7.6,0.505,14.8,,0.25,0,2,0,0,0
1994,Second Round,3,Florida,11,Penn,0,37,29,0.784,16.19,985,0.454,196,0.36,611,0.705,,1478,529,305,145,591,683,,,0.4,0.251,0.538,54.3,53.7,,10.1,0.499,18.6,,0.282,1,5,2,1,0,28,25,0.893,5.93,753,0.443,208,0.354,425,0.711,,1033,409,259,83,345,489,,,0.352,0.346,0.54,50.5,54.3,,7.6,0.505,14.8,,0.25,0,2,0,0,0
1994,First Round,3,Florida,14,James Madison,0,37,29,0.784,16.19,985,0.454,196,0.36,611,0.705,,1478,529,305,145,591,683,,,0.4,0.251,0.538,54.3,53.7,,10.1,0.499,18.6,,0.282,1,5,2,1,0,30,20,0.667,2.19,890,0.499,200,0.396,518,0.717,,1040,447,173,113,459,560,,,0.405,0.283,0.588,48.5,50.2,,7.8,0.555,17.8,,0.291,0,12,8,0,0
1994,First Round,7,UAB,10,George Washington,1,30,22,0.733,14.69,778,0.439,201,0.381,385,0.68,,1132,382,230,86,359,519,,,0.319,0.298,0.524,50.4,49.1,,6.9,0.495,14.9,,0.217,0,12,5,2,0,30,18,0.6,9.17,724,0.407,183,0.333,447,0.647,,1215,392,234,128,441,644,,,0.389,0.309,0.494,49.5,54.1,,9.8,0.459,17.3,,0.252,0,4,1,0,0
1994,Second Round,2,UConn,10,George Washington,0,34,29,0.853,22.58,1045,0.495,192,0.369,606,0.721,,1411,628,296,218,525,640,,,0.398,0.246,0.575,54.1,60.1,,14,0.541,17.3,,0.287,1,9,3,0,0,30,18,0.6,9.17,724,0.407,183,0.333,447,0.647,,1215,392,234,128,441,644,,,0.389,0.309,0.494,49.5,54.1,,9.8,0.459,17.3,,0.252,0,4,1,0,0
1994,First Round,2,UConn,15,Rider,0,34,29,0.853,22.58,1045,0.495,192,0.369,606,0.721,,1411,628,296,218,525,640,,,0.398,0.246,0.575,54.1,60.1,,14,0.541,17.3,,0.287,1,9,3,0,0,30,21,0.7,-0.89,838,0.492,137,0.396,467,0.65,,1098,467,233,120,468,595,,,0.422,0.203,0.558,50.5,55.7,,9.2,0.532,18.6,,0.274,0,2,0,0,0
1994,Sweet Sixteen,2,UConn,3,Florida,1,34,29,0.853,22.58,1045,0.495,192,0.369,606,0.721,,1411,628,296,218,525,640,,,0.398,0.246,0.575,54.1,60.1,,14,0.541,17.3,,0.287,1,9,3,0,0,37,29,0.784,16.19,985,0.454,196,0.36,611,0.705,,1478,529,305,145,591,683,,,0.4,0.251,0.538,54.3,53.7,,10.1,0.499,18.6,,0.282,1,5,2,1,0
1994,Final Four,2,Duke,3,Florida,0,34,28,0.824,19.29,950,0.486,172,0.365,567,0.711,,1227,529,243,204,481,535,,,0.408,0.241,0.566,50.6,55.7,,12.5,0.53,17.1,,0.29,1,11,8,7,2,37,29,0.784,16.19,985,0.454,196,0.36,611,0.705,,1478,529,305,145,591,683,,,0.4,0.251,0.538,54.3,53.7,,10.1,0.499,18.6,,0.282,1,5,2,1,0
1994,First Round,1,Arkansas,16,North Carolina A&T,0,34,31,0.912,23.97,1154,0.488,301,0.387,567,0.68,,1416,687,352,129,539,708,,,0.353,0.329,0.576,50.7,59.5,,8.6,0.552,16.3,,0.24,1,10,4,2,1,30,16,0.533,-10.08,762,0.46,161,0.361,580,0.693,,1120,339,264,70,580,550,,,0.505,0.269,0.551,49.6,44.5,,5.2,0.508,22,,0.35,0,1,0,0,0
1994,Second Round,1,Arkansas,9,Georgetown,0,34,31,0.912,23.97,1154,0.488,301,0.387,567,0.68,,1416,687,352,129,539,708,,,0.353,0.329,0.576,50.7,59.5,,8.6,0.552,16.3,,0.24,1,10,4,2,1,31,19,0.613,17.39,766,0.43,132,0.313,600,0.707,,1216,426,263,132,530,662,,,0.476,0.237,0.518,53.2,55.6,,10.3,0.467,19.5,,0.337,0,17,6,3,1
1994,First Round,8,Illinois,9,Georgetown,1,28,17,0.607,19.11,833,0.479,162,0.372,525,0.717,,1081,483,171,79,374,525,,,0.421,0.251,0.564,54.7,58,,6.7,0.526,15.2,,0.302,0,17,7,2,0,31,19,0.613,17.39,766,0.43,132,0.313,600,0.707,,1216,426,263,132,530,662,,,0.476,0.237,0.518,53.2,55.6,,10.3,0.467,19.5,,0.337,0,17,6,3,1
1994,Sweet Sixteen,1,Arkansas,12,Tulsa,1,34,31,0.912,23.97,1154,0.488,301,0.387,567,0.68,,1416,687,352,129,539,708,,,0.353,0.329,0.576,50.7,59.5,,8.6,0.552,16.3,,0.24,1,10,4,2,1,31,23,0.742,10.93,918,0.466,254,0.404,496,0.691,,1295,571,246,75,447,536,,,0.365,0.319,0.56,53.6,62.2,,5.4,0.531,16.2,,0.252,0,1,1,0,0
1994,First Round,5,UCLA,12,Tulsa,1,28,21,0.75,16.31,905,0.482,110,0.343,490,0.701,,1229,495,217,119,458,599,,,0.372,0.171,0.545,54.8,54.7,,9.8,0.511,17.2,,0.261,1,10,2,0,0,31,23,0.742,10.93,918,0.466,254,0.404,496,0.691,,1295,571,246,75,447,536,,,0.365,0.319,0.56,53.6,62.2,,5.4,0.531,16.2,,0.252,0,1,1,0,0
1994,Second Round,4,Oklahoma State,12,Tulsa,1,34,24,0.706,17.65,969,0.485,258,0.417,542,0.672,,1285,677,265,112,500,654,,,0.404,0.31,0.574,52.2,69.9,,7.9,0.549,17.3,,0.271,1,17,9,1,0,31,23,0.742,10.93,918,0.466,254,0.404,496,0.691,,1295,571,246,75,447,536,,,0.365,0.319,0.56,53.6,62.2,,5.4,0.531,16.2,,0.252,0,1,1,0,0
1994,Elite Eight,1,Arkansas,3,Michigan,0,34,31,0.912,23.97,1154,0.488,301,0.387,567,0.68,,1416,687,352,129,539,708,,,0.353,0.329,0.576,50.7,59.5,,8.6,0.552,16.3,,0.24,1,10,4,2,1,32,24,0.75,18.46,968,0.487,173,0.349,445,0.673,,1177,525,267,87,494,631,,,0.333,0.249,0.555,53.1,54.2,,6.8,0.531,17.7,,0.224,1,5,4,3,1
1994,Final Four,1,Arkansas,2,Arizona,0,34,31,0.912,23.97,1154,0.488,301,0.387,567,0.68,,1416,687,352,129,539,708,,,0.353,0.329,0.576,50.7,59.5,,8.6,0.552,16.3,,0.24,1,10,4,2,1,35,29,0.829,23.76,1108,0.484,279,0.355,629,0.712,,1453,581,285,102,481,637,,,0.386,0.344,0.577,51.9,52.4,,6.3,0.545,15.1,,0.275,1,15,6,3,0
1994,Elite Eight,1,Missouri,2,Arizona,1,32,28,0.875,15.68,898,0.457,204,0.355,593,0.679,,1263,492,226,103,477,651,,,0.444,0.293,0.545,50.5,54.8,,7.4,0.509,16.7,,0.302,1,14,5,0,0,35,29,0.829,23.76,1108,0.484,279,0.355,629,0.712,,1453,581,285,102,481,637,,,0.386,0.344,0.577,51.9,52.4,,6.3,0.545,15.1,,0.275,1,15,6,3,0
1994,National Championship,1,Arkansas,2,Duke,0,34,31,0.912,23.97,1154,0.488,301,0.387,567,0.68,,1416,687,352,129,539,708,,,0.353,0.329,0.576,50.7,59.5,,8.6,0.552,16.3,,0.24,1,10,4,2,1,34,28,0.824,19.29,950,0.486,172,0.365,567,0.711,,1227,529,243,204,481,535,,,0.408,0.241,0.566,50.6,55.7,,12.5,0.53,17.1,,0.29,1,11,8,7,2
1994,Elite Eight,1,Purdue,2,Duke,1,34,29,0.853,21.38,1050,0.469,252,0.389,519,0.701,,1376,586,246,103,473,654,,,0.33,0.289,0.554,52.6,55.8,,6.6,0.525,15.4,,0.232,1,11,2,0,0,34,28,0.824,19.29,950,0.486,172,0.365,567,0.711,,1227,529,243,204,481,535,,,0.408,0.241,0.566,50.6,55.7,,12.5,0.53,17.1,,0.29,1,11,8,7,2
1994,First Round,4,Oklahoma State,13,New Mexico State,0,34,24,0.706,17.65,969,0.485,258,0.417,542,0.672,,1285,677,265,112,500,654,,,0.404,0.31,0.574,52.2,69.9,,7.9,0.549,17.3,,0.271,1,17,9,1,0,31,23,0.742,6.24,904,0.455,199,0.329,493,0.573,,1288,512,332,113,558,678,,,0.433,0.304,0.522,52.2,56.6,,9.7,0.506,18.9,,0.248,0,9,2,0,0
1994,First Round,6,Texas,11,Western Kentucky,0,34,26,0.765,15.11,1138,0.467,233,0.329,610,0.65,,1387,568,453,133,547,745,,,0.385,0.29,0.541,49.9,49.9,,8,0.515,15.9,,0.25,1,6,2,0,0,31,20,0.645,8.07,883,0.468,178,0.331,459,0.641,,1211,445,287,137,537,677,,,0.38,0.285,0.54,53.9,50.4,,11.2,0.515,19.4,,0.243,0,2,1,0,0
1994,First Round,3,Michigan,14,Pepperdine,0,32,24,0.75,18.46,968,0.487,173,0.349,445,0.673,,1177,525,267,87,494,631,,,0.333,0.249,0.555,53.1,54.2,,6.8,0.531,17.7,,0.224,1,5,4,3,1,30,19,0.633,9.16,810,0.474,161,0.381,394,0.643,,1110,477,251,96,428,520,,,0.358,0.247,0.543,52.7,58.9,,8.8,0.521,17.6,,0.23,0,3,0,0,0
1994,Second Round,3,Michigan,6,Texas,0,32,24,0.75,18.46,968,0.487,173,0.349,445,0.673,,1177,525,267,87,494,631,,,0.333,0.249,0.555,53.1,54.2,,6.8,0.531,17.7,,0.224,1,5,4,3,1,34,26,0.765,15.11,1138,0.467,233,0.329,610,0.65,,1387,568,453,133,547,745,,,0.385,0.29,0.541,49.9,49.9,,8,0.515,15.9,,0.25,1,6,2,0,0
1994,Sweet Sixteen,3,Michigan,10,Maryland,0,32,24,0.75,18.46,968,0.487,173,0.349,445,0.673,,1177,525,267,87,494,631,,,0.333,0.249,0.555,53.1,54.2,,6.8,0.531,17.7,,0.224,1,5,4,3,1,30,18,0.6,14.13,868,0.457,141,0.352,522,0.681,,1193,502,303,176,536,624,,,0.403,0.211,0.53,51,57.8,,13.3,0.494,19.1,,0.275,0,4,3,0,0
1994,First Round,7,Saint Louis,10,Maryland,1,29,23,0.793,12.75,816,0.463,253,0.387,452,0.71,,954,510,276,33,369,510,,,0.361,0.371,0.565,48.8,62.5,,2.9,0.534,15.2,,0.256,1,6,0,0,0,30,18,0.6,14.13,868,0.457,141,0.352,522,0.681,,1193,502,303,176,536,624,,,0.403,0.211,0.53,51,57.8,,13.3,0.494,19.1,,0.275,0,4,3,0,0
1994,Second Round,2,UMass,10,Maryland,1,35,28,0.8,16.69,957,0.444,157,0.32,603,0.632,,1466,544,259,214,527,700,,,0.443,0.228,0.513,52.6,56.8,,13.2,0.481,16.8,,0.28,1,3,1,0,0,30,18,0.6,14.13,868,0.457,141,0.352,522,0.681,,1193,502,303,176,536,624,,,0.403,0.211,0.53,51,57.8,,13.3,0.494,19.1,,0.275,0,4,3,0,0
1994,First Round,2,UMass,15,Texas State,0,35,28,0.8,16.69,957,0.444,157,0.32,603,0.632,,1466,544,259,214,527,700,,,0.443,0.228,0.513,52.6,56.8,,13.2,0.481,16.8,,0.28,1,3,1,0,0,32,25,0.781,-0.12,861,0.485,113,0.329,494,0.597,,1243,450,241,98,442,575,,,0.467,0.193,0.537,53.6,52.3,,7.5,0.517,16.9,,0.278,0,1,0,0,0
1994,First Round,1,Purdue,16,UCF,0,34,29,0.853,21.38,1050,0.469,252,0.389,519,0.701,,1376,586,246,103,473,654,,,0.33,0.289,0.554,52.6,55.8,,6.6,0.525,15.4,,0.232,1,11,2,0,0,30,21,0.7,-6.17,883,0.468,141,0.341,511,0.68,,1210,469,214,113,445,609,,,0.398,0.219,0.538,52.6,53.1,,8.3,0.505,16.5,,0.271,0,1,0,0,0
1994,Second Round,1,Purdue,9,Alabama,0,34,29,0.853,21.38,1050,0.469,252,0.389,519,0.701,,1376,586,246,103,473,654,,,0.33,0.289,0.554,52.6,55.8,,6.6,0.525,15.4,,0.232,1,11,2,0,0,30,20,0.667,10.28,787,0.447,158,0.338,476,0.658,,1187,392,238,155,508,583,,,0.411,0.266,0.525,52.5,49.8,,12.2,0.492,19.5,,0.27,0,1,0,0,0
1994,First Round,8,Providence,9,Alabama,1,30,20,0.667,19.24,846,0.462,139,0.348,548,0.703,,1162,523,241,96,416,527,,,0.425,0.218,0.54,53.7,61.8,,7.8,0.5,15.9,,0.299,0,3,0,0,0,30,20,0.667,10.28,787,0.447,158,0.338,476,0.658,,1187,392,238,155,508,583,,,0.411,0.266,0.525,52.5,49.8,,12.2,0.492,19.5,,0.27,0,1,0,0,0
1994,Sweet Sixteen,1,Purdue,4,Kansas,0,34,29,0.853,21.38,1050,0.469,252,0.389,519,0.701,,1376,586,246,103,473,654,,,0.33,0.289,0.554,52.6,55.8,,6.6,0.525,15.4,,0.232,1,11,2,0,0,35,27,0.771,20.7,1026,0.47,201,0.379,564,0.632,,1497,628,277,192,564,659,,,0.409,0.243,0.541,53.9,61.2,,9.2,0.517,17.8,,0.259,1,5,3,2,0
1994,First Round,5,Wake Forest,12,College of Charleston,0,33,21,0.636,13.92,817,0.446,202,0.392,517,0.739,,1206,415,187,169,402,528,,,0.382,0.281,0.544,50.9,50.8,,12.2,0.501,15.7,,0.282,0,4,1,0,0,28,24,0.857,4.61,779,0.495,154,0.4,435,0.648,,1031,435,259,92,374,542,,,0.426,0.245,0.567,50.4,55.8,,8,0.544,16.5,,0.276,0,1,0,0,0
1994,First Round,4,Kansas,13,Chattanooga,1,35,27,0.771,20.7,1026,0.47,201,0.379,564,0.632,,1497,628,277,192,564,659,,,0.409,0.243,0.541,53.9,61.2,,9.2,0.517,17.8,,0.259,1,5,3,2,0,30,23,0.767,2.02,826,0.473,227,0.38,572,0.714,,1119,458,207,80,428,499,,,0.459,0.342,0.577,49.2,55.4,,5.8,0.538,16.8,,0.328,0,3,0,0,0
1994,Second Round,4,Kansas,5,Wake Forest,0,35,27,0.771,20.7,1026,0.47,201,0.379,564,0.632,,1497,628,277,192,564,659,,,0.409,0.243,0.541,53.9,61.2,,9.2,0.517,17.8,,0.259,1,5,3,2,0,33,21,0.636,13.92,817,0.446,202,0.392,517,0.739,,1206,415,187,169,402,528,,,0.382,0.281,0.544,50.9,50.8,,12.2,0.501,15.7,,0.282,0,4,1,0,0
1994,First Round,6,Marquette,11,Louisiana,0,33,24,0.727,15.63,819,0.45,204,0.389,456,0.677,,1312,580,164,196,433,508,,,0.371,0.289,0.537,51.9,70.8,,13.8,0.507,16.8,,0.251,1,2,1,0,0,30,22,0.733,5.34,850,0.452,202,0.347,463,0.716,,1030,424,292,117,364,525,,,0.344,0.309,0.54,44.1,49.9,,7.8,0.505,14.3,,0.246,0,2,0,0,0
1994,First Round,3,Kentucky,14,Tennessee State,0,34,27,0.794,21.73,1027,0.468,301,0.351,597,0.682,,1303,648,394,195,533,762,,,0.399,0.39,0.565,49.6,63.1,,13.2,0.536,17,,0.272,1,5,3,2,0,31,19,0.613,0.05,913,0.463,221,0.363,441,0.651,,1324,463,172,146,495,584,,,0.343,0.309,0.542,54,50.7,,10.4,0.519,17.8,,0.224,0,2,0,0,0
1994,Second Round,3,Kentucky,6,Marquette,1,34,27,0.794,21.73,1027,0.468,301,0.351,597,0.682,,1303,648,394,195,533,762,,,0.399,0.39,0.565,49.6,63.1,,13.2,0.536,17,,0.272,1,5,3,2,0,33,24,0.727,15.63,819,0.45,204,0.389,456,0.677,,1312,580,164,196,433,508,,,0.371,0.289,0.537,51.9,70.8,,13.8,0.507,16.8,,0.251,1,2,1,0,0
1994,Sweet Sixteen,2,Duke,6,Marquette,0,34,28,0.824,19.29,950,0.486,172,0.365,567,0.711,,1227,529,243,204,481,535,,,0.408,0.241,0.566,50.6,55.7,,12.5,0.53,17.1,,0.29,1,11,8,7,2,33,24,0.727,15.63,819,0.45,204,0.389,456,0.677,,1312,580,164,196,433,508,,,0.371,0.289,0.537,51.9,70.8,,13.8,0.507,16.8,,0.251,1,2,1,0,0
1994,First Round,7,Michigan State,10,Seton Hall,0,32,20,0.625,15.77,944,0.503,159,0.379,379,0.668,,1176,514,213,88,508,566,,,0.302,0.224,0.566,53.8,54.4,,6.6,0.546,19.2,,0.202,0,9,5,1,1,30,17,0.567,13.59,668,0.398,198,0.34,525,0.681,,1135,352,217,144,437,575,,,0.46,0.348,0.504,51.5,52.7,,12.2,0.457,17.6,,0.313,0,6,3,1,0
1994,First Round,2,Duke,15,Texas Southern,0,34,28,0.824,19.29,950,0.486,172,0.365,567,0.711,,1227,529,243,204,481,535,,,0.408,0.241,0.566,50.6,55.7,,12.5,0.53,17.1,,0.29,1,11,8,7,2,30,19,0.633,-5.92,869,0.429,202,0.314,556,0.669,,1287,410,227,72,379,583,,,0.41,0.317,0.515,51.5,47.2,,5.1,0.479,13.5,,0.274,0,2,0,0,0
1994,Second Round,2,Duke,7,Michigan State,0,34,28,0.824,19.29,950,0.486,172,0.365,567,0.711,,1227,529,243,204,481,535,,,0.408,0.241,0.566,50.6,55.7,,12.5,0.53,17.1,,0.29,1,11,8,7,2,32,20,0.625,15.77,944,0.503,159,0.379,379,0.668,,1176,514,213,88,508,566,,,0.302,0.224,0.566,53.8,54.4,,6.6,0.546,19.2,,0.202,0,9,5,1,1
1994,First Round,1,Missouri,16,Navy,0,32,28,0.875,15.68,898,0.457,204,0.355,593,0.679,,1263,492,226,103,477,651,,,0.444,0.293,0.545,50.5,54.8,,7.4,0.509,16.7,,0.302,1,14,5,0,0,30,17,0.567,-7.54,803,0.457,181,0.388,461,0.627,,1183,461,235,82,507,661,,,0.418,0.266,0.533,53.2,57.4,,6.6,0.508,19.4,,0.262,0,8,2,0,0
1994,Second Round,1,Missouri,9,Wisconsin,1,32,28,0.875,15.68,898,0.457,204,0.355,593,0.679,,1263,492,226,103,477,651,,,0.444,0.293,0.545,50.5,54.8,,7.4,0.509,16.7,,0.302,1,14,5,0,0,29,18,0.621,15.34,816,0.465,225,0.369,402,0.671,,1090,472,201,135,449,592,,,0.341,0.347,0.554,50.8,57.8,,10.5,0.529,18,,0.229,0,1,0,0,0
1994,First Round,8,Cincinnati,9,Wisconsin,1,32,22,0.688,15.31,861,0.428,253,0.365,510,0.685,,1270,431,252,81,477,615,,,0.37,0.344,0.525,54.4,50.1,,6.7,0.491,16.8,,0.253,1,4,2,1,0,29,18,0.621,15.34,816,0.465,225,0.369,402,0.671,,1090,472,201,135,449,592,,,0.341,0.347,0.554,50.8,57.8,,10.5,0.529,18,,0.229,0,1,0,0,0
1994,Sweet Sixteen,1,Missouri,4,Syracuse,0,32,28,0.875,15.68,898,0.457,204,0.355,593,0.679,,1263,492,226,103,477,651,,,0.444,0.293,0.545,50.5,54.8,,7.4,0.509,16.7,,0.302,1,14,5,0,0,30,23,0.767,17.8,950,0.477,143,0.306,474,0.715,,1239,502,266,159,452,626,,,0.333,0.234,0.545,51.7,52.8,,12,0.513,16.4,,0.238,1,15,8,1,0
1994,First Round,5,California,12,Green Bay,1,30,22,0.733,14.29,837,0.467,175,0.334,509,0.67,,1136,529,258,120,437,561,,,0.424,0.293,0.548,49.9,63.2,,9.4,0.516,16.9,,0.284,1,2,1,0,0,34,27,0.794,9.47,824,0.49,148,0.374,462,0.761,,1103,583,249,84,438,590,,,0.361,0.236,0.573,51.2,70.8,,6.8,0.534,18.2,,0.275,0,2,0,0,0
1994,Second Round,4,Syracuse,12,Green Bay,0,30,23,0.767,17.8,950,0.477,143,0.306,474,0.715,,1239,502,266,159,452,626,,,0.333,0.234,0.545,51.7,52.8,,12,0.513,16.4,,0.238,1,15,8,1,0,34,27,0.794,9.47,824,0.49,148,0.374,462,0.761,,1103,583,249,84,438,590,,,0.361,0.236,0.573,51.2,70.8,,6.8,0.534,18.2,,0.275,0,2,0,0,0
1994,First Round,4,Syracuse,13,Hawaii,0,30,23,0.767,17.8,950,0.477,143,0.306,474,0.715,,1239,502,266,159,452,626,,,0.333,0.234,0.545,51.7,52.8,,12,0.513,16.4,,0.238,1,15,8,1,0,33,18,0.545,1.58,876,0.437,201,0.362,424,0.653,,1167,526,193,128,485,655,,,0.324,0.277,0.514,48.6,60,,8.9,0.488,17.3,,0.212,0,1,0,0,0
1994,First Round,6,Minnesota,11,Southern Illinois,0,35,22,0.629,19.06,962,0.459,190,0.363,488,0.697,,1287,607,263,83,440,641,,,0.334,0.249,0.536,52.6,63.1,,6.4,0.504,15.3,,0.233,1,5,2,0,0,30,23,0.767,7.09,868,0.488,147,0.357,488,0.678,,1171,486,230,101,447,577,,,0.405,0.232,0.559,53.2,56,,7.6,0.53,17.4,,0.274,0,2,0,0,0
1994,First Round,3,Louisville,14,Boise State,0,34,28,0.824,18.77,999,0.488,224,0.367,505,0.635,,1325,564,291,170,509,532,,,0.388,0.298,0.562,51.1,56.5,,11.2,0.543,17.4,,0.247,1,18,14,6,2,30,17,0.567,2.1,848,0.477,96,0.302,382,0.59,,1099,520,267,143,486,555,,,0.364,0.179,0.521,50.4,61.3,,11.5,0.504,18.9,,0.215,0,4,1,0,0
1994,Second Round,3,Louisville,6,Minnesota,0,34,28,0.824,18.77,999,0.488,224,0.367,505,0.635,,1325,564,291,170,509,532,,,0.388,0.298,0.562,51.1,56.5,,11.2,0.543,17.4,,0.247,1,18,14,6,2,35,22,0.629,19.06,962,0.459,190,0.363,488,0.697,,1287,607,263,83,440,641,,,0.334,0.249,0.536,52.6,63.1,,6.4,0.504,15.3,,0.233,1,5,2,0,0
1994,First Round,7,Virginia,10,New Mexico,0,31,18,0.581,9.64,699,0.387,134,0.312,456,0.661,,1204,379,190,152,455,612,,,0.382,0.238,0.466,50.1,54.2,,11.6,0.424,17.6,,0.252,0,3,1,0,0,31,23,0.742,9.5,805,0.45,300,0.384,500,0.733,,1227,408,165,111,391,465,,,0.381,0.437,0.57,52,50.7,,8.2,0.534,15.6,,0.279,0,7,1,0,0
1994,First Round,2,Arizona,15,Loyola (MD),0,35,29,0.829,23.76,1108,0.484,279,0.355,629,0.712,,1453,581,285,102,481,637,,,0.386,0.344,0.577,51.9,52.4,,6.3,0.545,15.1,,0.275,1,15,6,3,0,30,17,0.567,-3.14,811,0.44,175,0.335,562,0.688,,1135,467,263,49,539,604,,,0.443,0.284,0.529,50.2,57.6,,3.7,0.488,19.5,,0.305,0,1,0,0,0
1994,Second Round,2,Arizona,7,Virginia,0,35,29,0.829,23.76,1108,0.484,279,0.355,629,0.712,,1453,581,285,102,481,637,,,0.386,0.344,0.577,51.9,52.4,,6.3,0.545,15.1,,0.275,1,15,6,3,0,31,18,0.581,9.64,699,0.387,134,0.312,456,0.661,,1204,379,190,152,455,612,,,0.382,0.238,0.466,50.1,54.2,,11.6,0.424,17.6,,0.252,0,3,1,0,0
1994,Sweet Sixteen,2,Arizona,3,Louisville,0,35,29,0.829,23.76,1108,0.484,279,0.355,629,0.712,,1453,581,285,102,481,637,,,0.386,0.344,0.577,51.9,52.4,,6.3,0.545,15.1,,0.275,1,15,6,3,0,34,28,0.824,18.77,999,0.488,224,0.367,505,0.635,,1325,564,291,170,509,532,,,0.388,0.298,0.562,51.1,56.5,,11.2,0.543,17.4,,0.247,1,18,14,6,2
1995,First Round,1,Wake Forest,16,North Carolina A&T,0,32,26,0.813,19.5,794,0.468,223,0.363,475,0.764,,1147,423,171,180,435,450,,,0.367,0.363,0.574,52.2,53.3,,13.9,0.534,17.9,,0.28,1,5,2,0,0,30,15,0.5,-14.09,712,0.424,197,0.342,426,0.677,,994,335,246,66,464,579,,,0.375,0.343,0.518,47.3,47.1,,5.5,0.483,19,,0.254,0,1,0,0,0
1995,Second Round,1,Wake Forest,9,Saint Louis,0,32,26,0.813,19.5,794,0.468,223,0.363,475,0.764,,1147,423,171,180,435,450,,,0.367,0.363,0.574,52.2,53.3,,13.9,0.534,17.9,,0.28,1,5,2,0,0,31,23,0.742,17.3,784,0.44,284,0.389,498,0.692,,1094,470,248,33,353,539,,,0.404,0.41,0.554,51,59.9,,2.8,0.52,14.3,,0.28,0,7,0,0,0
1995,First Round,8,Minnesota,9,Saint Louis,1,31,19,0.613,13.96,841,0.432,202,0.336,476,0.689,,1268,516,242,84,481,688,,,0.355,0.309,0.519,53,61.4,,7.2,0.484,17.5,,0.245,0,6,2,0,0,31,23,0.742,17.3,784,0.44,284,0.389,498,0.692,,1094,470,248,33,353,539,,,0.404,0.41,0.554,51,59.9,,2.8,0.52,14.3,,0.28,0,7,0,0,0
1995,Sweet Sixteen,1,Wake Forest,4,Oklahoma State,1,32,26,0.813,19.5,794,0.468,223,0.363,475,0.764,,1147,423,171,180,435,450,,,0.367,0.363,0.574,52.2,53.3,,13.9,0.534,17.9,,0.28,1,5,2,0,0,37,27,0.73,21.72,1016,0.502,234,0.389,593,0.68,,1355,655,299,119,565,685,,,0.431,0.297,0.586,53.2,64.5,,8.5,0.56,18.8,,0.293,1,18,10,2,0
1995,Elite Eight,2,UMass,4,Oklahoma State,1,34,29,0.853,23.19,1000,0.462,180,0.342,569,0.659,,1507,580,265,273,499,663,,,0.399,0.244,0.534,54.5,58,,17.8,0.504,16.2,,0.263,1,4,2,0,0,37,27,0.73,21.72,1016,0.502,234,0.389,593,0.68,,1355,655,299,119,565,685,,,0.431,0.297,0.586,53.2,64.5,,8.5,0.56,18.8,,0.293,1,18,10,2,0
1995,Final Four,1,UCLA,4,Oklahoma State,0,33,31,0.939,23.7,1079,0.513,118,0.341,613,0.709,,1334,653,312,139,508,647,,,0.412,0.165,0.575,52.9,60.5,,9.8,0.541,16.8,,0.292,1,11,3,1,1,37,27,0.73,21.72,1016,0.502,234,0.389,593,0.68,,1355,655,299,119,565,685,,,0.431,0.297,0.586,53.2,64.5,,8.5,0.56,18.8,,0.293,1,18,10,2,0
1995,First Round,5,Alabama,12,Penn,0,33,23,0.697,15.5,892,0.453,207,0.335,417,0.644,,1385,501,200,201,520,585,,,0.329,0.314,0.528,53.3,56.2,,14.5,0.505,18.6,,0.212,1,2,0,0,0,28,22,0.786,9.33,844,0.474,247,0.408,366,0.658,,1075,510,243,91,343,453,,,0.312,0.34,0.563,49.8,60.4,,7.2,0.544,14.4,,0.206,0,3,0,0,0
1995,First Round,4,Oklahoma State,13,Drexel,0,37,27,0.73,21.72,1016,0.502,234,0.389,593,0.68,,1355,655,299,119,565,685,,,0.431,0.297,0.586,53.2,64.5,,8.5,0.56,18.8,,0.293,1,18,10,2,0,30,22,0.733,5.68,772,0.444,198,0.361,520,0.699,,1198,464,169,84,448,603,,,0.428,0.316,0.541,53.9,60.1,,6.2,0.501,17.6,,0.299,0,2,0,0,0
1995,Second Round,4,Oklahoma State,5,Alabama,0,37,27,0.73,21.72,1016,0.502,234,0.389,593,0.68,,1355,655,299,119,565,685,,,0.431,0.297,0.586,53.2,64.5,,8.5,0.56,18.8,,0.293,1,18,10,2,0,33,23,0.697,15.5,892,0.453,207,0.335,417,0.644,,1385,501,200,201,520,585,,,0.329,0.314,0.528,53.3,56.2,,14.5,0.505,18.6,,0.212,1,2,0,0,0
1995,First Round,6,Tulsa,11,Illinois,0,32,24,0.75,12.37,786,0.415,221,0.341,601,0.718,,1327,469,233,111,450,611,,,0.442,0.343,0.523,52,59.7,,8.3,0.474,16.4,,0.318,0,2,2,0,0,31,19,0.613,11.97,823,0.447,167,0.365,452,0.651,,1173,397,174,53,425,588,,,0.377,0.249,0.521,54.3,48.2,,4.3,0.492,16.4,,0.245,0,18,7,2,0
1995,Second Round,6,Tulsa,14,Old Dominion,0,32,24,0.75,12.37,786,0.415,221,0.341,601,0.718,,1327,469,233,111,450,611,,,0.442,0.343,0.523,52,59.7,,8.3,0.474,16.4,,0.318,0,2,2,0,0,33,21,0.636,4.16,866,0.445,225,0.361,591,0.717,,1172,539,309,137,493,598,,,0.424,0.32,0.546,48.6,62.2,,9.5,0.503,17.4,,0.304,0,2,0,0,0
1995,First Round,3,Villanova,14,Old Dominion,1,33,25,0.758,16.39,938,0.482,266,0.395,446,0.722,,1169,621,271,163,473,570,,,0.317,0.346,0.577,49.9,66.2,,11.5,0.55,17.4,,0.229,1,1,0,0,0,33,21,0.636,4.16,866,0.445,225,0.361,591,0.717,,1172,539,309,137,493,598,,,0.424,0.32,0.546,48.6,62.2,,9.5,0.503,17.4,,0.304,0,2,0,0,0
1995,First Round,7,Charlotte,10,Stanford,1,28,19,0.679,9.28,735,0.44,151,0.35,466,0.744,,1134,427,179,151,416,573,,,0.374,0.258,0.53,54.2,58.1,,13.8,0.485,17.4,,0.279,0,3,0,0,0,29,20,0.69,13.11,773,0.446,141,0.391,603,0.729,,1113,395,201,80,377,573,,,0.477,0.208,0.539,51.6,51.1,,6.2,0.487,15.1,,0.348,0,3,0,0,0
1995,Second Round,2,UMass,10,Stanford,0,34,29,0.853,23.19,1000,0.462,180,0.342,569,0.659,,1507,580,265,273,499,663,,,0.399,0.244,0.534,54.5,58,,17.8,0.504,16.2,,0.263,1,4,2,0,0,29,20,0.69,13.11,773,0.446,141,0.391,603,0.729,,1113,395,201,80,377,573,,,0.477,0.208,0.539,51.6,51.1,,6.2,0.487,15.1,,0.348,0,3,0,0,0
1995,First Round,2,UMass,15,St. Peter's,0,34,29,0.853,23.19,1000,0.462,180,0.342,569,0.659,,1507,580,265,273,499,663,,,0.399,0.244,0.534,54.5,58,,17.8,0.504,16.2,,0.263,1,4,2,0,0,30,19,0.633,-1.96,758,0.454,100,0.322,432,0.693,,1055,434,201,77,464,518,,,0.373,0.186,0.521,52.4,57.3,,6.2,0.484,19.1,,0.259,0,2,0,0,0
1995,Sweet Sixteen,2,UMass,6,Tulsa,0,34,29,0.853,23.19,1000,0.462,180,0.342,569,0.659,,1507,580,265,273,499,663,,,0.399,0.244,0.534,54.5,58,,17.8,0.504,16.2,,0.263,1,4,2,0,0,32,24,0.75,12.37,786,0.415,221,0.341,601,0.718,,1327,469,233,111,450,611,,,0.442,0.343,0.523,52,59.7,,8.3,0.474,16.4,,0.318,0,2,2,0,0
1995,First Round,1,Kansas,16,Colgate,0,31,25,0.806,22.15,915,0.475,206,0.35,537,0.664,,1350,529,185,181,483,572,,,0.42,0.306,0.557,53.3,57.8,,12.8,0.529,17.3,,0.279,1,6,4,2,0,30,17,0.567,-5.5,828,0.454,192,0.358,448,0.64,,1222,390,193,188,499,592,,,0.384,0.294,0.532,50.9,47.1,,13.2,0.507,18.8,,0.246,0,1,0,0,0
1995,Second Round,1,Kansas,8,Western Kentucky,0,31,25,0.806,22.15,915,0.475,206,0.35,537,0.664,,1350,529,185,181,483,572,,,0.42,0.306,0.557,53.3,57.8,,12.8,0.529,17.3,,0.279,1,6,4,2,0,31,27,0.871,7.8,916,0.475,172,0.363,489,0.667,,1224,480,267,128,486,592,,,0.38,0.246,0.547,52.4,52.4,,9,0.519,17.6,,0.253,1,1,0,0,0
1995,Sweet Sixteen,1,Kansas,4,Virginia,1,31,25,0.806,22.15,915,0.475,206,0.35,537,0.664,,1350,529,185,181,483,572,,,0.42,0.306,0.557,53.3,57.8,,12.8,0.529,17.3,,0.279,1,6,4,2,0,34,25,0.735,20.64,920,0.444,232,0.362,561,0.719,,1387,491,202,142,446,620,,,0.377,0.31,0.539,53.2,53.4,,9.9,0.5,15.4,,0.271,1,4,2,0,0
1995,Elite Eight,2,Arkansas,4,Virginia,0,39,32,0.821,16.91,1223,0.464,361,0.394,609,0.675,,1528,721,445,129,633,789,,,0.342,0.348,0.558,49.1,59,,7.8,0.533,17.1,,0.231,1,11,5,3,1,34,25,0.735,20.64,920,0.444,232,0.362,561,0.719,,1387,491,202,142,446,620,,,0.377,0.31,0.539,53.2,53.4,,9.9,0.5,15.4,,0.271,1,4,2,0,0
1995,First Round,8,Western Kentucky,9,Michigan,0,31,27,0.871,7.8,916,0.475,172,0.363,489,0.667,,1224,480,267,128,486,592,,,0.38,0.246,0.547,52.4,52.4,,9,0.519,17.6,,0.253,1,1,0,0,0,31,17,0.548,9.81,828,0.444,114,0.275,418,0.646,,1175,382,235,130,522,690,,,0.347,0.222,0.504,51.9,46.1,,11,0.475,19.4,,0.224,0,6,4,3,1
1995,First Round,5,Arizona,12,Miami (OH),1,31,23,0.742,19.09,948,0.483,245,0.413,490,0.657,,1285,559,222,95,526,564,,,0.38,0.302,0.568,52.4,59,,6.7,0.546,18.5,,0.25,1,16,6,3,0,30,23,0.767,10.1,749,0.453,176,0.349,445,0.674,,1053,395,251,88,384,539,,,0.4,0.305,0.539,50.7,52.7,,7.8,0.507,16.3,,0.269,0,1,0,0,0
1995,Second Round,4,Virginia,12,Miami (OH),0,34,25,0.735,20.64,920,0.444,232,0.362,561,0.719,,1387,491,202,142,446,620,,,0.377,0.31,0.539,53.2,53.4,,9.9,0.5,15.4,,0.271,1,4,2,0,0,30,23,0.767,10.1,749,0.453,176,0.349,445,0.674,,1053,395,251,88,384,539,,,0.4,0.305,0.539,50.7,52.7,,7.8,0.507,16.3,,0.269,0,1,0,0,0
1995,First Round,4,Virginia,13,Nicholls State,0,34,25,0.735,20.64,920,0.444,232,0.362,561,0.719,,1387,491,202,142,446,620,,,0.377,0.31,0.539,53.2,53.4,,9.9,0.5,15.4,,0.271,1,4,2,0,0,30,24,0.8,3,998,0.478,164,0.331,549,0.698,,1167,590,376,92,452,639,,,0.377,0.237,0.551,49.7,59.1,,7.4,0.517,15.5,,0.263,0,1,0,0,0
1995,First Round,6,Memphis,11,Louisville,0,34,24,0.706,14.4,1003,0.465,191,0.357,504,0.64,,1424,616,301,218,569,629,,,0.365,0.248,0.533,52.8,61.4,,15.5,0.509,18.3,,0.233,0,5,2,0,0,33,19,0.576,11.6,928,0.47,229,0.365,436,0.67,,1125,517,335,189,514,620,,,0.329,0.317,0.552,48.6,55.7,,13,0.528,18.4,,0.221,0,19,14,6,2
1995,First Round,3,Purdue,14,Green Bay,0,32,25,0.781,13.39,857,0.476,183,0.388,547,0.675,,1170,533,196,116,471,560,,,0.45,0.262,0.559,52,62.2,,8.2,0.527,17.7,,0.304,1,12,2,0,0,30,22,0.733,4.78,679,0.478,188,0.417,405,0.735,,879,500,197,58,359,508,,,0.388,0.318,0.58,49.3,73.6,,5.7,0.544,17.6,,0.285,0,3,0,0,0
1995,Second Round,3,Purdue,6,Memphis,1,32,25,0.781,13.39,857,0.476,183,0.388,547,0.675,,1170,533,196,116,471,560,,,0.45,0.262,0.559,52,62.2,,8.2,0.527,17.7,,0.304,1,12,2,0,0,34,24,0.706,14.4,1003,0.465,191,0.357,504,0.64,,1424,616,301,218,569,629,,,0.365,0.248,0.533,52.8,61.4,,15.5,0.509,18.3,,0.233,0,5,2,0,0
1995,Sweet Sixteen,2,Arkansas,6,Memphis,0,39,32,0.821,16.91,1223,0.464,361,0.394,609,0.675,,1528,721,445,129,633,789,,,0.342,0.348,0.558,49.1,59,,7.8,0.533,17.1,,0.231,1,11,5,3,1,34,24,0.706,14.4,1003,0.465,191,0.357,504,0.64,,1424,616,301,218,569,629,,,0.365,0.248,0.533,52.8,61.4,,15.5,0.509,18.3,,0.233,0,5,2,0,0
1995,First Round,7,Syracuse,10,Southern Illinois,0,30,20,0.667,15.36,928,0.489,160,0.34,455,0.662,,1157,543,307,141,497,613,,,0.362,0.247,0.555,49.8,58.5,,10.5,0.531,18.3,,0.24,1,16,8,1,0,32,23,0.719,8.02,898,0.46,257,0.398,433,0.674,,1236,493,251,103,468,622,,,0.329,0.331,0.551,52.4,54.9,,8,0.526,17.2,,0.222,0,3,0,0,0
1995,First Round,2,Arkansas,15,Texas Southern,0,39,32,0.821,16.91,1223,0.464,361,0.394,609,0.675,,1528,721,445,129,633,789,,,0.342,0.348,0.558,49.1,59,,7.8,0.533,17.1,,0.231,1,11,5,3,1,29,22,0.759,0.64,787,0.419,223,0.315,613,0.687,,1258,386,244,75,397,551,,,0.475,0.377,0.524,52.2,49,,6,0.479,14.7,,0.327,0,3,0,0,0
1995,Second Round,2,Arkansas,7,Syracuse,0,39,32,0.821,16.91,1223,0.464,361,0.394,609,0.675,,1528,721,445,129,633,789,,,0.342,0.348,0.558,49.1,59,,7.8,0.533,17.1,,0.231,1,11,5,3,1,30,20,0.667,15.36,928,0.489,160,0.34,455,0.662,,1157,543,307,141,497,613,,,0.362,0.247,0.555,49.8,58.5,,10.5,0.531,18.3,,0.24,1,16,8,1,0
1995,First Round,1,Kentucky,16,Mount St. Mary's,1,33,28,0.848,28.07,1016,0.46,276,0.375,576,0.719,,1338,647,347,176,489,734,,,0.362,0.333,0.556,52.3,63.7,,12.8,0.522,15.9,,0.261,1,6,4,2,0,30,17,0.567,-6.87,840,0.445,172,0.327,471,0.695,,1132,441,246,99,449,608,,,0.359,0.279,0.526,50.8,52.5,,7.6,0.491,16.9,,0.25,0,1,0,0,0
1995,Second Round,1,Kentucky,9,Tulane,0,33,28,0.848,28.07,1016,0.46,276,0.375,576,0.719,,1338,647,347,176,489,734,,,0.362,0.333,0.556,52.3,63.7,,12.8,0.522,15.9,,0.261,1,6,4,2,0,33,23,0.697,9.84,932,0.473,158,0.33,524,0.621,,1261,512,316,109,560,568,,,0.428,0.243,0.537,51.3,54.9,,7.2,0.513,19.1,,0.266,0,3,0,0,0
1995,First Round,8,BYU,9,Tulane,1,32,22,0.688,11.52,809,0.464,170,0.35,617,0.773,,1124,498,225,99,448,601,,,0.458,0.279,0.567,52,61.6,,8.1,0.513,17.4,,0.354,0,5,0,0,0,33,23,0.697,9.84,932,0.473,158,0.33,524,0.621,,1261,512,316,109,560,568,,,0.428,0.243,0.537,51.3,54.9,,7.2,0.513,19.1,,0.266,0,3,0,0,0
1995,Sweet Sixteen,1,Kentucky,5,Arizona State,0,33,28,0.848,28.07,1016,0.46,276,0.375,576,0.719,,1338,647,347,176,489,734,,,0.362,0.333,0.556,52.3,63.7,,12.8,0.522,15.9,,0.261,1,6,4,2,0,33,24,0.727,16.7,954,0.469,212,0.337,465,0.62,,1161,608,345,165,542,617,,,0.369,0.31,0.541,49.3,63.7,,11.3,0.521,18.5,,0.229,1,6,2,0,0
1995,Elite Eight,1,Kentucky,2,UNC,1,33,28,0.848,28.07,1016,0.46,276,0.375,576,0.719,,1338,647,347,176,489,734,,,0.362,0.333,0.556,52.3,63.7,,12.8,0.522,15.9,,0.261,1,6,4,2,0,34,28,0.824,23.58,1044,0.508,266,0.41,517,0.678,,1290,576,211,177,437,476,,,0.371,0.315,0.594,51.2,55.2,,12.2,0.573,15.3,,0.252,1,25,20,10,2
1995,First Round,5,Arizona State,12,Ball State,0,33,24,0.727,16.7,954,0.469,212,0.337,465,0.62,,1161,608,345,165,542,617,,,0.369,0.31,0.541,49.3,63.7,,11.3,0.521,18.5,,0.229,1,6,2,0,0,30,19,0.633,5.36,841,0.477,175,0.359,477,0.655,,1060,494,267,85,470,609,,,0.413,0.277,0.553,50.4,58.7,,6.5,0.526,18.2,,0.27,0,1,0,0,0
1995,Second Round,5,Arizona State,13,Manhattan,0,33,24,0.727,16.7,954,0.469,212,0.337,465,0.62,,1161,608,345,165,542,617,,,0.369,0.31,0.541,49.3,63.7,,11.3,0.521,18.5,,0.229,1,6,2,0,0,31,26,0.839,9.12,840,0.484,152,0.369,501,0.663,,1190,488,264,122,437,593,,,0.435,0.237,0.557,53,58.1,,9.7,0.527,17.3,,0.288,0,2,0,0,0
1995,First Round,4,Oklahoma,13,Manhattan,1,32,23,0.719,15.22,916,0.471,218,0.36,564,0.747,,1239,565,219,128,463,648,,,0.388,0.312,0.568,51.2,61.7,,9,0.527,16.7,,0.29,1,2,0,0,0,31,26,0.839,9.12,840,0.484,152,0.369,501,0.663,,1190,488,264,122,437,593,,,0.435,0.237,0.557,53,58.1,,9.7,0.527,17.3,,0.288,0,2,0,0,0
1995,First Round,6,Georgetown,11,Xavier,0,31,21,0.677,12.76,828,0.436,142,0.287,542,0.65,,1238,375,327,168,556,607,,,0.439,0.261,0.51,51.3,45.3,,12.5,0.473,19.5,,0.285,1,18,7,3,1,28,23,0.821,10.17,796,0.463,162,0.34,594,0.72,,1109,461,238,59,455,535,,,0.48,0.277,0.556,51.9,57.9,,4.9,0.51,17.7,,0.345,0,2,0,0,0
1995,Second Round,6,Georgetown,14,Weber State,0,31,21,0.677,12.76,828,0.436,142,0.287,542,0.65,,1238,375,327,168,556,607,,,0.439,0.261,0.51,51.3,45.3,,12.5,0.473,19.5,,0.285,1,18,7,3,1,30,21,0.7,8.35,830,0.461,168,0.344,491,0.724,,1168,427,215,86,390,541,,,0.376,0.271,0.546,55.8,51.4,,7.9,0.507,15.5,,0.273,0,1,0,0,0
1995,First Round,3,Michigan State,14,Weber State,1,28,22,0.786,17.49,829,0.498,158,0.408,378,0.673,,1074,462,180,46,393,496,,,0.338,0.233,0.568,54.8,55.7,,4,0.546,16.9,,0.227,1,10,5,1,1,30,21,0.7,8.35,830,0.461,168,0.344,491,0.724,,1168,427,215,86,390,541,,,0.376,0.271,0.546,55.8,51.4,,7.9,0.507,15.5,,0.273,0,1,0,0,0
1995,First Round,7,Iowa State,10,Florida,0,34,23,0.676,16.57,911,0.479,175,0.386,610,0.757,,1205,613,217,110,470,597,,,0.424,0.238,0.571,52,67.3,,7.5,0.526,17.1,,0.321,1,3,0,0,0,30,17,0.567,15.4,761,0.452,133,0.359,523,0.715,,1167,415,206,95,471,568,,,0.435,0.22,0.537,54.5,54.5,,8.3,0.492,18.8,,0.311,0,6,2,1,0
1995,First Round,2,UNC,15,Murray State,0,34,28,0.824,23.58,1044,0.508,266,0.41,517,0.678,,1290,576,211,177,437,476,,,0.371,0.315,0.594,51.2,55.2,,12.2,0.573,15.3,,0.252,1,25,20,10,2,30,21,0.7,-2.36,925,0.472,205,0.363,553,0.769,,1103,409,351,130,449,671,,,0.367,0.288,0.567,50.5,44.2,,11,0.525,16.3,,0.282,0,2,0,0,0
1995,Second Round,2,UNC,7,Iowa State,0,34,28,0.824,23.58,1044,0.508,266,0.41,517,0.678,,1290,576,211,177,437,476,,,0.371,0.315,0.594,51.2,55.2,,12.2,0.573,15.3,,0.252,1,25,20,10,2,34,23,0.676,16.57,911,0.479,175,0.386,610,0.757,,1205,613,217,110,470,597,,,0.424,0.238,0.571,52,67.3,,7.5,0.526,17.1,,0.321,1,3,0,0,0
1995,Sweet Sixteen,2,UNC,6,Georgetown,0,34,28,0.824,23.58,1044,0.508,266,0.41,517,0.678,,1290,576,211,177,437,476,,,0.371,0.315,0.594,51.2,55.2,,12.2,0.573,15.3,,0.252,1,25,20,10,2,31,21,0.677,12.76,828,0.436,142,0.287,542,0.65,,1238,375,327,168,556,607,,,0.439,0.261,0.51,51.3,45.3,,12.5,0.473,19.5,,0.285,1,18,7,3,1
1995,Final Four,2,UNC,2,Arkansas,1,34,28,0.824,23.58,1044,0.508,266,0.41,517,0.678,,1290,576,211,177,437,476,,,0.371,0.315,0.594,51.2,55.2,,12.2,0.573,15.3,,0.252,1,25,20,10,2,39,32,0.821,16.91,1223,0.464,361,0.394,609,0.675,,1528,721,445,129,633,789,,,0.342,0.348,0.558,49.1,59,,7.8,0.533,17.1,,0.231,1,11,5,3,1
1995,National Championship,1,UCLA,2,Arkansas,0,33,31,0.939,23.7,1079,0.513,118,0.341,613,0.709,,1334,653,312,139,508,647,,,0.412,0.165,0.575,52.9,60.5,,9.8,0.541,16.8,,0.292,1,11,3,1,1,39,32,0.821,16.91,1223,0.464,361,0.394,609,0.675,,1528,721,445,129,633,789,,,0.342,0.348,0.558,49.1,59,,7.8,0.533,17.1,,0.231,1,11,5,3,1
1995,First Round,1,UCLA,16,Florida International,0,33,31,0.939,23.7,1079,0.513,118,0.341,613,0.709,,1334,653,312,139,508,647,,,0.412,0.165,0.575,52.9,60.5,,9.8,0.541,16.8,,0.292,1,11,3,1,1,30,11,0.367,-10.49,734,0.428,127,0.334,423,0.649,,1025,399,239,60,494,574,,,0.38,0.222,0.498,49.1,54.4,,4.8,0.465,19.6,,0.247,0,2,0,0,0
1995,Second Round,1,UCLA,8,Missouri,0,33,31,0.939,23.7,1079,0.513,118,0.341,613,0.709,,1334,653,312,139,508,647,,,0.412,0.165,0.575,52.9,60.5,,9.8,0.541,16.8,,0.292,1,11,3,1,1,29,20,0.69,11.94,756,0.45,180,0.388,541,0.695,,1163,368,141,106,449,578,,,0.463,0.276,0.545,52.5,48.7,,8.6,0.504,18,,0.322,1,15,5,0,0
1995,Sweet Sixteen,1,UCLA,5,Mississippi State,0,33,31,0.939,23.7,1079,0.513,118,0.341,613,0.709,,1334,653,312,139,508,647,,,0.412,0.165,0.575,52.9,60.5,,9.8,0.541,16.8,,0.292,1,11,3,1,1,30,22,0.733,17.28,766,0.445,240,0.373,429,0.694,,1184,469,202,141,492,544,,,0.359,0.374,0.546,51.9,61.2,,11.1,0.515,19.6,,0.249,1,2,1,0,0
1995,Second Round,4,Utah,5,Mississippi State,1,34,28,0.824,16.29,902,0.483,219,0.366,614,0.743,,1351,536,174,101,485,659,,,0.442,0.32,0.583,57,59.4,,7.6,0.541,17.7,,0.329,1,4,1,0,0,30,22,0.733,17.28,766,0.445,240,0.373,429,0.694,,1184,469,202,141,492,544,,,0.359,0.374,0.546,51.9,61.2,,11.1,0.515,19.6,,0.249,1,2,1,0,0
1995,Elite Eight,1,UCLA,2,UConn,1,33,31,0.939,23.7,1079,0.513,118,0.341,613,0.709,,1334,653,312,139,508,647,,,0.412,0.165,0.575,52.9,60.5,,9.8,0.541,16.8,,0.292,1,11,3,1,1,33,28,0.848,19.23,1027,0.472,227,0.386,556,0.745,,1369,632,284,116,515,580,,,0.343,0.27,0.561,53.1,61.5,,7.4,0.524,16.9,,0.256,1,10,4,0,0
1995,First Round,8,Missouri,9,Indiana,0,29,20,0.69,11.94,756,0.45,180,0.388,541,0.695,,1163,368,141,106,449,578,,,0.463,0.276,0.545,52.5,48.7,,8.6,0.504,18,,0.322,1,15,5,0,0,31,19,0.613,14.83,870,0.484,107,0.36,498,0.666,,1172,487,184,146,477,571,,,0.416,0.165,0.545,51.8,56,,11,0.514,18.1,,0.277,0,19,14,5,3
1995,First Round,5,Mississippi State,12,Santa Clara,0,30,22,0.733,17.28,766,0.445,240,0.373,429,0.694,,1184,469,202,141,492,544,,,0.359,0.374,0.546,51.9,61.2,,11.1,0.515,19.6,,0.249,1,2,1,0,0,28,21,0.75,9.91,727,0.441,188,0.39,495,0.721,,1108,374,202,74,439,584,,,0.417,0.292,0.541,52.9,51.4,,6.4,0.498,18.2,,0.3,0,2,0,0,0
1995,First Round,4,Utah,13,Long Beach State,0,34,28,0.824,16.29,902,0.483,219,0.366,614,0.743,,1351,536,174,101,485,659,,,0.442,0.32,0.583,57,59.4,,7.6,0.541,17.7,,0.329,1,4,1,0,0,30,20,0.667,5.29,799,0.473,146,0.303,429,0.627,,1051,506,246,91,524,618,,,0.405,0.285,0.54,51,63.3,,7.8,0.516,20.6,,0.254,0,2,0,0,0
1995,First Round,6,Oregon,11,Texas,1,28,19,0.679,14.64,796,0.442,228,0.371,565,0.672,,1114,448,214,62,454,610,,,0.467,0.341,0.542,50,56.3,,4.9,0.505,17.1,,0.314,0,1,0,0,0,30,23,0.767,15.72,1022,0.48,253,0.37,490,0.645,,1132,439,341,78,428,648,,,0.357,0.321,0.559,48.6,43,,5.7,0.539,14.7,,0.23,0,7,2,0,0
1995,Second Round,3,Maryland,11,Texas,0,34,26,0.765,22.69,1035,0.498,179,0.352,697,0.706,,1367,641,302,168,528,632,,,0.475,0.244,0.578,54.5,61.9,,11.9,0.541,17.2,,0.335,1,5,4,0,0,30,23,0.767,15.72,1022,0.48,253,0.37,490,0.645,,1132,439,341,78,428,648,,,0.357,0.321,0.559,48.6,43,,5.7,0.539,14.7,,0.23,0,7,2,0,0
1995,First Round,3,Maryland,14,Gonzaga,0,34,26,0.765,22.69,1035,0.498,179,0.352,697,0.706,,1367,641,302,168,528,632,,,0.475,0.244,0.578,54.5,61.9,,11.9,0.541,17.2,,0.335,1,5,4,0,0,30,21,0.7,8.57,763,0.484,232,0.405,538,0.703,,1079,394,153,95,391,559,,,0.486,0.364,0.592,51,51.6,,7.4,0.558,16.8,,0.342,0,1,0,0,0
1995,First Round,7,Cincinnati,10,Temple,0,34,22,0.647,18.6,996,0.465,236,0.353,526,0.658,,1361,550,228,103,526,742,,,0.373,0.312,0.546,54.8,55.2,,8.2,0.52,17.3,,0.245,0,5,2,1,0,30,19,0.633,12.22,660,0.39,209,0.306,352,0.6,,1085,341,231,113,308,490,,,0.347,0.403,0.477,48.7,51.7,,12.2,0.452,13.5,,0.208,0,11,3,0,0
1995,First Round,2,UConn,15,Chattanooga,1,33,28,0.848,19.23,1027,0.472,227,0.386,556,0.745,,1369,632,284,116,515,580,,,0.343,0.27,0.561,53.1,61.5,,7.4,0.524,16.9,,0.256,1,10,4,0,0,30,19,0.633,-1.49,779,0.447,229,0.34,507,0.693,,1139,458,243,104,496,567,,,0.42,0.387,0.549,50.5,58.8,,8.6,0.513,19.2,,0.291,0,4,0,0,0
1995,Second Round,2,UConn,7,Cincinnati,0,33,28,0.848,19.23,1027,0.472,227,0.386,556,0.745,,1369,632,284,116,515,580,,,0.343,0.27,0.561,53.1,61.5,,7.4,0.524,16.9,,0.256,1,10,4,0,0,34,22,0.647,18.6,996,0.465,236,0.353,526,0.658,,1361,550,228,103,526,742,,,0.373,0.312,0.546,54.8,55.2,,8.2,0.52,17.3,,0.245,0,5,2,1,0
1995,Sweet Sixteen,2,UConn,3,Maryland,0,33,28,0.848,19.23,1027,0.472,227,0.386,556,0.745,,1369,632,284,116,515,580,,,0.343,0.27,0.561,53.1,61.5,,7.4,0.524,16.9,,0.256,1,10,4,0,0,34,26,0.765,22.69,1035,0.498,179,0.352,697,0.706,,1367,641,302,168,528,632,,,0.475,0.244,0.578,54.5,61.9,,11.9,0.541,17.2,,0.335,1,5,4,0,0
1996,First Round,1,UMass,16,UCF,0,37,35,0.946,21.38,992,0.454,160,0.35,624,0.68,,1482,558,311,232,489,643,,,0.42,0.209,0.528,53.8,56.3,,15,0.49,15.7,,0.285,1,5,3,1,0,30,11,0.367,-10,797,0.454,201,0.358,448,0.712,,1110,445,175,103,553,653,,,0.358,0.319,0.546,49.1,55.8,,7.9,0.511,21.2,,0.255,0,2,0,0,0
1996,Second Round,1,UMass,9,Stanford,0,37,35,0.946,21.38,992,0.454,160,0.35,624,0.68,,1482,558,311,232,489,643,,,0.42,0.209,0.528,53.8,56.3,,15,0.49,15.7,,0.285,1,5,3,1,0,29,20,0.69,14.85,735,0.445,153,0.344,558,0.758,,1073,466,181,52,387,525,,,0.446,0.27,0.545,52.7,63.4,,4.2,0.492,16.2,,0.338,0,4,0,0,0
1996,First Round,8,Bradley,9,Stanford,1,30,22,0.733,9.71,739,0.446,156,0.383,502,0.699,,1073,447,217,97,375,539,,,0.434,0.246,0.535,49.7,60.5,,7.8,0.493,15.8,,0.303,0,2,0,0,0,29,20,0.69,14.85,735,0.445,153,0.344,558,0.758,,1073,466,181,52,387,525,,,0.446,0.27,0.545,52.7,63.4,,4.2,0.492,16.2,,0.338,0,4,0,0,0
1996,Sweet Sixteen,1,UMass,12,Arkansas,0,37,35,0.946,21.38,992,0.454,160,0.35,624,0.68,,1482,558,311,232,489,643,,,0.42,0.209,0.528,53.8,56.3,,15,0.49,15.7,,0.285,1,5,3,1,0,33,20,0.606,11.66,947,0.442,190,0.324,476,0.624,,1314,501,300,147,558,678,,,0.356,0.273,0.511,49.1,52.9,,10.7,0.486,18.2,,0.222,0,12,6,3,1
1996,First Round,5,Penn State,12,Arkansas,1,28,21,0.75,17.08,728,0.468,197,0.409,442,0.688,,1077,473,206,143,433,491,,,0.413,0.31,0.563,54.3,65,,11.7,0.532,18.9,,0.284,1,1,0,0,0,33,20,0.606,11.66,947,0.442,190,0.324,476,0.624,,1314,501,300,147,558,678,,,0.356,0.273,0.511,49.1,52.9,,10.7,0.486,18.2,,0.222,0,12,6,3,1
1996,Second Round,4,Marquette,12,Arkansas,1,31,23,0.742,14.45,792,0.435,215,0.359,460,0.714,,1223,461,166,166,420,577,,,0.354,0.329,0.531,53.4,58.2,,13.2,0.494,16.5,,0.253,1,2,0,0,0,33,20,0.606,11.66,947,0.442,190,0.324,476,0.624,,1314,501,300,147,558,678,,,0.356,0.273,0.511,49.1,52.9,,10.7,0.486,18.2,,0.222,0,12,6,3,1
1996,Elite Eight,1,UMass,2,Georgetown,0,37,35,0.946,21.38,992,0.454,160,0.35,624,0.68,,1482,558,311,232,489,643,,,0.42,0.209,0.528,53.8,56.3,,15,0.49,15.7,,0.285,1,5,3,1,0,37,29,0.784,22.63,1121,0.476,188,0.331,652,0.635,,1606,521,431,185,628,721,,,0.436,0.241,0.542,54.7,46.5,,11.3,0.516,18.1,,0.277,1,19,8,3,1
1996,Final Four,1,UMass,1,Kentucky,1,37,35,0.946,21.38,992,0.454,160,0.35,624,0.68,,1482,558,311,232,489,643,,,0.42,0.209,0.528,53.8,56.3,,15,0.49,15.7,,0.285,1,5,3,1,0,36,34,0.944,32.14,1198,0.487,266,0.397,630,0.713,,1501,783,435,176,554,729,,,0.359,0.272,0.571,53.8,65.4,,11.2,0.541,16.1,,0.256,1,7,5,3,1
1996,First Round,4,Marquette,13,Monmouth,0,31,23,0.742,14.45,792,0.435,215,0.359,460,0.714,,1223,461,166,166,420,577,,,0.354,0.329,0.531,53.4,58.2,,13.2,0.494,16.5,,0.253,1,2,0,0,0,30,20,0.667,-1.89,734,0.467,127,0.36,470,0.694,,991,459,235,102,407,502,,,0.43,0.224,0.545,49.2,62.5,,9.9,0.507,17.7,,0.299,0,1,0,0,0
1996,First Round,6,UNC,11,New Orleans,0,32,21,0.656,18.02,919,0.492,235,0.396,411,0.67,,1243,559,172,110,429,471,,,0.328,0.317,0.575,54.4,60.8,,9.6,0.555,16.6,,0.22,1,26,20,10,2,30,21,0.7,5.96,780,0.455,189,0.359,429,0.661,,1139,449,208,80,495,601,,,0.378,0.307,0.538,52.6,57.6,,6.3,0.51,19.7,,0.25,0,1,0,0,0
1996,First Round,3,Texas Tech,14,Northern Illinois,0,32,30,0.938,14.86,908,0.458,251,0.352,562,0.661,,1358,560,170,123,411,539,,,0.429,0.36,0.551,53.9,61.7,,8.2,0.521,14.7,,0.283,1,2,1,0,0,30,20,0.667,4.37,812,0.452,197,0.349,428,0.657,,1215,464,198,108,390,500,,,0.362,0.314,0.534,54.5,57.1,,8.8,0.507,15.6,,0.238,0,1,0,0,0
1996,Second Round,3,Texas Tech,6,UNC,0,32,30,0.938,14.86,908,0.458,251,0.352,562,0.661,,1358,560,170,123,411,539,,,0.429,0.36,0.551,53.9,61.7,,8.2,0.521,14.7,,0.283,1,2,1,0,0,32,21,0.656,18.02,919,0.492,235,0.396,411,0.67,,1243,559,172,110,429,471,,,0.328,0.317,0.575,54.4,60.8,,9.6,0.555,16.6,,0.22,1,26,20,10,2
1996,First Round,7,New Mexico,10,Kansas State,0,33,28,0.848,11.55,889,0.493,220,0.381,569,0.699,,1204,515,228,137,477,606,,,0.452,0.321,0.586,51.7,57.9,,9.5,0.554,17.9,,0.316,1,8,1,0,0,29,17,0.586,7.75,683,0.42,128,0.335,476,0.648,,1106,373,197,121,470,533,,,0.452,0.235,0.499,51.2,54.6,,10.3,0.459,19.2,,0.293,0,4,0,0,0
1996,First Round,2,Georgetown,15,Mississippi Valley State,0,37,29,0.784,22.63,1121,0.476,188,0.331,652,0.635,,1606,521,431,185,628,721,,,0.436,0.241,0.542,54.7,46.5,,11.3,0.516,18.1,,0.277,1,19,8,3,1,29,22,0.759,-5.56,925,0.463,166,0.316,470,0.619,,1402,401,241,109,519,519,,,0.38,0.263,0.527,56.8,43.4,,7.8,0.504,18,,0.235,0,3,0,0,0
1996,Second Round,2,Georgetown,7,New Mexico,0,37,29,0.784,22.63,1121,0.476,188,0.331,652,0.635,,1606,521,431,185,628,721,,,0.436,0.241,0.542,54.7,46.5,,11.3,0.516,18.1,,0.277,1,19,8,3,1,33,28,0.848,11.55,889,0.493,220,0.381,569,0.699,,1204,515,228,137,477,606,,,0.452,0.321,0.586,51.7,57.9,,9.5,0.554,17.9,,0.316,1,8,1,0,0
1996,Sweet Sixteen,2,Georgetown,3,Texas Tech,0,37,29,0.784,22.63,1121,0.476,188,0.331,652,0.635,,1606,521,431,185,628,721,,,0.436,0.241,0.542,54.7,46.5,,11.3,0.516,18.1,,0.277,1,19,8,3,1,32,30,0.938,14.86,908,0.458,251,0.352,562,0.661,,1358,560,170,123,411,539,,,0.429,0.36,0.551,53.9,61.7,,8.2,0.521,14.7,,0.283,1,2,1,0,0
1996,First Round,1,Kentucky,16,San Jose State,1,36,34,0.944,32.14,1198,0.487,266,0.397,630,0.713,,1501,783,435,176,554,729,,,0.359,0.272,0.571,53.8,65.4,,11.2,0.541,16.1,,0.256,1,7,5,3,1,30,13,0.433,-3.16,782,0.445,99,0.262,498,0.653,,1077,422,208,92,531,597,,,0.435,0.215,0.51,49.9,54,,7.1,0.474,20,,0.284,0,4,0,0,0
1996,Second Round,1,Kentucky,9,Virginia Tech,0,36,34,0.944,32.14,1198,0.487,266,0.397,630,0.713,,1501,783,435,176,554,729,,,0.359,0.272,0.571,53.8,65.4,,11.2,0.541,16.1,,0.256,1,7,5,3,1,29,23,0.793,11.52,750,0.457,155,0.395,381,0.698,,1011,464,184,91,345,458,,,0.333,0.239,0.536,51.9,61.9,,8.2,0.505,15.4,,0.232,1,2,1,0,0
1996,First Round,8,Green Bay,9,Virginia Tech,1,29,25,0.862,8.05,665,0.476,120,0.383,428,0.746,,874,486,179,45,302,459,,,0.411,0.224,0.562,49.9,73.1,,5.3,0.519,15.3,,0.306,0,1,0,0,0,29,23,0.793,11.52,750,0.457,155,0.395,381,0.698,,1011,464,184,91,345,458,,,0.333,0.239,0.536,51.9,61.9,,8.2,0.505,15.4,,0.232,1,2,1,0,0
1996,Sweet Sixteen,1,Kentucky,4,Utah,1,36,34,0.944,32.14,1198,0.487,266,0.397,630,0.713,,1501,783,435,176,554,729,,,0.359,0.272,0.571,53.8,65.4,,11.2,0.541,16.1,,0.256,1,7,5,3,1,34,27,0.794,18.52,887,0.481,186,0.373,649,0.784,,1347,535,217,112,480,612,,,0.449,0.27,0.583,56.9,60.3,,8.2,0.531,17.7,,0.352,1,5,2,0,0
1996,Elite Eight,1,Kentucky,2,Wake Forest,0,36,34,0.944,32.14,1198,0.487,266,0.397,630,0.713,,1501,783,435,176,554,729,,,0.359,0.272,0.571,53.8,65.4,,11.2,0.541,16.1,,0.256,1,7,5,3,1,32,26,0.813,18.26,757,0.465,260,0.421,430,0.704,,1155,429,151,171,450,447,,,0.375,0.38,0.574,53.6,56.7,,13.6,0.545,19,,0.264,1,6,3,0,0
1996,National Championship,1,Kentucky,4,Syracuse,0,36,34,0.944,32.14,1198,0.487,266,0.397,630,0.713,,1501,783,435,176,554,729,,,0.359,0.272,0.571,53.8,65.4,,11.2,0.541,16.1,,0.256,1,7,5,3,1,38,29,0.763,18.99,1027,0.466,199,0.36,644,0.705,,1455,654,296,159,575,697,,,0.414,0.251,0.549,50.7,63.7,,10.1,0.511,17.9,,0.292,1,17,9,2,0
1996,Elite Eight,2,Kansas,4,Syracuse,1,34,29,0.853,21.39,960,0.454,220,0.326,601,0.656,,1445,600,323,204,530,651,,,0.434,0.319,0.538,53.7,62.5,,13.5,0.506,17.2,,0.284,1,7,5,2,0,38,29,0.763,18.99,1027,0.466,199,0.36,644,0.705,,1455,654,296,159,575,697,,,0.414,0.251,0.549,50.7,63.7,,10.1,0.511,17.9,,0.292,1,17,9,2,0
1996,First Round,5,Iowa State,12,California,0,33,24,0.727,10.9,746,0.432,140,0.336,591,0.68,,1129,435,223,99,459,509,,,0.504,0.242,0.52,49.1,58.3,,7.4,0.473,17.7,,0.343,1,4,0,0,0,28,17,0.607,11.9,716,0.448,153,0.353,532,0.701,,1037,368,216,121,427,541,,,0.475,0.271,0.54,51.4,51.4,,9.6,0.496,17.9,,0.333,0,3,1,0,0
1996,First Round,4,Utah,13,Canisius,0,34,27,0.794,18.52,887,0.481,186,0.373,649,0.784,,1347,535,217,112,480,612,,,0.449,0.27,0.583,56.9,60.3,,8.2,0.531,17.7,,0.352,1,5,2,0,0,30,19,0.633,1.14,695,0.42,161,0.319,422,0.696,,1013,433,198,82,420,476,,,0.366,0.305,0.508,48.4,62.3,,6.7,0.469,17.8,,0.255,0,1,0,0,0
1996,Second Round,4,Utah,5,Iowa State,0,34,27,0.794,18.52,887,0.481,186,0.373,649,0.784,,1347,535,217,112,480,612,,,0.449,0.27,0.583,56.9,60.3,,8.2,0.531,17.7,,0.352,1,5,2,0,0,33,24,0.727,10.9,746,0.432,140,0.336,591,0.68,,1129,435,223,99,459,509,,,0.504,0.242,0.52,49.1,58.3,,7.4,0.473,17.7,,0.343,1,4,0,0,0
1996,First Round,6,Louisville,11,Tulsa,0,34,22,0.647,15.18,925,0.485,220,0.355,532,0.678,,1147,515,303,138,545,634,,,0.412,0.325,0.571,48.2,55.7,,9.9,0.543,19.3,,0.279,1,20,15,6,2,30,22,0.733,12.92,776,0.439,181,0.339,559,0.661,,1295,492,291,136,501,594,,,0.479,0.302,0.529,55.3,63.4,,11.1,0.491,18.8,,0.317,0,1,0,0,0
1996,First Round,3,Villanova,14,Portland,0,33,26,0.788,20.34,877,0.463,212,0.35,526,0.698,,1254,550,240,185,452,598,,,0.398,0.32,0.553,51.5,62.7,,13.4,0.519,16.7,,0.278,1,2,0,0,0,30,19,0.633,1.75,854,0.444,144,0.312,435,0.702,,1060,493,257,61,424,621,,,0.322,0.24,0.515,47.6,57.7,,5.1,0.481,16,,0.226,0,1,0,0,0
1996,Second Round,3,Villanova,6,Louisville,1,33,26,0.788,20.34,877,0.463,212,0.35,526,0.698,,1254,550,240,185,452,598,,,0.398,0.32,0.553,51.5,62.7,,13.4,0.519,16.7,,0.278,1,2,0,0,0,34,22,0.647,15.18,925,0.485,220,0.355,532,0.678,,1147,515,303,138,545,634,,,0.412,0.325,0.571,48.2,55.7,,9.9,0.543,19.3,,0.279,1,20,15,6,2
1996,Sweet Sixteen,2,Wake Forest,6,Louisville,0,32,26,0.813,18.26,757,0.465,260,0.421,430,0.704,,1155,429,151,171,450,447,,,0.375,0.38,0.574,53.6,56.7,,13.6,0.545,19,,0.264,1,6,3,0,0,34,22,0.647,15.18,925,0.485,220,0.355,532,0.678,,1147,515,303,138,545,634,,,0.412,0.325,0.571,48.2,55.7,,9.9,0.543,19.3,,0.279,1,20,15,6,2
1996,First Round,7,Michigan,10,Texas,1,32,20,0.625,15.02,828,0.442,157,0.33,470,0.672,,1245,415,215,116,528,683,,,0.373,0.254,0.517,52.9,50.1,,8.9,0.483,19.3,,0.251,0,7,4,3,1,31,21,0.677,12.44,891,0.413,239,0.318,514,0.664,,1291,427,348,87,450,747,,,0.358,0.348,0.501,50.5,47.9,,7.2,0.468,15.1,,0.238,0,8,2,0,0
1996,Second Round,2,Wake Forest,10,Texas,0,32,26,0.813,18.26,757,0.465,260,0.421,430,0.704,,1155,429,151,171,450,447,,,0.375,0.38,0.574,53.6,56.7,,13.6,0.545,19,,0.264,1,6,3,0,0,31,21,0.677,12.44,891,0.413,239,0.318,514,0.664,,1291,427,348,87,450,747,,,0.358,0.348,0.501,50.5,47.9,,7.2,0.468,15.1,,0.238,0,8,2,0,0
1996,First Round,2,Wake Forest,15,Louisiana-Monroe,0,32,26,0.813,18.26,757,0.465,260,0.421,430,0.704,,1155,429,151,171,450,447,,,0.375,0.38,0.574,53.6,56.7,,13.6,0.545,19,,0.264,1,6,3,0,0,30,16,0.533,-2.53,855,0.455,225,0.379,383,0.689,,1030,426,269,142,456,508,,,0.296,0.316,0.541,47.5,49.8,,10.6,0.515,17.6,,0.204,0,7,0,0,0
1996,First Round,1,UConn,16,Colgate,0,35,32,0.914,26.05,1061,0.475,258,0.408,510,0.731,,1519,659,286,190,541,598,,,0.312,0.283,0.563,55.8,62.1,,12.1,0.532,17.4,,0.228,1,11,5,0,0,30,15,0.5,-4.67,765,0.448,186,0.361,448,0.654,,1103,401,198,195,485,559,,,0.401,0.302,0.532,48.1,52.4,,15.2,0.502,19.3,,0.262,0,2,0,0,0
1996,Second Round,1,UConn,9,Eastern Michigan,0,35,32,0.914,26.05,1061,0.475,258,0.408,510,0.731,,1519,659,286,190,541,598,,,0.312,0.283,0.563,55.8,62.1,,12.1,0.532,17.4,,0.228,1,11,5,0,0,31,25,0.806,11.55,943,0.479,177,0.355,531,0.707,,1149,475,242,120,371,571,,,0.382,0.254,0.558,49.7,50.4,,8.5,0.524,13.8,,0.27,0,3,1,0,0
1996,First Round,8,Duke,9,Eastern Michigan,1,31,18,0.581,16.06,830,0.445,231,0.376,445,0.703,,1083,439,186,113,417,596,,,0.339,0.33,0.539,49.5,52.9,,8.7,0.507,16.1,,0.238,0,12,8,7,2,31,25,0.806,11.55,943,0.479,177,0.355,531,0.707,,1149,475,242,120,371,571,,,0.382,0.254,0.558,49.7,50.4,,8.5,0.524,13.8,,0.27,0,3,1,0,0
1996,Sweet Sixteen,1,UConn,5,Mississippi State,1,35,32,0.914,26.05,1061,0.475,258,0.408,510,0.731,,1519,659,286,190,541,598,,,0.312,0.283,0.563,55.8,62.1,,12.1,0.532,17.4,,0.228,1,11,5,0,0,34,26,0.765,16.19,881,0.478,214,0.384,508,0.711,,1325,520,222,175,583,553,,,0.388,0.303,0.569,54.4,59,,13,0.536,21.1,,0.276,1,3,2,1,0
1996,Elite Eight,2,Cincinnati,5,Mississippi State,1,33,28,0.848,22.11,939,0.466,181,0.357,568,0.676,,1360,546,277,105,458,701,,,0.417,0.252,0.544,55.3,58.1,,8.3,0.511,16,,0.282,1,6,3,1,0,34,26,0.765,16.19,881,0.478,214,0.384,508,0.711,,1325,520,222,175,583,553,,,0.388,0.303,0.569,54.4,59,,13,0.536,21.1,,0.276,1,3,2,1,0
1996,Final Four,4,Syracuse,5,Mississippi State,0,38,29,0.763,18.99,1027,0.466,199,0.36,644,0.705,,1455,654,296,159,575,697,,,0.414,0.251,0.549,50.7,63.7,,10.1,0.511,17.9,,0.292,1,17,9,2,0,34,26,0.765,16.19,881,0.478,214,0.384,508,0.711,,1325,520,222,175,583,553,,,0.388,0.303,0.569,54.4,59,,13,0.536,21.1,,0.276,1,3,2,1,0
1996,First Round,5,Mississippi State,12,VCU,0,34,26,0.765,16.19,881,0.478,214,0.384,508,0.711,,1325,520,222,175,583,553,,,0.388,0.303,0.569,54.4,59,,13,0.536,21.1,,0.276,1,3,2,1,0,33,24,0.727,7.42,890,0.466,153,0.317,505,0.65,,1328,513,246,129,557,553,,,0.407,0.253,0.535,55.7,57.6,,9.7,0.507,19.7,,0.265,0,6,2,0,0
1996,Second Round,5,Mississippi State,13,Princeton,0,34,26,0.765,16.19,881,0.478,214,0.384,508,0.711,,1325,520,222,175,583,553,,,0.388,0.303,0.569,54.4,59,,13,0.536,21.1,,0.276,1,3,2,1,0,29,22,0.759,2.53,599,0.47,212,0.346,304,0.689,,776,348,159,55,328,499,,,0.346,0.481,0.577,48.9,58.1,,6.4,0.553,18.1,,0.238,0,11,0,0,0
1996,First Round,4,UCLA,13,Princeton,1,31,23,0.742,14.15,897,0.528,118,0.376,487,0.675,,1155,508,202,162,554,528,,,0.425,0.185,0.588,54.4,56.6,,12.2,0.563,21.3,,0.287,1,12,3,1,1,29,22,0.759,2.53,599,0.47,212,0.346,304,0.689,,776,348,159,55,328,499,,,0.346,0.481,0.577,48.9,58.1,,6.4,0.553,18.1,,0.238,0,11,0,0,0
1996,First Round,6,Indiana,11,Boston College,1,31,19,0.613,17.61,807,0.472,184,0.391,551,0.703,,1147,506,193,111,467,568,,,0.459,0.275,0.564,51.5,62.7,,9,0.526,18.3,,0.322,0,20,14,5,3,30,19,0.633,16.93,803,0.461,193,0.352,547,0.706,,1204,428,217,93,478,571,,,0.445,0.316,0.556,53.4,53.3,,7.4,0.517,18.5,,0.314,0,2,1,0,0
1996,Second Round,3,Georgia Tech,11,Boston College,1,36,24,0.667,16.95,1031,0.477,296,0.381,530,0.703,,1308,622,288,130,533,606,,,0.349,0.359,0.573,49.9,60.3,,8.2,0.546,17.5,,0.245,1,11,5,1,0,30,19,0.633,16.93,803,0.461,193,0.352,547,0.706,,1204,428,217,93,478,571,,,0.445,0.316,0.556,53.4,53.3,,7.4,0.517,18.5,,0.314,0,2,1,0,0
1996,First Round,3,Georgia Tech,14,Austin Peay,0,36,24,0.667,16.95,1031,0.477,296,0.381,530,0.703,,1308,622,288,130,533,606,,,0.349,0.359,0.573,49.9,60.3,,8.2,0.546,17.5,,0.245,1,11,5,1,0,30,19,0.633,-0.4,888,0.481,211,0.376,390,0.684,,1028,525,258,126,390,467,,,0.308,0.304,0.561,46.9,59.1,,8.9,0.538,15.5,,0.211,0,1,0,0,0
1996,First Round,7,Temple,10,Oklahoma,0,33,20,0.606,11.08,705,0.389,182,0.296,389,0.622,,1252,327,244,86,391,506,,,0.345,0.34,0.47,52.5,46.4,,8.5,0.44,15.6,,0.215,0,12,3,0,0,30,17,0.567,12.79,863,0.444,207,0.359,438,0.709,,1222,484,201,82,388,575,,,0.318,0.296,0.53,52.7,56.1,,6.5,0.497,14.8,,0.225,0,3,0,0,0
1996,First Round,2,Cincinnati,15,UNC Greensboro,0,33,28,0.848,22.11,939,0.466,181,0.357,568,0.676,,1360,546,277,105,458,701,,,0.417,0.252,0.544,55.3,58.1,,8.3,0.511,16,,0.282,1,6,3,1,0,30,20,0.667,-1.95,745,0.461,205,0.408,434,0.654,,1104,452,190,121,456,486,,,0.411,0.311,0.551,51.8,60.7,,10.1,0.525,19.1,,0.269,0,1,0,0,0
1996,Second Round,2,Cincinnati,7,Temple,0,33,28,0.848,22.11,939,0.466,181,0.357,568,0.676,,1360,546,277,105,458,701,,,0.417,0.252,0.544,55.3,58.1,,8.3,0.511,16,,0.282,1,6,3,1,0,33,20,0.606,11.08,705,0.389,182,0.296,389,0.622,,1252,327,244,86,391,506,,,0.345,0.34,0.47,52.5,46.4,,8.5,0.44,15.6,,0.215,0,12,3,0,0
1996,Sweet Sixteen,2,Cincinnati,3,Georgia Tech,0,33,28,0.848,22.11,939,0.466,181,0.357,568,0.676,,1360,546,277,105,458,701,,,0.417,0.252,0.544,55.3,58.1,,8.3,0.511,16,,0.282,1,6,3,1,0,36,24,0.667,16.95,1031,0.477,296,0.381,530,0.703,,1308,622,288,130,533,606,,,0.349,0.359,0.573,49.9,60.3,,8.2,0.546,17.5,,0.245,1,11,5,1,0
1996,First Round,1,Purdue,16,Western Carolina,0,32,26,0.813,17.25,816,0.471,157,0.356,549,0.673,,1146,521,257,113,490,579,,,0.471,0.254,0.551,51.5,63.8,,8.4,0.516,18.8,,0.317,1,13,2,0,0,30,17,0.567,-4.86,870,0.466,204,0.406,487,0.7,,1124,464,216,84,473,586,,,0.373,0.27,0.553,48.7,53.3,,6.7,0.521,17.7,,0.261,0,1,0,0,0
1996,Second Round,1,Purdue,8,Georgia,1,32,26,0.813,17.25,816,0.471,157,0.356,549,0.673,,1146,521,257,113,490,579,,,0.471,0.254,0.551,51.5,63.8,,8.4,0.516,18.8,,0.317,1,13,2,0,0,31,21,0.677,19.29,912,0.468,198,0.347,434,0.666,,1235,569,308,130,453,572,,,0.335,0.293,0.544,53.2,62.4,,10.7,0.519,16.7,,0.223,0,3,3,0,0
1996,Sweet Sixteen,4,Syracuse,8,Georgia,0,38,29,0.763,18.99,1027,0.466,199,0.36,644,0.705,,1455,654,296,159,575,697,,,0.414,0.251,0.549,50.7,63.7,,10.1,0.511,17.9,,0.292,1,17,9,2,0,31,21,0.677,19.29,912,0.468,198,0.347,434,0.666,,1235,569,308,130,453,572,,,0.335,0.293,0.544,53.2,62.4,,10.7,0.519,16.7,,0.223,0,3,3,0,0
1996,First Round,8,Georgia,9,Clemson,0,31,21,0.677,19.29,912,0.468,198,0.347,434,0.666,,1235,569,308,130,453,572,,,0.335,0.293,0.544,53.2,62.4,,10.7,0.519,16.7,,0.223,0,3,3,0,0,29,18,0.621,13.18,691,0.446,149,0.339,440,0.659,,999,374,199,86,337,535,,,0.431,0.284,0.527,52.7,54.1,,10.4,0.494,15.3,,0.284,0,4,0,0,0
1996,First Round,5,Memphis,12,Drexel,1,30,22,0.733,14.35,839,0.457,183,0.345,344,0.618,,1125,491,283,158,436,508,,,0.304,0.289,0.525,50.6,58.5,,13.1,0.507,17.2,,0.188,1,6,2,0,0,31,27,0.871,10.99,868,0.475,241,0.394,583,0.714,,1280,517,191,78,426,569,,,0.446,0.335,0.578,53.9,59.6,,5.4,0.541,16.1,,0.319,0,3,0,0,0
1996,Second Round,4,Syracuse,12,Drexel,0,38,29,0.763,18.99,1027,0.466,199,0.36,644,0.705,,1455,654,296,159,575,697,,,0.414,0.251,0.549,50.7,63.7,,10.1,0.511,17.9,,0.292,1,17,9,2,0,31,27,0.871,10.99,868,0.475,241,0.394,583,0.714,,1280,517,191,78,426,569,,,0.446,0.335,0.578,53.9,59.6,,5.4,0.541,16.1,,0.319,0,3,0,0,0
1996,First Round,4,Syracuse,13,Montana State,0,38,29,0.763,18.99,1027,0.466,199,0.36,644,0.705,,1455,654,296,159,575,697,,,0.414,0.251,0.549,50.7,63.7,,10.1,0.511,17.9,,0.292,1,17,9,2,0,30,21,0.7,7.48,898,0.499,207,0.366,422,0.681,,1120,627,218,89,453,496,,,0.344,0.314,0.579,53.5,69.8,,6.9,0.556,17.8,,0.234,0,1,0,0,0
1996,First Round,6,Iowa,11,George Washington,0,32,23,0.719,18.65,898,0.48,195,0.333,557,0.717,,1296,576,284,84,525,571,,,0.415,0.313,0.569,56.3,64.1,,6.9,0.532,19,,0.298,1,9,4,0,0,29,21,0.724,8.99,788,0.455,130,0.336,557,0.701,,1100,472,211,107,434,590,,,0.459,0.223,0.536,49.5,59.9,,8.3,0.492,17.1,,0.321,0,5,1,0,0
1996,First Round,3,Arizona,14,Valparaiso,0,33,26,0.788,18.14,973,0.491,222,0.376,525,0.66,,1253,589,244,117,541,590,,,0.402,0.298,0.571,52.3,60.5,,8.2,0.547,18.7,,0.265,1,17,7,3,0,32,21,0.656,-5.13,915,0.479,201,0.376,472,0.667,,1178,522,255,62,480,652,,,0.371,0.28,0.557,54,57,,4.9,0.532,17.6,,0.247,0,1,0,0,0
1996,Second Round,3,Arizona,6,Iowa,0,33,26,0.788,18.14,973,0.491,222,0.376,525,0.66,,1253,589,244,117,541,590,,,0.402,0.298,0.571,52.3,60.5,,8.2,0.547,18.7,,0.265,1,17,7,3,0,32,23,0.719,18.65,898,0.48,195,0.333,557,0.717,,1296,576,284,84,525,571,,,0.415,0.313,0.569,56.3,64.1,,6.9,0.532,19,,0.298,1,9,4,0,0
1996,First Round,7,Maryland,10,Santa Clara,1,30,17,0.567,15,860,0.449,185,0.34,535,0.683,,1158,529,329,88,506,652,,,0.408,0.284,0.533,51,61.5,,7.4,0.497,18.1,,0.279,0,6,4,0,0,29,20,0.69,8.81,686,0.421,194,0.363,488,0.698,,1066,403,200,67,425,566,,,0.429,0.327,0.523,51.4,58.7,,6.1,0.48,17.8,,0.299,0,3,0,0,0
1996,Second Round,2,Kansas,10,Santa Clara,0,34,29,0.853,21.39,960,0.454,220,0.326,601,0.656,,1445,600,323,204,530,651,,,0.434,0.319,0.538,53.7,62.5,,13.5,0.506,17.2,,0.284,1,7,5,2,0,29,20,0.69,8.81,686,0.421,194,0.363,488,0.698,,1066,403,200,67,425,566,,,0.429,0.327,0.523,51.4,58.7,,6.1,0.48,17.8,,0.299,0,3,0,0,0
1996,First Round,2,Kansas,15,South Carolina State,0,34,29,0.853,21.39,960,0.454,220,0.326,601,0.656,,1445,600,323,204,530,651,,,0.434,0.319,0.538,53.7,62.5,,13.5,0.506,17.2,,0.284,1,7,5,2,0,30,22,0.733,-5.23,781,0.455,136,0.313,462,0.643,,1205,380,193,139,449,478,,,0.419,0.253,0.525,54.6,48.7,,11.2,0.495,17.9,,0.269,0,2,0,0,0
1996,Sweet Sixteen,2,Kansas,3,Arizona,0,34,29,0.853,21.39,960,0.454,220,0.326,601,0.656,,1445,600,323,204,530,651,,,0.434,0.319,0.538,53.7,62.5,,13.5,0.506,17.2,,0.284,1,7,5,2,0,33,26,0.788,18.14,973,0.491,222,0.376,525,0.66,,1253,589,244,117,541,590,,,0.402,0.298,0.571,52.3,60.5,,8.2,0.547,18.7,,0.265,1,17,7,3,0
1997,First Round,1,UNC,16,Fairfield,0,35,28,0.8,21.23,1018,0.479,188,0.372,485,0.68,528,1455,632,261,142,495,547,,111.4,0.336,0.238,0.55,56.4,62.1,10.7,10.9,0.524,16.7,43.7,0.228,1,27,21,11,2,30,11,0.367,-5.18,690,0.429,165,0.332,446,0.611,386,1065,388,219,107,494,613,,96,0.454,0.309,0.509,49.9,56.2,10.6,9,0.48,20.2,35.4,0.277,0,1,0,0,0
1997,Second Round,1,UNC,9,Colorado,0,35,28,0.8,21.23,1018,0.479,188,0.372,485,0.68,528,1455,632,261,142,495,547,,111.4,0.336,0.238,0.55,56.4,62.1,10.7,10.9,0.524,16.7,43.7,0.228,1,27,21,11,2,32,22,0.688,9.69,823,0.422,147,0.362,547,0.681,430,1249,469,258,177,441,644,,99.8,0.412,0.208,0.502,48.6,57,11,12.4,0.46,15.9,34.3,0.281,1,1,0,0,0
1997,First Round,8,Indiana,9,Colorado,1,33,22,0.667,13.94,772,0.438,179,0.374,674,0.766,388,1183,459,212,131,507,593,,103.9,0.499,0.272,0.549,50.4,59.5,9.2,9.3,0.488,18.9,35,0.382,0,21,14,5,3,32,22,0.688,9.69,823,0.422,147,0.362,547,0.681,430,1249,469,258,177,441,644,,99.8,0.412,0.208,0.502,48.6,57,11,12.4,0.46,15.9,34.3,0.281,1,1,0,0,0
1997,Sweet Sixteen,1,UNC,5,California,0,35,28,0.8,21.23,1018,0.479,188,0.372,485,0.68,528,1455,632,261,142,495,547,,111.4,0.336,0.238,0.55,56.4,62.1,10.7,10.9,0.524,16.7,43.7,0.228,1,27,21,11,2,32,23,0.719,17.34,871,0.457,142,0.326,518,0.672,450,1216,520,271,135,526,588,,102.9,0.405,0.229,0.529,51.7,59.7,11.6,10.4,0.494,18.8,39.1,0.272,0,4,2,0,0
1997,Second Round,4,Villanova,5,California,1,34,24,0.706,16.62,892,0.462,184,0.327,584,0.694,513,1379,516,287,207,555,638,,107.3,0.436,0.291,0.547,54.5,57.8,12.1,15.1,0.51,19.2,43.2,0.302,1,3,0,0,0,32,23,0.719,17.34,871,0.457,142,0.326,518,0.672,450,1216,520,271,135,526,588,,102.9,0.405,0.229,0.529,51.7,59.7,11.6,10.4,0.494,18.8,39.1,0.272,0,4,2,0,0
1997,Elite Eight,1,UNC,6,Louisville,0,35,28,0.8,21.23,1018,0.479,188,0.372,485,0.68,528,1455,632,261,142,495,547,,111.4,0.336,0.238,0.55,56.4,62.1,10.7,10.9,0.524,16.7,43.7,0.228,1,27,21,11,2,35,26,0.743,11.98,908,0.448,234,0.331,581,0.686,499,1254,537,307,93,563,708,,105.5,0.418,0.348,0.542,49.7,59.1,12.3,6.6,0.506,18.8,39.4,0.287,1,21,16,6,2
1997,Second Round,3,New Mexico,6,Louisville,1,33,25,0.758,14.69,855,0.48,245,0.373,547,0.72,370,1180,528,232,131,428,536,,113.6,0.427,0.368,0.584,51.7,61.8,10.5,9.8,0.549,16.7,35.6,0.307,1,9,1,0,0,35,26,0.743,11.98,908,0.448,234,0.331,581,0.686,499,1254,537,307,93,563,708,,105.5,0.418,0.348,0.542,49.7,59.1,12.3,6.6,0.506,18.8,39.4,0.287,1,21,16,6,2
1997,Final Four,1,UNC,4,Arizona,1,35,28,0.8,21.23,1018,0.479,188,0.372,485,0.68,528,1455,632,261,142,495,547,,111.4,0.336,0.238,0.55,56.4,62.1,10.7,10.9,0.524,16.7,43.7,0.228,1,27,21,11,2,34,25,0.735,21.66,1015,0.453,222,0.37,598,0.655,562,1377,567,358,100,521,654,,108.3,0.407,0.268,0.533,51.5,55.9,13.6,6.7,0.502,16.3,41,0.267,1,18,8,4,1
1997,Sweet Sixteen,1,Kansas,4,Arizona,1,36,34,0.944,26.6,1084,0.488,192,0.379,698,0.693,556,1532,598,351,222,571,674,,113,0.453,0.228,0.566,57,55.2,13,14.8,0.531,17.5,43.4,0.314,1,8,6,2,0,34,25,0.735,21.66,1015,0.453,222,0.37,598,0.655,562,1377,567,358,100,521,654,,108.3,0.407,0.268,0.533,51.5,55.9,13.6,6.7,0.502,16.3,41,0.267,1,18,8,4,1
1997,National Championship,1,Kentucky,4,Arizona,1,40,35,0.875,29.29,1238,0.471,287,0.369,562,0.682,641,1575,776,480,203,589,802,,111.6,0.313,0.295,0.55,53.5,62.7,16.1,13,0.525,16.3,42.6,0.214,1,8,6,4,1,34,25,0.735,21.66,1015,0.453,222,0.37,598,0.655,562,1377,567,358,100,521,654,,108.3,0.407,0.268,0.533,51.5,55.9,13.6,6.7,0.502,16.3,41,0.267,1,18,8,4,1
1997,First Round,5,California,12,Princeton,0,32,23,0.719,17.34,871,0.457,142,0.326,518,0.672,450,1216,520,271,135,526,588,,102.9,0.405,0.229,0.529,51.7,59.7,11.6,10.4,0.494,18.8,39.1,0.272,0,4,2,0,0,28,24,0.857,7.11,631,0.5,244,0.375,307,0.716,164,705,394,202,49,326,502,,111.5,0.34,0.516,0.618,46.4,62.4,12.4,5.7,0.597,18.2,23.4,0.243,0,1,0,0,0
1997,First Round,4,Villanova,13,LIU,1,34,24,0.706,16.62,892,0.462,184,0.327,584,0.694,513,1379,516,287,207,555,638,,107.3,0.436,0.291,0.547,54.5,57.8,12.1,15.1,0.51,19.2,43.2,0.302,1,3,0,0,0,30,21,0.7,3.75,999,0.435,301,0.336,447,0.62,519,1360,507,396,83,383,635,,109.2,0.314,0.39,0.52,49.5,50.8,15.8,6.1,0.5,12.7,36,0.195,0,1,0,0,0
1997,First Round,6,Louisville,11,UMass,0,35,26,0.743,11.98,908,0.448,234,0.331,581,0.686,499,1254,537,307,93,563,708,,105.5,0.418,0.348,0.542,49.7,59.1,12.3,6.6,0.506,18.8,39.4,0.287,1,21,16,6,2,33,19,0.576,10.54,813,0.43,155,0.335,411,0.67,480,1243,487,226,165,442,642,,102,0.324,0.244,0.502,51.8,59.9,10.5,13,0.471,16.8,40.3,0.217,0,1,0,0,0
1997,Sweet Sixteen,6,Louisville,10,Texas,0,35,26,0.743,11.98,908,0.448,234,0.331,581,0.686,499,1254,537,307,93,563,708,,105.5,0.418,0.348,0.542,49.7,59.1,12.3,6.6,0.506,18.8,39.4,0.287,1,21,16,6,2,30,18,0.6,12.34,781,0.413,222,0.322,506,0.683,455,1165,384,280,132,462,686,,101.9,0.392,0.365,0.51,49.2,49.2,12.5,10.6,0.472,17.1,36.8,0.268,0,9,3,0,0
1997,First Round,7,Wisconsin,10,Texas,1,28,18,0.643,13.2,570,0.41,137,0.337,377,0.663,320,951,332,187,97,422,564,,93.9,0.409,0.292,0.498,51.8,58.2,10.6,10.5,0.459,20.3,35.2,0.271,0,4,0,0,0,30,18,0.6,12.34,781,0.413,222,0.322,506,0.683,455,1165,384,280,132,462,686,,101.9,0.392,0.365,0.51,49.2,49.2,12.5,10.6,0.472,17.1,36.8,0.268,0,9,3,0,0
1997,First Round,3,New Mexico,14,Old Dominion,0,33,25,0.758,14.69,855,0.48,245,0.373,547,0.72,370,1180,528,232,131,428,536,,113.6,0.427,0.368,0.584,51.7,61.8,10.5,9.8,0.549,16.7,35.6,0.307,1,9,1,0,0,33,22,0.667,3.72,842,0.445,175,0.32,484,0.662,452,1286,491,265,233,502,585,,101.6,0.386,0.289,0.523,51.1,58.3,11.5,16.6,0.491,18.3,37.9,0.256,0,3,0,0,0
1997,First Round,2,South Carolina,15,Coppin State,1,32,24,0.75,15.09,793,0.451,229,0.371,556,0.695,403,1178,425,225,100,452,529,,109,0.455,0.352,0.554,51.9,53.6,10.3,8,0.516,17.5,37.4,0.316,1,5,1,0,0,31,22,0.71,-1.21,838,0.464,171,0.333,606,0.736,364,1104,390,288,103,521,640,,104.7,0.456,0.284,0.558,49.9,46.5,12.3,7.5,0.511,19.2,34.5,0.336,0,3,0,0,0
1997,Second Round,10,Texas,15,Coppin State,0,30,18,0.6,12.34,781,0.413,222,0.322,506,0.683,455,1165,384,280,132,462,686,,101.9,0.392,0.365,0.51,49.2,49.2,12.5,10.6,0.472,17.1,36.8,0.268,0,9,3,0,0,31,22,0.71,-1.21,838,0.464,171,0.333,606,0.736,364,1104,390,288,103,521,640,,104.7,0.456,0.284,0.558,49.9,46.5,12.3,7.5,0.511,19.2,34.5,0.336,0,3,0,0,0
1997,First Round,1,Minnesota,16,Texas State,0,35,31,0.886,23.34,1007,0.479,164,0.346,563,0.679,479,1372,561,319,111,511,732,,109.2,0.394,0.225,0.549,53.6,55.7,12.7,8.5,0.518,17,39,0.268,1,7,3,1,0,29,16,0.552,-7.54,698,0.442,162,0.362,487,0.706,356,1098,331,186,64,478,627,,100.5,0.437,0.283,0.536,52.7,47.4,9.1,5.5,0.493,20,35.8,0.308,0,1,0,0,0
1997,Second Round,1,Minnesota,9,Temple,0,35,31,0.886,23.34,1007,0.479,164,0.346,563,0.679,479,1372,561,319,111,511,732,,109.2,0.394,0.225,0.549,53.6,55.7,12.7,8.5,0.518,17,39,0.268,1,7,3,1,0,31,20,0.645,14.67,713,0.398,180,0.291,449,0.662,491,1211,348,251,117,326,420,,105.6,0.379,0.346,0.486,53.5,48.8,12.9,12.9,0.449,13.4,41.2,0.251,0,13,3,0,0
1997,First Round,8,Ole Miss,9,Temple,1,29,20,0.69,11.4,726,0.436,141,0.305,408,0.66,420,1056,392,219,103,406,551,,103,0.371,0.277,0.511,53.4,54,11.3,10,0.478,17.2,40.3,0.245,0,1,0,0,0,31,20,0.645,14.67,713,0.398,180,0.291,449,0.662,491,1211,348,251,117,326,420,,105.6,0.379,0.346,0.486,53.5,48.8,12.9,12.9,0.449,13.4,41.2,0.251,0,13,3,0,0
1997,Sweet Sixteen,1,Minnesota,4,Clemson,0,35,31,0.886,23.34,1007,0.479,164,0.346,563,0.679,479,1372,561,319,111,511,732,,109.2,0.394,0.225,0.549,53.6,55.7,12.7,8.5,0.518,17,39,0.268,1,7,3,1,0,33,23,0.697,17.23,774,0.443,158,0.31,543,0.68,431,1155,458,228,85,422,633,,106.1,0.458,0.292,0.529,53.5,59.2,10.8,8.2,0.489,16.6,38.6,0.311,1,5,1,0,0
1997,Elite Eight,1,Minnesota,2,UCLA,0,35,31,0.886,23.34,1007,0.479,164,0.346,563,0.679,479,1372,561,319,111,511,732,,109.2,0.394,0.225,0.549,53.6,55.7,12.7,8.5,0.518,17,39,0.268,1,7,3,1,0,32,24,0.75,16.62,932,0.52,125,0.343,569,0.671,386,1207,533,259,123,574,566,,107.7,0.473,0.203,0.583,52.8,57.2,10.9,8.9,0.555,20.7,39,0.318,1,1,1,0,0
1997,Final Four,1,Minnesota,1,Kentucky,1,35,31,0.886,23.34,1007,0.479,164,0.346,563,0.679,479,1372,561,319,111,511,732,,109.2,0.394,0.225,0.549,53.6,55.7,12.7,8.5,0.518,17,39,0.268,1,7,3,1,0,40,35,0.875,29.29,1238,0.471,287,0.369,562,0.682,641,1575,776,480,203,589,802,,111.6,0.313,0.295,0.55,53.5,62.7,16.1,13,0.525,16.3,42.6,0.214,1,8,6,4,1
1997,First Round,5,Tulsa,12,Boston University,0,34,24,0.706,15,844,0.438,222,0.342,553,0.659,516,1393,516,270,127,555,642,,104.1,0.436,0.338,0.53,54.2,61.1,11.4,9.2,0.496,19.3,41.4,0.287,0,2,0,0,0,30,25,0.833,2.51,725,0.433,166,0.299,404,0.673,318,1105,446,227,136,431,543,,97.4,0.358,0.331,0.515,50.3,61.5,11,10.9,0.482,18,30.5,0.241,0,1,0,0,0
1997,First Round,4,Clemson,13,Miami (OH),0,33,23,0.697,17.23,774,0.443,158,0.31,543,0.68,431,1155,458,228,85,422,633,,106.1,0.458,0.292,0.529,53.5,59.2,10.8,8.2,0.489,16.6,38.6,0.311,1,5,1,0,0,30,21,0.7,9,805,0.473,167,0.367,424,0.694,377,1113,441,212,86,421,522,,107.9,0.359,0.267,0.553,55.1,54.8,10.4,7,0.522,17.5,37.8,0.249,0,2,0,0,0
1997,Second Round,4,Clemson,5,Tulsa,0,33,23,0.697,17.23,774,0.443,158,0.31,543,0.68,431,1155,458,228,85,422,633,,106.1,0.458,0.292,0.529,53.5,59.2,10.8,8.2,0.489,16.6,38.6,0.311,1,5,1,0,0,34,24,0.706,15,844,0.438,222,0.342,553,0.659,516,1393,516,270,127,555,642,,104.1,0.436,0.338,0.53,54.2,61.1,11.4,9.2,0.496,19.3,41.4,0.287,0,2,0,0,0
1997,First Round,6,Iowa State,11,Illinois State,0,31,22,0.71,13.43,746,0.453,149,0.401,452,0.656,366,1102,482,177,160,440,441,,102.9,0.419,0.226,0.531,51.2,64.6,8.7,12.1,0.499,18.2,35.8,0.275,1,5,1,0,0,30,24,0.8,10.81,792,0.453,193,0.356,447,0.667,407,1169,527,214,108,465,585,,105.1,0.383,0.31,0.538,52.5,66.5,10.1,9,0.508,18.4,37.7,0.256,0,1,0,0,0
1997,First Round,3,Cincinnati,14,Butler,0,34,26,0.765,20.71,962,0.496,184,0.332,635,0.687,514,1357,525,264,100,523,716,,115.2,0.477,0.286,0.577,56.6,54.6,11.1,7.8,0.544,18,46.3,0.328,1,7,3,1,0,33,23,0.697,7.61,763,0.448,169,0.364,602,0.668,386,1186,432,210,123,480,657,,103.4,0.529,0.273,0.539,51.9,56.6,9.5,9.6,0.498,18.4,35.2,0.354,0,1,0,0,0
1997,Second Round,3,Cincinnati,6,Iowa State,1,34,26,0.765,20.71,962,0.496,184,0.332,635,0.687,514,1357,525,264,100,523,716,,115.2,0.477,0.286,0.577,56.6,54.6,11.1,7.8,0.544,18,46.3,0.328,1,7,3,1,0,31,22,0.71,13.43,746,0.453,149,0.401,452,0.656,366,1102,482,177,160,440,441,,102.9,0.419,0.226,0.531,51.2,64.6,8.7,12.1,0.499,18.2,35.8,0.275,1,5,1,0,0
1997,Sweet Sixteen,2,UCLA,6,Iowa State,0,32,24,0.75,16.62,932,0.52,125,0.343,569,0.671,386,1207,533,259,123,574,566,,107.7,0.473,0.203,0.583,52.8,57.2,10.9,8.9,0.555,20.7,39,0.318,1,1,1,0,0,31,22,0.71,13.43,746,0.453,149,0.401,452,0.656,366,1102,482,177,160,440,441,,102.9,0.419,0.226,0.531,51.2,64.6,8.7,12.1,0.499,18.2,35.8,0.275,1,5,1,0,0
1997,First Round,7,Xavier,10,Vanderbilt,0,29,23,0.793,16.14,838,0.488,153,0.337,584,0.725,430,1103,532,318,80,556,578,75,108.2,0.469,0.264,0.575,54.8,63.5,14.3,7,0.533,20.9,43.3,0.34,1,3,0,0,0,31,19,0.613,11.55,708,0.444,177,0.344,563,0.706,329,987,458,301,60,485,520,,101,0.5,0.323,0.547,48.2,64.7,14.1,5,0.5,19.7,33.3,0.353,0,1,0,0,0
1997,First Round,2,UCLA,15,Charleston Southern,1,32,24,0.75,16.62,932,0.52,125,0.343,569,0.671,386,1207,533,259,123,574,566,,107.7,0.473,0.203,0.583,52.8,57.2,10.9,8.9,0.555,20.7,39,0.318,1,1,1,0,0,30,17,0.567,-6.92,739,0.427,199,0.349,474,0.696,349,1077,466,226,91,428,641,,100.4,0.394,0.329,0.524,48.2,63.1,10.5,7.7,0.485,17.2,31.5,0.274,0,1,0,0,0
1997,Second Round,2,UCLA,7,Xavier,0,32,24,0.75,16.62,932,0.52,125,0.343,569,0.671,386,1207,533,259,123,574,566,,107.7,0.473,0.203,0.583,52.8,57.2,10.9,8.9,0.555,20.7,39,0.318,1,1,1,0,0,29,23,0.793,16.14,838,0.488,153,0.337,584,0.725,430,1103,532,318,80,556,578,75,108.2,0.469,0.264,0.575,54.8,63.5,14.3,7,0.533,20.9,43.3,0.34,1,3,0,0,0
1997,First Round,1,Kansas,16,Jackson State,0,36,34,0.944,26.6,1084,0.488,192,0.379,698,0.693,556,1532,598,351,222,571,674,,113,0.453,0.228,0.566,57,55.2,13,14.8,0.531,17.5,43.4,0.314,1,8,6,2,0,30,14,0.467,-11.47,777,0.433,133,0.309,452,0.613,454,1160,406,251,98,573,685,,94.3,0.411,0.24,0.499,49.7,52.3,11.1,7.6,0.47,21.1,38.8,0.252,0,1,0,0,0
1997,Second Round,1,Kansas,8,Purdue,0,36,34,0.944,26.6,1084,0.488,192,0.379,698,0.693,556,1532,598,351,222,571,674,,113,0.453,0.228,0.566,57,55.2,13,14.8,0.531,17.5,43.4,0.314,1,8,6,2,0,30,18,0.6,12.24,727,0.423,172,0.339,536,0.723,422,1071,442,250,116,494,503,,101.1,0.432,0.296,0.522,50,60.8,11.7,8.5,0.474,19.3,39.1,0.312,0,14,2,0,0
1997,First Round,8,Purdue,9,Rhode Island,0,30,18,0.6,12.24,727,0.423,172,0.339,536,0.723,422,1071,442,250,116,494,503,,101.1,0.432,0.296,0.522,50,60.8,11.7,8.5,0.474,19.3,39.1,0.312,0,14,2,0,0,30,20,0.667,16.48,887,0.461,205,0.363,441,0.688,437,1172,483,263,145,397,589,,110.6,0.333,0.294,0.543,50.3,54.5,12,11.1,0.514,15.1,38.4,0.229,0,2,0,0,0
1997,First Round,5,Maryland,12,College of Charleston,1,32,21,0.656,17.52,836,0.464,118,0.312,616,0.681,398,1226,518,274,112,542,600,,101.2,0.502,0.21,0.54,52.9,62,11.5,8.9,0.497,19.6,35.7,0.342,1,7,4,0,0,32,29,0.906,5.86,937,0.49,112,0.362,518,0.676,423,1145,519,293,146,425,544,,110.8,0.401,0.162,0.55,50.9,55.4,13,11.2,0.52,15.7,38.4,0.271,1,2,0,0,0
1997,Second Round,4,Arizona,12,College of Charleston,0,34,25,0.735,21.66,1015,0.453,222,0.37,598,0.655,562,1377,567,358,100,521,654,,108.3,0.407,0.268,0.533,51.5,55.9,13.6,6.7,0.502,16.3,41,0.267,1,18,8,4,1,32,29,0.906,5.86,937,0.49,112,0.362,518,0.676,423,1145,519,293,146,425,544,,110.8,0.401,0.162,0.55,50.9,55.4,13,11.2,0.52,15.7,38.4,0.271,1,2,0,0,0
1997,First Round,4,Arizona,13,South Alabama,0,34,25,0.735,21.66,1015,0.453,222,0.37,598,0.655,562,1377,567,358,100,521,654,,108.3,0.407,0.268,0.533,51.5,55.9,13.6,6.7,0.502,16.3,41,0.267,1,18,8,4,1,30,23,0.767,4.03,681,0.446,128,0.369,497,0.699,407,1131,376,186,115,406,517,,106.9,0.466,0.227,0.533,55.8,55.2,10,11.2,0.488,17.9,42.2,0.326,0,2,1,0,0
1997,Elite Eight,4,Arizona,10,Providence,0,34,25,0.735,21.66,1015,0.453,222,0.37,598,0.655,562,1377,567,358,100,521,654,,108.3,0.407,0.268,0.533,51.5,55.9,13.6,6.7,0.502,16.3,41,0.267,1,18,8,4,1,36,24,0.667,14.17,969,0.447,209,0.336,608,0.723,478,1342,580,336,138,559,720,72.3,104.4,0.388,0.287,0.537,50.8,59.9,12.7,9,0.495,17.9,36.1,0.28,0,8,2,0,0
1997,First Round,7,Marquette,10,Providence,1,31,22,0.71,13.45,750,0.44,191,0.339,418,0.635,416,1206,448,227,180,464,515,,102.4,0.386,0.331,0.523,53.1,59.7,11,15.1,0.496,18.7,38.7,0.245,0,3,0,0,0,36,24,0.667,14.17,969,0.447,209,0.336,608,0.723,478,1342,580,336,138,559,720,72.3,104.4,0.388,0.287,0.537,50.8,59.9,12.7,9,0.495,17.9,36.1,0.28,0,8,2,0,0
1997,Second Round,2,Duke,10,Providence,1,33,24,0.727,22.52,895,0.462,278,0.389,561,0.7,417,1117,473,280,131,423,625,,113.4,0.413,0.368,0.567,48,52.8,12.1,9.2,0.534,15.4,36.3,0.289,1,13,8,7,2,36,24,0.667,14.17,969,0.447,209,0.336,608,0.723,478,1342,580,336,138,559,720,72.3,104.4,0.388,0.287,0.537,50.8,59.9,12.7,9,0.495,17.9,36.1,0.28,0,8,2,0,0
1997,First Round,6,Illinois,11,USC,0,32,22,0.688,15.68,848,0.442,238,0.377,514,0.744,398,1076,515,249,63,434,663,,107.3,0.36,0.33,0.545,49,60.7,10.9,5.1,0.504,16.2,34.6,0.268,1,7,2,1,0,28,17,0.607,14.51,755,0.441,180,0.346,539,0.699,423,1045,416,259,83,522,617,,102.1,0.451,0.304,0.537,50.6,55.1,11.9,6.9,0.494,20.1,39.3,0.315,0,1,0,0,0
1997,Second Round,6,Illinois,14,Chattanooga,1,32,22,0.688,15.68,848,0.442,238,0.377,514,0.744,398,1076,515,249,63,434,663,,107.3,0.36,0.33,0.545,49,60.7,10.9,5.1,0.504,16.2,34.6,0.268,1,7,2,1,0,35,24,0.686,2.59,942,0.463,217,0.334,579,0.69,535,1351,532,288,83,492,614,,111.9,0.412,0.32,0.551,55.2,56.5,12,6,0.516,16.8,42.9,0.285,0,5,1,0,0
1997,First Round,3,Georgia,14,Chattanooga,1,33,24,0.727,13.09,803,0.438,261,0.365,509,0.654,494,1276,472,200,122,510,631,,106.6,0.424,0.391,0.539,52.8,58.8,9,9.5,0.509,18.8,42.4,0.278,1,4,3,0,0,35,24,0.686,2.59,942,0.463,217,0.334,579,0.69,535,1351,532,288,83,492,614,,111.9,0.412,0.32,0.551,55.2,56.5,12,6,0.516,16.8,42.9,0.285,0,5,1,0,0
1997,Sweet Sixteen,10,Providence,14,Chattanooga,0,36,24,0.667,14.17,969,0.447,209,0.336,608,0.723,478,1342,580,336,138,559,720,72.3,104.4,0.388,0.287,0.537,50.8,59.9,12.7,9,0.495,17.9,36.1,0.28,0,8,2,0,0,35,24,0.686,2.59,942,0.463,217,0.334,579,0.69,535,1351,532,288,83,492,614,,111.9,0.412,0.32,0.551,55.2,56.5,12,6,0.516,16.8,42.9,0.285,0,5,1,0,0
1997,First Round,2,Duke,15,Murray State,0,33,24,0.727,22.52,895,0.462,278,0.389,561,0.7,417,1117,473,280,131,423,625,,113.4,0.413,0.368,0.567,48,52.8,12.1,9.2,0.534,15.4,36.3,0.289,1,13,8,7,2,30,20,0.667,-4.26,839,0.447,192,0.359,489,0.745,413,1172,461,217,69,375,607,,109.4,0.35,0.285,0.539,50.7,54.9,10.1,5.6,0.498,14.6,36.5,0.261,0,1,0,0,0
1997,First Round,1,Kentucky,16,Montana,0,40,35,0.875,29.29,1238,0.471,287,0.369,562,0.682,641,1575,776,480,203,589,802,,111.6,0.313,0.295,0.55,53.5,62.7,16.1,13,0.525,16.3,42.6,0.214,1,8,6,4,1,32,21,0.656,0.58,870,0.468,155,0.395,444,0.632,438,1216,484,262,92,533,599,,102.1,0.378,0.211,0.534,51.6,55.6,11.4,7.1,0.51,19.6,38.1,0.239,0,2,0,0,0
1997,Second Round,1,Kentucky,8,Iowa,0,40,35,0.875,29.29,1238,0.471,287,0.369,562,0.682,641,1575,776,480,203,589,802,,111.6,0.313,0.295,0.55,53.5,62.7,16.1,13,0.525,16.3,42.6,0.214,1,8,6,4,1,32,22,0.688,16.84,813,0.475,184,0.397,504,0.701,435,1231,469,241,130,499,498,,109.3,0.42,0.271,0.564,57.3,57.7,11.4,11,0.529,19.6,43.6,0.295,0,10,4,0,0
1997,Sweet Sixteen,1,Kentucky,4,St. Joseph's,0,40,35,0.875,29.29,1238,0.471,287,0.369,562,0.682,641,1575,776,480,203,589,802,,111.6,0.313,0.295,0.55,53.5,62.7,16.1,13,0.525,16.3,42.6,0.214,1,8,6,4,1,33,26,0.788,12.94,782,0.412,276,0.371,511,0.702,427,1190,461,239,79,408,615,,105.6,0.384,0.392,0.524,50.4,59,10.7,6.5,0.485,15.4,35.1,0.269,1,1,1,0,0
1997,Elite Eight,1,Kentucky,2,Utah,0,40,35,0.875,29.29,1238,0.471,287,0.369,562,0.682,641,1575,776,480,203,589,802,,111.6,0.313,0.295,0.55,53.5,62.7,16.1,13,0.525,16.3,42.6,0.214,1,8,6,4,1,33,29,0.879,17.58,886,0.496,166,0.359,518,0.725,357,1250,574,205,108,464,596,,110.1,0.4,0.259,0.578,54.7,64.8,9.2,8.1,0.543,17.9,35.3,0.29,1,6,3,0,0
1997,First Round,8,Iowa,9,Virginia,0,32,22,0.688,16.84,813,0.475,184,0.397,504,0.701,435,1231,469,241,130,499,498,,109.3,0.42,0.271,0.564,57.3,57.7,11.4,11,0.529,19.6,43.6,0.295,0,10,4,0,0,31,18,0.581,13.84,752,0.427,205,0.362,390,0.674,398,1148,387,168,133,388,556,,103.4,0.328,0.321,0.515,51,51.5,8.3,10.8,0.485,16,36.2,0.221,0,5,2,0,0
1997,First Round,5,Boston College,12,Valparaiso,0,31,22,0.71,11.92,780,0.452,190,0.371,555,0.703,430,1194,408,240,87,473,568,,107,0.458,0.297,0.549,53.6,52.3,11.1,6.9,0.508,18.4,40.6,0.322,1,3,1,0,0,31,24,0.774,3.71,838,0.47,187,0.389,493,0.673,443,1184,481,247,86,472,674,,110,0.411,0.27,0.553,54,57.4,11.5,7,0.523,18.1,41.5,0.277,0,2,0,0,0
1997,First Round,4,St. Joseph's,13,Pacific,0,33,26,0.788,12.94,782,0.412,276,0.371,511,0.702,427,1190,461,239,79,408,615,,105.6,0.384,0.392,0.524,50.4,59,10.7,6.5,0.485,15.4,35.1,0.269,1,1,1,0,0,30,24,0.8,8.72,763,0.472,246,0.386,414,0.666,334,1038,499,205,79,400,530,,110.7,0.385,0.394,0.572,52.7,65.4,10.4,7.1,0.548,17.3,35.1,0.256,0,1,0,0,0
1997,Second Round,4,St. Joseph's,5,Boston College,0,33,26,0.788,12.94,782,0.412,276,0.371,511,0.702,427,1190,461,239,79,408,615,,105.6,0.384,0.392,0.524,50.4,59,10.7,6.5,0.485,15.4,35.1,0.269,1,1,1,0,0,31,22,0.71,11.92,780,0.452,190,0.371,555,0.703,430,1194,408,240,87,473,568,,107,0.458,0.297,0.549,53.6,52.3,11.1,6.9,0.508,18.4,40.6,0.322,1,3,1,0,0
1997,First Round,6,Stanford,11,Oklahoma,0,30,22,0.733,19.89,822,0.448,222,0.389,561,0.746,439,1206,534,208,117,418,590,,111.6,0.41,0.311,0.554,54.3,65,9.6,9.5,0.508,16,40.4,0.306,1,5,1,0,0,30,19,0.633,13.97,751,0.431,194,0.351,532,0.724,428,1054,398,262,97,425,637,,107.1,0.422,0.317,0.533,51.1,53,12.6,8.4,0.487,16.9,39.4,0.306,0,4,0,0,0
1997,First Round,3,Wake Forest,14,Saint Mary's,0,31,24,0.774,20.94,733,0.465,202,0.363,470,0.69,343,1189,403,129,182,454,457,,106.5,0.432,0.354,0.563,54.3,55,6.4,14.3,0.53,19.3,36,0.298,1,7,3,0,0,31,23,0.742,3.24,739,0.469,209,0.365,501,0.679,333,1067,523,200,128,496,575,,104.5,0.469,0.364,0.568,49.7,70.8,9.6,10.1,0.536,20.5,34.2,0.318,0,1,0,0,0
1997,Second Round,3,Wake Forest,6,Stanford,1,31,24,0.774,20.94,733,0.465,202,0.363,470,0.69,343,1189,403,129,182,454,457,,106.5,0.432,0.354,0.563,54.3,55,6.4,14.3,0.53,19.3,36,0.298,1,7,3,0,0,30,22,0.733,19.89,822,0.448,222,0.389,561,0.746,439,1206,534,208,117,418,590,,111.6,0.41,0.311,0.554,54.3,65,9.6,9.5,0.508,16,40.4,0.306,1,5,1,0,0
1997,Sweet Sixteen,2,Utah,6,Stanford,0,33,29,0.879,17.58,886,0.496,166,0.359,518,0.725,357,1250,574,205,108,464,596,,110.1,0.4,0.259,0.578,54.7,64.8,9.2,8.1,0.543,17.9,35.3,0.29,1,6,3,0,0,30,22,0.733,19.89,822,0.448,222,0.389,561,0.746,439,1206,534,208,117,418,590,,111.6,0.41,0.311,0.554,54.3,65,9.6,9.5,0.508,16,40.4,0.306,1,5,1,0,0
1997,First Round,7,Charlotte,10,Georgetown,0,31,22,0.71,10.83,768,0.418,182,0.342,499,0.737,442,1181,441,211,118,396,499,,105,0.368,0.289,0.513,51.3,57.4,10,9.8,0.467,15.5,37.6,0.271,0,1,0,0,0,30,20,0.667,10.87,772,0.399,117,0.298,422,0.597,559,1348,378,300,195,488,604,,95.1,0.365,0.203,0.459,53,49,13.7,15.3,0.429,17.7,42.8,0.218,0,20,8,3,1
1997,First Round,2,Utah,15,Navy,0,33,29,0.879,17.58,886,0.496,166,0.359,518,0.725,357,1250,574,205,108,464,596,,110.1,0.4,0.259,0.578,54.7,64.8,9.2,8.1,0.543,17.9,35.3,0.29,1,6,3,0,0,29,20,0.69,-3.57,769,0.433,149,0.337,410,0.681,456,1131,458,243,51,450,645,,102.5,0.339,0.249,0.508,54.9,59.6,11.9,4.9,0.475,17.9,41.7,0.231,0,9,2,0,0
1997,Second Round,2,Utah,7,Charlotte,0,33,29,0.879,17.58,886,0.496,166,0.359,518,0.725,357,1250,574,205,108,464,596,,110.1,0.4,0.259,0.578,54.7,64.8,9.2,8.1,0.543,17.9,35.3,0.29,1,6,3,0,0,31,22,0.71,10.83,768,0.418,182,0.342,499,0.737,442,1181,441,211,118,396,499,,105,0.368,0.289,0.513,51.3,57.4,10,9.8,0.467,15.5,37.6,0.271,0,1,0,0,0
1998,First Round,1,UNC,16,Navy,0,38,34,0.895,26.67,1131,0.518,185,0.362,666,0.711,490,1512,699,259,188,493,533,,118.2,0.429,0.234,0.592,55.2,61.8,9.8,12.3,0.56,15.8,41.2,0.305,1,1,1,1,0,30,19,0.633,-3.79,777,0.434,99,0.297,479,0.661,445,1205,414,282,97,487,633,,97.9,0.405,0.186,0.499,53.5,53.3,13,8.2,0.461,18.6,38.6,0.267,0,10,2,0,0
1998,Second Round,1,UNC,8,Charlotte,0,38,34,0.895,26.67,1131,0.518,185,0.362,666,0.711,490,1512,699,259,188,493,533,,118.2,0.429,0.234,0.592,55.2,61.8,9.8,12.3,0.56,15.8,41.2,0.305,1,1,1,1,0,31,20,0.645,12.21,816,0.437,180,0.343,471,0.708,426,1176,481,266,73,447,561,,103.6,0.356,0.281,0.523,51.4,58.9,12.1,6,0.486,17,36.4,0.252,0,2,0,0,0
1998,Sweet Sixteen,1,UNC,4,Michigan State,0,38,34,0.895,26.67,1131,0.518,185,0.362,666,0.711,490,1512,699,259,188,493,533,,118.2,0.429,0.234,0.592,55.2,61.8,9.8,12.3,0.56,15.8,41.2,0.305,1,1,1,1,0,30,22,0.733,18.65,799,0.449,176,0.357,428,0.67,479,1197,446,229,117,461,575,,106.7,0.359,0.277,0.529,56.3,55.8,11.1,10,0.499,18.1,44.8,0.241,1,1,1,0,0
1998,Elite Eight,1,UNC,2,UConn,0,38,34,0.895,26.67,1131,0.518,185,0.362,666,0.711,490,1512,699,259,188,493,533,,118.2,0.429,0.234,0.592,55.2,61.8,9.8,12.3,0.56,15.8,41.2,0.305,1,1,1,1,0,37,32,0.865,20.67,1003,0.458,220,0.357,610,0.733,520,1447,529,314,148,525,671,,109.6,0.38,0.282,0.549,52.7,52.7,12.1,9.4,0.509,16.9,39.9,0.279,1,12,6,0,0
1998,Final Four,1,UNC,3,Utah,1,38,34,0.895,26.67,1131,0.518,185,0.362,666,0.711,490,1512,699,259,188,493,533,,118.2,0.429,0.234,0.592,55.2,61.8,9.8,12.3,0.56,15.8,41.2,0.305,1,1,1,1,0,34,30,0.882,17.08,809,0.48,175,0.373,588,0.73,383,1259,454,196,111,454,619,,111.1,0.478,0.278,0.576,57.8,56.1,9.1,9.3,0.532,18,38.2,0.349,1,7,4,1,0
1998,National Championship,2,Kentucky,3,Utah,0,39,35,0.897,22.95,1161,0.482,250,0.367,551,0.675,587,1640,691,341,240,583,722,,111.4,0.339,0.283,0.558,55.4,59.5,12.2,15.9,0.534,17.3,42.5,0.229,1,5,4,1,1,34,30,0.882,17.08,809,0.48,175,0.373,588,0.73,383,1259,454,196,111,454,619,,111.1,0.478,0.278,0.576,57.8,56.1,9.1,9.3,0.532,18,38.2,0.349,1,7,4,1,0
1998,Elite Eight,1,Arizona,3,Utah,1,35,30,0.857,24.56,1146,0.488,269,0.377,616,0.716,513,1372,677,352,113,502,578,,115.6,0.366,0.304,0.576,51.8,59.1,12.8,7.2,0.545,15.4,39.1,0.262,1,19,9,4,1,34,30,0.882,17.08,809,0.48,175,0.373,588,0.73,383,1259,454,196,111,454,619,,111.1,0.478,0.278,0.576,57.8,56.1,9.1,9.3,0.532,18,38.2,0.349,1,7,4,1,0
1998,First Round,8,Charlotte,9,UIC,0,31,20,0.645,12.21,816,0.437,180,0.343,471,0.708,426,1176,481,266,73,447,561,,103.6,0.356,0.281,0.523,51.4,58.9,12.1,6,0.486,17,36.4,0.252,0,2,0,0,0,28,22,0.786,9.21,715,0.436,192,0.417,468,0.732,398,1034,397,169,76,354,530,,110.2,0.389,0.28,0.537,51.4,55.5,8.9,6.8,0.494,15.4,38.9,0.285,0,1,0,0,0
1998,First Round,5,Princeton,12,UNLV,0,29,27,0.931,11.54,684,0.498,265,0.389,295,0.674,203,771,478,245,78,294,453,,115.9,0.319,0.496,0.609,47.6,69.9,14.7,8.5,0.594,15.7,26.4,0.215,1,2,0,0,0,33,20,0.606,7.43,766,0.422,194,0.344,566,0.656,404,1267,432,196,109,450,587,,100.9,0.475,0.311,0.515,50.8,56.4,8.6,8.7,0.475,16.8,33.3,0.312,0,1,0,0,0
1998,First Round,4,Michigan State,13,Eastern Michigan,0,30,22,0.733,18.65,799,0.449,176,0.357,428,0.67,479,1197,446,229,117,461,575,,106.7,0.359,0.277,0.529,56.3,55.8,11.1,10,0.499,18.1,44.8,0.241,1,1,1,0,0,30,20,0.667,6.7,909,0.47,210,0.367,366,0.663,415,1121,473,234,110,429,600,,109,0.286,0.296,0.545,50.7,52,10.7,8.7,0.525,16.3,36.9,0.189,0,1,0,0,0
1998,Second Round,4,Michigan State,5,Princeton,0,30,22,0.733,18.65,799,0.449,176,0.357,428,0.67,479,1197,446,229,117,461,575,,106.7,0.359,0.277,0.529,56.3,55.8,11.1,10,0.499,18.1,44.8,0.241,1,1,1,0,0,29,27,0.931,11.54,684,0.498,265,0.389,295,0.674,203,771,478,245,78,294,453,,115.9,0.319,0.496,0.609,47.6,69.9,14.7,8.5,0.594,15.7,26.4,0.215,1,2,0,0,0
1998,First Round,6,Xavier,11,Washington,1,30,22,0.733,19.46,848,0.484,170,0.349,640,0.738,437,1103,494,354,80,509,653,,112.2,0.495,0.278,0.579,53.7,58.3,15.8,7.5,0.533,19,42.5,0.365,1,4,0,0,0,30,20,0.667,10.28,843,0.488,147,0.353,526,0.694,365,1066,463,196,114,528,509,,104.7,0.438,0.241,0.565,51.7,54.9,8.7,8.1,0.53,20.2,36.8,0.304,0,2,1,0,0
1998,Sweet Sixteen,2,UConn,11,Washington,0,37,32,0.865,20.67,1003,0.458,220,0.357,610,0.733,520,1447,529,314,148,525,671,,109.6,0.38,0.282,0.549,52.7,52.7,12.1,9.4,0.509,16.9,39.9,0.279,1,12,6,0,0,30,20,0.667,10.28,843,0.488,147,0.353,526,0.694,365,1066,463,196,114,528,509,,104.7,0.438,0.241,0.565,51.7,54.9,8.7,8.1,0.53,20.2,36.8,0.304,0,2,1,0,0
1998,First Round,3,South Carolina,14,Richmond,1,31,23,0.742,12.51,739,0.443,178,0.333,555,0.692,382,1164,391,183,117,468,486,,103.4,0.481,0.32,0.539,51.2,52.9,8.6,9.5,0.496,18.6,35.5,0.333,1,6,1,0,0,31,23,0.742,6.34,771,0.456,241,0.398,386,0.698,338,993,438,189,97,328,449,,112,0.327,0.358,0.555,48.7,56.8,9.8,8.4,0.527,14.4,33.2,0.228,0,2,0,0,0
1998,Second Round,11,Washington,14,Richmond,0,30,20,0.667,10.28,843,0.488,147,0.353,526,0.694,365,1066,463,196,114,528,509,,104.7,0.438,0.241,0.565,51.7,54.9,8.7,8.1,0.53,20.2,36.8,0.304,0,2,1,0,0,31,23,0.742,6.34,771,0.456,241,0.398,386,0.698,338,993,438,189,97,328,449,,112,0.327,0.358,0.555,48.7,56.8,9.8,8.4,0.527,14.4,33.2,0.228,0,2,0,0,0
1998,First Round,7,Indiana,10,Oklahoma,0,32,20,0.625,14.18,879,0.491,186,0.38,513,0.731,327,1079,568,235,105,498,585,,107.1,0.392,0.273,0.578,49.2,64.6,10.2,7.8,0.542,19,32.5,0.286,0,22,14,5,3,33,22,0.667,9.41,829,0.446,182,0.351,622,0.701,473,1260,477,245,139,510,651,,107,0.477,0.278,0.54,53.6,57.5,10.6,10.8,0.495,18.3,40.4,0.334,0,5,0,0,0
1998,First Round,2,UConn,15,Fairleigh Dickinson,0,37,32,0.865,20.67,1003,0.458,220,0.357,610,0.733,520,1447,529,314,148,525,671,,109.6,0.38,0.282,0.549,52.7,52.7,12.1,9.4,0.509,16.9,39.9,0.279,1,12,6,0,0,30,23,0.767,2.9,851,0.452,233,0.365,576,0.674,530,1370,438,244,185,593,588,,106.7,0.454,0.339,0.548,55.6,51.5,10.4,13.7,0.514,20.6,44.8,0.306,0,3,0,0,0
1998,Second Round,2,UConn,7,Indiana,0,37,32,0.865,20.67,1003,0.458,220,0.357,610,0.733,520,1447,529,314,148,525,671,,109.6,0.38,0.282,0.549,52.7,52.7,12.1,9.4,0.509,16.9,39.9,0.279,1,12,6,0,0,32,20,0.625,14.18,879,0.491,186,0.38,513,0.731,327,1079,568,235,105,498,585,,107.1,0.392,0.273,0.578,49.2,64.6,10.2,7.8,0.542,19,32.5,0.286,0,22,14,5,3
1998,First Round,1,Kansas,16,Prairie View,1,39,35,0.897,22.83,1249,0.493,229,0.375,573,0.681,604,1682,746,315,220,623,651,,112.9,0.332,0.241,0.562,55.8,59.7,10.8,12.3,0.538,17.5,42.6,0.226,1,9,6,2,0,30,13,0.433,-17.11,778,0.397,123,0.267,496,0.602,479,1249,316,276,83,529,659,,90.4,0.42,0.235,0.462,46.9,40.6,11.5,6.2,0.428,18.4,35.1,0.253,0,1,0,0,0
1998,Second Round,1,Kansas,8,Rhode Island,1,39,35,0.897,22.83,1249,0.493,229,0.375,573,0.681,604,1682,746,315,220,623,651,,112.9,0.332,0.241,0.562,55.8,59.7,10.8,12.3,0.538,17.5,42.6,0.226,1,9,6,2,0,34,25,0.735,12.57,923,0.451,258,0.374,538,0.709,432,1247,511,248,161,424,600,,109.9,0.371,0.337,0.549,47.4,55.4,10.3,10.3,0.514,15,34.5,0.263,0,13,4,1,1
1998,Elite Eight,3,Stanford,8,Rhode Island,0,35,30,0.857,18.95,947,0.455,262,0.408,651,0.738,508,1444,569,183,111,479,640,,113.6,0.424,0.309,0.562,56.4,60.1,7.4,7.8,0.518,16.1,40.6,0.313,1,6,2,1,0,34,25,0.735,12.57,923,0.451,258,0.374,538,0.709,432,1247,511,248,161,424,600,,109.9,0.371,0.337,0.549,47.4,55.4,10.3,10.3,0.514,15,34.5,0.263,0,13,4,1,1
1998,First Round,8,Rhode Island,9,Murray State,0,34,25,0.735,12.57,923,0.451,258,0.374,538,0.709,432,1247,511,248,161,424,600,,109.9,0.371,0.337,0.549,47.4,55.4,10.3,10.3,0.514,15,34.5,0.263,0,13,4,1,1,33,29,0.879,6.82,1037,0.501,205,0.397,583,0.676,488,1305,540,222,114,467,640,,116.3,0.416,0.249,0.577,53.4,52.1,9,8.3,0.55,15.8,40.1,0.282,1,2,0,0,0
1998,Sweet Sixteen,8,Rhode Island,13,Valparaiso,0,34,25,0.735,12.57,923,0.451,258,0.374,538,0.709,432,1247,511,248,161,424,600,,109.9,0.371,0.337,0.549,47.4,55.4,10.3,10.3,0.514,15,34.5,0.263,0,13,4,1,1,33,23,0.697,1.76,861,0.47,187,0.375,531,0.704,441,1232,531,215,90,491,643,,109.2,0.412,0.273,0.557,53.6,61.7,9.6,7.2,0.521,18.3,40.1,0.29,0,3,1,0,0
1998,First Round,4,Ole Miss,13,Valparaiso,1,29,22,0.759,17.22,794,0.453,204,0.375,542,0.652,442,1203,397,231,124,445,653,,108.7,0.474,0.31,0.543,54.3,50,10.8,10.6,0.511,17.2,39.7,0.309,1,2,0,0,0,33,23,0.697,1.76,861,0.47,187,0.375,531,0.704,441,1232,531,215,90,491,643,,109.2,0.412,0.273,0.557,53.6,61.7,9.6,7.2,0.521,18.3,40.1,0.29,0,3,1,0,0
1998,Second Round,12,Florida State,13,Valparaiso,1,32,18,0.563,12.93,836,0.457,129,0.295,486,0.665,434,1240,461,237,165,543,631,,100.1,0.399,0.239,0.525,53.4,55.1,10.4,12.6,0.492,20,39.3,0.266,0,3,0,0,0,33,23,0.697,1.76,861,0.47,187,0.375,531,0.704,441,1232,531,215,90,491,643,,109.2,0.412,0.273,0.557,53.6,61.7,9.6,7.2,0.521,18.3,40.1,0.29,0,3,1,0,0
1998,First Round,5,TCU,12,Florida State,1,33,27,0.818,22.29,1220,0.495,210,0.367,559,0.733,565,1466,651,365,131,507,602,,119.1,0.31,0.232,0.568,53.1,53.4,13.5,8.6,0.538,15.2,41.6,0.227,1,12,6,1,0,32,18,0.563,12.93,836,0.457,129,0.295,486,0.665,434,1240,461,237,165,543,631,,100.1,0.399,0.239,0.525,53.4,55.1,10.4,12.6,0.492,20,39.3,0.266,0,3,0,0,0
1998,First Round,6,Clemson,11,Western Michigan,1,32,18,0.563,17.17,842,0.472,164,0.338,461,0.614,396,1082,484,256,90,406,683,,108,0.421,0.272,0.54,51.2,57.5,12,8.8,0.518,15.9,36.5,0.259,0,6,1,0,0,29,21,0.724,10.28,800,0.47,209,0.409,477,0.746,306,929,443,275,71,427,553,,107.6,0.376,0.3,0.57,46.8,55.4,12.9,6,0.532,17.6,31.2,0.28,0,4,0,0,0
1998,Second Round,3,Stanford,11,Western Michigan,0,35,30,0.857,18.95,947,0.455,262,0.408,651,0.738,508,1444,569,183,111,479,640,,113.6,0.424,0.309,0.562,56.4,60.1,7.4,7.8,0.518,16.1,40.6,0.313,1,6,2,1,0,29,21,0.724,10.28,800,0.47,209,0.409,477,0.746,306,929,443,275,71,427,553,,107.6,0.376,0.3,0.57,46.8,55.4,12.9,6,0.532,17.6,31.2,0.28,0,4,0,0,0
1998,First Round,3,Stanford,14,College of Charleston,0,35,30,0.857,18.95,947,0.455,262,0.408,651,0.738,508,1444,569,183,111,479,640,,113.6,0.424,0.309,0.562,56.4,60.1,7.4,7.8,0.518,16.1,40.6,0.313,1,6,2,1,0,30,24,0.8,4.44,784,0.461,105,0.344,429,0.694,389,1079,434,329,125,401,487,,105.1,0.363,0.179,0.527,51.2,55.4,16.5,11.1,0.492,16.7,37.7,0.252,0,3,0,0,0
1998,First Round,7,St. John's (NY),10,Detroit,1,32,22,0.688,11.28,820,0.439,145,0.322,548,0.641,563,1353,464,239,130,527,619,,103.9,0.457,0.241,0.512,54.6,56.6,10.6,9.7,0.477,18.8,45.9,0.293,0,3,0,0,0,31,25,0.806,9.86,817,0.461,208,0.375,472,0.739,389,1107,437,229,100,409,597,,110.5,0.361,0.313,0.558,52,53.5,10.9,8.5,0.52,16.5,38.1,0.267,0,1,0,0,0
1998,Second Round,2,Purdue,10,Detroit,0,36,28,0.778,20.67,1057,0.484,243,0.374,657,0.76,491,1128,680,313,137,559,586,,113.4,0.395,0.297,0.581,47,64.3,11.8,8,0.539,17.7,39.5,0.301,1,15,3,0,0,31,25,0.806,9.86,817,0.461,208,0.375,472,0.739,389,1107,437,229,100,409,597,,110.5,0.361,0.313,0.558,52,53.5,10.9,8.5,0.52,16.5,38.1,0.267,0,1,0,0,0
1998,First Round,2,Purdue,15,Delaware,0,36,28,0.778,20.67,1057,0.484,243,0.374,657,0.76,491,1128,680,313,137,559,586,,113.4,0.395,0.297,0.581,47,64.3,11.8,8,0.539,17.7,39.5,0.301,1,15,3,0,0,30,20,0.667,-1.92,758,0.445,177,0.363,498,0.717,320,1072,420,240,91,504,563,,99,0.408,0.286,0.538,49.3,55.4,10.8,7.2,0.496,19.8,30,0.292,0,1,0,0,0
1998,Sweet Sixteen,2,Purdue,3,Stanford,1,36,28,0.778,20.67,1057,0.484,243,0.374,657,0.76,491,1128,680,313,137,559,586,,113.4,0.395,0.297,0.581,47,64.3,11.8,8,0.539,17.7,39.5,0.301,1,15,3,0,0,35,30,0.857,18.95,947,0.455,262,0.408,651,0.738,508,1444,569,183,111,479,640,,113.6,0.424,0.309,0.562,56.4,60.1,7.4,7.8,0.518,16.1,40.6,0.313,1,6,2,1,0
1998,Final Four,2,Kentucky,3,Stanford,0,39,35,0.897,22.95,1161,0.482,250,0.367,551,0.675,587,1640,691,341,240,583,722,,111.4,0.339,0.283,0.558,55.4,59.5,12.2,15.9,0.534,17.3,42.5,0.229,1,5,4,1,1,35,30,0.857,18.95,947,0.455,262,0.408,651,0.738,508,1444,569,183,111,479,640,,113.6,0.424,0.309,0.562,56.4,60.1,7.4,7.8,0.518,16.1,40.6,0.313,1,6,2,1,0
1998,First Round,1,Duke,16,Radford,0,36,32,0.889,29.55,1081,0.475,273,0.369,647,0.674,534,1377,514,339,183,448,670,,116.6,0.421,0.324,0.564,52,47.5,12.8,11.9,0.534,14.1,39.7,0.284,1,14,9,7,2,30,20,0.667,-5.25,803,0.47,244,0.384,421,0.689,362,1049,505,237,92,533,617,,104.6,0.357,0.372,0.568,50.2,62.9,10.9,7.3,0.541,21,35.7,0.246,0,1,0,0,0
1998,Second Round,1,Duke,8,Oklahoma State,0,36,32,0.889,29.55,1081,0.475,273,0.369,647,0.674,534,1377,514,339,183,448,670,,116.6,0.421,0.324,0.564,52,47.5,12.8,11.9,0.534,14.1,39.7,0.284,1,14,9,7,2,29,22,0.759,14.3,813,0.467,167,0.331,495,0.704,373,1069,494,249,52,404,497,,109.1,0.404,0.289,0.551,52,60.8,11.9,4.7,0.515,16.3,35.8,0.284,0,19,10,2,0
1998,Sweet Sixteen,1,Duke,5,Syracuse,0,36,32,0.889,29.55,1081,0.475,273,0.369,647,0.674,534,1377,514,339,183,448,670,,116.6,0.421,0.324,0.564,52,47.5,12.8,11.9,0.534,14.1,39.7,0.284,1,14,9,7,2,35,26,0.743,11.87,867,0.435,199,0.329,548,0.676,489,1330,554,334,198,557,600,,100.9,0.407,0.303,0.522,50.8,63.9,13.6,13.7,0.485,19,37.9,0.275,1,18,10,2,0
1998,Second Round,4,New Mexico,5,Syracuse,1,32,24,0.75,14.98,846,0.472,301,0.402,430,0.757,333,1097,529,225,117,384,453,,114.9,0.317,0.417,0.587,50.3,62.5,10.7,9.3,0.556,15.7,32.7,0.24,1,10,1,0,0,35,26,0.743,11.87,867,0.435,199,0.329,548,0.676,489,1330,554,334,198,557,600,,100.9,0.407,0.303,0.522,50.8,63.9,13.6,13.7,0.485,19,37.9,0.275,1,18,10,2,0
1998,Elite Eight,1,Duke,2,Kentucky,1,36,32,0.889,29.55,1081,0.475,273,0.369,647,0.674,534,1377,514,339,183,448,670,,116.6,0.421,0.324,0.564,52,47.5,12.8,11.9,0.534,14.1,39.7,0.284,1,14,9,7,2,39,35,0.897,22.95,1161,0.482,250,0.367,551,0.675,587,1640,691,341,240,583,722,,111.4,0.339,0.283,0.558,55.4,59.5,12.2,15.9,0.534,17.3,42.5,0.229,1,5,4,1,1
1998,First Round,8,Oklahoma State,9,George Washington,0,29,22,0.759,14.3,813,0.467,167,0.331,495,0.704,373,1069,494,249,52,404,497,,109.1,0.404,0.289,0.551,52,60.8,11.9,4.7,0.515,16.3,35.8,0.284,0,19,10,2,0,33,24,0.727,9.91,848,0.446,145,0.323,573,0.649,479,1320,494,234,88,513,715,,102.5,0.464,0.236,0.52,53,58.3,9.9,6.5,0.484,18.1,38.9,0.301,0,6,1,0,0
1998,First Round,5,Syracuse,12,Iona,0,35,26,0.743,11.87,867,0.435,199,0.329,548,0.676,489,1330,554,334,198,557,600,,100.9,0.407,0.303,0.522,50.8,63.9,13.6,13.7,0.485,19,37.9,0.275,1,18,10,2,0,33,27,0.818,8.55,934,0.465,210,0.351,574,0.687,475,1247,511,325,205,504,652,,109,0.416,0.298,0.551,50.3,54.7,13.4,14.7,0.517,17.3,39.2,0.286,0,1,0,0,0
1998,First Round,4,New Mexico,13,Butler,0,32,24,0.75,14.98,846,0.472,301,0.402,430,0.757,333,1097,529,225,117,384,453,,114.9,0.317,0.417,0.587,50.3,62.5,10.7,9.3,0.556,15.7,32.7,0.24,1,10,1,0,0,33,22,0.667,4.87,730,0.445,152,0.318,616,0.663,370,1163,400,177,96,491,612,,101,0.566,0.291,0.535,53.3,54.8,8,7.9,0.491,19.1,35.1,0.375,0,2,0,0,0
1998,First Round,6,UCLA,11,Miami (FL),0,33,24,0.727,13.03,985,0.49,169,0.345,604,0.664,435,1192,524,284,109,550,651,,107.8,0.452,0.244,0.561,50.2,53.2,11.2,7.8,0.532,18.4,37.8,0.3,1,2,2,0,0,28,18,0.643,10.87,735,0.44,114,0.287,378,0.661,388,1120,395,259,120,496,563,,95.8,0.343,0.238,0.505,50.9,53.7,12.6,10.9,0.475,20.4,37,0.226,0,1,0,0,0
1998,First Round,3,Michigan,14,Davidson,0,34,25,0.735,18.79,932,0.489,260,0.419,506,0.694,422,1314,537,243,138,537,585,,111.2,0.382,0.326,0.584,54.8,57.6,10.3,10.5,0.557,19.2,38.8,0.265,1,1,0,0,0,30,20,0.667,-0.71,747,0.433,209,0.351,435,0.673,416,1117,472,223,61,501,584,,100.8,0.374,0.345,0.526,52.2,63.2,10.5,5.4,0.493,19.8,38,0.252,0,1,0,0,0
1998,Second Round,3,Michigan,6,UCLA,1,34,25,0.735,18.79,932,0.489,260,0.419,506,0.694,422,1314,537,243,138,537,585,,111.2,0.382,0.326,0.584,54.8,57.6,10.3,10.5,0.557,19.2,38.8,0.265,1,1,0,0,0,33,24,0.727,13.03,985,0.49,169,0.345,604,0.664,435,1192,524,284,109,550,651,,107.8,0.452,0.244,0.561,50.2,53.2,11.2,7.8,0.532,18.4,37.8,0.3,1,2,2,0,0
1998,Sweet Sixteen,2,Kentucky,6,UCLA,0,39,35,0.897,22.95,1161,0.482,250,0.367,551,0.675,587,1640,691,341,240,583,722,,111.4,0.339,0.283,0.558,55.4,59.5,12.2,15.9,0.534,17.3,42.5,0.229,1,5,4,1,1,33,24,0.727,13.03,985,0.49,169,0.345,604,0.664,435,1192,524,284,109,550,651,,107.8,0.452,0.244,0.561,50.2,53.2,11.2,7.8,0.532,18.4,37.8,0.3,1,2,2,0,0
1998,First Round,7,UMass,10,Saint Louis,1,32,21,0.656,11.99,817,0.447,111,0.339,486,0.7,475,1232,444,198,176,476,671,,104,0.38,0.179,0.517,54.2,54.3,9.2,13.3,0.478,18.1,42.8,0.266,0,2,0,0,0,33,22,0.667,9.47,768,0.431,183,0.354,502,0.662,378,1062,453,291,73,497,618,,98.3,0.425,0.29,0.518,46.8,59,12.9,5.9,0.482,18.8,32.8,0.282,0,8,0,0,0
1998,Second Round,2,Kentucky,10,Saint Louis,0,39,35,0.897,22.95,1161,0.482,250,0.367,551,0.675,587,1640,691,341,240,583,722,,111.4,0.339,0.283,0.558,55.4,59.5,12.2,15.9,0.534,17.3,42.5,0.229,1,5,4,1,1,33,22,0.667,9.47,768,0.431,183,0.354,502,0.662,378,1062,453,291,73,497,618,,98.3,0.425,0.29,0.518,46.8,59,12.9,5.9,0.482,18.8,32.8,0.282,0,8,0,0,0
1998,First Round,2,Kentucky,15,South Carolina State,0,39,35,0.897,22.95,1161,0.482,250,0.367,551,0.675,587,1640,691,341,240,583,722,,111.4,0.339,0.283,0.558,55.4,59.5,12.2,15.9,0.534,17.3,42.5,0.229,1,5,4,1,1,30,22,0.733,-5.65,765,0.462,174,0.399,525,0.686,394,1090,319,217,130,521,594,,103.8,0.462,0.263,0.552,51.1,41.7,10.1,10.6,0.515,20.5,38,0.317,0,3,0,0,0
1998,First Round,1,Arizona,16,Nicholls State,0,35,30,0.857,24.56,1146,0.488,269,0.377,616,0.716,513,1372,677,352,113,502,578,,115.6,0.366,0.304,0.576,51.8,59.1,12.8,7.2,0.545,15.4,39.1,0.262,1,19,9,4,1,29,19,0.655,-5.33,798,0.46,157,0.326,475,0.693,352,962,482,298,89,457,582,,103.5,0.395,0.278,0.54,47.3,60.4,13.8,7.6,0.505,18.1,33.5,0.274,0,2,0,0,0
1998,Second Round,1,Arizona,9,Illinois State,0,35,30,0.857,24.56,1146,0.488,269,0.377,616,0.716,513,1372,677,352,113,502,578,,115.6,0.366,0.304,0.576,51.8,59.1,12.8,7.2,0.545,15.4,39.1,0.262,1,19,9,4,1,31,25,0.806,9.64,865,0.479,220,0.375,413,0.674,342,1099,574,259,77,473,625,,106.2,0.34,0.325,0.564,50.2,66.4,11.6,6.8,0.54,18.4,32.4,0.229,0,2,0,0,0
1998,First Round,8,Tennessee,9,Illinois State,1,29,20,0.69,11.15,757,0.426,207,0.378,479,0.643,391,1128,392,240,174,453,584,,100.5,0.419,0.308,0.516,48.5,51.8,11,13.3,0.485,17.5,33.8,0.27,0,2,0,0,0,31,25,0.806,9.64,865,0.479,220,0.375,413,0.674,342,1099,574,259,77,473,625,,106.2,0.34,0.325,0.564,50.2,66.4,11.6,6.8,0.54,18.4,32.4,0.229,0,2,0,0,0
1998,Sweet Sixteen,1,Arizona,4,Maryland,0,35,30,0.857,24.56,1146,0.488,269,0.377,616,0.716,513,1372,677,352,113,502,578,,115.6,0.366,0.304,0.576,51.8,59.1,12.8,7.2,0.545,15.4,39.1,0.262,1,19,9,4,1,32,21,0.656,18.79,908,0.461,166,0.349,538,0.678,422,1271,602,275,158,525,637,,102.4,0.403,0.242,0.537,51.3,66.3,11.2,12.2,0.503,18.3,35.4,0.273,1,8,5,0,0
1998,First Round,5,Illinois,12,South Alabama,0,33,23,0.697,15.21,827,0.442,215,0.363,432,0.681,368,1109,469,244,90,443,617,,102.4,0.339,0.317,0.53,49.4,56.7,10.9,7.4,0.5,17,32.4,0.231,1,8,2,1,0,28,21,0.75,7.57,665,0.485,129,0.398,361,0.646,326,952,424,189,83,438,456,,104.3,0.408,0.236,0.556,56.3,63.8,10.8,9.1,0.532,21.1,40.9,0.263,0,3,0,0,0
1998,First Round,4,Maryland,13,Utah State,0,32,21,0.656,18.79,908,0.461,166,0.349,538,0.678,422,1271,602,275,158,525,637,,102.4,0.403,0.242,0.537,51.3,66.3,11.2,12.2,0.503,18.3,35.4,0.273,1,8,5,0,0,33,25,0.758,6.54,856,0.483,139,0.429,524,0.701,378,1174,352,183,68,440,574,,108.8,0.422,0.183,0.559,54.4,41.1,8.4,5.8,0.523,17.1,36.7,0.296,0,1,0,0,0
1998,Second Round,4,Maryland,5,Illinois,0,32,21,0.656,18.79,908,0.461,166,0.349,538,0.678,422,1271,602,275,158,525,637,,102.4,0.403,0.242,0.537,51.3,66.3,11.2,12.2,0.503,18.3,35.4,0.273,1,8,5,0,0,33,23,0.697,15.21,827,0.442,215,0.363,432,0.681,368,1109,469,244,90,443,617,,102.4,0.339,0.317,0.53,49.4,56.7,10.9,7.4,0.5,17,32.4,0.231,1,8,2,1,0
1998,First Round,6,Arkansas,11,Nebraska,0,33,24,0.727,16.17,984,0.446,237,0.353,511,0.648,524,1306,526,356,158,548,680,78.7,104.2,0.357,0.304,0.526,49.6,53.5,13.7,11.4,0.499,17.5,38.8,0.231,1,13,6,3,1,32,20,0.625,8.72,867,0.447,150,0.344,406,0.626,473,1263,511,319,156,552,583,,98.7,0.335,0.225,0.51,50.8,58.9,13.7,12,0.486,19.7,39.2,0.209,0,7,0,0,0
1998,First Round,3,Utah,14,San Francisco,0,34,30,0.882,17.08,809,0.48,175,0.373,588,0.73,383,1259,454,196,111,454,619,,111.1,0.478,0.278,0.576,57.8,56.1,9.1,9.3,0.532,18,38.2,0.349,1,7,4,1,0,30,19,0.633,7.8,816,0.467,179,0.346,386,0.701,419,1075,468,258,82,463,601,,106.4,0.315,0.296,0.546,54.2,57.4,12.5,7.9,0.518,18.7,40.4,0.221,0,1,0,0,0
1998,Second Round,3,Utah,6,Arkansas,0,34,30,0.882,17.08,809,0.48,175,0.373,588,0.73,383,1259,454,196,111,454,619,,111.1,0.478,0.278,0.576,57.8,56.1,9.1,9.3,0.532,18,38.2,0.349,1,7,4,1,0,33,24,0.727,16.17,984,0.446,237,0.353,511,0.648,524,1306,526,356,158,548,680,78.7,104.2,0.357,0.304,0.526,49.6,53.5,13.7,11.4,0.499,17.5,38.8,0.231,1,13,6,3,1
1998,Sweet Sixteen,3,Utah,10,West Virginia,0,34,30,0.882,17.08,809,0.48,175,0.373,588,0.73,383,1259,454,196,111,454,619,,111.1,0.478,0.278,0.576,57.8,56.1,9.1,9.3,0.532,18,38.2,0.349,1,7,4,1,0,33,24,0.727,16.24,1027,0.461,171,0.332,422,0.613,554,1325,523,407,116,445,613,,108.8,0.309,0.231,0.518,51.9,50.9,16.7,9.2,0.499,14.8,41.4,0.189,0,11,2,0,0
1998,First Round,7,Temple,10,West Virginia,1,30,21,0.7,12.5,668,0.402,216,0.327,418,0.676,396,1037,338,321,130,353,482,,103.1,0.372,0.397,0.504,48,50.6,16.8,14,0.467,15.3,35.9,0.252,1,14,3,0,0,33,24,0.727,16.24,1027,0.461,171,0.332,422,0.613,554,1325,523,407,116,445,613,,108.8,0.309,0.231,0.518,51.9,50.9,16.7,9.2,0.499,14.8,41.4,0.189,0,11,2,0,0
1998,Second Round,2,Cincinnati,10,West Virginia,1,33,27,0.818,17.85,861,0.457,178,0.347,610,0.679,521,1324,414,258,146,526,633,,108,0.476,0.272,0.543,55.8,48.1,11.1,11.4,0.504,18.5,44.6,0.323,1,8,3,1,0,33,24,0.727,16.24,1027,0.461,171,0.332,422,0.613,554,1325,523,407,116,445,613,,108.8,0.309,0.231,0.518,51.9,50.9,16.7,9.2,0.499,14.8,41.4,0.189,0,11,2,0,0
1998,First Round,2,Cincinnati,15,Northern Arizona,0,33,27,0.818,17.85,861,0.457,178,0.347,610,0.679,521,1324,414,258,146,526,633,,108,0.476,0.272,0.543,55.8,48.1,11.1,11.4,0.504,18.5,44.6,0.323,1,8,3,1,0,29,21,0.724,6.5,806,0.511,254,0.43,460,0.734,288,982,524,226,83,486,556,,112.4,0.398,0.375,0.62,52.5,65,10.9,7.5,0.592,20.6,34.1,0.292,0,1,0,0,0
1999,First Round,1,Duke,16,Florida A&M,0,39,37,0.949,34.79,1244,0.514,293,0.396,800,0.705,587,1645,633,349,245,572,713,,121.3,0.469,0.305,0.605,55.8,50.9,11.8,13.2,0.574,16.2,44.3,0.33,1,15,10,8,2,31,12,0.387,-14.6,769,0.387,149,0.281,565,0.624,566,1354,316,305,92,576,735,,93.1,0.456,0.267,0.466,51.6,41.1,12.6,7.2,0.425,19.3,40.5,0.285,0,1,0,0,0
1999,Second Round,1,Duke,9,Tulsa,0,39,37,0.949,34.79,1244,0.514,293,0.396,800,0.705,587,1645,633,349,245,572,713,,121.3,0.469,0.305,0.605,55.8,50.9,11.8,13.2,0.574,16.2,44.3,0.33,1,15,10,8,2,33,23,0.697,10.74,776,0.435,223,0.352,544,0.659,429,1274,462,291,185,593,670,,98.9,0.463,0.355,0.533,52.2,59.5,12.4,14.9,0.497,21.4,36.5,0.305,0,1,0,0,0
1999,First Round,8,College of Charleston,9,Tulsa,1,31,28,0.903,5.98,830,0.488,140,0.367,458,0.706,395,1148,435,283,196,446,510,,109.1,0.381,0.224,0.562,54.8,52.4,13.7,17,0.529,18.2,40.1,0.269,1,4,0,0,0,33,23,0.697,10.74,776,0.435,223,0.352,544,0.659,429,1274,462,291,185,593,670,,98.9,0.463,0.355,0.533,52.2,59.5,12.4,14.9,0.497,21.4,36.5,0.305,0,1,0,0,0
1999,Sweet Sixteen,1,Duke,12,Missouri State,0,39,37,0.949,34.79,1244,0.514,293,0.396,800,0.705,587,1645,633,349,245,572,713,,121.3,0.469,0.305,0.605,55.8,50.9,11.8,13.2,0.574,16.2,44.3,0.33,1,15,10,8,2,33,22,0.667,13.82,837,0.46,179,0.365,561,0.711,351,1160,500,299,139,468,567,,104.5,0.433,0.27,0.55,50.1,59.7,12.9,11.2,0.509,17.6,31.1,0.308,0,1,1,0,0
1999,First Round,5,Wisconsin,12,Missouri State,1,32,22,0.688,17.29,685,0.435,204,0.357,413,0.74,274,948,433,224,78,377,587,,102,0.355,0.364,0.541,48.8,63.2,11.5,7.7,0.5,17,28.4,0.263,1,5,0,0,0,33,22,0.667,13.82,837,0.46,179,0.365,561,0.711,351,1160,500,299,139,468,567,,104.5,0.433,0.27,0.55,50.1,59.7,12.9,11.2,0.509,17.6,31.1,0.308,0,1,1,0,0
1999,Second Round,4,Tennessee,12,Missouri State,1,30,21,0.7,14.18,720,0.423,201,0.332,537,0.696,399,1160,410,262,190,484,552,71.1,101.6,0.452,0.356,0.526,50.2,56.9,12.2,15.2,0.482,18.9,36.3,0.315,1,3,0,0,0,33,22,0.667,13.82,837,0.46,179,0.365,561,0.711,351,1160,500,299,139,468,567,,104.5,0.433,0.27,0.55,50.1,59.7,12.9,11.2,0.509,17.6,31.1,0.308,0,1,1,0,0
1999,Elite Eight,1,Duke,6,Temple,0,39,37,0.949,34.79,1244,0.514,293,0.396,800,0.705,587,1645,633,349,245,572,713,,121.3,0.469,0.305,0.605,55.8,50.9,11.8,13.2,0.574,16.2,44.3,0.33,1,15,10,8,2,35,24,0.686,17.06,821,0.414,227,0.309,462,0.654,510,1273,447,349,128,374,527,,107.1,0.356,0.37,0.502,50.7,54.4,16,12.8,0.471,13.9,39.1,0.233,0,15,4,0,0
1999,Second Round,3,Cincinnati,6,Temple,1,33,27,0.818,20.13,890,0.464,166,0.327,494,0.68,476,1290,465,256,152,477,617,,107.8,0.379,0.265,0.539,54.5,52.2,11.3,11.7,0.507,17.4,42.7,0.257,1,9,3,1,0,35,24,0.686,17.06,821,0.414,227,0.309,462,0.654,510,1273,447,349,128,374,527,,107.1,0.356,0.37,0.502,50.7,54.4,16,12.8,0.471,13.9,39.1,0.233,0,15,4,0,0
1999,Final Four,1,Duke,1,Michigan State,0,39,37,0.949,34.79,1244,0.514,293,0.396,800,0.705,587,1645,633,349,245,572,713,,121.3,0.469,0.305,0.605,55.8,50.9,11.8,13.2,0.574,16.2,44.3,0.33,1,15,10,8,2,38,33,0.868,22.64,1020,0.474,171,0.34,514,0.733,564,1379,569,298,100,533,689,,111.5,0.326,0.234,0.548,57.2,55.8,12.2,7.5,0.514,17.7,45.9,0.239,1,2,2,1,0
1999,National Championship,1,Duke,1,UConn,1,39,37,0.949,34.79,1244,0.514,293,0.396,800,0.705,587,1645,633,349,245,572,713,,121.3,0.469,0.305,0.605,55.8,50.9,11.8,13.2,0.574,16.2,44.3,0.33,1,15,10,8,2,36,34,0.944,24.73,986,0.467,174,0.344,635,0.732,503,1451,551,287,151,523,602,,109.4,0.411,0.24,0.551,54.9,55.9,11.3,9.6,0.508,17.2,41.1,0.301,1,13,7,1,1
1999,First Round,4,Tennessee,13,Delaware,0,30,21,0.7,14.18,720,0.423,201,0.332,537,0.696,399,1160,410,262,190,484,552,71.1,101.6,0.452,0.356,0.526,50.2,56.9,12.2,15.2,0.482,18.9,36.3,0.315,1,3,0,0,0,31,25,0.806,1.6,830,0.468,207,0.372,527,0.726,316,1125,451,234,139,455,536,,106,0.409,0.313,0.565,49.5,54.3,10.4,10.2,0.526,17.7,30,0.297,0,2,0,0,0
1999,First Round,6,Temple,11,Kent State,0,35,24,0.686,17.06,821,0.414,227,0.309,462,0.654,510,1273,447,349,128,374,527,,107.1,0.356,0.37,0.502,50.7,54.4,16,12.8,0.471,13.9,39.1,0.233,0,15,4,0,0,30,23,0.767,7.22,782,0.446,168,0.346,424,0.684,391,1048,461,276,92,418,557,,104.1,0.353,0.277,0.526,50.8,59,13.3,8.1,0.494,16.9,36.2,0.242,0,1,0,0,0
1999,Sweet Sixteen,6,Temple,10,Purdue,0,35,24,0.686,17.06,821,0.414,227,0.309,462,0.654,510,1273,447,349,128,374,527,,107.1,0.356,0.37,0.502,50.7,54.4,16,12.8,0.471,13.9,39.1,0.233,0,15,4,0,0,34,21,0.618,13.23,813,0.439,183,0.318,519,0.671,437,1143,482,274,109,511,549,,101.6,0.418,0.311,0.524,49.7,59.3,12,8.3,0.488,18.7,37.3,0.28,0,16,4,0,0
1999,First Round,7,Texas,10,Purdue,1,32,19,0.594,10.89,748,0.424,153,0.324,540,0.65,456,1247,369,261,162,516,543,,99.1,0.471,0.268,0.507,53,49.3,11.8,12.9,0.468,19.3,39.2,0.306,0,7,1,0,0,34,21,0.618,13.23,813,0.439,183,0.318,519,0.671,437,1143,482,274,109,511,549,,101.6,0.418,0.311,0.524,49.7,59.3,12,8.3,0.488,18.7,37.3,0.28,0,16,4,0,0
1999,Second Round,2,Miami (FL),10,Purdue,1,30,23,0.767,16.8,791,0.473,123,0.333,473,0.699,389,1180,458,259,158,575,521,,99.9,0.405,0.221,0.547,53.2,57.9,11.9,13.2,0.51,22.4,39.1,0.283,1,2,0,0,0,34,21,0.618,13.23,813,0.439,183,0.318,519,0.671,437,1143,482,274,109,511,549,,101.6,0.418,0.311,0.524,49.7,59.3,12,8.3,0.488,18.7,37.3,0.28,0,16,4,0,0
1999,First Round,3,Cincinnati,14,George Mason,0,33,27,0.818,20.13,890,0.464,166,0.327,494,0.68,476,1290,465,256,152,477,617,,107.8,0.379,0.265,0.539,54.5,52.2,11.3,11.7,0.507,17.4,42.7,0.257,1,9,3,1,0,30,19,0.633,4.57,826,0.456,195,0.358,367,0.613,412,1082,398,304,136,444,550,,103.6,0.33,0.3,0.528,49.4,48.2,14.2,11.6,0.509,17.5,36.8,0.202,0,1,0,0,0
1999,First Round,2,Miami (FL),15,Lafayette,0,30,23,0.767,16.8,791,0.473,123,0.333,473,0.699,389,1180,458,259,158,575,521,,99.9,0.405,0.221,0.547,53.2,57.9,11.9,13.2,0.51,22.4,39.1,0.283,1,2,0,0,0,30,22,0.733,-2.78,708,0.432,238,0.34,513,0.703,322,1072,464,257,124,445,587,,102.2,0.445,0.427,0.545,49,65.5,12.1,11,0.504,18.3,30.3,0.313,0,1,0,0,0
1999,First Round,1,Michigan State,16,Mount St. Mary's,0,38,33,0.868,22.64,1020,0.474,171,0.34,514,0.733,564,1379,569,298,100,533,689,,111.5,0.326,0.234,0.548,57.2,55.8,12.2,7.5,0.514,17.7,45.9,0.239,1,2,2,1,0,30,15,0.5,-7.35,756,0.429,198,0.337,339,0.689,341,1008,420,248,122,441,554,,97.9,0.279,0.333,0.513,46,55.6,11.8,9.8,0.485,18.1,31.7,0.192,0,2,0,0,0
1999,Second Round,1,Michigan State,9,Ole Miss,0,38,33,0.868,22.64,1020,0.474,171,0.34,514,0.733,564,1379,569,298,100,533,689,,111.5,0.326,0.234,0.548,57.2,55.8,12.2,7.5,0.514,17.7,45.9,0.239,1,2,2,1,0,33,20,0.606,14.97,911,0.468,193,0.318,525,0.628,423,1197,545,326,133,496,678,,105.4,0.43,0.311,0.542,50.5,59.8,13.5,10.2,0.518,17.5,35.6,0.27,0,1,0,0,0
1999,First Round,8,Villanova,9,Ole Miss,1,32,21,0.656,12.01,834,0.447,224,0.36,507,0.732,420,1183,484,232,146,491,558,,106.4,0.371,0.333,0.546,51,58,10.3,10.9,0.507,18.3,37.6,0.272,0,4,0,0,0,33,20,0.606,14.97,911,0.468,193,0.318,525,0.628,423,1197,545,326,133,496,678,,105.4,0.43,0.311,0.542,50.5,59.8,13.5,10.2,0.518,17.5,35.6,0.27,0,1,0,0,0
1999,Sweet Sixteen,1,Michigan State,13,Oklahoma,0,38,33,0.868,22.64,1020,0.474,171,0.34,514,0.733,564,1379,569,298,100,533,689,,111.5,0.326,0.234,0.548,57.2,55.8,12.2,7.5,0.514,17.7,45.9,0.239,1,2,2,1,0,33,22,0.667,13.28,776,0.421,274,0.388,420,0.651,428,1220,448,229,124,462,611,,102.8,0.35,0.383,0.522,52,57.7,10.5,10.1,0.495,17.7,35.6,0.228,0,6,1,0,0
1999,Second Round,5,Charlotte,13,Oklahoma,1,34,23,0.676,11.29,793,0.417,251,0.374,499,0.673,463,1227,432,242,95,461,649,,103.4,0.39,0.353,0.518,50.8,54.5,10.7,7.8,0.483,17,37.7,0.262,1,1,0,0,0,33,22,0.667,13.28,776,0.421,274,0.388,420,0.651,428,1220,448,229,124,462,611,,102.8,0.35,0.383,0.522,52,57.7,10.5,10.1,0.495,17.7,35.6,0.228,0,6,1,0,0
1999,First Round,4,Arizona,13,Oklahoma,1,29,22,0.759,15.31,820,0.468,143,0.35,600,0.71,437,1208,419,213,93,487,522,,108.6,0.482,0.233,0.553,55.4,51.1,9.7,7.6,0.508,18.4,42.7,0.342,1,20,9,4,1,33,22,0.667,13.28,776,0.421,274,0.388,420,0.651,428,1220,448,229,124,462,611,,102.8,0.35,0.383,0.522,52,57.7,10.5,10.1,0.495,17.7,35.6,0.228,0,6,1,0,0
1999,Elite Eight,1,Michigan State,3,Kentucky,0,38,33,0.868,22.64,1020,0.474,171,0.34,514,0.733,564,1379,569,298,100,533,689,,111.5,0.326,0.234,0.548,57.2,55.8,12.2,7.5,0.514,17.7,45.9,0.239,1,2,2,1,0,37,28,0.757,22.71,1034,0.478,226,0.334,496,0.639,524,1470,605,286,199,547,629,,109.1,0.359,0.313,0.551,54.1,58.5,11.2,14.2,0.53,17.8,41.3,0.229,1,6,5,1,1
1999,First Round,5,Charlotte,12,Rhode Island,0,34,23,0.676,11.29,793,0.417,251,0.374,499,0.673,463,1227,432,242,95,461,649,,103.4,0.39,0.353,0.518,50.8,54.5,10.7,7.8,0.483,17,37.7,0.262,1,1,0,0,0,33,20,0.606,9.56,881,0.461,130,0.342,485,0.663,474,1322,468,194,149,493,554,,104.7,0.382,0.199,0.526,53.5,53.1,8.5,11,0.495,17.9,41.4,0.254,0,14,4,1,1
1999,First Round,6,Kansas,11,Evansville,0,33,23,0.697,16.3,874,0.448,165,0.342,467,0.66,461,1350,521,265,142,516,590,70.4,101.6,0.363,0.248,0.52,52.5,59.6,11.3,10.6,0.49,18.4,37.6,0.239,1,10,6,2,0,33,23,0.697,5.9,879,0.505,229,0.407,515,0.772,267,1073,568,208,61,521,591,,108.2,0.384,0.324,0.609,49.9,64.6,9,4.7,0.571,20.2,28.2,0.296,0,4,0,0,0
1999,First Round,3,Kentucky,14,New Mexico State,0,37,28,0.757,22.71,1034,0.478,226,0.334,496,0.639,524,1470,605,286,199,547,629,,109.1,0.359,0.313,0.551,54.1,58.5,11.2,14.2,0.53,17.8,41.3,0.229,1,6,5,1,1,33,23,0.697,2.36,817,0.464,201,0.376,438,0.659,387,1129,417,230,87,459,576,,105.3,0.377,0.304,0.547,51,51,10.7,7.2,0.521,18.1,35.9,0.249,0,19,7,2,0
1999,Second Round,3,Kentucky,6,Kansas,0,37,28,0.757,22.71,1034,0.478,226,0.334,496,0.639,524,1470,605,286,199,547,629,,109.1,0.359,0.313,0.551,54.1,58.5,11.2,14.2,0.53,17.8,41.3,0.229,1,6,5,1,1,33,23,0.697,16.3,874,0.448,165,0.342,467,0.66,461,1350,521,265,142,516,590,70.4,101.6,0.363,0.248,0.52,52.5,59.6,11.3,10.6,0.49,18.4,37.6,0.239,1,10,6,2,0
1999,Sweet Sixteen,3,Kentucky,10,Miami (OH),0,37,28,0.757,22.71,1034,0.478,226,0.334,496,0.639,524,1470,605,286,199,547,629,,109.1,0.359,0.313,0.551,54.1,58.5,11.2,14.2,0.53,17.8,41.3,0.229,1,6,5,1,1,32,24,0.75,11.6,767,0.449,193,0.337,436,0.765,314,1041,387,215,62,381,585,,105.9,0.333,0.335,0.546,50.7,50.5,10.5,5.7,0.505,16.1,30.5,0.255,0,3,1,0,0
1999,First Round,7,Washington,10,Miami (OH),1,29,17,0.586,11.64,749,0.477,142,0.348,512,0.667,302,1030,445,188,93,473,490,,102,0.489,0.26,0.556,50.8,59.4,8.9,6.7,0.522,19.6,32.2,0.326,0,3,1,0,0,32,24,0.75,11.6,767,0.449,193,0.337,436,0.765,314,1041,387,215,62,381,585,,105.9,0.333,0.335,0.546,50.7,50.5,10.5,5.7,0.505,16.1,30.5,0.255,0,3,1,0,0
1999,Second Round,2,Utah,10,Miami (OH),1,33,28,0.848,17.83,863,0.477,212,0.345,414,0.699,407,1188,527,237,122,388,563,,113.8,0.327,0.34,0.563,56.4,61.1,11.5,10.6,0.536,15.7,39,0.229,1,8,4,1,0,32,24,0.75,11.6,767,0.449,193,0.337,436,0.765,314,1041,387,215,62,381,585,,105.9,0.333,0.335,0.546,50.7,50.5,10.5,5.7,0.505,16.1,30.5,0.255,0,3,1,0,0
1999,First Round,2,Utah,15,Arkansas State,0,33,28,0.848,17.83,863,0.477,212,0.345,414,0.699,407,1188,527,237,122,388,563,,113.8,0.327,0.34,0.563,56.4,61.1,11.5,10.6,0.536,15.7,39,0.229,1,8,4,1,0,30,18,0.6,3.32,798,0.457,159,0.326,451,0.689,359,1028,447,265,103,449,580,,102.7,0.375,0.279,0.536,48.3,56,12.3,8.5,0.502,17.9,33.6,0.258,0,1,0,0,0
1999,First Round,1,Auburn,16,Winthrop,0,33,29,0.879,24.6,974,0.434,234,0.348,498,0.65,643,1452,461,327,112,425,628,72.2,112.5,0.341,0.299,0.514,55.8,47.3,13.7,9.1,0.486,14,46.2,0.222,1,6,2,0,0,29,21,0.724,-6.67,673,0.432,196,0.349,453,0.655,366,1034,414,215,79,440,549,,102,0.444,0.36,0.529,51.4,61.5,11,7.7,0.495,18.9,35.5,0.291,0,1,0,0,0
1999,Second Round,1,Auburn,9,Oklahoma State,0,33,29,0.879,24.6,974,0.434,234,0.348,498,0.65,643,1452,461,327,112,425,628,72.2,112.5,0.341,0.299,0.514,55.8,47.3,13.7,9.1,0.486,14,46.2,0.222,1,6,2,0,0,34,23,0.676,12.61,851,0.443,232,0.361,497,0.701,412,1201,578,262,99,450,577,,105.9,0.369,0.335,0.539,50.1,67.9,11.4,7.4,0.504,16.6,34.6,0.259,0,20,10,2,0
1999,First Round,8,Syracuse,9,Oklahoma State,1,33,21,0.636,15.84,879,0.448,184,0.311,445,0.663,485,1310,538,328,229,541,590,,101.8,0.342,0.301,0.523,52.9,61.2,14,16.5,0.495,19.2,39.8,0.227,0,19,10,2,0,34,23,0.676,12.61,851,0.443,232,0.361,497,0.701,412,1201,578,262,99,450,577,,105.9,0.369,0.335,0.539,50.1,67.9,11.4,7.4,0.504,16.6,34.6,0.259,0,20,10,2,0
1999,Sweet Sixteen,1,Auburn,4,Ohio State,1,33,29,0.879,24.6,974,0.434,234,0.348,498,0.65,643,1452,461,327,112,425,628,72.2,112.5,0.341,0.299,0.514,55.8,47.3,13.7,9.1,0.486,14,46.2,0.222,1,6,2,0,0,36,27,0.75,19.03,986,0.468,218,0.357,505,0.611,478,1303,498,297,148,509,651,,106.6,0.392,0.29,0.539,51.3,50.5,11.7,11.5,0.519,16.9,37.6,0.24,1,4,2,1,0
1999,Elite Eight,3,St. John's (NY),4,Ohio State,1,37,28,0.757,22.69,1070,0.459,226,0.357,558,0.682,585,1503,617,365,121,499,613,,111.2,0.351,0.271,0.537,54.1,57.7,13.9,7.9,0.507,15.5,42,0.239,1,7,2,0,0,36,27,0.75,19.03,986,0.468,218,0.357,505,0.611,478,1303,498,297,148,509,651,,106.6,0.392,0.29,0.539,51.3,50.5,11.7,11.5,0.519,16.9,37.6,0.24,1,4,2,1,0
1999,Final Four,1,UConn,4,Ohio State,0,36,34,0.944,24.73,986,0.467,174,0.344,635,0.732,503,1451,551,287,151,523,602,,109.4,0.411,0.24,0.551,54.9,55.9,11.3,9.6,0.508,17.2,41.1,0.301,1,13,7,1,1,36,27,0.75,19.03,986,0.468,218,0.357,505,0.611,478,1303,498,297,148,509,651,,106.6,0.392,0.29,0.539,51.3,50.5,11.7,11.5,0.519,16.9,37.6,0.24,1,4,2,1,0
1999,First Round,5,UCLA,12,Detroit,1,31,22,0.71,15.28,899,0.454,163,0.328,431,0.596,479,1197,487,308,113,527,720,,101.5,0.365,0.251,0.515,51.1,54.2,13.1,10,0.495,18.5,39.1,0.218,1,3,2,0,0,31,25,0.806,8.1,677,0.437,196,0.362,416,0.752,322,1031,392,189,82,388,518,,104.6,0.357,0.349,0.542,51.1,57.9,10.1,8.1,0.5,17.6,34.2,0.268,0,2,0,0,0
1999,Second Round,4,Ohio State,12,Detroit,0,36,27,0.75,19.03,986,0.468,218,0.357,505,0.611,478,1303,498,297,148,509,651,,106.6,0.392,0.29,0.539,51.3,50.5,11.7,11.5,0.519,16.9,37.6,0.24,1,4,2,1,0,31,25,0.806,8.1,677,0.437,196,0.362,416,0.752,322,1031,392,189,82,388,518,,104.6,0.357,0.349,0.542,51.1,57.9,10.1,8.1,0.5,17.6,34.2,0.268,0,2,0,0,0
1999,First Round,4,Ohio State,13,Murray State,0,36,27,0.75,19.03,986,0.468,218,0.357,505,0.611,478,1303,498,297,148,509,651,,106.6,0.392,0.29,0.539,51.3,50.5,11.7,11.5,0.519,16.9,37.6,0.24,1,4,2,1,0,33,27,0.818,6.76,961,0.469,188,0.344,480,0.681,521,1355,503,275,111,495,574,,110.1,0.344,0.266,0.543,55.1,52.3,11.7,8.3,0.515,17.2,43,0.234,0,1,0,0,0
1999,First Round,6,Indiana,11,George Washington,1,34,23,0.676,17.21,922,0.469,193,0.361,528,0.697,369,1199,563,259,115,507,589,,104.1,0.385,0.272,0.552,48.9,61.1,10.5,7.9,0.518,17.9,31.7,0.269,1,23,14,5,3,29,20,0.69,11.06,801,0.413,181,0.31,522,0.723,494,1137,442,306,87,420,651,,104.6,0.372,0.3,0.505,50.2,55.2,13.9,7.4,0.459,15.5,39.8,0.269,0,10,3,0,0
1999,First Round,3,St. John's (NY),14,Samford,0,37,28,0.757,22.69,1070,0.459,226,0.357,558,0.682,585,1503,617,365,121,499,613,,111.2,0.351,0.271,0.537,54.1,57.7,13.9,7.9,0.507,15.5,42,0.239,1,7,2,0,0,30,24,0.8,0.26,729,0.49,278,0.365,452,0.688,248,891,482,235,94,432,539,,110.1,0.442,0.512,0.608,47.7,66.1,11.8,8.3,0.584,19.4,28.3,0.304,0,1,0,0,0
1999,Second Round,3,St. John's (NY),6,Indiana,0,37,28,0.757,22.69,1070,0.459,226,0.357,558,0.682,585,1503,617,365,121,499,613,,111.2,0.351,0.271,0.537,54.1,57.7,13.9,7.9,0.507,15.5,42,0.239,1,7,2,0,0,34,23,0.676,17.21,922,0.469,193,0.361,528,0.697,369,1199,563,259,115,507,589,,104.1,0.385,0.272,0.552,48.9,61.1,10.5,7.9,0.518,17.9,31.7,0.269,1,23,14,5,3
1999,First Round,7,Louisville,10,Creighton,1,30,19,0.633,15.38,844,0.471,192,0.339,426,0.678,409,1052,503,281,146,500,642,,105.9,0.351,0.316,0.552,48.7,59.6,12.9,11.5,0.525,19.3,37.9,0.238,0,22,16,6,2,31,22,0.71,12.26,800,0.455,236,0.382,521,0.714,426,1126,451,286,91,476,598,,109.2,0.415,0.352,0.56,54.3,56.4,13.3,8.7,0.522,18.5,39.7,0.297,0,2,0,0,0
1999,Second Round,2,Maryland,10,Creighton,0,34,28,0.824,26.13,1044,0.495,184,0.365,601,0.701,461,1343,674,431,202,567,672,,109.8,0.407,0.239,0.571,52.6,64.6,16.5,15.7,0.539,18.4,38.6,0.285,1,9,6,0,0,31,22,0.71,12.26,800,0.455,236,0.382,521,0.714,426,1126,451,286,91,476,598,,109.2,0.415,0.352,0.56,54.3,56.4,13.3,8.7,0.522,18.5,39.7,0.297,0,2,0,0,0
1999,First Round,2,Maryland,15,Valparaiso,0,34,28,0.824,26.13,1044,0.495,184,0.365,601,0.701,461,1343,674,431,202,567,672,,109.8,0.407,0.239,0.571,52.6,64.6,16.5,15.7,0.539,18.4,38.6,0.285,1,9,6,0,0,32,23,0.719,4.4,835,0.47,209,0.339,447,0.707,412,1217,525,204,146,501,556,,107.9,0.356,0.347,0.56,55.2,62.9,9.5,12.5,0.529,19.4,39.4,0.252,0,4,1,0,0
1999,Sweet Sixteen,2,Maryland,3,St. John's (NY),1,34,28,0.824,26.13,1044,0.495,184,0.365,601,0.701,461,1343,674,431,202,567,672,,109.8,0.407,0.239,0.571,52.6,64.6,16.5,15.7,0.539,18.4,38.6,0.285,1,9,6,0,0,37,28,0.757,22.69,1070,0.459,226,0.357,558,0.682,585,1503,617,365,121,499,613,,111.2,0.351,0.271,0.537,54.1,57.7,13.9,7.9,0.507,15.5,42,0.239,1,7,2,0,0
1999,First Round,1,UConn,16,UTSA,0,36,34,0.944,24.73,986,0.467,174,0.344,635,0.732,503,1451,551,287,151,523,602,,109.4,0.411,0.24,0.551,54.9,55.9,11.3,9.6,0.508,17.2,41.1,0.301,1,13,7,1,1,29,18,0.621,-6.27,804,0.474,196,0.344,443,0.616,350,1037,469,233,123,481,553,,103.9,0.424,0.335,0.551,48.8,58.3,10.8,9.8,0.532,19.1,33.3,0.261,0,1,0,0,0
1999,Second Round,1,UConn,9,New Mexico,0,36,34,0.944,24.73,986,0.467,174,0.344,635,0.732,503,1451,551,287,151,523,602,,109.4,0.411,0.24,0.551,54.9,55.9,11.3,9.6,0.508,17.2,41.1,0.301,1,13,7,1,1,34,25,0.735,7.84,889,0.466,247,0.37,531,0.751,376,1220,482,224,111,429,463,,111,0.371,0.35,0.57,51.4,54.2,9.7,8.2,0.531,16.1,33.8,0.279,1,11,1,0,0
1999,First Round,8,Missouri,9,New Mexico,1,29,20,0.69,12.5,741,0.445,180,0.38,419,0.648,335,1092,411,256,107,424,519,,101.1,0.388,0.284,0.527,49.7,55.5,12.4,8.8,0.499,17.7,31.5,0.251,0,16,5,0,0,34,25,0.735,7.84,889,0.466,247,0.37,531,0.751,376,1220,482,224,111,429,463,,111,0.371,0.35,0.57,51.4,54.2,9.7,8.2,0.531,16.1,33.8,0.279,1,11,1,0,0
1999,Sweet Sixteen,1,UConn,5,Iowa,0,36,34,0.944,24.73,986,0.467,174,0.344,635,0.732,503,1451,551,287,151,523,602,,109.4,0.411,0.24,0.551,54.9,55.9,11.3,9.6,0.508,17.2,41.1,0.301,1,13,7,1,1,30,20,0.667,15.37,741,0.463,188,0.373,547,0.701,398,1047,455,268,80,532,544,,105.3,0.487,0.315,0.562,52.9,61.4,12.7,7.4,0.521,21.2,40.5,0.341,1,11,5,0,0
1999,Second Round,4,Arkansas,5,Iowa,1,34,23,0.676,12.97,980,0.444,296,0.366,419,0.663,485,1266,563,332,147,494,633,73.5,106.7,0.286,0.366,0.534,48,57.4,13.2,10.9,0.511,16.5,36.2,0.19,1,14,6,3,1,30,20,0.667,15.37,741,0.463,188,0.373,547,0.701,398,1047,455,268,80,532,544,,105.3,0.487,0.315,0.562,52.9,61.4,12.7,7.4,0.521,21.2,40.5,0.341,1,11,5,0,0
1999,Elite Eight,1,UConn,10,Gonzaga,0,36,34,0.944,24.73,986,0.467,174,0.344,635,0.732,503,1451,551,287,151,523,602,,109.4,0.411,0.24,0.551,54.9,55.9,11.3,9.6,0.508,17.2,41.1,0.301,1,13,7,1,1,35,28,0.8,15.03,950,0.474,291,0.399,552,0.725,422,1301,572,289,135,501,642,,112.2,0.38,0.364,0.58,52.5,60.2,11.8,9.2,0.547,17.5,36.5,0.275,0,1,1,0,0
1999,Sweet Sixteen,6,Florida,10,Gonzaga,1,31,22,0.71,15.76,832,0.473,289,0.379,535,0.703,358,1108,495,311,119,556,615,,107.1,0.433,0.433,0.587,50.7,59.5,13.4,9.6,0.555,20.8,34.5,0.304,1,1,1,0,0,35,28,0.8,15.03,950,0.474,291,0.399,552,0.725,422,1301,572,289,135,501,642,,112.2,0.38,0.364,0.58,52.5,60.2,11.8,9.2,0.547,17.5,36.5,0.275,0,1,1,0,0
1999,First Round,7,Minnesota,10,Gonzaga,1,28,17,0.607,13.53,714,0.453,133,0.373,367,0.68,363,1066,427,217,165,412,508,,101.8,0.343,0.227,0.526,52.9,59.8,11.5,15.7,0.495,18.4,37.5,0.233,0,8,3,1,0,35,28,0.8,15.03,950,0.474,291,0.399,552,0.725,422,1301,572,289,135,501,642,,112.2,0.38,0.364,0.58,52.5,60.2,11.8,9.2,0.547,17.5,36.5,0.275,0,1,1,0,0
1999,Second Round,2,Stanford,10,Gonzaga,1,33,26,0.788,22.23,801,0.438,194,0.345,629,0.706,460,1342,515,187,96,435,552,,108.9,0.487,0.308,0.538,55.9,64.3,8.4,7.3,0.491,16.2,40.2,0.344,1,7,2,1,0,35,28,0.8,15.03,950,0.474,291,0.399,552,0.725,422,1301,572,289,135,501,642,,112.2,0.38,0.364,0.58,52.5,60.2,11.8,9.2,0.547,17.5,36.5,0.275,0,1,1,0,0
1999,First Round,5,Iowa,12,UAB,0,30,20,0.667,15.37,741,0.463,188,0.373,547,0.701,398,1047,455,268,80,532,544,,105.3,0.487,0.315,0.562,52.9,61.4,12.7,7.4,0.521,21.2,40.5,0.341,1,11,5,0,0,32,20,0.625,8.95,855,0.453,155,0.323,503,0.68,441,1237,465,293,88,545,631,,101.2,0.392,0.254,0.528,51.4,54.4,12.5,7.1,0.494,19.6,37.7,0.266,0,1,0,0,0
1999,First Round,4,Arkansas,13,Siena,0,34,23,0.676,12.97,980,0.444,296,0.366,419,0.663,485,1266,563,332,147,494,633,73.5,106.7,0.286,0.366,0.534,48,57.4,13.2,10.9,0.511,16.5,36.2,0.19,1,14,6,3,1,31,25,0.806,2.04,884,0.45,246,0.372,672,0.787,444,1223,495,321,115,584,757,,106.6,0.434,0.337,0.566,50.4,56,12.7,8.6,0.512,19.8,37.5,0.342,0,1,0,0,0
1999,First Round,6,Florida,11,Penn,0,31,22,0.71,15.76,832,0.473,289,0.379,535,0.703,358,1108,495,311,119,556,615,,107.1,0.433,0.433,0.587,50.7,59.5,13.4,9.6,0.555,20.8,34.5,0.304,1,1,1,0,0,27,21,0.778,6.28,689,0.469,208,0.393,335,0.65,297,995,412,149,81,350,432,,109.2,0.351,0.36,0.561,53.6,59.8,8.5,8.2,0.54,17,33.4,0.228,0,4,0,0,0
1999,Second Round,6,Florida,14,Weber State,0,31,22,0.71,15.76,832,0.473,289,0.379,535,0.703,358,1108,495,311,119,556,615,,107.1,0.433,0.433,0.587,50.7,59.5,13.4,9.6,0.555,20.8,34.5,0.304,1,1,1,0,0,33,25,0.758,5.29,947,0.479,211,0.377,506,0.707,431,1182,525,311,89,492,581,,109.7,0.362,0.283,0.563,52.7,55.4,13.1,7.2,0.532,17.5,37.7,0.256,0,2,0,0,0
1999,First Round,3,UNC,14,Weber State,1,34,24,0.706,16.77,868,0.471,175,0.38,517,0.718,435,1358,541,192,134,530,505,,106.8,0.391,0.25,0.556,56.3,62.3,8.4,10,0.519,19.5,40.9,0.281,1,2,1,1,0,33,25,0.758,5.29,947,0.479,211,0.377,506,0.707,431,1182,525,311,89,492,581,,109.7,0.362,0.283,0.563,52.7,55.4,13.1,7.2,0.532,17.5,37.7,0.256,0,2,0,0,0
1999,First Round,2,Stanford,15,Alcorn State,0,33,26,0.788,22.23,801,0.438,194,0.345,629,0.706,460,1342,515,187,96,435,552,,108.9,0.487,0.308,0.538,55.9,64.3,8.4,7.3,0.491,16.2,40.2,0.344,1,7,2,1,0,30,23,0.767,-2.76,796,0.419,186,0.323,496,0.642,552,1365,404,329,118,579,593,,99.4,0.406,0.303,0.501,54.7,50.8,14.4,9.7,0.467,20.3,43.4,0.261,0,5,0,0,0
2000,First Round,1,Duke,16,Lamar,0,34,29,0.853,25.55,1045,0.481,284,0.383,618,0.742,453,1313,584,333,191,480,552,,115.8,0.384,0.342,0.583,50.6,55.9,12.9,11.3,0.547,15.7,37.4,0.285,1,16,11,8,2,31,15,0.484,-6.15,672,0.39,216,0.336,389,0.686,381,1128,408,225,86,486,530,,96.5,0.329,0.373,0.489,51.2,60.7,11.1,7.5,0.452,19.6,34.9,0.226,0,4,0,0,0
2000,Second Round,1,Duke,8,Kansas,0,34,29,0.853,25.55,1045,0.481,284,0.383,618,0.742,453,1313,584,333,191,480,552,,115.8,0.384,0.342,0.583,50.6,55.9,12.9,11.3,0.547,15.7,37.4,0.285,1,16,11,8,2,34,24,0.706,17.94,1044,0.46,159,0.343,429,0.65,564,1505,630,312,187,589,725,76.3,102.7,0.291,0.204,0.518,55.1,60.3,12,13.2,0.495,18.6,42,0.189,0,11,6,2,0
2000,Sweet Sixteen,1,Duke,5,Florida,1,34,29,0.853,25.55,1045,0.481,284,0.383,618,0.742,453,1313,584,333,191,480,552,,115.8,0.384,0.342,0.583,50.6,55.9,12.9,11.3,0.547,15.7,37.4,0.285,1,16,11,8,2,37,29,0.784,23.48,1104,0.48,266,0.363,628,0.71,538,1452,611,365,141,607,750,,111.5,0.385,0.318,0.57,53.6,55.3,13.1,9.9,0.538,18.2,40.5,0.273,1,2,2,1,0
2000,Second Round,4,Illinois,5,Florida,1,32,22,0.688,19.73,834,0.433,231,0.354,525,0.688,397,1177,499,297,119,458,619,,103.8,0.396,0.339,0.53,50,59.8,12.7,10,0.493,16.7,33.1,0.273,1,9,2,1,0,37,29,0.784,23.48,1104,0.48,266,0.363,628,0.71,538,1452,611,365,141,607,750,,111.5,0.385,0.318,0.57,53.6,55.3,13.1,9.9,0.538,18.2,40.5,0.273,1,2,2,1,0
2000,Elite Eight,3,Oklahoma State,5,Florida,1,34,27,0.794,20.01,933,0.479,216,0.386,538,0.701,393,1311,642,260,122,484,578,,108.8,0.395,0.287,0.567,52.6,68.8,10.8,9.5,0.535,17.3,34.6,0.276,1,21,11,2,0,37,29,0.784,23.48,1104,0.48,266,0.363,628,0.71,538,1452,611,365,141,607,750,,111.5,0.385,0.318,0.57,53.6,55.3,13.1,9.9,0.538,18.2,40.5,0.273,1,2,2,1,0
2000,National Championship,1,Michigan State,5,Florida,0,39,32,0.821,25.04,1018,0.474,253,0.378,600,0.735,521,1521,602,256,105,569,721,,112.1,0.38,0.311,0.57,58.9,59.1,9.9,7.7,0.533,18.3,42.1,0.279,1,3,3,2,1,37,29,0.784,23.48,1104,0.48,266,0.363,628,0.71,538,1452,611,365,141,607,750,,111.5,0.385,0.318,0.57,53.6,55.3,13.1,9.9,0.538,18.2,40.5,0.273,1,2,2,1,0
2000,First Round,8,Kansas,9,DePaul,0,34,24,0.706,17.94,1044,0.46,159,0.343,429,0.65,564,1505,630,312,187,589,725,76.3,102.7,0.291,0.204,0.518,55.1,60.3,12,13.2,0.495,18.6,42,0.189,0,11,6,2,0,33,21,0.636,14.67,877,0.453,195,0.346,438,0.669,518,1302,494,267,126,538,597,,105.6,0.339,0.291,0.531,55.6,56.3,11.8,9.8,0.504,19.3,44.5,0.226,0,8,2,0,0
2000,First Round,5,Florida,12,Butler,0,37,29,0.784,23.48,1104,0.48,266,0.363,628,0.71,538,1452,611,365,141,607,750,,111.5,0.385,0.318,0.57,53.6,55.3,13.1,9.9,0.538,18.2,40.5,0.273,1,2,2,1,0,31,23,0.742,12.23,753,0.471,153,0.377,448,0.659,322,1054,430,237,88,391,513,,105.8,0.425,0.254,0.548,52.7,57.1,11.9,8.4,0.519,16.9,33.6,0.28,0,3,0,0,0
2000,Final Four,5,Florida,8,UNC,0,37,29,0.784,23.48,1104,0.48,266,0.363,628,0.71,538,1452,611,365,141,607,750,,111.5,0.385,0.318,0.57,53.6,55.3,13.1,9.9,0.538,18.2,40.5,0.273,1,2,2,1,0,36,22,0.611,17,1014,0.491,169,0.343,518,0.7,436,1394,609,210,178,536,580,,107.9,0.358,0.238,0.562,52.8,60.1,8.3,11.2,0.532,18.1,37.3,0.251,0,3,2,2,0
2000,Second Round,1,Stanford,8,UNC,1,31,27,0.871,25.65,819,0.468,245,0.4,564,0.71,399,1309,539,141,167,450,518,,112.1,0.454,0.35,0.575,56.5,65.8,6.5,12.4,0.538,17.5,38.5,0.322,1,8,2,1,0,36,22,0.611,17,1014,0.491,169,0.343,518,0.7,436,1394,609,210,178,536,580,,107.9,0.358,0.238,0.562,52.8,60.1,8.3,11.2,0.532,18.1,37.3,0.251,0,3,2,2,0
2000,Sweet Sixteen,4,Tennessee,8,UNC,1,33,26,0.788,18.93,909,0.45,266,0.361,545,0.683,480,1314,481,290,193,520,618,72.9,108,0.395,0.365,0.548,51.7,52.9,11.9,13.6,0.516,17.8,38.9,0.27,1,4,1,0,0,36,22,0.611,17,1014,0.491,169,0.343,518,0.7,436,1394,609,210,178,536,580,,107.9,0.358,0.238,0.562,52.8,60.1,8.3,11.2,0.532,18.1,37.3,0.251,0,3,2,2,0
2000,Elite Eight,7,Tulsa,8,UNC,1,37,32,0.865,19.94,1050,0.472,264,0.346,610,0.705,480,1390,631,433,175,571,730,,109.9,0.389,0.344,0.565,51.2,60.1,16,12.1,0.532,17.8,36.3,0.274,1,2,1,0,0,36,22,0.611,17,1014,0.491,169,0.343,518,0.7,436,1394,609,210,178,536,580,,107.9,0.358,0.238,0.562,52.8,60.1,8.3,11.2,0.532,18.1,37.3,0.251,0,3,2,2,0
2000,First Round,4,Illinois,13,Penn,0,32,22,0.688,19.73,834,0.433,231,0.354,525,0.688,397,1177,499,297,119,458,619,,103.8,0.396,0.339,0.53,50,59.8,12.7,10,0.493,16.7,33.1,0.273,1,9,2,1,0,29,21,0.724,4,707,0.452,189,0.351,339,0.644,310,1056,436,158,119,369,475,,103.4,0.336,0.344,0.535,52.7,61.7,8.4,10.9,0.512,16.9,32.2,0.217,0,5,0,0,0
2000,First Round,6,Indiana,11,Pepperdine,1,29,20,0.69,19.43,811,0.478,127,0.378,504,0.709,329,1128,466,217,141,424,524,,105.5,0.419,0.198,0.554,51.3,57.5,10.2,11.3,0.515,17.2,33,0.297,1,24,14,5,3,34,25,0.735,13.11,929,0.444,237,0.344,386,0.669,420,1295,494,319,99,504,659,,101,0.276,0.329,0.524,50.9,53.2,13,7.5,0.5,17.5,32.8,0.184,0,2,0,0,0
2000,Second Round,3,Oklahoma State,11,Pepperdine,0,34,27,0.794,20.01,933,0.479,216,0.386,538,0.701,393,1311,642,260,122,484,578,,108.8,0.395,0.287,0.567,52.6,68.8,10.8,9.5,0.535,17.3,34.6,0.276,1,21,11,2,0,34,25,0.735,13.11,929,0.444,237,0.344,386,0.669,420,1295,494,319,99,504,659,,101,0.276,0.329,0.524,50.9,53.2,13,7.5,0.5,17.5,32.8,0.184,0,2,0,0,0
2000,First Round,3,Oklahoma State,14,Hofstra,0,34,27,0.794,20.01,933,0.479,216,0.386,538,0.701,393,1311,642,260,122,484,578,,108.8,0.395,0.287,0.567,52.6,68.8,10.8,9.5,0.535,17.3,34.6,0.276,1,21,11,2,0,31,24,0.774,5.23,827,0.456,225,0.359,428,0.687,390,1125,435,270,121,415,565,,108.4,0.344,0.346,0.547,53.2,52.6,12.7,11.2,0.518,16.4,36.2,0.236,0,1,0,0,0
2000,Sweet Sixteen,3,Oklahoma State,10,Seton Hall,0,34,27,0.794,20.01,933,0.479,216,0.386,538,0.701,393,1311,642,260,122,484,578,,108.8,0.395,0.287,0.567,52.6,68.8,10.8,9.5,0.535,17.3,34.6,0.276,1,21,11,2,0,32,22,0.688,10.64,807,0.433,250,0.365,431,0.678,431,1211,458,225,198,476,551,,104.2,0.341,0.367,0.53,49,56.8,10.2,13.8,0.5,18,36.6,0.231,0,1,1,0,0
2000,First Round,7,Oregon,10,Seton Hall,1,30,22,0.733,14.74,808,0.469,172,0.312,481,0.745,336,1037,491,206,88,469,592,,104.9,0.375,0.321,0.559,51.3,60.8,9.5,7.1,0.519,18.8,34.8,0.279,0,2,0,0,0,32,22,0.688,10.64,807,0.433,250,0.365,431,0.678,431,1211,458,225,198,476,551,,104.2,0.341,0.367,0.53,49,56.8,10.2,13.8,0.5,18,36.6,0.231,0,1,1,0,0
2000,Second Round,2,Temple,10,Seton Hall,1,33,27,0.818,20.63,790,0.413,274,0.348,406,0.656,497,1287,471,312,140,324,459,,111.4,0.324,0.411,0.512,53.1,59.6,15.4,15.1,0.485,12.8,40,0.212,1,16,4,0,0,32,22,0.688,10.64,807,0.433,250,0.365,431,0.678,431,1211,458,225,198,476,551,,104.2,0.341,0.367,0.53,49,56.8,10.2,13.8,0.5,18,36.6,0.231,0,1,1,0,0
2000,First Round,2,Temple,15,Lafayette,0,33,27,0.818,20.63,790,0.413,274,0.348,406,0.656,497,1287,471,312,140,324,459,,111.4,0.324,0.411,0.512,53.1,59.6,15.4,15.1,0.485,12.8,40,0.212,1,16,4,0,0,31,24,0.774,0.41,774,0.454,249,0.39,483,0.719,342,1109,473,313,104,499,558,,104.1,0.394,0.375,0.563,51,61.1,14.3,9.3,0.527,19.8,33.4,0.283,0,2,0,0,0
2000,First Round,1,Michigan State,16,Valparaiso,0,39,32,0.821,25.04,1018,0.474,253,0.378,600,0.735,521,1521,602,256,105,569,721,,112.1,0.38,0.311,0.57,58.9,59.1,9.9,7.7,0.533,18.3,42.1,0.279,1,3,3,2,1,32,19,0.594,-2.89,758,0.445,228,0.368,384,0.651,399,1172,459,236,120,535,556,,100.5,0.347,0.364,0.537,53.9,60.6,11.1,10.6,0.512,21.3,37.4,0.226,0,5,1,0,0
2000,Second Round,1,Michigan State,8,Utah,0,39,32,0.821,25.04,1018,0.474,253,0.378,600,0.735,521,1521,602,256,105,569,721,,112.1,0.38,0.311,0.57,58.9,59.1,9.9,7.7,0.533,18.3,42.1,0.279,1,3,3,2,1,32,23,0.719,12.23,782,0.482,222,0.387,466,0.719,326,1077,496,198,89,462,586,,109.6,0.399,0.353,0.583,53.8,63.4,9.6,8.2,0.55,19.3,34.1,0.287,0,9,4,1,0
2000,Sweet Sixteen,1,Michigan State,4,Syracuse,0,39,32,0.821,25.04,1018,0.474,253,0.378,600,0.735,521,1521,602,256,105,569,721,,112.1,0.38,0.311,0.57,58.9,59.1,9.9,7.7,0.533,18.3,42.1,0.279,1,3,3,2,1,32,26,0.813,17.67,876,0.469,171,0.354,477,0.705,440,1199,564,286,167,448,506,,109.7,0.362,0.258,0.548,52.6,64.4,13.1,13.1,0.514,17,40.2,0.255,1,20,11,2,0
2000,Elite Eight,1,Michigan State,2,Iowa State,0,39,32,0.821,25.04,1018,0.474,253,0.378,600,0.735,521,1521,602,256,105,569,721,,112.1,0.38,0.311,0.57,58.9,59.1,9.9,7.7,0.533,18.3,42.1,0.279,1,3,3,2,1,37,32,0.865,19.09,1038,0.485,190,0.367,632,0.703,452,1422,565,277,119,518,566,,110.1,0.42,0.242,0.564,54.5,54.4,10.5,7.8,0.529,16.8,36,0.295,1,2,1,0,0
2000,Final Four,1,Michigan State,8,Wisconsin,0,39,32,0.821,25.04,1018,0.474,253,0.378,600,0.735,521,1521,602,256,105,569,721,,112.1,0.38,0.311,0.57,58.9,59.1,9.9,7.7,0.533,18.3,42.1,0.279,1,3,3,2,1,36,22,0.611,16.67,765,0.427,207,0.344,420,0.681,298,1107,478,236,102,408,658,,98,0.344,0.336,0.517,48.6,62.5,10.7,8.7,0.484,16.4,26.3,0.234,0,6,1,1,0
2000,Second Round,1,Arizona,8,Wisconsin,1,34,27,0.794,18.96,904,0.457,155,0.322,636,0.73,412,1306,537,255,192,510,496,,104.4,0.441,0.244,0.544,51.8,59.4,10.2,12.9,0.497,17.6,35.4,0.322,1,21,9,4,1,36,22,0.611,16.67,765,0.427,207,0.344,420,0.681,298,1107,478,236,102,408,658,,98,0.344,0.336,0.517,48.6,62.5,10.7,8.7,0.484,16.4,26.3,0.234,0,6,1,1,0
2000,Sweet Sixteen,4,LSU,8,Wisconsin,1,34,28,0.824,18.9,915,0.487,196,0.351,552,0.643,448,1373,503,313,180,593,549,,106,0.456,0.297,0.563,55.5,55,12.9,13.8,0.539,20.6,40,0.294,1,1,1,0,0,36,22,0.611,16.67,765,0.427,207,0.344,420,0.681,298,1107,478,236,102,408,658,,98,0.344,0.336,0.517,48.6,62.5,10.7,8.7,0.484,16.4,26.3,0.234,0,6,1,1,0
2000,Elite Eight,6,Purdue,8,Wisconsin,1,34,24,0.706,16.87,849,0.444,206,0.35,601,0.684,473,1225,482,261,104,505,597,,106.2,0.459,0.308,0.537,51.9,56.8,11.1,7.9,0.497,17.8,38.7,0.314,1,17,5,0,0,36,22,0.611,16.67,765,0.427,207,0.344,420,0.681,298,1107,478,236,102,408,658,,98,0.344,0.336,0.517,48.6,62.5,10.7,8.7,0.484,16.4,26.3,0.234,0,6,1,1,0
2000,First Round,8,Utah,9,Saint Louis,0,32,23,0.719,12.23,782,0.482,222,0.387,466,0.719,326,1077,496,198,89,462,586,,109.6,0.399,0.353,0.583,53.8,63.4,9.6,8.2,0.55,19.3,34.1,0.287,0,9,4,1,0,33,19,0.576,8.99,729,0.43,146,0.338,520,0.686,394,1164,401,254,126,586,665,,94.3,0.447,0.255,0.517,50.8,55,11.3,9.2,0.473,22.2,35.7,0.307,0,1,0,0,0
2000,First Round,5,Kentucky,12,St. Bonaventure,0,33,23,0.697,18.52,793,0.423,188,0.292,506,0.688,473,1300,427,201,185,502,537,,101.6,0.392,0.343,0.513,53.4,53.8,9,14.8,0.474,18.4,40.3,0.27,1,7,5,1,1,31,21,0.677,9.45,767,0.447,177,0.346,425,0.661,431,1131,386,257,87,488,560,,102.7,0.375,0.298,0.528,52.1,50.3,12.4,7.8,0.499,19.4,39.9,0.248,0,2,0,0,0
2000,First Round,4,Syracuse,13,Samford,0,32,26,0.813,17.67,876,0.469,171,0.354,477,0.705,440,1199,564,286,167,448,506,,109.7,0.362,0.258,0.548,52.6,64.4,13.1,13.1,0.514,17,40.2,0.255,1,20,11,2,0,32,21,0.656,3.2,825,0.5,313,0.389,360,0.699,267,996,543,230,102,438,532,,112.1,0.312,0.488,0.613,50.6,65.8,11.1,9.3,0.595,18.8,29.3,0.218,0,2,0,0,0
2000,Second Round,4,Syracuse,5,Kentucky,0,32,26,0.813,17.67,876,0.469,171,0.354,477,0.705,440,1199,564,286,167,448,506,,109.7,0.362,0.258,0.548,52.6,64.4,13.1,13.1,0.514,17,40.2,0.255,1,20,11,2,0,33,23,0.697,18.52,793,0.423,188,0.292,506,0.688,473,1300,427,201,185,502,537,,101.6,0.392,0.343,0.513,53.4,53.8,9,14.8,0.474,18.4,40.3,0.27,1,7,5,1,1
2000,First Round,6,UCLA,11,Ball State,0,33,21,0.636,15.29,952,0.48,205,0.371,383,0.587,447,1252,545,282,145,549,626,,104.4,0.329,0.278,0.543,52.6,57.2,11.8,10.9,0.532,19.3,38.7,0.193,0,4,3,0,0,31,22,0.71,7.84,834,0.453,215,0.4,417,0.612,398,1138,428,258,131,420,530,,105.1,0.37,0.292,0.532,48.9,51.3,11.8,10.4,0.512,16.3,34.6,0.227,0,2,0,0,0
2000,First Round,3,Maryland,14,Iona,0,35,25,0.714,17.93,1001,0.465,195,0.353,486,0.685,476,1354,667,355,235,570,638,,103.6,0.33,0.257,0.539,51.1,66.6,13.7,16.3,0.511,18.6,37.2,0.226,1,10,6,0,0,31,20,0.645,-1.22,846,0.451,147,0.344,604,0.725,444,1272,529,233,216,557,607,,102.1,0.444,0.227,0.537,51.9,62.5,9.7,14.6,0.49,19.7,38.3,0.322,0,1,0,0,0
2000,Second Round,3,Maryland,6,UCLA,0,35,25,0.714,17.93,1001,0.465,195,0.353,486,0.685,476,1354,667,355,235,570,638,,103.6,0.33,0.257,0.539,51.1,66.6,13.7,16.3,0.511,18.6,37.2,0.226,1,10,6,0,0,33,21,0.636,15.29,952,0.48,205,0.371,383,0.587,447,1252,545,282,145,549,626,,104.4,0.329,0.278,0.543,52.6,57.2,11.8,10.9,0.532,19.3,38.7,0.193,0,4,3,0,0
2000,Sweet Sixteen,2,Iowa State,6,UCLA,0,37,32,0.865,19.09,1038,0.485,190,0.367,632,0.703,452,1422,565,277,119,518,566,,110.1,0.42,0.242,0.564,54.5,54.4,10.5,7.8,0.529,16.8,36,0.295,1,2,1,0,0,33,21,0.636,15.29,952,0.48,205,0.371,383,0.587,447,1252,545,282,145,549,626,,104.4,0.329,0.278,0.543,52.6,57.2,11.8,10.9,0.532,19.3,38.7,0.193,0,4,3,0,0
2000,First Round,7,Auburn,10,Creighton,0,34,24,0.706,13.59,874,0.413,227,0.327,448,0.655,533,1335,438,247,110,450,582,,102.9,0.323,0.328,0.496,52.6,50.1,10.5,8.8,0.466,15.6,40,0.212,1,7,2,0,0,33,23,0.697,8.28,819,0.477,289,0.416,483,0.72,315,1084,510,262,77,484,605,,108.9,0.391,0.404,0.592,51.7,62.3,11.8,6.7,0.561,19.2,31.6,0.281,0,3,0,0,0
2000,First Round,2,Iowa State,15,Central Connecticut,0,37,32,0.865,19.09,1038,0.485,190,0.367,632,0.703,452,1422,565,277,119,518,566,,110.1,0.42,0.242,0.564,54.5,54.4,10.5,7.8,0.529,16.8,36,0.295,1,2,1,0,0,31,25,0.806,0.42,832,0.451,148,0.356,470,0.707,443,1262,451,276,156,479,554,,103.7,0.36,0.225,0.528,53.8,54.2,12.5,12.7,0.491,18.1,39.6,0.255,0,1,0,0,0
2000,Second Round,2,Iowa State,7,Auburn,0,37,32,0.865,19.09,1038,0.485,190,0.367,632,0.703,452,1422,565,277,119,518,566,,110.1,0.42,0.242,0.564,54.5,54.4,10.5,7.8,0.529,16.8,36,0.295,1,2,1,0,0,34,24,0.706,13.59,874,0.413,227,0.327,448,0.655,533,1335,438,247,110,450,582,,102.9,0.323,0.328,0.496,52.6,50.1,10.5,8.8,0.466,15.6,40,0.212,1,7,2,0,0
2000,First Round,1,Stanford,16,South Carolina State,0,31,27,0.871,25.65,819,0.468,245,0.4,564,0.71,399,1309,539,141,167,450,518,,112.1,0.454,0.35,0.575,56.5,65.8,6.5,12.4,0.538,17.5,38.5,0.322,1,8,2,1,0,34,20,0.588,-10.41,829,0.392,213,0.334,515,0.673,590,1393,370,237,138,485,485,,101.1,0.361,0.301,0.481,52.5,44.6,10,10,0.442,16.4,42,0.243,0,4,0,0,0
2000,First Round,8,UNC,9,Missouri,0,36,22,0.611,17,1014,0.491,169,0.343,518,0.7,436,1394,609,210,178,536,580,,107.9,0.358,0.238,0.562,52.8,60.1,8.3,11.2,0.532,18.1,37.3,0.251,0,3,2,2,0,31,18,0.581,12.55,771,0.423,291,0.362,469,0.71,335,1039,426,275,61,412,601,,103.6,0.363,0.441,0.539,46.5,55.3,12.4,4.8,0.503,16.2,28.9,0.257,0,1,0,0,0
2000,First Round,5,UConn,12,Utah State,0,35,25,0.714,16.93,956,0.462,184,0.386,515,0.728,506,1373,529,230,179,495,596,,109.3,0.341,0.23,0.542,53.6,55.3,9.6,11.9,0.506,17.1,41.9,0.249,1,14,7,1,1,34,28,0.824,8.83,879,0.466,194,0.362,445,0.628,415,1233,487,235,126,453,580,,106.6,0.376,0.284,0.539,52.4,55.4,10.4,10.6,0.517,16.9,35.8,0.236,0,2,0,0,0
2000,First Round,4,Tennessee,13,Louisiana,0,33,26,0.788,18.93,909,0.45,266,0.361,545,0.683,480,1314,481,290,193,520,618,72.9,108,0.395,0.365,0.548,51.7,52.9,11.9,13.6,0.516,17.8,38.9,0.27,1,4,1,0,0,34,25,0.735,2.36,880,0.43,200,0.333,479,0.616,508,901,496,271,115,,212,,,0.38,0.294,0.505,49,56.4,,12.2,0.479,,50.6,0.234,0,1,0,0,0
2000,Second Round,4,Tennessee,5,UConn,0,33,26,0.788,18.93,909,0.45,266,0.361,545,0.683,480,1314,481,290,193,520,618,72.9,108,0.395,0.365,0.548,51.7,52.9,11.9,13.6,0.516,17.8,38.9,0.27,1,4,1,0,0,35,25,0.714,16.93,956,0.462,184,0.386,515,0.728,506,1373,529,230,179,495,596,,109.3,0.341,0.23,0.542,53.6,55.3,9.6,11.9,0.506,17.1,41.9,0.249,1,14,7,1,1
2000,First Round,6,Miami (FL),11,Arkansas,0,34,23,0.676,11.83,849,0.431,132,0.3,516,0.748,489,1282,498,286,126,504,615,,100.6,0.35,0.223,0.51,51.5,58.7,12.3,10.1,0.464,18,39.8,0.262,1,3,1,0,0,34,19,0.559,12.37,931,0.429,292,0.351,375,0.603,451,1159,458,379,120,494,705,,101,0.287,0.384,0.513,45.8,49.2,15.1,9.2,0.497,16.7,33.8,0.173,0,15,6,3,1
2000,Sweet Sixteen,6,Miami (FL),7,Tulsa,1,34,23,0.676,11.83,849,0.431,132,0.3,516,0.748,489,1282,498,286,126,504,615,,100.6,0.35,0.223,0.51,51.5,58.7,12.3,10.1,0.464,18,39.8,0.262,1,3,1,0,0,37,32,0.865,19.94,1050,0.472,264,0.346,610,0.705,480,1390,631,433,175,571,730,,109.9,0.389,0.344,0.565,51.2,60.1,16,12.1,0.532,17.8,36.3,0.274,1,2,1,0,0
2000,Second Round,2,Cincinnati,7,Tulsa,1,33,29,0.879,24.62,898,0.48,165,0.359,599,0.701,405,1277,513,236,223,448,566,,110.7,0.456,0.245,0.562,53.4,57.1,10.2,16.5,0.524,16.4,37,0.32,1,10,3,1,0,37,32,0.865,19.94,1050,0.472,264,0.346,610,0.705,480,1390,631,433,175,571,730,,109.9,0.389,0.344,0.565,51.2,60.1,16,12.1,0.532,17.8,36.3,0.274,1,2,1,0,0
2000,First Round,3,Ohio State,14,Appalachian State,0,30,23,0.767,17.55,797,0.456,145,0.318,443,0.704,381,1126,387,194,200,377,521,,106.5,0.36,0.261,0.533,52.1,48.6,9.5,17.1,0.497,15.6,36.8,0.253,1,5,2,1,0,32,23,0.719,2.49,915,0.486,200,0.388,500,0.709,374,1151,534,325,127,506,627,,107.6,0.375,0.274,0.571,50.6,58.4,13.8,9.9,0.539,18.6,34.3,0.266,0,1,0,0,0
2000,Second Round,3,Ohio State,6,Miami (FL),1,30,23,0.767,17.55,797,0.456,145,0.318,443,0.704,381,1126,387,194,200,377,521,,106.5,0.36,0.261,0.533,52.1,48.6,9.5,17.1,0.497,15.6,36.8,0.253,1,5,2,1,0,34,23,0.676,11.83,849,0.431,132,0.3,516,0.748,489,1282,498,286,126,504,615,,100.6,0.35,0.223,0.51,51.5,58.7,12.3,10.1,0.464,18,39.8,0.262,1,3,1,0,0
2000,First Round,7,Tulsa,10,UNLV,0,37,32,0.865,19.94,1050,0.472,264,0.346,610,0.705,480,1390,631,433,175,571,730,,109.9,0.389,0.344,0.565,51.2,60.1,16,12.1,0.532,17.8,36.3,0.274,1,2,1,0,0,31,23,0.742,9.74,929,0.455,167,0.316,523,0.681,463,1302,623,263,139,549,626,,103.6,0.376,0.258,0.529,52.5,67.1,10.7,10.1,0.496,18.6,37.2,0.256,0,2,0,0,0
2000,First Round,2,Cincinnati,15,UNC Wilmington,0,33,29,0.879,24.62,898,0.48,165,0.359,599,0.701,405,1277,513,236,223,448,566,,110.7,0.456,0.245,0.562,53.4,57.1,10.2,16.5,0.524,16.4,37,0.32,1,10,3,1,0,31,18,0.581,2.41,667,0.415,176,0.372,353,0.629,323,1075,375,221,67,566,566,,88.8,0.349,0.294,0.497,50,56.2,10.5,6.4,0.469,23.2,30.4,0.219,0,1,0,0,0
2000,First Round,1,Arizona,16,Jackson State,0,34,27,0.794,18.96,904,0.457,155,0.322,636,0.73,412,1306,537,255,192,510,496,,104.4,0.441,0.244,0.544,51.8,59.4,10.2,12.9,0.497,17.6,35.4,0.322,1,21,9,4,1,33,17,0.515,-12.19,766,0.409,91,0.251,582,0.639,528,1343,414,252,172,627,673,,91.2,0.486,0.193,0.478,51.8,54,10.4,12.5,0.433,21.4,40.6,0.31,0,2,0,0,0
2000,First Round,8,Wisconsin,9,Fresno State,0,36,22,0.611,16.67,765,0.427,207,0.344,420,0.681,298,1107,478,236,102,408,658,,98,0.344,0.336,0.517,48.6,62.5,10.7,8.7,0.484,16.4,26.3,0.234,0,6,1,1,0,34,24,0.706,9.17,1021,0.471,279,0.351,478,0.703,422,1309,654,282,161,509,597,,109.9,0.314,0.366,0.562,48.8,64.1,11.1,10.3,0.536,17,34.2,0.221,0,17,13,4,1
2000,First Round,5,Texas,12,Indiana State,0,33,24,0.727,20.43,876,0.468,185,0.378,523,0.646,431,1296,481,244,168,515,594,,105.1,0.433,0.261,0.546,52.8,54.9,10.4,12.1,0.518,18.6,37,0.28,1,8,1,0,0,32,22,0.688,6.54,756,0.435,161,0.355,463,0.705,314,1058,406,292,104,421,549,,98.7,0.378,0.26,0.521,49,53.7,13.5,8.5,0.481,17,28.5,0.266,0,1,0,0,0
2000,First Round,4,LSU,13,Southeast Missouri State,0,34,28,0.824,18.9,915,0.487,196,0.351,552,0.643,448,1373,503,313,180,593,549,,106,0.456,0.297,0.563,55.5,55,12.9,13.8,0.539,20.6,40,0.294,1,1,1,0,0,31,24,0.774,4.41,748,0.445,193,0.346,465,0.702,346,1140,383,188,164,478,542,,102,0.394,0.332,0.54,50.8,51.2,8.9,12.9,0.503,19.3,33.3,0.277,0,1,0,0,0
2000,Second Round,4,LSU,5,Texas,0,34,28,0.824,18.9,915,0.487,196,0.351,552,0.643,448,1373,503,313,180,593,549,,106,0.456,0.297,0.563,55.5,55,12.9,13.8,0.539,20.6,40,0.294,1,1,1,0,0,33,24,0.727,20.43,876,0.468,185,0.378,523,0.646,431,1296,481,244,168,515,594,,105.1,0.433,0.261,0.546,52.8,54.9,10.4,12.1,0.518,18.6,37,0.28,1,8,1,0,0
2000,First Round,6,Purdue,11,Dayton,0,34,24,0.706,16.87,849,0.444,206,0.35,601,0.684,473,1225,482,261,104,505,597,,106.2,0.459,0.308,0.537,51.9,56.8,11.1,7.9,0.497,17.8,38.7,0.314,1,17,5,0,0,31,22,0.71,9.95,752,0.433,218,0.369,492,0.713,447,1153,412,215,70,429,559,,108.1,0.398,0.34,0.537,53.2,54.8,10.5,5.9,0.496,17.2,41.1,0.284,0,2,0,0,0
2000,Sweet Sixteen,6,Purdue,10,Gonzaga,0,34,24,0.706,16.87,849,0.444,206,0.35,601,0.684,473,1225,482,261,104,505,597,,106.2,0.459,0.308,0.537,51.9,56.8,11.1,7.9,0.497,17.8,38.7,0.314,1,17,5,0,0,35,26,0.743,16.38,965,0.479,260,0.364,529,0.665,409,1325,587,202,150,469,651,,112.1,0.395,0.355,0.568,51.7,60.8,8.3,11.2,0.544,16.4,34.2,0.263,0,1,1,0,0
2000,First Round,7,Louisville,10,Gonzaga,1,31,19,0.613,14.93,849,0.466,165,0.328,406,0.704,382,1045,518,286,136,490,569,,103.2,0.317,0.276,0.541,48.8,61,13,11,0.511,18.9,36.1,0.223,0,23,16,6,2,35,26,0.743,16.38,965,0.479,260,0.364,529,0.665,409,1325,587,202,150,469,651,,112.1,0.395,0.355,0.568,51.7,60.8,8.3,11.2,0.544,16.4,34.2,0.263,0,1,1,0,0
2000,Second Round,2,St. John's (NY),10,Gonzaga,1,33,25,0.758,14.26,929,0.464,149,0.314,426,0.677,,1133,541,352,89,399,631,,,0.314,0.237,0.529,49.9,58.2,,7.6,0.501,14.8,,0.213,1,8,2,0,0,35,26,0.743,16.38,965,0.479,260,0.364,529,0.665,409,1325,587,202,150,469,651,,112.1,0.395,0.355,0.568,51.7,60.8,8.3,11.2,0.544,16.4,34.2,0.263,0,1,1,0,0
2000,First Round,3,Oklahoma,14,Winthrop,0,34,27,0.794,19.25,917,0.458,263,0.383,449,0.71,443,1254,525,241,89,435,643,,110.6,0.315,0.343,0.552,52.7,57.3,10.5,7.3,0.523,15.9,36.5,0.224,1,7,1,0,0,30,21,0.7,-1.04,733,0.426,251,0.358,476,0.664,394,1171,406,215,104,474,584,,102.8,0.417,0.408,0.532,52.4,55.4,10.1,9.5,0.499,18.7,35.1,0.277,0,2,0,0,0
2000,Second Round,3,Oklahoma,6,Purdue,1,34,27,0.794,19.25,917,0.458,263,0.383,449,0.71,443,1254,525,241,89,435,643,,110.6,0.315,0.343,0.552,52.7,57.3,10.5,7.3,0.523,15.9,36.5,0.224,1,7,1,0,0,34,24,0.706,16.87,849,0.444,206,0.35,601,0.684,473,1225,482,261,104,505,597,,106.2,0.459,0.308,0.537,51.9,56.8,11.1,7.9,0.497,17.8,38.7,0.314,1,17,5,0,0
2000,First Round,2,St. John's (NY),15,Northern Arizona,0,33,25,0.758,14.26,929,0.464,149,0.314,426,0.677,,1133,541,352,89,399,631,,,0.314,0.237,0.529,49.9,58.2,,7.6,0.501,14.8,,0.213,1,8,2,0,0,31,20,0.645,4.34,775,0.477,263,0.391,467,0.751,295,1101,493,120,96,514,574,,106.6,0.383,0.414,0.593,52.2,63.6,5.6,7.6,0.558,21.1,31.6,0.287,0,1,0,0,0
2001,Play-In,16,Northwestern State,16,Winthrop,0,32,19,0.594,-11.1,768,0.414,175,0.318,581,0.662,410,1178,392,308,133,537,765,,95.1,0.473,0.297,0.504,48,51,12.8,10,0.461,19.1,32.5,0.313,0,1,0,0,0,31,18,0.581,-3.73,684,0.408,215,0.351,454,0.687,398,1103,351,223,78,441,610,,100.2,0.394,0.366,0.512,52.2,51.3,11,7.5,0.472,18.1,35.8,0.271,0,3,0,0,0
2001,First Round,1,Illinois,16,Northwestern State,0,35,27,0.771,23.32,929,0.454,247,0.364,620,0.705,479,1400,550,269,146,524,772,,108.4,0.43,0.331,0.553,54.8,59.2,10.7,11.6,0.514,17.5,38.4,0.303,1,3,2,0,0,32,19,0.594,-11.1,768,0.414,175,0.318,581,0.662,410,1178,392,308,133,537,765,,95.1,0.473,0.297,0.504,48,51,12.8,10,0.461,19.1,32.5,0.313,0,1,0,0,0
2001,Second Round,1,Illinois,9,Charlotte,0,35,27,0.771,23.32,929,0.454,247,0.364,620,0.705,479,1400,550,269,146,524,772,,108.4,0.43,0.331,0.553,54.8,59.2,10.7,11.6,0.514,17.5,38.4,0.303,1,3,2,0,0,33,22,0.667,14.24,873,0.437,305,0.36,532,0.685,411,1267,471,231,97,418,663,,108.4,0.389,0.424,0.546,50.1,54,9.7,7.3,0.513,15,33,0.266,0,2,0,0,0
2001,First Round,8,Tennessee,9,Charlotte,1,33,22,0.667,15.54,909,0.459,257,0.369,593,0.68,421,1301,528,232,191,528,712,,106.9,0.44,0.352,0.557,50.1,58.1,9.3,13.3,0.524,18.1,34.3,0.299,0,5,1,0,0,33,22,0.667,14.24,873,0.437,305,0.36,532,0.685,411,1267,471,231,97,418,663,,108.4,0.389,0.424,0.546,50.1,54,9.7,7.3,0.513,15,33,0.266,0,2,0,0,0
2001,Sweet Sixteen,1,Illinois,4,Kansas,0,35,27,0.771,23.32,929,0.454,247,0.364,620,0.705,479,1400,550,269,146,524,772,,108.4,0.43,0.331,0.553,54.8,59.2,10.7,11.6,0.514,17.5,38.4,0.303,1,3,2,0,0,33,26,0.788,20.23,1002,0.502,183,0.394,520,0.659,443,1407,641,217,170,532,648,,110.2,0.395,0.233,0.571,54.9,64,8.8,12.4,0.548,18.3,38.7,0.261,1,12,7,2,0
2001,Elite Eight,1,Illinois,2,Arizona,1,35,27,0.771,23.32,929,0.454,247,0.364,620,0.705,479,1400,550,269,146,524,772,,108.4,0.43,0.331,0.553,54.8,59.2,10.7,11.6,0.514,17.5,38.4,0.303,1,3,2,0,0,36,28,0.778,26.85,1015,0.476,193,0.355,703,0.748,487,1433,585,283,159,546,630,,111.5,0.441,0.255,0.568,54.5,57.6,10.8,10.7,0.522,17.5,40,0.33,1,1,1,1,0
2001,National Championship,1,Duke,2,Arizona,0,39,35,0.897,32.18,1217,0.481,407,0.385,697,0.696,538,1505,701,411,196,531,659,,117.8,0.396,0.418,0.588,50.7,57.6,13.7,10.5,0.561,15,37,0.275,1,17,12,9,3,36,28,0.778,26.85,1015,0.476,193,0.355,703,0.748,487,1433,585,283,159,546,630,,111.5,0.441,0.255,0.568,54.5,57.6,10.8,10.7,0.522,17.5,40,0.33,1,1,1,1,0
2001,Final Four,1,Michigan State,2,Arizona,1,33,28,0.848,25.12,957,0.489,146,0.322,493,0.719,514,1404,579,210,133,451,611,,115.3,0.351,0.231,0.559,61.1,60.5,9.5,11.1,0.526,16.5,47.1,0.252,1,4,4,3,1,36,28,0.778,26.85,1015,0.476,193,0.355,703,0.748,487,1433,585,283,159,546,630,,111.5,0.441,0.255,0.568,54.5,57.6,10.8,10.7,0.522,17.5,40,0.33,1,1,1,1,0
2001,First Round,5,Syracuse,12,Hawaii,0,34,25,0.735,11.15,885,0.436,185,0.335,520,0.715,442,1213,545,325,203,441,681,,104.3,0.358,0.272,0.521,48.2,61.6,13.7,16.1,0.482,15.7,35.2,0.256,1,21,11,2,0,31,17,0.548,6.88,797,0.468,177,0.349,483,0.725,335,999,557,183,74,516,605,,102.5,0.391,0.298,0.558,49.9,69.9,8.3,5.7,0.52,20.4,33.8,0.284,0,2,0,0,0
2001,First Round,4,Kansas,13,Cal State Northridge,0,33,26,0.788,20.23,1002,0.502,183,0.394,520,0.659,443,1407,641,217,170,532,648,,110.2,0.395,0.233,0.571,54.9,64,8.8,12.4,0.548,18.3,38.7,0.261,1,12,7,2,0,32,22,0.688,5.95,910,0.494,217,0.397,613,0.709,373,1158,608,267,77,489,716,,111.3,0.47,0.297,0.588,50.7,66.8,11.2,6.1,0.553,17.8,33.9,0.333,0,1,0,0,0
2001,Second Round,4,Kansas,5,Syracuse,0,33,26,0.788,20.23,1002,0.502,183,0.394,520,0.659,443,1407,641,217,170,532,648,,110.2,0.395,0.233,0.571,54.9,64,8.8,12.4,0.548,18.3,38.7,0.261,1,12,7,2,0,34,25,0.735,11.15,885,0.436,185,0.335,520,0.715,442,1213,545,325,203,441,681,,104.3,0.358,0.272,0.521,48.2,61.6,13.7,16.1,0.482,15.7,35.2,0.256,1,21,11,2,0
2001,First Round,6,Notre Dame,11,Xavier,0,30,20,0.667,14.36,814,0.462,219,0.384,491,0.688,370,1214,527,199,178,434,501,,108,0.405,0.323,0.556,51.1,64.7,9.2,12.9,0.524,17.1,34.7,0.279,1,3,0,0,0,29,21,0.724,12.15,706,0.427,178,0.303,540,0.703,391,1125,398,208,115,415,551,,104.4,0.465,0.355,0.528,52.1,56.4,10.2,10.4,0.481,17.1,37.2,0.327,0,5,0,0,0
2001,First Round,3,Ole Miss,14,Iona,0,35,27,0.771,15.1,865,0.442,224,0.342,542,0.654,416,1227,500,285,115,500,719,,102.3,0.423,0.335,0.531,49.9,57.8,11.7,8.4,0.499,17.5,33.7,0.277,1,2,1,0,0,33,22,0.667,0.25,912,0.481,159,0.383,566,0.689,378,1239,481,259,183,557,717,,103.1,0.434,0.219,0.557,51.4,52.7,10.5,13,0.523,19.6,33.5,0.299,0,2,0,0,0
2001,Second Round,3,Ole Miss,6,Notre Dame,0,35,27,0.771,15.1,865,0.442,224,0.342,542,0.654,416,1227,500,285,115,500,719,,102.3,0.423,0.335,0.531,49.9,57.8,11.7,8.4,0.499,17.5,33.7,0.277,1,2,1,0,0,30,20,0.667,14.36,814,0.462,219,0.384,491,0.688,370,1214,527,199,178,434,501,,108,0.405,0.323,0.556,51.1,64.7,9.2,12.9,0.524,17.1,34.7,0.279,1,3,0,0,0
2001,First Round,7,Wake Forest,10,Butler,1,30,19,0.633,20.53,838,0.462,177,0.358,443,0.727,342,1104,465,219,136,375,572,,107.8,0.336,0.272,0.546,50.7,55.5,10.3,11.6,0.51,15.1,32.2,0.244,1,8,3,0,0,32,24,0.75,12.55,755,0.46,251,0.407,467,0.716,305,922,388,222,89,377,505,,109.8,0.397,0.376,0.57,47.8,51.4,10.9,7.5,0.536,16.2,31.9,0.284,0,1,0,0,0
2001,Second Round,2,Arizona,10,Butler,0,36,28,0.778,26.85,1015,0.476,193,0.355,703,0.748,487,1433,585,283,159,546,630,,111.5,0.441,0.255,0.568,54.5,57.6,10.8,10.7,0.522,17.5,40,0.33,1,1,1,1,0,32,24,0.75,12.55,755,0.46,251,0.407,467,0.716,305,922,388,222,89,377,505,,109.8,0.397,0.376,0.57,47.8,51.4,10.9,7.5,0.536,16.2,31.9,0.284,0,1,0,0,0
2001,First Round,2,Arizona,15,Eastern Illinois,1,36,28,0.778,26.85,1015,0.476,193,0.355,703,0.748,487,1433,585,283,159,546,630,,111.5,0.441,0.255,0.568,54.5,57.6,10.8,10.7,0.522,17.5,40,0.33,1,1,1,1,0,31,21,0.677,0.99,915,0.474,230,0.394,504,0.775,359,1124,514,197,116,427,577,,111,0.337,0.302,0.572,49.6,56.2,8.5,7.9,0.533,16,32.9,0.261,0,2,0,0,0
2001,Sweet Sixteen,2,Arizona,3,Ole Miss,0,36,28,0.778,26.85,1015,0.476,193,0.355,703,0.748,487,1433,585,283,159,546,630,,111.5,0.441,0.255,0.568,54.5,57.6,10.8,10.7,0.522,17.5,40,0.33,1,1,1,1,0,35,27,0.771,15.1,865,0.442,224,0.342,542,0.654,416,1227,500,285,115,500,719,,102.3,0.423,0.335,0.531,49.9,57.8,11.7,8.4,0.499,17.5,33.7,0.277,1,2,1,0,0
2001,First Round,1,Duke,16,Monmouth,0,39,35,0.897,32.18,1217,0.481,407,0.385,697,0.696,538,1505,701,411,196,531,659,,117.8,0.396,0.418,0.588,50.7,57.6,13.7,10.5,0.561,15,37,0.275,1,17,12,9,3,31,21,0.677,-3.82,756,0.454,201,0.353,467,0.689,300,1055,439,280,105,471,517,,100.8,0.407,0.343,0.549,48.7,58.1,12.9,10.5,0.515,19.2,29,0.281,0,1,0,0,0
2001,Second Round,1,Duke,9,Missouri,0,39,35,0.897,32.18,1217,0.481,407,0.385,697,0.696,538,1505,701,411,196,531,659,,117.8,0.396,0.418,0.588,50.7,57.6,13.7,10.5,0.561,15,37,0.275,1,17,12,9,3,33,20,0.606,10.76,847,0.42,279,0.38,520,0.701,466,1259,418,258,132,497,679,,103.9,0.368,0.364,0.527,49.5,49.4,10.8,8.9,0.49,17.4,36.2,0.258,0,2,0,0,0
2001,First Round,8,Georgia,9,Missouri,1,31,16,0.516,12.72,845,0.464,142,0.345,425,0.672,397,1193,471,195,149,485,569,,104.8,0.347,0.226,0.532,53.2,55.7,9.1,12.2,0.503,18.6,36.5,0.234,0,15,4,1,1,33,20,0.606,10.76,847,0.42,279,0.38,520,0.701,466,1259,418,258,132,497,679,,103.9,0.368,0.364,0.527,49.5,49.4,10.8,8.9,0.49,17.4,36.2,0.258,0,2,0,0,0
2001,Sweet Sixteen,1,Duke,4,UCLA,0,39,35,0.897,32.18,1217,0.481,407,0.385,697,0.696,538,1505,701,411,196,531,659,,117.8,0.396,0.418,0.588,50.7,57.6,13.7,10.5,0.561,15,37,0.275,1,17,12,9,3,32,23,0.719,17.13,902,0.463,190,0.355,550,0.663,441,1219,464,249,127,515,670,,105.5,0.426,0.275,0.543,51.7,51.4,10.3,10.5,0.512,18,37.2,0.282,1,5,4,0,0
2001,Elite Eight,1,Duke,6,USC,0,39,35,0.897,32.18,1217,0.481,407,0.385,697,0.696,538,1505,701,411,196,531,659,,117.8,0.396,0.418,0.588,50.7,57.6,13.7,10.5,0.561,15,37,0.275,1,17,12,9,3,34,24,0.706,16.54,898,0.459,208,0.348,616,0.706,422,1250,514,259,151,512,617,,106.7,0.447,0.305,0.553,51.6,57.2,10.5,11,0.513,17.8,35.7,0.315,0,2,1,0,0
2001,Second Round,3,Boston College,6,USC,1,32,27,0.844,17.99,879,0.454,230,0.353,559,0.709,486,1166,464,326,97,423,652,,113.6,0.407,0.337,0.552,51.3,52.8,14.5,8.2,0.514,15.5,41.6,0.289,1,3,0,0,0,34,24,0.706,16.54,898,0.459,208,0.348,616,0.706,422,1250,514,259,151,512,617,,106.7,0.447,0.305,0.553,51.6,57.2,10.5,11,0.513,17.8,35.7,0.315,0,2,1,0,0
2001,Sweet Sixteen,2,Kentucky,6,USC,1,34,24,0.706,20.32,988,0.482,245,0.346,492,0.655,464,1311,539,229,151,513,631,,110.2,0.366,0.345,0.563,51.9,54.6,9.3,10.8,0.541,17.6,39.2,0.24,1,8,6,1,1,34,24,0.706,16.54,898,0.459,208,0.348,616,0.706,422,1250,514,259,151,512,617,,106.7,0.447,0.305,0.553,51.6,57.2,10.5,11,0.513,17.8,35.7,0.315,0,2,1,0,0
2001,Final Four,1,Duke,3,Maryland,0,39,35,0.897,32.18,1217,0.481,407,0.385,697,0.696,538,1505,701,411,196,531,659,,117.8,0.396,0.418,0.588,50.7,57.6,13.7,10.5,0.561,15,37,0.275,1,17,12,9,3,36,25,0.694,23.83,1120,0.484,205,0.38,622,0.696,543,1478,692,322,213,523,713,,113.6,0.387,0.233,0.56,53.2,61.8,11.9,14.3,0.529,16,40.7,0.269,1,11,7,1,0
2001,Elite Eight,1,Stanford,3,Maryland,1,34,31,0.912,25.77,953,0.511,252,0.429,671,0.743,365,1244,568,187,108,438,778,,119.4,0.484,0.315,0.617,55.6,59.6,7.9,7.7,0.579,16,35.8,0.36,1,9,3,1,0,36,25,0.694,23.83,1120,0.484,205,0.38,622,0.696,543,1478,692,322,213,523,713,,113.6,0.387,0.233,0.56,53.2,61.8,11.9,14.3,0.529,16,40.7,0.269,1,11,7,1,0
2001,First Round,5,Ohio State,12,Utah State,1,31,20,0.645,15.68,775,0.471,169,0.381,487,0.699,355,1090,473,161,160,471,607,,105.8,0.424,0.269,0.558,53.4,61,7.7,13.8,0.522,19.2,37.5,0.296,0,6,2,1,0,34,28,0.824,9.99,852,0.485,200,0.39,500,0.673,370,1177,511,220,132,486,581,,109,0.423,0.292,0.57,52.9,60,10,11.1,0.542,18.7,35.5,0.285,0,3,0,0,0
2001,Second Round,4,UCLA,12,Utah State,0,32,23,0.719,17.13,902,0.463,190,0.355,550,0.663,441,1219,464,249,127,515,670,,105.5,0.426,0.275,0.543,51.7,51.4,10.3,10.5,0.512,18,37.2,0.282,1,5,4,0,0,34,28,0.824,9.99,852,0.485,200,0.39,500,0.673,370,1177,511,220,132,486,581,,109,0.423,0.292,0.57,52.9,60,10,11.1,0.542,18.7,35.5,0.285,0,3,0,0,0
2001,First Round,4,UCLA,13,Hofstra,0,32,23,0.719,17.13,902,0.463,190,0.355,550,0.663,441,1219,464,249,127,515,670,,105.5,0.426,0.275,0.543,51.7,51.4,10.3,10.5,0.512,18,37.2,0.282,1,5,4,0,0,31,26,0.839,5.12,784,0.473,167,0.332,522,0.647,373,1166,414,237,119,511,547,,103.5,0.487,0.304,0.553,54.2,52.8,10.9,10.3,0.524,20,36.4,0.315,0,2,0,0,0
2001,First Round,6,USC,11,Oklahoma State,0,34,24,0.706,16.54,898,0.459,208,0.348,616,0.706,422,1250,514,259,151,512,617,,106.7,0.447,0.305,0.553,51.6,57.2,10.5,11,0.513,17.8,35.7,0.315,0,2,1,0,0,30,20,0.667,10.83,767,0.464,129,0.327,466,0.633,364,1139,406,241,115,506,568,,99.6,0.446,0.239,0.532,52.3,52.9,11.3,9.8,0.503,20.2,34.8,0.282,0,22,11,2,0
2001,First Round,3,Boston College,14,Southern Utah,0,32,27,0.844,17.99,879,0.454,230,0.353,559,0.709,486,1166,464,326,97,423,652,,113.6,0.407,0.337,0.552,51.3,52.8,14.5,8.2,0.514,15.5,41.6,0.289,1,3,0,0,0,31,25,0.806,3.01,783,0.489,197,0.4,480,0.713,335,997,462,321,87,470,613,,108.6,0.42,0.308,0.584,50.9,59,15.5,9.6,0.55,19.7,36.5,0.3,0,1,0,0,0
2001,First Round,7,Iowa,10,Creighton,0,35,23,0.657,14.25,815,0.43,210,0.366,753,0.705,482,1351,474,191,83,520,783,,106.1,0.564,0.302,0.54,54.7,58.2,7.8,6.6,0.485,17.8,38.6,0.397,1,2,1,0,0,32,24,0.75,12.41,788,0.442,249,0.359,500,0.702,357,1084,490,293,114,426,646,,106.2,0.4,0.389,0.548,50.8,62.2,13.4,10.3,0.512,16.7,32.3,0.281,0,4,0,0,0
2001,First Round,2,Kentucky,15,Holy Cross,0,34,24,0.706,20.32,988,0.482,245,0.346,492,0.655,464,1311,539,229,151,513,631,,110.2,0.366,0.345,0.563,51.9,54.6,9.3,10.8,0.541,17.6,39.2,0.24,1,8,6,1,1,30,22,0.733,-0.31,640,0.445,136,0.351,618,0.657,388,1155,385,188,157,512,583,,101.1,0.654,0.27,0.54,55.6,60.2,9.3,14.3,0.493,21.4,39.9,0.43,0,3,1,0,0
2001,Second Round,2,Kentucky,7,Iowa,0,34,24,0.706,20.32,988,0.482,245,0.346,492,0.655,464,1311,539,229,151,513,631,,110.2,0.366,0.345,0.563,51.9,54.6,9.3,10.8,0.541,17.6,39.2,0.24,1,8,6,1,1,35,23,0.657,14.25,815,0.43,210,0.366,753,0.705,482,1351,474,191,83,520,783,,106.1,0.564,0.302,0.54,54.7,58.2,7.8,6.6,0.485,17.8,38.6,0.397,1,2,1,0,0
2001,First Round,1,Michigan State,16,Alabama State,0,33,28,0.848,25.12,957,0.489,146,0.322,493,0.719,514,1404,579,210,133,451,611,,115.3,0.351,0.231,0.559,61.1,60.5,9.5,11.1,0.526,16.5,47.1,0.252,1,4,4,3,1,31,22,0.71,-8.99,756,0.441,165,0.326,458,0.658,386,1175,410,260,93,510,502,,98.7,0.406,0.295,0.522,49.5,54.2,12,6.9,0.489,20,34,0.267,0,1,0,0,0
2001,Second Round,1,Michigan State,9,Fresno State,0,33,28,0.848,25.12,957,0.489,146,0.322,493,0.719,514,1404,579,210,133,451,611,,115.3,0.351,0.231,0.559,61.1,60.5,9.5,11.1,0.526,16.5,47.1,0.252,1,4,4,3,1,33,26,0.788,15.65,954,0.47,241,0.355,540,0.681,389,1240,592,330,209,551,626,,109.8,0.391,0.334,0.559,50.7,62.1,13.5,15.3,0.529,18.6,34.6,0.266,0,18,13,4,1
2001,First Round,8,California,9,Fresno State,1,31,20,0.645,14.77,813,0.479,176,0.35,502,0.686,281,998,508,225,66,424,570,,105.5,0.431,0.296,0.563,49.3,62.5,10.3,6.1,0.53,17.2,27.9,0.295,0,5,2,0,0,33,26,0.788,15.65,954,0.47,241,0.355,540,0.681,389,1240,592,330,209,551,626,,109.8,0.391,0.334,0.559,50.7,62.1,13.5,15.3,0.529,18.6,34.6,0.266,0,18,13,4,1
2001,Sweet Sixteen,1,Michigan State,12,Gonzaga,0,33,28,0.848,25.12,957,0.489,146,0.322,493,0.719,514,1404,579,210,133,451,611,,115.3,0.351,0.231,0.559,61.1,60.5,9.5,11.1,0.526,16.5,47.1,0.252,1,4,4,3,1,33,26,0.788,12.57,915,0.51,245,0.404,645,0.681,369,1265,537,191,135,472,619,,116.3,0.528,0.338,0.606,53.6,58.7,8.2,10.2,0.579,17.4,35,0.36,0,2,2,0,0
2001,First Round,5,Virginia,12,Gonzaga,1,29,20,0.69,18.93,852,0.455,204,0.369,556,0.736,437,1131,420,221,98,399,590,,112.7,0.403,0.295,0.552,53.9,49.3,10.1,8.4,0.51,15.2,39.5,0.297,1,9,2,0,0,33,26,0.788,12.57,915,0.51,245,0.404,645,0.681,369,1265,537,191,135,472,619,,116.3,0.528,0.338,0.606,53.6,58.7,8.2,10.2,0.579,17.4,35,0.36,0,2,2,0,0
2001,Elite Eight,1,Michigan State,11,Temple,0,33,28,0.848,25.12,957,0.489,146,0.322,493,0.719,514,1404,579,210,133,451,611,,115.3,0.351,0.231,0.559,61.1,60.5,9.5,11.1,0.526,16.5,47.1,0.252,1,4,4,3,1,37,24,0.649,16.2,926,0.427,281,0.345,471,0.7,494,1322,416,270,138,307,585,,113.3,0.31,0.376,0.523,50.1,44.9,11.7,12.9,0.492,11,36.9,0.217,0,17,5,0,0
2001,First Round,6,Texas,11,Temple,1,34,25,0.735,14.25,819,0.412,215,0.343,543,0.65,483,1346,414,268,191,502,771,,100.1,0.42,0.315,0.502,50.4,50.5,11.2,14,0.466,17.4,36.2,0.273,1,9,1,0,0,37,24,0.649,16.2,926,0.427,281,0.345,471,0.7,494,1322,416,270,138,307,585,,113.3,0.31,0.376,0.523,50.1,44.9,11.7,12.9,0.492,11,36.9,0.217,0,17,5,0,0
2001,Second Round,3,Florida,11,Temple,1,31,24,0.774,21.36,849,0.481,256,0.383,555,0.729,319,1145,538,271,114,451,589,,111.4,0.431,0.379,0.59,51.7,63.4,12,9.4,0.554,17.5,30.9,0.315,1,3,2,1,0,37,24,0.649,16.2,926,0.427,281,0.345,471,0.7,494,1322,416,270,138,307,585,,113.3,0.31,0.376,0.523,50.1,44.9,11.7,12.9,0.492,11,36.9,0.217,0,17,5,0,0
2001,Sweet Sixteen,7,Penn State,11,Temple,1,33,21,0.636,12.43,835,0.426,278,0.367,587,0.764,349,1069,481,279,117,407,657,,106.4,0.391,0.386,0.545,44.7,57.6,11.7,8,0.496,14.9,28.4,0.299,0,2,1,0,0,37,24,0.649,16.2,926,0.427,281,0.345,471,0.7,494,1322,416,270,138,307,585,,113.3,0.31,0.376,0.523,50.1,44.9,11.7,12.9,0.492,11,36.9,0.217,0,17,5,0,0
2001,First Round,4,Oklahoma,13,Indiana State,1,33,26,0.788,15.56,859,0.446,242,0.381,494,0.74,420,1184,444,281,91,420,706,,109,0.347,0.331,0.547,51.9,51.7,12.5,7.9,0.509,15.8,35.9,0.257,1,8,1,0,0,34,22,0.647,6.97,861,0.46,213,0.359,544,0.705,334,1069,521,237,100,402,576,,108,0.412,0.317,0.554,47.7,60.5,10.3,7.1,0.517,15.2,29.2,0.291,0,2,0,0,0
2001,Second Round,12,Gonzaga,13,Indiana State,0,33,26,0.788,12.57,915,0.51,245,0.404,645,0.681,369,1265,537,191,135,472,619,,116.3,0.528,0.338,0.606,53.6,58.7,8.2,10.2,0.579,17.4,35,0.36,0,2,2,0,0,34,22,0.647,6.97,861,0.46,213,0.359,544,0.705,334,1069,521,237,100,402,576,,108,0.412,0.317,0.554,47.7,60.5,10.3,7.1,0.517,15.2,29.2,0.291,0,2,0,0,0
2001,First Round,3,Florida,14,Western Kentucky,0,31,24,0.774,21.36,849,0.481,256,0.383,555,0.729,319,1145,538,271,114,451,589,,111.4,0.431,0.379,0.59,51.7,63.4,12,9.4,0.554,17.5,30.9,0.315,1,3,2,1,0,31,24,0.774,8.69,812,0.454,213,0.352,466,0.691,441,1240,452,246,155,453,588,,108.2,0.377,0.338,0.546,56.8,55.7,11.6,13.2,0.513,17.7,40.8,0.26,0,1,0,0,0
2001,First Round,7,Penn State,10,Providence,0,33,21,0.636,12.43,835,0.426,278,0.367,587,0.764,349,1069,481,279,117,407,657,,106.4,0.391,0.386,0.545,44.7,57.6,11.7,8,0.496,14.9,28.4,0.299,0,2,1,0,0,31,21,0.677,13.74,806,0.446,249,0.4,498,0.719,391,1129,506,286,172,467,644,71.6,106.2,0.383,0.344,0.552,50,62.8,12.9,13.6,0.514,17.9,36,0.275,0,2,0,0,0
2001,First Round,2,UNC,15,Princeton,0,33,26,0.788,19.95,945,0.479,189,0.364,532,0.67,411,1363,576,244,184,518,576,,106.5,0.403,0.263,0.556,52.6,61,10,12.7,0.527,18.1,35.2,0.27,1,1,0,0,0,27,16,0.593,-2.53,540,0.449,218,0.352,264,0.727,174,692,383,180,61,340,456,,100.8,0.302,0.515,0.568,46.2,70.9,11.6,7.8,0.539,19.8,24.3,0.219,0,1,0,0,0
2001,Second Round,2,UNC,7,Penn State,1,33,26,0.788,19.95,945,0.479,189,0.364,532,0.67,411,1363,576,244,184,518,576,,106.5,0.403,0.263,0.556,52.6,61,10,12.7,0.527,18.1,35.2,0.27,1,1,0,0,0,33,21,0.636,12.43,835,0.426,278,0.367,587,0.764,349,1069,481,279,117,407,657,,106.4,0.391,0.386,0.545,44.7,57.6,11.7,8,0.496,14.9,28.4,0.299,0,2,1,0,0
2001,First Round,1,Stanford,16,UNC Greensboro,0,34,31,0.912,25.77,953,0.511,252,0.429,671,0.743,365,1244,568,187,108,438,778,,119.4,0.484,0.315,0.617,55.6,59.6,7.9,7.7,0.579,16,35.8,0.36,1,9,3,1,0,31,19,0.613,-5.02,773,0.444,184,0.383,552,0.769,343,1049,414,271,118,475,648,,103.2,0.412,0.276,0.548,47.8,53.6,12.3,9.4,0.497,18.6,32.4,0.317,0,2,0,0,0
2001,Second Round,1,Stanford,9,St. Joseph's,0,34,31,0.912,25.77,953,0.511,252,0.429,671,0.743,365,1244,568,187,108,438,778,,119.4,0.484,0.315,0.617,55.6,59.6,7.9,7.7,0.579,16,35.8,0.36,1,9,3,1,0,33,26,0.788,12.73,905,0.482,255,0.356,560,0.693,368,1241,590,204,128,479,652,,110.2,0.43,0.381,0.58,52.2,65.2,8.6,9.3,0.549,17.5,33.5,0.298,1,2,1,0,0
2001,First Round,8,Georgia Tech,9,St. Joseph's,1,30,17,0.567,14.52,776,0.426,260,0.371,457,0.69,345,1125,488,238,136,474,645,,100.2,0.363,0.384,0.531,48.4,62.9,10.5,10.8,0.497,18.2,30.3,0.251,0,2,0,0,0,33,26,0.788,12.73,905,0.482,255,0.356,560,0.693,368,1241,590,204,128,479,652,,110.2,0.43,0.381,0.58,52.2,65.2,8.6,9.3,0.549,17.5,33.5,0.298,1,2,1,0,0
2001,Sweet Sixteen,1,Stanford,5,Cincinnati,0,34,31,0.912,25.77,953,0.511,252,0.429,671,0.743,365,1244,568,187,108,438,778,,119.4,0.484,0.315,0.617,55.6,59.6,7.9,7.7,0.579,16,35.8,0.36,1,9,3,1,0,35,25,0.714,16.19,921,0.444,214,0.357,530,0.697,464,1216,451,194,118,380,666,,110,0.366,0.289,0.531,49.5,49,8.3,8.9,0.495,13.5,36.9,0.255,0,11,4,1,0
2001,First Round,5,Cincinnati,12,BYU,0,35,25,0.714,16.19,921,0.444,214,0.357,530,0.697,464,1216,451,194,118,380,666,,110,0.366,0.289,0.531,49.5,49,8.3,8.9,0.495,13.5,36.9,0.255,0,11,4,1,0,33,24,0.727,10.95,744,0.459,185,0.381,651,0.78,292,1052,414,203,108,433,491,,108.8,0.515,0.299,0.576,50.2,55.6,9.5,9.3,0.516,17.7,29.5,0.402,0,1,0,0,0
2001,Second Round,5,Cincinnati,13,Kent State,0,35,25,0.714,16.19,921,0.444,214,0.357,530,0.697,464,1216,451,194,118,380,666,,110,0.366,0.289,0.531,49.5,49,8.3,8.9,0.495,13.5,36.9,0.255,0,11,4,1,0,34,24,0.706,8.69,823,0.429,180,0.349,564,0.763,403,1103,429,233,105,346,671,,108.3,0.385,0.269,0.527,48.4,52.1,10.6,8.3,0.476,13.2,34,0.294,0,2,0,0,0
2001,First Round,4,Indiana,13,Kent State,1,34,21,0.618,17.58,858,0.453,181,0.362,511,0.636,377,1268,513,231,178,496,650,,100.8,0.424,0.264,0.529,51.4,59.8,9.7,12.8,0.5,17.9,31.5,0.27,1,1,0,0,0,34,24,0.706,8.69,823,0.429,180,0.349,564,0.763,403,1103,429,233,105,346,671,,108.3,0.385,0.269,0.527,48.4,52.1,10.6,8.3,0.476,13.2,34,0.294,0,2,0,0,0
2001,First Round,6,Wisconsin,11,Georgia State,1,29,18,0.621,14.91,575,0.426,174,0.365,399,0.702,233,869,358,172,68,337,520,,99.4,0.421,0.354,0.532,50.3,62.3,9.9,7.7,0.491,17.2,27.1,0.296,1,1,0,0,0,34,29,0.853,5.25,929,0.449,276,0.354,567,0.702,441,1171,449,351,129,435,617,,110.8,0.391,0.377,0.551,49.8,48.3,14.4,9.4,0.516,15.1,36.3,0.274,0,13,8,0,0
2001,Second Round,3,Maryland,11,Georgia State,0,36,25,0.694,23.83,1120,0.484,205,0.38,622,0.696,543,1478,692,322,213,523,713,,113.6,0.387,0.233,0.56,53.2,61.8,11.9,14.3,0.529,16,40.7,0.269,1,11,7,1,0,34,29,0.853,5.25,929,0.449,276,0.354,567,0.702,441,1171,449,351,129,435,617,,110.8,0.391,0.377,0.551,49.8,48.3,14.4,9.4,0.516,15.1,36.3,0.274,0,13,8,0,0
2001,First Round,3,Maryland,14,George Mason,0,36,25,0.694,23.83,1120,0.484,205,0.38,622,0.696,543,1478,692,322,213,523,713,,113.6,0.387,0.233,0.56,53.2,61.8,11.9,14.3,0.529,16,40.7,0.269,1,11,7,1,0,30,18,0.6,5.12,784,0.46,142,0.323,417,0.659,357,1018,411,252,129,429,544,,103.3,0.371,0.257,0.53,50.3,52.4,12.2,11.4,0.501,17.6,34.5,0.245,0,2,0,0,0
2001,Sweet Sixteen,3,Maryland,10,Georgetown,0,36,25,0.694,23.83,1120,0.484,205,0.38,622,0.696,543,1478,692,322,213,523,713,,113.6,0.387,0.233,0.56,53.2,61.8,11.9,14.3,0.529,16,40.7,0.269,1,11,7,1,0,33,25,0.758,12.06,924,0.437,186,0.332,540,0.661,607,1481,547,324,198,550,694,,105.3,0.386,0.265,0.514,55.7,59.2,13.3,14.8,0.481,18,45.3,0.255,1,1,1,0,0
2001,First Round,7,Arkansas,10,Georgetown,1,31,20,0.645,17.25,881,0.443,273,0.368,441,0.69,410,1100,476,365,124,451,654,,106.8,0.321,0.372,0.54,46.3,54,15.7,10.6,0.511,16.4,34.6,0.222,0,16,6,3,1,33,25,0.758,12.06,924,0.437,186,0.332,540,0.661,607,1481,547,324,198,550,694,,105.3,0.386,0.265,0.514,55.7,59.2,13.3,14.8,0.481,18,45.3,0.255,1,1,1,0,0
2001,First Round,2,Iowa State,15,Hampton,1,31,25,0.806,15.9,823,0.474,182,0.417,623,0.728,375,1228,429,190,102,467,636,,109.6,0.493,0.251,0.572,56.3,52.1,8.5,8.1,0.527,17.9,36.2,0.359,1,3,1,0,0,32,25,0.781,-3.66,850,0.46,200,0.348,571,0.684,434,1243,449,218,185,489,596,,107.6,0.452,0.311,0.551,51.7,52.8,9.5,13.6,0.515,17.9,38.2,0.309,0,1,0,0,0
2001,Second Round,10,Georgetown,15,Hampton,0,33,25,0.758,12.06,924,0.437,186,0.332,540,0.661,607,1481,547,324,198,550,694,,105.3,0.386,0.265,0.514,55.7,59.2,13.3,14.8,0.481,18,45.3,0.255,1,1,1,0,0,32,25,0.781,-3.66,850,0.46,200,0.348,571,0.684,434,1243,449,218,185,489,596,,107.6,0.452,0.311,0.551,51.7,52.8,9.5,13.6,0.515,17.9,38.2,0.309,0,1,0,0,0
2002,Play-In,16,Alcorn State,16,Siena,1,31,21,0.677,-11.27,900,0.465,173,0.378,500,0.644,453,1243,496,258,125,538,,,,0.402,0.237,0.537,53.3,55.1,,6.4,0.51,18.9,,0.258,0,6,0,0,0,36,17,0.472,-2.74,853,0.417,250,0.346,561,0.744,402,1361,465,199,149,550,,,,0.369,0.353,0.524,50.4,54.5,,7.2,0.478,18.6,,0.274,0,1,0,0,0
2002,First Round,1,Maryland,16,Siena,0,36,32,0.889,23.46,1083,0.482,217,0.374,677,0.726,473,1479,714,302,216,495,,,,0.415,0.258,0.569,52.4,65.9,,9.4,0.53,15.5,,0.301,1,12,8,2,1,36,17,0.472,-2.74,853,0.417,250,0.346,561,0.744,402,1361,465,199,149,550,,,,0.369,0.353,0.524,50.4,54.5,,7.2,0.478,18.6,,0.274,0,1,0,0,0
2002,Second Round,1,Maryland,8,Wisconsin,0,36,32,0.889,23.46,1083,0.482,217,0.374,677,0.726,473,1479,714,302,216,495,,,,0.415,0.258,0.569,52.4,65.9,,9.4,0.53,15.5,,0.301,1,12,8,2,1,32,19,0.594,10.1,731,0.436,211,0.356,471,0.719,328,1032,407,188,60,414,,,,0.391,0.354,0.54,49.9,55.7,,3.5,0.499,17.2,,0.281,0,1,0,0,0
2002,Sweet Sixteen,1,Maryland,4,Kentucky,0,36,32,0.889,23.46,1083,0.482,217,0.374,677,0.726,473,1479,714,302,216,495,,,,0.415,0.258,0.569,52.4,65.9,,9.4,0.53,15.5,,0.301,1,12,8,2,1,32,22,0.688,19.15,905,0.448,219,0.316,431,0.676,492,1283,471,252,153,460,,,,0.316,0.342,0.529,53.7,52,,8.1,0.502,16.5,,0.213,1,9,7,1,1
2002,Elite Eight,1,Maryland,2,UConn,0,36,32,0.889,23.46,1083,0.482,217,0.374,677,0.726,473,1479,714,302,216,495,,,,0.415,0.258,0.569,52.4,65.9,,9.4,0.53,15.5,,0.301,1,12,8,2,1,34,27,0.794,15.38,972,0.483,154,0.394,548,0.696,464,1381,494,256,236,545,,,,0.391,0.194,0.555,53,50.8,,10.8,0.521,18.6,,0.272,1,15,8,1,1
2002,National Championship,1,Maryland,5,Indiana,0,36,32,0.889,23.46,1083,0.482,217,0.374,677,0.726,473,1479,714,302,216,495,,,,0.415,0.258,0.569,52.4,65.9,,9.4,0.53,15.5,,0.301,1,12,8,2,1,37,25,0.676,19.19,916,0.46,270,0.41,505,0.696,406,1303,546,254,192,508,,,,0.365,0.331,0.558,51.2,59.6,,9.3,0.528,17.9,,0.254,0,2,1,1,0
2002,Sweet Sixteen,1,Duke,5,Indiana,1,35,31,0.886,28.91,1093,0.495,301,0.363,625,0.69,428,1303,625,351,113,501,,,,0.41,0.376,0.59,50.7,57.2,,5.3,0.563,16,,0.283,1,18,13,9,3,37,25,0.676,19.19,916,0.46,270,0.41,505,0.696,406,1303,546,254,192,508,,,,0.365,0.331,0.558,51.2,59.6,,9.3,0.528,17.9,,0.254,0,2,1,1,0
2002,Final Four,2,Oklahoma,5,Indiana,1,36,31,0.861,21.02,1011,0.443,236,0.35,549,0.767,543,1439,517,325,134,427,,,,0.314,0.295,0.535,54,51.1,,6.8,0.495,14,,0.241,1,9,2,1,0,37,25,0.676,19.19,916,0.46,270,0.41,505,0.696,406,1303,546,254,192,508,,,,0.365,0.331,0.558,51.2,59.6,,9.3,0.528,17.9,,0.254,0,2,1,1,0
2002,First Round,8,Wisconsin,9,St. John's (NY),0,32,19,0.594,10.1,731,0.436,211,0.356,471,0.719,328,1032,407,188,60,414,,,,0.391,0.354,0.54,49.9,55.7,,3.5,0.499,17.2,,0.281,0,1,0,0,0,32,20,0.625,7.81,784,0.401,139,0.287,543,0.67,498,1206,368,323,120,484,,,,0.415,0.248,0.481,50,46.9,,6.8,0.437,17.1,,0.278,0,9,2,0,0
2002,First Round,5,Marquette,12,Tulsa,1,33,26,0.788,17.17,871,0.473,173,0.379,498,0.692,420,1170,462,279,113,455,,,,0.391,0.248,0.553,53.4,53,,6.4,0.52,17.2,,0.271,1,1,0,0,0,34,27,0.794,12.67,961,0.477,259,0.405,545,0.753,373,1214,586,269,153,436,,,,0.359,0.317,0.578,50.9,61,,7.7,0.541,15.6,,0.27,0,1,0,0,0
2002,Second Round,4,Kentucky,12,Tulsa,0,32,22,0.688,19.15,905,0.448,219,0.316,431,0.676,492,1283,471,252,153,460,,,,0.316,0.342,0.529,53.7,52,,8.1,0.502,16.5,,0.213,1,9,7,1,1,34,27,0.794,12.67,961,0.477,259,0.405,545,0.753,373,1214,586,269,153,436,,,,0.359,0.317,0.578,50.9,61,,7.7,0.541,15.6,,0.27,0,1,0,0,0
2002,First Round,4,Kentucky,13,Valparaiso,0,32,22,0.688,19.15,905,0.448,219,0.316,431,0.676,492,1283,471,252,153,460,,,,0.316,0.342,0.529,53.7,52,,8.1,0.502,16.5,,0.213,1,9,7,1,1,33,25,0.758,9.39,893,0.449,275,0.35,503,0.667,448,1242,570,334,136,437,,,,0.379,0.395,0.546,50.8,63.8,,7.3,0.518,15.7,,0.253,0,6,1,0,0
2002,First Round,6,Texas Tech,11,Southern Illinois,1,32,23,0.719,14.72,931,0.466,146,0.376,524,0.682,419,1230,588,243,134,397,,,,0.384,0.194,0.536,49.2,63.2,,6.5,0.502,14.4,,0.262,0,25,14,5,3,36,28,0.778,9.77,976,0.461,220,0.366,545,0.619,483,1396,547,262,171,493,,,,0.416,0.284,0.536,52.2,56,,8.5,0.513,16.3,,0.258,0,1,1,0,0
2002,Second Round,3,Georgia,11,Southern Illinois,1,32,22,0.688,14.68,871,0.447,189,0.321,513,0.737,468,1226,495,281,114,455,,,,0.357,0.302,0.537,51.5,56.8,,5.8,0.496,16.7,,0.263,1,16,4,1,1,36,28,0.778,9.77,976,0.461,220,0.366,545,0.619,483,1396,547,262,171,493,,,,0.416,0.284,0.536,52.2,56,,8.5,0.513,16.3,,0.258,0,1,1,0,0
2002,Sweet Sixteen,2,UConn,11,Southern Illinois,0,34,27,0.794,15.38,972,0.483,154,0.394,548,0.696,464,1381,494,256,236,545,,,,0.391,0.194,0.555,53,50.8,,10.8,0.521,18.6,,0.272,1,15,8,1,1,36,28,0.778,9.77,976,0.461,220,0.366,545,0.619,483,1396,547,262,171,493,,,,0.416,0.284,0.536,52.2,56,,8.5,0.513,16.3,,0.258,0,1,1,0,0
2002,First Round,3,Georgia,14,Murray State,0,32,22,0.688,14.68,871,0.447,189,0.321,513,0.737,468,1226,495,281,114,455,,,,0.357,0.302,0.537,51.5,56.8,,5.8,0.496,16.7,,0.263,1,16,4,1,1,32,19,0.594,0.67,941,0.45,210,0.322,422,0.723,510,1281,465,258,158,456,,,,0.279,0.312,0.53,53.9,49.4,,8.6,0.5,16.1,,0.202,0,2,0,0,0
2002,First Round,7,NC State,10,Michigan State,0,34,23,0.676,15.83,863,0.452,278,0.36,561,0.755,354,1119,547,269,72,452,,,,0.389,0.405,0.567,49.8,63.4,,4,0.525,16.6,,0.294,0,2,0,0,0,31,19,0.613,14.91,764,0.462,180,0.393,442,0.771,377,1163,438,155,93,461,,,,0.346,0.277,0.558,55.9,57.3,,5.4,0.516,19.3,,0.267,0,5,4,3,1
2002,First Round,2,UConn,15,Hampton,0,34,27,0.794,15.38,972,0.483,154,0.394,548,0.696,464,1381,494,256,236,545,,,,0.391,0.194,0.555,53,50.8,,10.8,0.521,18.6,,0.272,1,15,8,1,1,33,26,0.788,-0.42,933,0.481,218,0.354,539,0.67,457,1241,470,265,115,489,,,,0.415,0.317,0.565,52,50.4,,5.8,0.537,17.4,,0.278,0,2,0,0,0
2002,Second Round,2,UConn,7,NC State,0,34,27,0.794,15.38,972,0.483,154,0.394,548,0.696,464,1381,494,256,236,545,,,,0.391,0.194,0.555,53,50.8,,10.8,0.521,18.6,,0.272,1,15,8,1,1,34,23,0.676,15.83,863,0.452,278,0.36,561,0.755,354,1119,547,269,72,452,,,,0.389,0.405,0.567,49.8,63.4,,4,0.525,16.6,,0.294,0,2,0,0,0
2002,First Round,1,Kansas,16,Holy Cross,0,37,33,0.892,24.38,1259,0.506,224,0.418,623,0.719,557,1638,767,357,210,602,,,,0.349,0.216,0.58,55.5,60.9,,8.5,0.551,17.2,,0.251,1,13,8,3,0,33,18,0.545,-1.61,694,0.406,148,0.337,547,0.692,420,1176,438,258,103,470,,,,0.462,0.257,0.499,54.3,63.1,,6.3,0.449,18.4,,0.32,0,4,1,0,0
2002,Second Round,1,Kansas,8,Stanford,0,37,33,0.892,24.38,1259,0.506,224,0.418,623,0.719,557,1638,767,357,210,602,,,,0.349,0.216,0.58,55.5,60.9,,8.5,0.551,17.2,,0.251,1,13,8,3,0,30,20,0.667,17.03,822,0.451,207,0.34,569,0.7,446,1254,480,152,130,409,,,,0.446,0.334,0.548,55.7,58.4,,7.2,0.508,15.6,,0.312,1,10,3,1,0
2002,Sweet Sixteen,1,Kansas,4,Illinois,0,37,33,0.892,24.38,1259,0.506,224,0.418,623,0.719,557,1638,767,357,210,602,,,,0.349,0.216,0.58,55.5,60.9,,8.5,0.551,17.2,,0.251,1,13,8,3,0,35,26,0.743,19.2,908,0.47,254,0.367,638,0.74,392,1264,590,258,141,511,,,,0.446,0.358,0.578,53.1,65,,7.2,0.536,17.9,,0.33,1,4,3,0,0
2002,Elite Eight,1,Kansas,2,Oregon,1,37,33,0.892,24.38,1259,0.506,224,0.418,623,0.719,557,1638,767,357,210,602,,,,0.349,0.216,0.58,55.5,60.9,,8.5,0.551,17.2,,0.251,1,13,8,3,0,35,26,0.743,19.67,1014,0.487,304,0.422,662,0.769,384,1280,580,261,114,482,,,,0.414,0.346,0.601,51.7,57.2,,5.2,0.56,16.2,,0.318,1,3,1,0,0
2002,Final Four,1,Kansas,1,Maryland,1,37,33,0.892,24.38,1259,0.506,224,0.418,623,0.719,557,1638,767,357,210,602,,,,0.349,0.216,0.58,55.5,60.9,,8.5,0.551,17.2,,0.251,1,13,8,3,0,36,32,0.889,23.46,1083,0.482,217,0.374,677,0.726,473,1479,714,302,216,495,,,,0.415,0.258,0.569,52.4,65.9,,9.4,0.53,15.5,,0.301,1,12,8,2,1
2002,First Round,8,Stanford,9,Western Kentucky,0,30,20,0.667,17.03,822,0.451,207,0.34,569,0.7,446,1254,480,152,130,409,,,,0.446,0.334,0.548,55.7,58.4,,7.2,0.508,15.6,,0.312,1,10,3,1,0,32,28,0.875,10.46,876,0.465,279,0.38,460,0.699,410,1229,501,228,106,456,,,,0.349,0.39,0.567,54.6,57.2,,5.9,0.539,17.2,,0.244,1,2,0,0,0
2002,First Round,5,Florida,12,Creighton,1,31,22,0.71,22.27,892,0.47,232,0.353,479,0.697,430,1203,519,307,141,463,,,,0.362,0.346,0.561,52.9,58.2,,7.9,0.531,17.2,,0.252,1,4,2,1,0,32,23,0.719,8.39,849,0.464,230,0.372,493,0.73,384,1142,488,261,125,458,,,,0.369,0.338,0.563,52.8,57.5,,7.2,0.527,17.6,,0.27,0,5,0,0,0
2002,Second Round,4,Illinois,12,Creighton,0,35,26,0.743,19.2,908,0.47,254,0.367,638,0.74,392,1264,590,258,141,511,,,,0.446,0.358,0.578,53.1,65,,7.2,0.536,17.9,,0.33,1,4,3,0,0,32,23,0.719,8.39,849,0.464,230,0.372,493,0.73,384,1142,488,261,125,458,,,,0.369,0.338,0.563,52.8,57.5,,7.2,0.527,17.6,,0.27,0,5,0,0,0
2002,First Round,4,Illinois,13,San Diego State,0,35,26,0.743,19.2,908,0.47,254,0.367,638,0.74,392,1264,590,258,141,511,,,,0.446,0.358,0.578,53.1,65,,7.2,0.536,17.9,,0.33,1,4,3,0,0,33,21,0.636,7.69,906,0.476,147,0.359,496,0.66,400,1219,472,225,123,508,,,,0.395,0.215,0.543,52.4,52.1,,6.6,0.515,18.4,,0.261,0,8,4,3,1
2002,First Round,6,Texas,11,Boston College,0,34,22,0.647,14.32,949,0.453,200,0.368,559,0.687,524,1356,516,211,131,466,,,,0.388,0.26,0.535,53.3,54.4,,6.4,0.5,15.8,,0.267,0,10,2,0,0,32,20,0.625,8.96,801,0.419,212,0.337,540,0.696,452,1192,431,259,106,449,,,,0.406,0.329,0.516,49.6,53.8,,5.8,0.474,16.4,,0.282,0,4,0,0,0
2002,First Round,3,Mississippi State,14,McNeese State,0,35,27,0.771,14.43,943,0.48,192,0.348,504,0.653,457,1359,566,294,123,583,,,,0.393,0.28,0.554,54.5,60,,5.9,0.529,20,,0.256,1,1,0,0,0,30,21,0.7,-0.59,743,0.44,171,0.367,445,0.653,406,1139,387,260,153,480,,,,0.404,0.276,0.523,52.9,52.1,,9.3,0.491,19.3,,0.264,0,2,0,0,0
2002,Second Round,3,Mississippi State,6,Texas,1,35,27,0.771,14.43,943,0.48,192,0.348,504,0.653,457,1359,566,294,123,583,,,,0.393,0.28,0.554,54.5,60,,5.9,0.529,20,,0.256,1,1,0,0,0,34,22,0.647,14.32,949,0.453,200,0.368,559,0.687,524,1356,516,211,131,466,,,,0.388,0.26,0.535,53.3,54.4,,6.4,0.5,15.8,,0.267,0,10,2,0,0
2002,Sweet Sixteen,2,Oregon,6,Texas,0,35,26,0.743,19.67,1014,0.487,304,0.422,662,0.769,384,1280,580,261,114,482,,,,0.414,0.346,0.601,51.7,57.2,,5.2,0.56,16.2,,0.318,1,3,1,0,0,34,22,0.647,14.32,949,0.453,200,0.368,559,0.687,524,1356,516,211,131,466,,,,0.388,0.26,0.535,53.3,54.4,,6.4,0.5,15.8,,0.267,0,10,2,0,0
2002,First Round,7,Wake Forest,10,Pepperdine,0,34,21,0.618,15.25,1001,0.478,240,0.366,547,0.738,438,1309,553,220,140,497,,,,0.354,0.313,0.57,52,55.2,,6.6,0.535,16.9,,0.261,0,6,0,0,0,31,22,0.71,8.59,906,0.455,233,0.367,474,0.717,410,1176,445,229,159,449,,,,0.332,0.319,0.547,49.1,49.1,,8.5,0.514,16.3,,0.238,0,1,0,0,0
2002,First Round,2,Oregon,15,Montana,0,35,26,0.743,19.67,1014,0.487,304,0.422,662,0.769,384,1280,580,261,114,482,,,,0.414,0.346,0.601,51.7,57.2,,5.2,0.56,16.2,,0.318,1,3,1,0,0,31,16,0.516,-4.19,760,0.455,213,0.357,485,0.673,306,1047,452,164,120,464,,,,0.432,0.357,0.551,48.6,59.5,,6.8,0.519,18.7,,0.29,0,1,0,0,0
2002,Second Round,2,Oregon,7,Wake Forest,0,35,26,0.743,19.67,1014,0.487,304,0.422,662,0.769,384,1280,580,261,114,482,,,,0.414,0.346,0.601,51.7,57.2,,5.2,0.56,16.2,,0.318,1,3,1,0,0,34,21,0.618,15.25,1001,0.478,240,0.366,547,0.738,438,1309,553,220,140,497,,,,0.354,0.313,0.57,52,55.2,,6.6,0.535,16.9,,0.261,0,6,0,0,0
2002,First Round,1,Duke,16,Winthrop,0,35,31,0.886,28.91,1093,0.495,301,0.363,625,0.69,428,1303,625,351,113,501,,,,0.41,0.376,0.59,50.7,57.2,,5.3,0.563,16,,0.283,1,18,13,9,3,31,19,0.613,-6.53,725,0.418,194,0.308,448,0.655,405,1178,359,236,129,459,,,,0.394,0.363,0.508,52.1,49.5,,7.7,0.474,18.2,,0.258,0,4,0,0,0
2002,Second Round,1,Duke,8,Notre Dame,0,35,31,0.886,28.91,1093,0.495,301,0.363,625,0.69,428,1303,625,351,113,501,,,,0.41,0.376,0.59,50.7,57.2,,5.3,0.563,16,,0.283,1,18,13,9,3,33,22,0.667,15.67,934,0.459,244,0.379,489,0.709,436,1351,629,259,163,435,,,,0.339,0.316,0.55,52.1,67.3,,7.8,0.518,15.5,,0.24,0,4,0,0,0
2002,First Round,8,Notre Dame,9,Charlotte,0,33,22,0.667,15.67,934,0.459,244,0.379,489,0.709,436,1351,629,259,163,435,,,,0.339,0.316,0.55,52.1,67.3,,7.8,0.518,15.5,,0.24,0,4,0,0,0,30,18,0.6,13.62,761,0.44,247,0.365,436,0.708,377,1136,416,203,72,408,,,,0.356,0.391,0.545,52.2,54.7,,6.2,0.511,16.8,,0.252,0,3,0,0,0
2002,First Round,5,Indiana,12,Utah,0,37,25,0.676,19.19,916,0.46,270,0.41,505,0.696,406,1303,546,254,192,508,,,,0.365,0.331,0.558,51.2,59.6,,9.3,0.528,17.9,,0.254,0,2,1,1,0,30,21,0.7,10.69,688,0.469,236,0.405,406,0.673,263,917,439,180,82,397,,,,0.411,0.397,0.575,50.6,63.8,,5.6,0.549,18.5,,0.277,0,10,4,1,0
2002,Second Round,5,Indiana,13,UNC Wilmington,0,37,25,0.676,19.19,916,0.46,270,0.41,505,0.696,406,1303,546,254,192,508,,,,0.365,0.331,0.558,51.2,59.6,,9.3,0.528,17.9,,0.254,0,2,1,1,0,33,23,0.697,6.17,784,0.435,221,0.373,451,0.689,374,1136,453,274,104,403,,,,0.363,0.328,0.53,49.6,57.8,,6,0.496,16,,0.25,0,2,0,0,0
2002,First Round,4,USC,13,UNC Wilmington,1,32,22,0.688,16.49,909,0.441,201,0.347,475,0.692,455,1231,504,287,129,389,,,,0.333,0.281,0.522,51.3,55.4,,7.1,0.489,14,,0.23,1,3,1,0,0,33,23,0.697,6.17,784,0.435,221,0.373,451,0.689,374,1136,453,274,104,403,,,,0.363,0.328,0.53,49.6,57.8,,6,0.496,16,,0.25,0,2,0,0,0
2002,Elite Eight,5,Indiana,10,Kent State,0,37,25,0.676,19.19,916,0.46,270,0.41,505,0.696,406,1303,546,254,192,508,,,,0.365,0.331,0.558,51.2,59.6,,9.3,0.528,17.9,,0.254,0,2,1,1,0,36,30,0.833,13.67,986,0.469,224,0.365,536,0.728,474,1322,483,229,72,391,,,,0.35,0.292,0.557,53.7,49,,3.7,0.522,13.8,,0.255,0,1,1,0,0
2002,Sweet Sixteen,3,Pitt,10,Kent State,1,35,29,0.829,14.68,928,0.47,220,0.323,454,0.605,464,1345,590,235,156,498,,,,0.38,0.345,0.543,54.5,63.6,,8.1,0.526,17.6,,0.23,1,2,1,0,0,36,30,0.833,13.67,986,0.469,224,0.365,536,0.728,474,1322,483,229,72,391,,,,0.35,0.292,0.557,53.7,49,,3.7,0.522,13.8,,0.255,0,1,1,0,0
2002,First Round,7,Oklahoma State,10,Kent State,1,32,23,0.719,14.4,835,0.448,167,0.327,456,0.644,481,1279,460,247,110,486,,,,0.38,0.274,0.521,54.4,55.1,,6,0.493,18.1,,0.245,1,23,11,2,0,36,30,0.833,13.67,986,0.469,224,0.365,536,0.728,474,1322,483,229,72,391,,,,0.35,0.292,0.557,53.7,49,,3.7,0.522,13.8,,0.255,0,1,1,0,0
2002,Second Round,2,Alabama,10,Kent State,1,35,27,0.771,16.93,910,0.439,217,0.309,621,0.736,509,1369,460,257,113,490,,,,0.408,0.339,0.538,52.8,50.5,,5.6,0.492,16.5,,0.3,1,3,0,0,0,36,30,0.833,13.67,986,0.469,224,0.365,536,0.728,474,1322,483,229,72,391,,,,0.35,0.292,0.557,53.7,49,,3.7,0.522,13.8,,0.255,0,1,1,0,0
2002,First Round,6,California,11,Penn,0,32,23,0.719,13.08,835,0.452,187,0.314,453,0.677,365,1087,487,254,132,423,,,,0.362,0.322,0.533,48.8,58.3,,7.6,0.502,16.3,,0.245,0,6,2,0,0,32,25,0.781,7.96,815,0.479,266,0.398,446,0.732,265,1035,561,209,108,421,,,,0.358,0.393,0.588,49,68.8,,6.1,0.557,17.5,,0.262,0,6,0,0,0
2002,First Round,3,Pitt,14,Central Connecticut,0,35,29,0.829,14.68,928,0.47,220,0.323,454,0.605,464,1345,590,235,156,498,,,,0.38,0.345,0.543,54.5,63.6,,8.1,0.526,17.6,,0.23,1,2,1,0,0,32,27,0.844,-1.1,814,0.458,139,0.35,513,0.736,418,1247,426,215,107,480,,,,0.392,0.223,0.541,54.9,52.3,,5.8,0.497,18.5,,0.289,0,2,0,0,0
2002,Second Round,3,Pitt,6,California,0,35,29,0.829,14.68,928,0.47,220,0.323,454,0.605,464,1345,590,235,156,498,,,,0.38,0.345,0.543,54.5,63.6,,8.1,0.526,17.6,,0.23,1,2,1,0,0,32,23,0.719,13.08,835,0.452,187,0.314,453,0.677,365,1087,487,254,132,423,,,,0.362,0.322,0.533,48.8,58.3,,7.6,0.502,16.3,,0.245,0,6,2,0,0
2002,First Round,2,Alabama,15,Florida Atlantic,0,35,27,0.771,16.93,910,0.439,217,0.309,621,0.736,509,1369,460,257,113,490,,,,0.408,0.339,0.538,52.8,50.5,,5.6,0.492,16.5,,0.3,1,3,0,0,0,31,19,0.613,-3.94,859,0.427,178,0.338,407,0.666,505,1212,483,294,108,474,,,,0.304,0.262,0.5,50.9,56.2,,6,0.471,17.1,,0.202,0,1,0,0,0
2002,First Round,1,Cincinnati,16,Boston University,0,35,31,0.886,24.59,967,0.467,209,0.362,595,0.709,462,1396,480,167,154,416,,,,0.405,0.279,0.554,54,49.6,,7.6,0.517,14.4,,0.287,1,12,4,1,0,32,22,0.688,-4.68,748,0.423,203,0.358,448,0.688,393,1200,399,192,84,415,,,,0.368,0.321,0.517,51.9,53.3,,4.8,0.481,16.7,,0.254,0,2,0,0,0
2002,Second Round,1,Cincinnati,8,UCLA,1,35,31,0.886,24.59,967,0.467,209,0.362,595,0.709,462,1396,480,167,154,416,,,,0.405,0.279,0.554,54,49.6,,7.6,0.517,14.4,,0.287,1,12,4,1,0,33,21,0.636,13.14,902,0.472,223,0.39,449,0.692,393,1209,475,182,93,496,,,,0.339,0.299,0.558,52.1,52.7,,4.6,0.53,18.3,,0.235,0,6,5,0,0
2002,First Round,8,UCLA,9,Ole Miss,0,33,21,0.636,13.14,902,0.472,223,0.39,449,0.692,393,1209,475,182,93,496,,,,0.339,0.299,0.558,52.1,52.7,,4.6,0.53,18.3,,0.235,0,6,5,0,0,31,20,0.645,13.62,745,0.46,235,0.38,507,0.738,334,1031,427,226,57,476,,,,0.425,0.382,0.574,51.9,57.3,,3.5,0.533,19.7,,0.313,0,3,1,0,0
2002,Sweet Sixteen,8,UCLA,12,Missouri,1,33,21,0.636,13.14,902,0.472,223,0.39,449,0.692,393,1209,475,182,93,496,,,,0.339,0.299,0.558,52.1,52.7,,4.6,0.53,18.3,,0.235,0,6,5,0,0,36,24,0.667,14.22,1031,0.458,326,0.391,489,0.69,535,1415,539,264,154,511,,,,0.315,0.37,0.555,53,52.3,,7.2,0.53,16.5,,0.217,0,3,1,0,0
2002,First Round,5,Miami (FL),12,Missouri,1,32,24,0.75,13,818,0.43,236,0.345,523,0.771,388,1174,525,285,190,460,,,,0.356,0.36,0.538,48.8,64.2,,10.1,0.492,17.1,,0.275,1,4,0,0,0,36,24,0.667,14.22,1031,0.458,326,0.391,489,0.69,535,1415,539,264,154,511,,,,0.315,0.37,0.555,53,52.3,,7.2,0.53,16.5,,0.217,0,3,1,0,0
2002,Second Round,4,Ohio State,12,Missouri,1,32,24,0.75,16.14,825,0.485,175,0.376,537,0.675,351,1052,483,193,75,421,,,,0.467,0.274,0.568,52.5,58.5,,4.5,0.536,16.8,,0.316,1,7,2,1,0,36,24,0.667,14.22,1031,0.458,326,0.391,489,0.69,535,1415,539,264,154,511,,,,0.315,0.37,0.555,53,52.3,,7.2,0.53,16.5,,0.217,0,3,1,0,0
2002,Elite Eight,2,Oklahoma,12,Missouri,0,36,31,0.861,21.02,1011,0.443,236,0.35,549,0.767,543,1439,517,325,134,427,,,,0.314,0.295,0.535,54,51.1,,6.8,0.495,14,,0.241,1,9,2,1,0,36,24,0.667,14.22,1031,0.458,326,0.391,489,0.69,535,1415,539,264,154,511,,,,0.315,0.37,0.555,53,52.3,,7.2,0.53,16.5,,0.217,0,3,1,0,0
2002,First Round,4,Ohio State,13,Davidson,0,32,24,0.75,16.14,825,0.485,175,0.376,537,0.675,351,1052,483,193,75,421,,,,0.467,0.274,0.568,52.5,58.5,,4.5,0.536,16.8,,0.316,1,7,2,1,0,31,21,0.677,0.61,776,0.436,249,0.353,391,0.681,369,1193,484,210,116,486,,,,0.323,0.397,0.534,51.2,62.4,,6.4,0.506,19.2,,0.22,0,2,0,0,0
2002,First Round,6,Gonzaga,11,Wyoming,1,33,29,0.879,13.9,907,0.47,237,0.391,626,0.732,425,1370,522,189,113,458,,,,0.443,0.314,0.573,56,57.6,,5.6,0.531,16.4,,0.324,1,3,2,0,0,31,22,0.71,8.62,795,0.456,132,0.3,602,0.698,394,1245,418,212,136,449,,,,0.494,0.252,0.539,55.3,52.6,,7.6,0.493,17.2,,0.345,0,1,0,0,0
2002,Second Round,3,Arizona,11,Wyoming,0,34,24,0.706,16.91,935,0.459,258,0.376,665,0.731,430,1286,527,207,103,478,,,,0.446,0.336,0.565,50.4,56.4,,4.6,0.522,16.2,,0.326,1,23,11,5,1,31,22,0.71,8.62,795,0.456,132,0.3,602,0.698,394,1245,418,212,136,449,,,,0.494,0.252,0.539,55.3,52.6,,7.6,0.493,17.2,,0.345,0,1,0,0,0
2002,First Round,3,Arizona,14,UCSB,0,34,24,0.706,16.91,935,0.459,258,0.376,665,0.731,430,1286,527,207,103,478,,,,0.446,0.336,0.565,50.4,56.4,,4.6,0.522,16.2,,0.326,1,23,11,5,1,31,20,0.645,5.55,693,0.449,201,0.403,479,0.756,301,1078,454,171,87,423,,,,0.411,0.323,0.56,52.6,65.5,,5.4,0.514,18.6,,0.31,0,1,0,0,0
2002,First Round,7,Xavier,10,Hawaii,0,32,26,0.813,13.91,777,0.449,197,0.357,566,0.721,389,1188,400,215,143,435,,,,0.453,0.319,0.55,52.7,51.5,,7.6,0.505,17.1,,0.327,1,2,0,0,0,33,27,0.818,9.82,818,0.45,241,0.38,490,0.684,338,1103,546,230,116,407,,,,0.394,0.349,0.548,49,66.7,,6.3,0.516,15.9,,0.27,1,3,0,0,0
2002,First Round,2,Oklahoma,15,UIC,0,36,31,0.861,21.02,1011,0.443,236,0.35,549,0.767,543,1439,517,325,134,427,,,,0.314,0.295,0.535,54,51.1,,6.8,0.495,14,,0.241,1,9,2,1,0,34,20,0.588,1.46,862,0.441,251,0.405,528,0.658,423,1180,462,195,48,435,,,,0.411,0.317,0.536,49,53.6,,2.6,0.506,15.7,,0.27,0,2,0,0,0
2002,Second Round,2,Oklahoma,7,Xavier,0,36,31,0.861,21.02,1011,0.443,236,0.35,549,0.767,543,1439,517,325,134,427,,,,0.314,0.295,0.535,54,51.1,,6.8,0.495,14,,0.241,1,9,2,1,0,32,26,0.813,13.91,777,0.449,197,0.357,566,0.721,389,1188,400,215,143,435,,,,0.453,0.319,0.55,52.7,51.5,,7.6,0.505,17.1,,0.327,1,2,0,0,0
2002,Sweet Sixteen,2,Oklahoma,3,Arizona,0,36,31,0.861,21.02,1011,0.443,236,0.35,549,0.767,543,1439,517,325,134,427,,,,0.314,0.295,0.535,54,51.1,,6.8,0.495,14,,0.241,1,9,2,1,0,34,24,0.706,16.91,935,0.459,258,0.376,665,0.731,430,1286,527,207,103,478,,,,0.446,0.336,0.565,50.4,56.4,,4.6,0.522,16.2,,0.326,1,23,11,5,1
2003,Play-In,16,Texas Southern,16,UNC Asheville,1,31,18,0.581,-9.56,771,0.448,190,0.331,536,0.612,411,1184,442,198,67,472,571,,,0.509,0.334,0.531,52.3,57.3,,3.6,0.503,18.1,,0.311,0,1,0,0,0,32,15,0.469,-13.19,801,0.433,212,0.362,506,0.761,393,1142,430,230,99,514,616,,,0.36,0.317,0.536,49,53.7,,5,0.491,19.2,,0.274,0,1,0,0,0
2003,First Round,1,Texas,16,UNC Asheville,0,33,26,0.788,18.91,916,0.446,196,0.356,590,0.721,531,1386,478,206,121,431,675,,,0.398,0.268,0.536,54.5,52.2,,6.2,0.493,15,,0.287,1,11,3,1,0,32,15,0.469,-13.19,801,0.433,212,0.362,506,0.761,393,1142,430,230,99,514,616,,,0.36,0.317,0.536,49,53.7,,5,0.491,19.2,,0.274,0,1,0,0,0
2003,Second Round,1,Texas,9,Purdue,0,33,26,0.788,18.91,916,0.446,196,0.356,590,0.721,531,1386,478,206,121,431,675,,,0.398,0.268,0.536,54.5,52.2,,6.2,0.493,15,,0.287,1,11,3,1,0,30,19,0.633,15.95,715,0.437,157,0.336,569,0.752,312,1015,360,216,85,413,598,,,0.462,0.285,0.54,49.6,50.3,,7.5,0.484,17.1,,0.347,0,18,5,0,0
2003,First Round,8,LSU,9,Purdue,1,32,21,0.656,16.08,851,0.482,215,0.377,409,0.646,346,1124,515,255,132,446,524,,,0.358,0.323,0.562,51.7,60.5,,7.4,0.542,17.7,,0.231,0,2,1,0,0,30,19,0.633,15.95,715,0.437,157,0.336,569,0.752,312,1015,360,216,85,413,598,,,0.462,0.285,0.54,49.6,50.3,,7.5,0.484,17.1,,0.347,0,18,5,0,0
2003,Sweet Sixteen,1,Texas,5,UConn,0,33,26,0.788,18.91,916,0.446,196,0.356,590,0.721,531,1386,478,206,121,431,675,,,0.398,0.268,0.536,54.5,52.2,,6.2,0.493,15,,0.287,1,11,3,1,0,33,23,0.697,15.84,964,0.469,196,0.386,498,0.677,486,1407,502,192,253,507,604,,,0.358,0.247,0.545,53.4,52.1,,11.7,0.516,17.4,,0.242,1,16,9,1,1
2003,Second Round,4,Stanford,5,UConn,1,33,24,0.727,13.25,851,0.442,231,0.356,458,0.678,449,1279,482,177,117,470,618,,,0.351,0.337,0.532,53.6,56.6,,6.1,0.502,17.3,,0.238,1,11,3,1,0,33,23,0.697,15.84,964,0.469,196,0.386,498,0.677,486,1407,502,192,253,507,604,,,0.358,0.247,0.545,53.4,52.1,,11.7,0.516,17.4,,0.242,1,16,9,1,1
2003,Elite Eight,1,Texas,7,Michigan State,0,33,26,0.788,18.91,916,0.446,196,0.356,590,0.721,531,1386,478,206,121,431,675,,,0.398,0.268,0.536,54.5,52.2,,6.2,0.493,15,,0.287,1,11,3,1,0,35,22,0.629,16.12,812,0.452,179,0.375,564,0.735,373,1226,474,217,121,502,707,,,0.427,0.266,0.548,54.2,58.4,,6.8,0.502,18.9,,0.314,0,6,5,3,1
2003,Sweet Sixteen,6,Maryland,7,Michigan State,1,31,21,0.677,20.56,901,0.464,204,0.39,466,0.713,409,1241,573,322,198,431,588,,,0.337,0.27,0.549,51.8,63.6,,10.6,0.517,16.1,,0.24,1,13,9,2,1,35,22,0.629,16.12,812,0.452,179,0.375,564,0.735,373,1226,474,217,121,502,707,,,0.427,0.266,0.548,54.2,58.4,,6.8,0.502,18.9,,0.314,0,6,5,3,1
2003,Second Round,2,Florida,7,Michigan State,1,33,25,0.758,18.55,883,0.476,287,0.39,431,0.703,352,1149,542,249,131,438,559,,,0.33,0.396,0.578,50.8,61.4,,7,0.553,16.9,,0.232,1,5,2,1,0,35,22,0.629,16.12,812,0.452,179,0.375,564,0.735,373,1226,474,217,121,502,707,,,0.427,0.266,0.548,54.2,58.4,,6.8,0.502,18.9,,0.314,0,6,5,3,1
2003,Final Four,1,Texas,3,Syracuse,1,33,26,0.788,18.91,916,0.446,196,0.356,590,0.721,531,1386,478,206,121,431,675,,,0.398,0.268,0.536,54.5,52.2,,6.2,0.493,15,,0.287,1,11,3,1,0,35,30,0.857,19.02,1020,0.475,186,0.344,559,0.694,478,1425,523,298,247,494,592,,,0.376,0.252,0.551,51.7,51.3,,11,0.519,16.3,,0.26,1,22,12,3,1
2003,Elite Eight,1,Oklahoma,3,Syracuse,1,34,27,0.794,18.86,853,0.446,250,0.392,436,0.693,414,1251,482,237,123,412,619,,,0.329,0.334,0.541,53.3,56.5,,6.8,0.512,15.7,,0.228,1,10,3,1,0,35,30,0.857,19.02,1020,0.475,186,0.344,559,0.694,478,1425,523,298,247,494,592,,,0.376,0.252,0.551,51.7,51.3,,11,0.519,16.3,,0.26,1,22,12,3,1
2003,National Championship,2,Kansas,3,Syracuse,1,38,30,0.789,25,1182,0.494,183,0.335,594,0.656,550,1589,653,373,192,562,633,,,0.379,0.228,0.556,55.2,55.2,,8.2,0.532,16.6,,0.248,1,14,9,4,0,35,30,0.857,19.02,1020,0.475,186,0.344,559,0.694,478,1425,523,298,247,494,592,,,0.376,0.252,0.551,51.7,51.3,,11,0.519,16.3,,0.26,1,22,12,3,1
2003,First Round,5,UConn,12,BYU,0,33,23,0.697,15.84,964,0.469,196,0.386,498,0.677,486,1407,502,192,253,507,604,,,0.358,0.247,0.545,53.4,52.1,,11.7,0.516,17.4,,0.242,1,16,9,1,1,32,23,0.719,13.64,765,0.463,194,0.375,575,0.755,353,1134,428,222,82,436,688,,,0.461,0.313,0.57,53.3,55.9,,5,0.521,17.8,,0.348,0,2,0,0,0
2003,First Round,4,Stanford,13,San Diego,0,33,24,0.727,13.25,851,0.442,231,0.356,458,0.678,449,1279,482,177,117,470,618,,,0.351,0.337,0.532,53.6,56.6,,6.1,0.502,17.3,,0.238,1,11,3,1,0,30,18,0.6,5.47,765,0.47,210,0.379,525,0.665,354,1147,496,162,101,536,602,,,0.485,0.341,0.566,53.5,64.8,,5.6,0.535,21.1,,0.323,0,1,0,0,0
2003,First Round,6,Maryland,11,UNC Wilmington,0,31,21,0.677,20.56,901,0.464,204,0.39,466,0.713,409,1241,573,322,198,431,588,,,0.337,0.27,0.549,51.8,63.6,,10.6,0.517,16.1,,0.24,1,13,9,2,1,31,24,0.774,8.52,801,0.459,216,0.372,396,0.692,309,1022,456,283,58,352,572,,,0.327,0.333,0.548,48.5,56.9,,3.6,0.52,14.8,,0.227,0,1,0,0,0
2003,First Round,3,Xavier,14,Troy,0,32,26,0.813,16.08,850,0.448,206,0.361,576,0.746,460,1259,523,172,96,407,500,,,0.407,0.301,0.548,53.8,61.5,,4.9,0.502,15.2,,0.304,1,3,0,0,0,32,26,0.813,2.86,914,0.432,312,0.341,416,0.686,486,1285,495,309,167,435,531,,,0.286,0.433,0.532,50.9,54.2,,8.6,0.506,15.3,,0.197,0,1,0,0,0
2003,Second Round,3,Xavier,6,Maryland,1,32,26,0.813,16.08,850,0.448,206,0.361,576,0.746,460,1259,523,172,96,407,500,,,0.407,0.301,0.548,53.8,61.5,,4.9,0.502,15.2,,0.304,1,3,0,0,0,31,21,0.677,20.56,901,0.464,204,0.39,466,0.713,409,1241,573,322,198,431,588,,,0.337,0.27,0.549,51.8,63.6,,10.6,0.517,16.1,,0.24,1,13,9,2,1
2003,First Round,7,Michigan State,10,Colorado,0,35,22,0.629,16.12,812,0.452,179,0.375,564,0.735,373,1226,474,217,121,502,707,,,0.427,0.266,0.548,54.2,58.4,,6.8,0.502,18.9,,0.314,0,6,5,3,1,32,20,0.625,12.83,869,0.443,159,0.326,508,0.669,461,1351,424,196,214,447,568,,,0.387,0.248,0.518,53.5,48.8,,10.6,0.484,16.1,,0.259,0,2,0,0,0
2003,First Round,2,Florida,15,Sam Houston State,0,33,25,0.758,18.55,883,0.476,287,0.39,431,0.703,352,1149,542,249,131,438,559,,,0.33,0.396,0.578,50.8,61.4,,7,0.553,16.9,,0.232,1,5,2,1,0,30,23,0.767,-1.65,751,0.459,194,0.358,489,0.705,338,1111,502,252,174,475,578,,,0.424,0.331,0.556,51.3,66.8,,10.1,0.518,19.5,,0.299,0,1,0,0,0
2003,First Round,1,Oklahoma,16,South Carolina State,0,34,27,0.794,18.86,853,0.446,250,0.392,436,0.693,414,1251,482,237,123,412,619,,,0.329,0.334,0.541,53.3,56.5,,6.8,0.512,15.7,,0.228,1,10,3,1,0,31,20,0.645,-9.2,765,0.455,161,0.333,547,0.699,396,1145,316,247,89,602,643,,,0.465,0.288,0.545,51,41.3,,5,0.502,22.7,,0.325,0,5,0,0,0
2003,Second Round,1,Oklahoma,8,California,0,34,27,0.794,18.86,853,0.446,250,0.392,436,0.693,414,1251,482,237,123,412,619,,,0.329,0.334,0.541,53.3,56.5,,6.8,0.512,15.7,,0.228,1,10,3,1,0,31,22,0.71,11.78,847,0.466,198,0.374,409,0.681,350,1095,487,203,87,433,533,,,0.33,0.291,0.547,50.7,57.5,,4.8,0.52,17.1,,0.225,0,7,2,0,0
2003,Sweet Sixteen,1,Oklahoma,12,Butler,0,34,27,0.794,18.86,853,0.446,250,0.392,436,0.693,414,1251,482,237,123,412,619,,,0.329,0.334,0.541,53.3,56.5,,6.8,0.512,15.7,,0.228,1,10,3,1,0,33,27,0.818,9.11,786,0.475,274,0.392,383,0.719,261,923,420,207,59,353,528,,,0.322,0.422,0.584,47.9,53.4,,3.5,0.558,15.6,,0.231,0,1,1,0,0
2003,First Round,5,Mississippi State,12,Butler,1,31,21,0.677,17.65,806,0.469,173,0.341,366,0.674,374,1148,445,268,116,479,490,,,0.316,0.295,0.544,54.5,55.2,,6.9,0.519,19.5,,0.213,1,2,0,0,0,33,27,0.818,9.11,786,0.475,274,0.392,383,0.719,261,923,420,207,59,353,528,,,0.322,0.422,0.584,47.9,53.4,,3.5,0.558,15.6,,0.231,0,1,1,0,0
2003,Second Round,4,Louisville,12,Butler,1,32,25,0.781,19.81,902,0.463,272,0.362,536,0.696,442,1220,529,237,148,426,725,,,0.395,0.386,0.564,51.5,58.6,,8.3,0.532,15.5,,0.275,1,9,6,4,1,33,27,0.818,9.11,786,0.475,274,0.392,383,0.719,261,923,420,207,59,353,528,,,0.322,0.422,0.584,47.9,53.4,,3.5,0.558,15.6,,0.231,0,1,1,0,0
2003,First Round,8,California,9,NC State,0,31,22,0.71,11.78,847,0.466,198,0.374,409,0.681,350,1095,487,203,87,433,533,,,0.33,0.291,0.547,50.7,57.5,,4.8,0.52,17.1,,0.225,0,7,2,0,0,31,18,0.581,11.76,755,0.456,248,0.356,488,0.77,290,989,456,238,100,440,580,,,0.383,0.42,0.574,49.8,60.4,,6,0.531,18.4,,0.295,0,3,0,0,0
2003,First Round,4,Louisville,13,Austin Peay,0,32,25,0.781,19.81,902,0.463,272,0.362,536,0.696,442,1220,529,237,148,426,725,,,0.395,0.386,0.564,51.5,58.6,,8.3,0.532,15.5,,0.275,1,9,6,4,1,31,23,0.742,-0.84,758,0.46,192,0.347,496,0.69,339,1084,424,225,143,476,567,,,0.436,0.336,0.554,50.9,55.9,,8.1,0.518,19.3,,0.301,0,2,0,0,0
2003,First Round,6,Oklahoma State,11,Penn,0,32,22,0.688,14.62,800,0.448,157,0.317,467,0.65,397,1175,408,286,171,474,644,,,0.403,0.278,0.523,50.8,51,,9.6,0.492,18.2,,0.262,0,24,11,2,0,28,22,0.786,8.44,668,0.466,251,0.413,371,0.709,254,926,418,199,59,370,500,,,0.365,0.425,0.583,51.8,62.6,,4.1,0.554,18,,0.259,0,7,0,0,0
2003,First Round,3,Syracuse,14,Manhattan,0,35,30,0.857,19.02,1020,0.475,186,0.344,559,0.694,478,1425,523,298,247,494,592,,,0.376,0.252,0.551,51.7,51.3,,11,0.519,16.3,,0.26,1,22,12,3,1,30,23,0.767,5.78,774,0.447,166,0.346,560,0.788,342,1032,418,275,115,423,650,,,0.411,0.277,0.55,49.1,54,,6.9,0.495,17,,0.324,0,1,0,0,0
2003,Second Round,3,Syracuse,6,Oklahoma State,0,35,30,0.857,19.02,1020,0.475,186,0.344,559,0.694,478,1425,523,298,247,494,592,,,0.376,0.252,0.551,51.7,51.3,,11,0.519,16.3,,0.26,1,22,12,3,1,32,22,0.688,14.62,800,0.448,157,0.317,467,0.65,397,1175,408,286,171,474,644,,,0.403,0.278,0.523,50.8,51,,9.6,0.492,18.2,,0.262,0,24,11,2,0
2003,Sweet Sixteen,3,Syracuse,10,Auburn,0,35,30,0.857,19.02,1020,0.475,186,0.344,559,0.694,478,1425,523,298,247,494,592,,,0.376,0.252,0.551,51.7,51.3,,11,0.519,16.3,,0.26,1,22,12,3,1,34,22,0.647,12.68,879,0.465,198,0.346,452,0.66,417,1200,457,269,176,541,561,,,0.362,0.303,0.543,51.5,52,,9.1,0.517,19.6,,0.239,0,8,3,0,0
2003,First Round,7,St. Joseph's,10,Auburn,1,30,23,0.767,14.61,725,0.443,239,0.363,422,0.686,339,1060,417,217,166,387,563,,,0.376,0.402,0.547,49.9,57.5,,14.6,0.516,16.7,,0.258,0,3,1,0,0,34,22,0.647,12.68,879,0.465,198,0.346,452,0.66,417,1200,457,269,176,541,561,,,0.362,0.303,0.543,51.5,52,,9.1,0.517,19.6,,0.239,0,8,3,0,0
2003,Second Round,2,Wake Forest,10,Auburn,1,31,25,0.806,16.96,805,0.453,191,0.341,611,0.752,459,1292,441,201,143,475,578,,,0.457,0.315,0.557,56.5,54.8,,7.7,0.506,18,,0.344,1,7,0,0,0,34,22,0.647,12.68,879,0.465,198,0.346,452,0.66,417,1200,457,269,176,541,561,,,0.362,0.303,0.543,51.5,52,,9.1,0.517,19.6,,0.239,0,8,3,0,0
2003,First Round,2,Wake Forest,15,ETSU,0,31,25,0.806,16.96,805,0.453,191,0.341,611,0.752,459,1292,441,201,143,475,578,,,0.457,0.315,0.557,56.5,54.8,,7.7,0.506,18,,0.344,1,7,0,0,0,31,20,0.645,-0.9,899,0.465,167,0.352,578,0.731,437,1201,448,354,156,561,590,,,0.409,0.245,0.551,51.7,49.8,,8.1,0.508,19.5,,0.299,0,1,0,0,0
2003,First Round,1,Kentucky,16,IUPUI,0,36,32,0.889,22.47,1026,0.488,208,0.356,522,0.704,460,1324,574,281,176,501,625,,,0.353,0.278,0.567,54.3,55.9,,8.8,0.538,17,,0.248,1,10,8,1,1,34,20,0.588,-2.43,833,0.449,215,0.343,542,0.7,404,1118,457,289,61,547,654,,,0.417,0.337,0.545,50.4,54.9,,3.3,0.507,19.7,,0.292,0,1,0,0,0
2003,Second Round,1,Kentucky,9,Utah,0,36,32,0.889,22.47,1026,0.488,208,0.356,522,0.704,460,1324,574,281,176,501,625,,,0.353,0.278,0.567,54.3,55.9,,8.8,0.538,17,,0.248,1,10,8,1,1,33,25,0.758,11,757,0.451,236,0.381,441,0.711,333,1093,427,163,124,427,658,,,0.369,0.369,0.555,51.9,56.4,,7.6,0.521,17.8,,0.263,0,11,4,1,0
2003,First Round,8,Oregon,9,Utah,1,33,23,0.697,14.05,934,0.458,291,0.386,530,0.774,377,1190,567,263,91,504,692,,,0.336,0.369,0.569,49.4,60.7,,4.5,0.529,17.6,,0.26,0,4,1,0,0,33,25,0.758,11,757,0.451,236,0.381,441,0.711,333,1093,427,163,124,427,658,,,0.369,0.369,0.555,51.9,56.4,,7.6,0.521,17.8,,0.263,0,11,4,1,0
2003,Sweet Sixteen,1,Kentucky,5,Wisconsin,0,36,32,0.889,22.47,1026,0.488,208,0.356,522,0.704,460,1324,574,281,176,501,625,,,0.353,0.278,0.567,54.3,55.9,,8.8,0.538,17,,0.248,1,10,8,1,1,32,24,0.75,17.48,798,0.463,201,0.357,453,0.732,326,1045,423,221,88,334,478,,,0.359,0.327,0.558,51.5,53,,5.3,0.521,14.2,,0.263,1,2,1,0,0
2003,Elite Eight,1,Kentucky,3,Marquette,1,36,32,0.889,22.47,1026,0.488,208,0.356,522,0.704,460,1324,574,281,176,501,625,,,0.353,0.278,0.567,54.3,55.9,,8.8,0.538,17,,0.248,1,10,8,1,1,33,27,0.818,16.28,901,0.482,202,0.398,585,0.771,487,1208,533,198,117,438,622,,,0.406,0.272,0.58,53.1,59.2,,6,0.536,16.4,,0.313,1,2,1,1,0
2003,Sweet Sixteen,2,Pitt,3,Marquette,1,33,28,0.848,21.49,893,0.506,208,0.364,479,0.64,369,1203,589,271,134,484,591,,,0.424,0.324,0.583,55,66,,7.7,0.565,18.6,,0.271,1,3,2,0,0,33,27,0.818,16.28,901,0.482,202,0.398,585,0.771,487,1208,533,198,117,438,622,,,0.406,0.272,0.58,53.1,59.2,,6,0.536,16.4,,0.313,1,2,1,1,0
2003,Final Four,2,Kansas,3,Marquette,0,38,30,0.789,25,1182,0.494,183,0.335,594,0.656,550,1589,653,373,192,562,633,,,0.379,0.228,0.556,55.2,55.2,,8.2,0.532,16.6,,0.248,1,14,9,4,0,33,27,0.818,16.28,901,0.482,202,0.398,585,0.771,487,1208,533,198,117,438,622,,,0.406,0.272,0.58,53.1,59.2,,6,0.536,16.4,,0.313,1,2,1,1,0
2003,First Round,5,Wisconsin,12,Weber State,0,32,24,0.75,17.48,798,0.463,201,0.357,453,0.732,326,1045,423,221,88,334,478,,,0.359,0.327,0.558,51.5,53,,5.3,0.521,14.2,,0.263,1,2,1,0,0,32,26,0.813,4.56,800,0.468,189,0.328,596,0.731,345,1078,455,211,24,403,601,,,0.477,0.337,0.569,51.5,56.9,,1.4,0.523,16.1,,0.349,0,1,0,0,0
2003,Second Round,5,Wisconsin,13,Tulsa,0,32,24,0.75,17.48,798,0.463,201,0.357,453,0.732,326,1045,423,221,88,334,478,,,0.359,0.327,0.558,51.5,53,,5.3,0.521,14.2,,0.263,1,2,1,0,0,33,23,0.697,10.41,877,0.465,217,0.367,452,0.73,365,1221,488,242,159,467,565,,,0.329,0.314,0.556,51.3,55.6,,8.2,0.523,17.7,,0.24,0,2,0,0,0
2003,First Round,4,Dayton,13,Tulsa,1,30,24,0.8,11,738,0.451,227,0.359,479,0.714,403,1091,452,159,88,397,529,,,0.41,0.386,0.558,53.6,61.2,,5.2,0.52,16.9,,0.292,1,3,0,0,0,33,23,0.697,10.41,877,0.465,217,0.367,452,0.73,365,1221,488,242,159,467,565,,,0.329,0.314,0.556,51.3,55.6,,8.2,0.523,17.7,,0.24,0,2,0,0,0
2003,First Round,6,Missouri,11,Southern Illinois,0,33,22,0.667,14.88,870,0.444,252,0.361,397,0.662,437,1301,452,185,144,457,562,,,0.306,0.357,0.532,52.2,52,,7.3,0.508,16.9,,0.203,1,4,1,0,0,31,24,0.774,8.56,847,0.47,191,0.387,422,0.7,336,1028,430,245,96,388,600,,,0.335,0.274,0.553,49.1,50.8,,5.8,0.523,15.7,,0.234,0,2,1,0,0
2003,First Round,3,Marquette,14,Holy Cross,0,33,27,0.818,16.28,901,0.482,202,0.398,585,0.771,487,1208,533,198,117,438,622,,,0.406,0.272,0.58,53.1,59.2,,6,0.536,16.4,,0.313,1,2,1,1,0,31,26,0.839,5.26,759,0.462,170,0.362,492,0.708,377,1131,489,246,138,426,577,,,0.423,0.285,0.552,56,64.4,,8.7,0.514,17.8,,0.299,0,5,1,0,0
2003,Second Round,3,Marquette,6,Missouri,1,33,27,0.818,16.28,901,0.482,202,0.398,585,0.771,487,1208,533,198,117,438,622,,,0.406,0.272,0.58,53.1,59.2,,6,0.536,16.4,,0.313,1,2,1,1,0,33,22,0.667,14.88,870,0.444,252,0.361,397,0.662,437,1301,452,185,144,457,562,,,0.306,0.357,0.532,52.2,52,,7.3,0.508,16.9,,0.203,1,4,1,0,0
2003,First Round,7,Indiana,10,Alabama,0,34,21,0.618,12.63,788,0.426,254,0.349,546,0.718,387,1234,470,146,175,392,613,,,0.411,0.393,0.537,50.3,59.6,,8.8,0.494,15.1,,0.295,0,3,1,1,0,29,17,0.586,13.36,695,0.42,183,0.322,429,0.713,389,1079,352,187,112,380,527,,,0.364,0.344,0.516,52.6,50.6,,7,0.476,16.4,,0.26,0,4,0,0,0
2003,First Round,2,Pitt,15,Wagner,0,33,28,0.848,21.49,893,0.506,208,0.364,479,0.64,369,1203,589,271,134,484,591,,,0.424,0.324,0.583,55,66,,7.7,0.565,18.6,,0.271,1,3,2,0,0,32,21,0.656,-3.32,865,0.47,225,0.382,448,0.727,381,1098,514,239,89,482,566,,,0.335,0.32,0.563,51.5,59.4,,4.9,0.531,18.4,,0.243,0,1,0,0,0
2003,Second Round,2,Pitt,7,Indiana,0,33,28,0.848,21.49,893,0.506,208,0.364,479,0.64,369,1203,589,271,134,484,591,,,0.424,0.324,0.583,55,66,,7.7,0.565,18.6,,0.271,1,3,2,0,0,34,21,0.618,12.63,788,0.426,254,0.349,546,0.718,387,1234,470,146,175,392,613,,,0.411,0.393,0.537,50.3,59.6,,8.8,0.494,15.1,,0.295,0,3,1,1,0
2003,First Round,1,Arizona,16,Vermont,0,32,28,0.875,23.42,973,0.461,228,0.353,551,0.709,479,1374,569,274,136,468,559,,,0.368,0.306,0.549,54,58.5,,6.5,0.515,15.9,,0.261,1,24,12,5,1,33,21,0.636,-1.32,835,0.447,179,0.344,426,0.666,425,1295,477,230,102,479,520,,,0.342,0.278,0.523,55.2,57.1,,5.5,0.494,18.1,,0.228,0,1,0,0,0
2003,Second Round,1,Arizona,9,Gonzaga,0,32,28,0.875,23.42,973,0.461,228,0.353,551,0.709,479,1374,569,274,136,468,559,,,0.368,0.306,0.549,54,58.5,,6.5,0.515,15.9,,0.261,1,24,12,5,1,33,24,0.727,12.26,862,0.468,239,0.376,595,0.724,394,1234,520,218,116,474,619,,,0.446,0.345,0.573,54.1,60.3,,6.2,0.533,17.5,,0.323,0,4,2,0,0
2003,First Round,8,Cincinnati,9,Gonzaga,1,29,17,0.586,12.9,667,0.404,197,0.344,423,0.69,366,1030,357,152,125,307,556,,,0.371,0.347,0.503,50.2,53.5,,8.1,0.463,13.6,,0.256,0,13,4,1,0,33,24,0.727,12.26,862,0.468,239,0.376,595,0.724,394,1234,520,218,116,474,619,,,0.446,0.345,0.573,54.1,60.3,,6.2,0.533,17.5,,0.323,0,4,2,0,0
2003,Sweet Sixteen,1,Arizona,5,Notre Dame,0,32,28,0.875,23.42,973,0.461,228,0.353,551,0.709,479,1374,569,274,136,468,559,,,0.368,0.306,0.549,54,58.5,,6.5,0.515,15.9,,0.261,1,24,12,5,1,34,24,0.706,17.32,917,0.446,283,0.385,575,0.761,378,1303,558,248,189,446,551,,,0.368,0.358,0.558,49.8,60.9,,8.5,0.515,15.6,,0.28,1,5,1,0,0
2003,Second Round,4,Illinois,5,Notre Dame,1,32,25,0.781,19.83,859,0.479,233,0.366,437,0.725,305,1133,575,227,100,418,598,,,0.336,0.355,0.574,52.1,66.9,,5.7,0.544,16.7,,0.244,1,5,3,0,0,34,24,0.706,17.32,917,0.446,283,0.385,575,0.761,378,1303,558,248,189,446,551,,,0.368,0.358,0.558,49.8,60.9,,8.5,0.515,15.6,,0.28,1,5,1,0,0
2003,Elite Eight,1,Arizona,2,Kansas,1,32,28,0.875,23.42,973,0.461,228,0.353,551,0.709,479,1374,569,274,136,468,559,,,0.368,0.306,0.549,54,58.5,,6.5,0.515,15.9,,0.261,1,24,12,5,1,38,30,0.789,25,1182,0.494,183,0.335,594,0.656,550,1589,653,373,192,562,633,,,0.379,0.228,0.556,55.2,55.2,,8.2,0.532,16.6,,0.248,1,14,9,4,0
2003,First Round,5,Notre Dame,12,Milwaukee,0,34,24,0.706,17.32,917,0.446,283,0.385,575,0.761,378,1303,558,248,189,446,551,,,0.368,0.358,0.558,49.8,60.9,,8.5,0.515,15.6,,0.28,1,5,1,0,0,32,24,0.75,7.71,874,0.471,246,0.354,472,0.693,370,1101,542,283,114,475,649,,,0.367,0.375,0.566,50.1,62,,6.5,0.537,17.9,,0.254,0,1,0,0,0
2003,First Round,4,Illinois,13,Western Kentucky,0,32,25,0.781,19.83,859,0.479,233,0.366,437,0.725,305,1133,575,227,100,418,598,,,0.336,0.355,0.574,52.1,66.9,,5.7,0.544,16.7,,0.244,1,5,3,0,0,33,24,0.727,7.71,860,0.461,253,0.364,457,0.66,411,1186,473,234,120,497,608,,,0.371,0.372,0.554,52.1,55,,6.5,0.529,18.5,,0.245,0,3,0,0,0
2003,First Round,6,Creighton,11,Central Michigan,1,34,29,0.853,15.32,974,0.498,270,0.39,470,0.693,373,1155,575,283,153,461,591,,,0.347,0.354,0.59,51.2,59,,8.1,0.567,16.8,,0.24,1,6,0,0,0,32,25,0.781,6.72,864,0.504,224,0.39,601,0.762,347,1079,504,237,120,577,658,,,0.46,0.335,0.611,52.1,58.3,,6.5,0.569,21.6,,0.351,0,1,0,0,0
2003,Second Round,3,Duke,11,Central Michigan,0,33,26,0.788,19.86,897,0.453,244,0.363,639,0.712,431,1206,444,286,178,462,698,,,0.453,0.339,0.556,51,49.5,,9.4,0.514,16.1,,0.323,1,19,14,9,3,32,25,0.781,6.72,864,0.504,224,0.39,601,0.762,347,1079,504,237,120,577,658,,,0.46,0.335,0.611,52.1,58.3,,6.5,0.569,21.6,,0.351,0,1,0,0,0
2003,First Round,3,Duke,14,Colorado State,0,33,26,0.788,19.86,897,0.453,244,0.363,639,0.712,431,1206,444,286,178,462,698,,,0.453,0.339,0.556,51,49.5,,9.4,0.514,16.1,,0.323,1,19,14,9,3,33,19,0.576,5.38,876,0.505,137,0.361,561,0.697,374,1175,514,179,149,553,682,,,0.465,0.219,0.579,53.3,58.7,,7.8,0.545,20.7,,0.324,0,1,0,0,0
2003,First Round,7,Memphis,10,Arizona State,1,30,23,0.767,13.23,787,0.435,210,0.344,448,0.654,448,1203,493,216,152,412,563,,,0.379,0.337,0.523,52.7,62.6,,8.7,0.493,16.2,,0.248,1,6,3,1,0,32,20,0.625,15.02,886,0.482,131,0.324,561,0.674,434,1162,506,173,139,437,626,,,0.453,0.22,0.552,53,57.1,,7.7,0.518,16.4,,0.305,0,3,0,0,0
2003,Second Round,2,Kansas,10,Arizona State,1,38,30,0.789,25,1182,0.494,183,0.335,594,0.656,550,1589,653,373,192,562,633,,,0.379,0.228,0.556,55.2,55.2,,8.2,0.532,16.6,,0.248,1,14,9,4,0,32,20,0.625,15.02,886,0.482,131,0.324,561,0.674,434,1162,506,173,139,437,626,,,0.453,0.22,0.552,53,57.1,,7.7,0.518,16.4,,0.305,0,3,0,0,0
2003,First Round,2,Kansas,15,Utah State,0,38,30,0.789,25,1182,0.494,183,0.335,594,0.656,550,1589,653,373,192,562,633,,,0.379,0.228,0.556,55.2,55.2,,8.2,0.532,16.6,,0.248,1,14,9,4,0,33,24,0.727,4.16,799,0.463,134,0.294,465,0.714,414,1154,471,168,69,406,528,,,0.377,0.264,0.539,55.6,58.9,,4.1,0.501,16.6,,0.269,0,4,0,0,0
2003,Sweet Sixteen,2,Kansas,3,Duke,0,38,30,0.789,25,1182,0.494,183,0.335,594,0.656,550,1589,653,373,192,562,633,,,0.379,0.228,0.556,55.2,55.2,,8.2,0.532,16.6,,0.248,1,14,9,4,0,33,26,0.788,19.86,897,0.453,244,0.363,639,0.712,431,1206,444,286,178,462,698,,,0.453,0.339,0.556,51,49.5,,9.4,0.514,16.1,,0.323,1,19,14,9,3
2004,Play-In,16,Lehigh,16,Florida A&M,1,31,20,0.645,-7.3,729,0.424,198,0.346,426,0.716,357,1132,412,229,108,450,577,,,0.346,0.334,0.52,51.5,56.5,,6.4,0.482,18.4,,0.248,0,1,0,0,0,32,15,0.469,-9.85,747,0.415,271,0.347,546,0.708,,1089,405,271,51,537,693,,,0.428,0.434,0.533,47.5,54.2,,2.9,0.49,19.9,,0.303,0,1,0,0,0
2004,First Round,1,Kentucky,16,Florida A&M,0,32,27,0.844,18.83,862,0.472,204,0.357,437,0.697,371,1160,504,249,110,468,584,,,0.343,0.313,0.556,53.6,58.5,,6.3,0.527,18,,0.239,1,11,8,1,1,32,15,0.469,-9.85,747,0.415,271,0.347,546,0.708,,1089,405,271,51,537,693,,,0.428,0.434,0.533,47.5,54.2,,2.9,0.49,19.9,,0.303,0,1,0,0,0
2004,Second Round,1,Kentucky,9,UAB,1,32,27,0.844,18.83,862,0.472,204,0.357,437,0.697,371,1160,504,249,110,468,584,,,0.343,0.313,0.556,53.6,58.5,,6.3,0.527,18,,0.239,1,11,8,1,1,32,22,0.688,11.75,882,0.44,213,0.33,437,0.666,401,1119,564,371,115,431,681,,,0.327,0.322,0.521,46.6,63.9,,6.5,0.493,15.7,,0.218,0,1,1,0,0
2004,First Round,8,Washington,9,UAB,1,31,19,0.613,9.46,890,0.466,201,0.353,562,0.713,382,1103,501,226,91,472,667,,,0.412,0.298,0.556,49.9,56.3,,4.9,0.518,17.1,,0.294,0,2,0,0,0,32,22,0.688,11.75,882,0.44,213,0.33,437,0.666,401,1119,564,371,115,431,681,,,0.327,0.322,0.521,46.6,63.9,,6.5,0.493,15.7,,0.218,0,1,1,0,0
2004,Sweet Sixteen,4,Kansas,9,UAB,1,33,24,0.727,17.1,895,0.465,188,0.335,525,0.707,409,1303,572,232,165,485,661,,,0.386,0.292,0.55,52.8,63.9,,8.4,0.514,17.6,,0.273,1,6,4,0,0,32,22,0.688,11.75,882,0.44,213,0.33,437,0.666,401,1119,564,371,115,431,681,,,0.327,0.322,0.521,46.6,63.9,,6.5,0.493,15.7,,0.218,0,1,1,0,0
2004,First Round,5,Providence,12,Pacific,1,29,20,0.69,14.87,717,0.45,228,0.362,398,0.72,342,976,455,264,143,433,469,,,0.347,0.395,0.555,50.5,63.5,,8.8,0.522,18.9,,0.25,1,3,0,0,0,33,25,0.758,5.76,764,0.468,195,0.357,549,0.736,304,1101,478,194,103,471,561,,,0.457,0.334,0.572,50.5,62.6,,5.5,0.528,19.2,,0.336,0,2,0,0,0
2004,Second Round,4,Kansas,12,Pacific,0,33,24,0.727,17.1,895,0.465,188,0.335,525,0.707,409,1303,572,232,165,485,661,,,0.386,0.292,0.55,52.8,63.9,,8.4,0.514,17.6,,0.273,1,6,4,0,0,33,25,0.758,5.76,764,0.468,195,0.357,549,0.736,304,1101,478,194,103,471,561,,,0.457,0.334,0.572,50.5,62.6,,5.5,0.528,19.2,,0.336,0,2,0,0,0
2004,First Round,4,Kansas,13,UIC,0,33,24,0.727,17.1,895,0.465,188,0.335,525,0.707,409,1303,572,232,165,485,661,,,0.386,0.292,0.55,52.8,63.9,,8.4,0.514,17.6,,0.273,1,6,4,0,0,32,24,0.75,6,810,0.451,158,0.385,445,0.636,423,1126,468,247,85,405,572,,,0.39,0.228,0.522,52.2,57.8,,7.7,0.495,16,,0.248,0,3,0,0,0
2004,First Round,6,Boston College,11,Utah,0,34,24,0.706,11.99,819,0.455,128,0.326,546,0.679,425,1224,543,241,102,457,537,,,0.447,0.218,0.53,52.2,66.3,,5.2,0.491,17.3,,0.304,1,5,0,0,0,33,24,0.727,11.37,768,0.471,196,0.387,402,0.723,355,1140,426,146,111,463,566,,,0.341,0.31,0.563,56,55.5,,6.7,0.531,19.6,,0.247,0,1,0,0,0
2004,First Round,3,Georgia Tech,14,Northern Iowa,0,38,28,0.737,20.66,1029,0.465,267,0.366,586,0.692,429,1422,579,338,172,578,795,,,0.383,0.329,0.557,50.1,56.3,,7.7,0.525,18.1,,0.265,1,3,1,1,0,31,21,0.677,6.87,723,0.44,223,0.354,478,0.738,268,1068,410,165,63,388,517,,,0.394,0.383,0.55,49.9,56.7,,3.6,0.508,16.6,,0.291,0,1,0,0,0
2004,Second Round,3,Georgia Tech,6,Boston College,0,38,28,0.737,20.66,1029,0.465,267,0.366,586,0.692,429,1422,579,338,172,578,795,,,0.383,0.329,0.557,50.1,56.3,,7.7,0.525,18.1,,0.265,1,3,1,1,0,34,24,0.706,11.99,819,0.455,128,0.326,546,0.679,425,1224,543,241,102,457,537,,,0.447,0.218,0.53,52.2,66.3,,5.2,0.491,17.3,,0.304,1,5,0,0,0
2004,Sweet Sixteen,3,Georgia Tech,10,Nevada,0,38,28,0.737,20.66,1029,0.465,267,0.366,586,0.692,429,1422,579,338,172,578,795,,,0.383,0.329,0.557,50.1,56.3,,7.7,0.525,18.1,,0.265,1,3,1,1,0,34,25,0.735,14.91,901,0.453,172,0.343,605,0.729,449,1322,478,218,154,445,624,,,0.417,0.252,0.541,53.9,53.1,,7.8,0.496,15.7,,0.304,0,1,1,0,0
2004,First Round,7,Michigan State,10,Nevada,1,30,18,0.6,12.15,748,0.492,190,0.401,452,0.771,270,910,441,214,54,438,630,,,0.386,0.312,0.595,51.4,59,,3.6,0.555,19.6,,0.298,0,7,5,3,1,34,25,0.735,14.91,901,0.453,172,0.343,605,0.729,449,1322,478,218,154,445,624,,,0.417,0.252,0.541,53.9,53.1,,7.8,0.496,15.7,,0.304,0,1,1,0,0
2004,Second Round,2,Gonzaga,10,Nevada,1,31,28,0.903,18.94,899,0.509,195,0.397,543,0.75,348,1230,556,192,116,418,500,,,0.41,0.278,0.601,55.8,61.8,,6.1,0.565,16.5,,0.308,1,5,2,0,0,34,25,0.735,14.91,901,0.453,172,0.343,605,0.729,449,1322,478,218,154,445,624,,,0.417,0.252,0.541,53.9,53.1,,7.8,0.496,15.7,,0.304,0,1,1,0,0
2004,Elite Eight,3,Georgia Tech,4,Kansas,0,38,28,0.737,20.66,1029,0.465,267,0.366,586,0.692,429,1422,579,338,172,578,795,,,0.383,0.329,0.557,50.1,56.3,,7.7,0.525,18.1,,0.265,1,3,1,1,0,33,24,0.727,17.1,895,0.465,188,0.335,525,0.707,409,1303,572,232,165,485,661,,,0.386,0.292,0.55,52.8,63.9,,8.4,0.514,17.6,,0.273,1,6,4,0,0
2004,First Round,2,Gonzaga,15,Valparaiso,0,31,28,0.903,18.94,899,0.509,195,0.397,543,0.75,348,1230,556,192,116,418,500,,,0.41,0.278,0.601,55.8,61.8,,6.1,0.565,16.5,,0.308,1,5,2,0,0,31,18,0.581,-0.09,765,0.44,165,0.308,522,0.705,368,1183,474,210,97,500,692,,,0.425,0.307,0.53,51.6,62,,5.4,0.487,19.3,,0.3,0,7,1,0,0
2004,First Round,1,Duke,16,Alabama State,0,37,31,0.838,25.67,1018,0.471,263,0.364,655,0.736,474,1351,536,340,240,511,699,,,0.412,0.334,0.572,51.6,52.7,,11.1,0.532,16.5,,0.303,1,20,15,10,3,31,16,0.516,-11.1,639,0.42,173,0.335,453,0.656,360,1066,315,219,95,537,581,,,0.454,0.339,0.514,51.9,49.3,,5.8,0.476,22.5,,0.297,0,2,0,0,0
2004,Second Round,1,Duke,8,Seton Hall,0,37,31,0.838,25.67,1018,0.471,263,0.364,655,0.736,474,1351,536,340,240,511,699,,,0.412,0.334,0.572,51.6,52.7,,11.1,0.532,16.5,,0.303,1,20,15,10,3,31,21,0.677,14.28,806,0.458,181,0.347,435,0.714,359,1134,406,207,95,403,573,,,0.346,0.296,0.544,51.7,50.4,,5.3,0.51,16.4,,0.247,0,1,0,0,0
2004,Sweet Sixteen,1,Duke,5,Illinois,0,37,31,0.838,25.67,1018,0.471,263,0.364,655,0.736,474,1351,536,340,240,511,699,,,0.412,0.334,0.572,51.6,52.7,,11.1,0.532,16.5,,0.303,1,20,15,10,3,33,26,0.788,16.93,887,0.467,231,0.349,397,0.695,381,1151,565,224,122,401,618,,,0.301,0.349,0.553,52,63.7,,7,0.528,15.6,,0.209,1,3,2,0,0
2004,Second Round,4,Cincinnati,5,Illinois,1,32,25,0.781,18.75,867,0.458,237,0.387,484,0.669,420,1197,517,241,168,393,620,,,0.382,0.323,0.549,52.9,59.6,,9.8,0.521,14.9,,0.256,1,14,4,1,0,33,26,0.788,16.93,887,0.467,231,0.349,397,0.695,381,1151,565,224,122,401,618,,,0.301,0.349,0.553,52,63.7,,7,0.528,15.6,,0.209,1,3,2,0,0
2004,Elite Eight,1,Duke,7,Xavier,0,37,31,0.838,25.67,1018,0.471,263,0.364,655,0.736,474,1351,536,340,240,511,699,,,0.412,0.334,0.572,51.6,52.7,,11.1,0.532,16.5,,0.303,1,20,15,10,3,37,26,0.703,13.84,908,0.441,284,0.376,535,0.689,439,1327,494,252,87,459,619,,,0.378,0.367,0.543,51.6,54.4,,4.2,0.51,15.9,,0.26,0,4,1,0,0
2004,Sweet Sixteen,3,Texas,7,Xavier,1,33,25,0.758,18.52,904,0.442,227,0.372,494,0.68,517,1355,447,219,125,388,645,,,0.355,0.298,0.529,54.5,49.4,,6.7,0.497,14,,0.241,1,12,4,1,0,37,26,0.703,13.84,908,0.441,284,0.376,535,0.689,439,1327,494,252,87,459,619,,,0.378,0.367,0.543,51.6,54.4,,4.2,0.51,15.9,,0.26,0,4,1,0,0
2004,Second Round,2,Mississippi State,7,Xavier,1,30,26,0.867,16.78,822,0.465,198,0.354,476,0.664,444,1231,416,280,132,458,489,,,0.406,0.317,0.55,55.4,50.6,,7.5,0.522,17.9,,0.27,1,3,0,0,0,37,26,0.703,13.84,908,0.441,284,0.376,535,0.689,439,1327,494,252,87,459,619,,,0.378,0.367,0.543,51.6,54.4,,4.2,0.51,15.9,,0.26,0,4,1,0,0
2004,Final Four,1,Duke,2,UConn,1,37,31,0.838,25.67,1018,0.471,263,0.364,655,0.736,474,1351,536,340,240,511,699,,,0.412,0.334,0.572,51.6,52.7,,11.1,0.532,16.5,,0.303,1,20,15,10,3,39,33,0.846,22.64,1154,0.48,249,0.402,516,0.623,586,1742,681,233,315,532,624,,,0.345,0.258,0.549,56.1,59,,12.6,0.532,16,,0.215,1,17,10,2,2
2004,First Round,8,Seton Hall,9,Arizona,0,31,21,0.677,14.28,806,0.458,181,0.347,435,0.714,359,1134,406,207,95,403,573,,,0.346,0.296,0.544,51.7,50.4,,5.3,0.51,16.4,,0.247,0,1,0,0,0,30,20,0.667,15.29,942,0.486,219,0.386,511,0.786,421,1177,560,206,135,448,483,,,0.335,0.293,0.582,52.7,59.4,,6.9,0.543,16.6,,0.264,1,25,12,5,1
2004,First Round,5,Illinois,12,Murray State,0,33,26,0.788,16.93,887,0.467,231,0.349,397,0.695,381,1151,565,224,122,401,618,,,0.301,0.349,0.553,52,63.7,,7,0.528,15.6,,0.209,1,3,2,0,0,34,28,0.824,7.22,994,0.495,224,0.34,518,0.71,416,1261,636,271,146,476,615,,,0.363,0.328,0.579,53.2,64,,7.4,0.551,16.8,,0.258,0,1,0,0,0
2004,First Round,4,Cincinnati,13,ETSU,0,32,25,0.781,18.75,867,0.458,237,0.387,484,0.669,420,1197,517,241,168,393,620,,,0.382,0.323,0.549,52.9,59.6,,9.8,0.521,14.9,,0.256,1,14,4,1,0,33,27,0.818,4.19,946,0.459,201,0.347,525,0.689,411,1269,505,382,192,514,557,,,0.37,0.282,0.541,50,53.4,,9.3,0.508,17.5,,0.255,0,2,0,0,0
2004,First Round,6,UNC,11,Air Force,0,30,19,0.633,19.4,877,0.459,195,0.352,515,0.688,460,1189,538,287,120,462,556,,,0.392,0.29,0.543,52.8,61.3,,6.7,0.51,16.9,,0.269,1,15,9,4,0,29,22,0.759,9.12,585,0.481,245,0.379,322,0.711,174,623,386,225,68,318,481,,,0.373,0.532,0.607,43.4,66,,5.7,0.582,18.2,,0.265,0,1,0,0,0
2004,First Round,3,Texas,14,Princeton,0,33,25,0.758,18.52,904,0.442,227,0.372,494,0.68,517,1355,447,219,125,388,645,,,0.355,0.298,0.529,54.5,49.4,,6.7,0.497,14,,0.241,1,12,4,1,0,28,20,0.714,1.54,634,0.481,169,0.338,323,0.711,241,856,376,192,90,372,507,,,0.344,0.379,0.573,52.4,59.3,,6.8,0.545,19.5,,0.245,0,2,0,0,0
2004,Second Round,3,Texas,6,UNC,0,33,25,0.758,18.52,904,0.442,227,0.372,494,0.68,517,1355,447,219,125,388,645,,,0.355,0.298,0.529,54.5,49.4,,6.7,0.497,14,,0.241,1,12,4,1,0,30,19,0.633,19.4,877,0.459,195,0.352,515,0.688,460,1189,538,287,120,462,556,,,0.392,0.29,0.543,52.8,61.3,,6.7,0.51,16.9,,0.269,1,15,9,4,0
2004,First Round,7,Xavier,10,Louisville,0,37,26,0.703,13.84,908,0.441,284,0.376,535,0.689,439,1327,494,252,87,459,619,,,0.378,0.367,0.543,51.6,54.4,,4.2,0.51,15.9,,0.26,0,4,1,0,0,30,20,0.667,18.6,737,0.419,241,0.338,480,0.749,351,1126,460,249,151,413,616,,,0.365,0.406,0.532,50.2,62.4,,9,0.488,16.7,,0.273,0,10,6,4,1
2004,First Round,2,Mississippi State,15,Monmouth,0,30,26,0.867,16.78,822,0.465,198,0.354,476,0.664,444,1231,416,280,132,458,489,,,0.406,0.317,0.55,55.4,50.6,,7.5,0.522,17.9,,0.27,1,3,0,0,0,33,21,0.636,-4.84,752,0.417,236,0.35,513,0.74,303,1088,454,252,84,446,579,,,0.385,0.375,0.529,47.2,60.4,,4.5,0.483,17.3,,0.285,0,2,0,0,0
2004,First Round,1,St. Joseph's,16,Liberty,0,32,30,0.938,20.03,866,0.475,313,0.404,431,0.702,308,1043,520,285,111,370,546,,,0.337,0.425,0.586,47.3,60,,6.2,0.561,14.9,,0.237,1,4,2,0,0,33,18,0.545,-3.12,819,0.428,206,0.307,440,0.676,441,1235,461,292,104,528,644,,,0.34,0.35,0.514,51.5,56.3,,5.5,0.482,19.2,,0.23,0,1,0,0,0
2004,Second Round,1,St. Joseph's,8,Texas Tech,0,32,30,0.938,20.03,866,0.475,313,0.404,431,0.702,308,1043,520,285,111,370,546,,,0.337,0.425,0.586,47.3,60,,6.2,0.561,14.9,,0.237,1,4,2,0,0,34,23,0.676,14.71,922,0.464,125,0.337,521,0.741,385,1153,505,278,117,424,562,,,0.354,0.187,0.537,48.7,54.8,,6.1,0.496,15.5,,0.262,0,26,14,5,3
2004,Sweet Sixteen,1,St. Joseph's,4,Wake Forest,0,32,30,0.938,20.03,866,0.475,313,0.404,431,0.702,308,1043,520,285,111,370,546,,,0.337,0.425,0.586,47.3,60,,6.2,0.561,14.9,,0.237,1,4,2,0,0,31,21,0.677,18.45,882,0.476,236,0.386,590,0.712,417,1148,487,277,95,457,641,,,0.447,0.33,0.576,52.2,55.2,,5.2,0.539,16.9,,0.318,1,8,1,0,0
2004,Elite Eight,1,St. Joseph's,2,Oklahoma State,1,32,30,0.938,20.03,866,0.475,313,0.404,431,0.702,308,1043,520,285,111,370,546,,,0.337,0.425,0.586,47.3,60,,6.2,0.561,14.9,,0.237,1,4,2,0,0,35,31,0.886,20.85,1002,0.513,166,0.376,528,0.695,393,1253,561,271,128,468,655,,,0.389,0.226,0.583,53.9,56,,6.7,0.556,16.8,,0.27,1,25,12,3,0
2004,First Round,8,Texas Tech,9,Charlotte,0,34,23,0.676,14.71,922,0.464,125,0.337,521,0.741,385,1153,505,278,117,424,562,,,0.354,0.187,0.537,48.7,54.8,,6.1,0.496,15.5,,0.262,0,26,14,5,3,30,21,0.7,12.24,812,0.45,232,0.34,518,0.649,441,1220,484,264,90,458,570,,,0.442,0.378,0.543,53,59.6,,7.5,0.514,17.3,,0.287,0,4,0,0,0
2004,First Round,5,Florida,12,Manhattan,1,31,20,0.645,16.28,829,0.482,249,0.377,462,0.75,306,1081,492,200,98,454,586,,,0.358,0.385,0.589,50.6,59.3,,5.5,0.555,18.4,,0.269,0,6,2,1,0,31,25,0.806,9.3,762,0.442,180,0.368,607,0.761,374,1079,338,287,128,395,636,,,0.463,0.284,0.549,50.9,44.4,,7.8,0.494,15.8,,0.352,0,2,0,0,0
2004,Second Round,4,Wake Forest,12,Manhattan,0,31,21,0.677,18.45,882,0.476,236,0.386,590,0.712,417,1148,487,277,95,457,641,,,0.447,0.33,0.576,52.2,55.2,,5.2,0.539,16.9,,0.318,1,8,1,0,0,31,25,0.806,9.3,762,0.442,180,0.368,607,0.761,374,1079,338,287,128,395,636,,,0.463,0.284,0.549,50.9,44.4,,7.8,0.494,15.8,,0.352,0,2,0,0,0
2004,First Round,4,Wake Forest,13,VCU,0,31,21,0.677,18.45,882,0.476,236,0.386,590,0.712,417,1148,487,277,95,457,641,,,0.447,0.33,0.576,52.2,55.2,,5.2,0.539,16.9,,0.318,1,8,1,0,0,31,23,0.742,6.8,811,0.475,208,0.392,372,0.606,377,1159,407,209,120,510,549,,,0.36,0.31,0.551,53.2,50.2,,6.8,0.536,20.3,,0.218,0,1,0,0,0
2004,First Round,6,Wisconsin,11,Richmond,0,32,25,0.781,18.96,754,0.447,190,0.337,492,0.719,347,1049,425,220,90,320,493,,,0.405,0.334,0.544,52,56.4,,5.6,0.503,13.7,,0.292,1,3,1,0,0,33,20,0.606,10.07,737,0.411,188,0.31,467,0.721,403,1164,406,235,143,432,617,,,0.361,0.339,0.507,50,55.1,,8.3,0.463,17.1,,0.26,0,3,0,0,0
2004,First Round,3,Pitt,14,UCF,0,36,31,0.861,18.2,904,0.471,150,0.306,488,0.652,466,1320,523,215,169,455,532,,,0.389,0.255,0.537,53.9,57.9,,8.5,0.51,16.7,,0.254,1,1,1,0,0,31,25,0.806,1.86,792,0.457,232,0.353,365,0.716,382,1129,520,279,141,473,574,,,0.294,0.38,0.552,53.3,65.7,,8.6,0.524,19.3,,0.211,0,3,0,0,0
2004,Second Round,3,Pitt,6,Wisconsin,0,36,31,0.861,18.2,904,0.471,150,0.306,488,0.652,466,1320,523,215,169,455,532,,,0.389,0.255,0.537,53.9,57.9,,8.5,0.51,16.7,,0.254,1,1,1,0,0,32,25,0.781,18.96,754,0.447,190,0.337,492,0.719,347,1049,425,220,90,320,493,,,0.405,0.334,0.544,52,56.4,,5.6,0.503,13.7,,0.292,1,3,1,0,0
2004,First Round,7,Memphis,10,South Carolina,0,30,22,0.733,13.06,736,0.42,259,0.359,441,0.657,402,1139,425,218,150,383,543,,,0.383,0.412,0.525,52.3,57.7,,9.1,0.494,15.6,,0.252,1,7,3,1,0,34,23,0.676,12.77,846,0.434,226,0.327,465,0.674,423,1224,499,300,178,448,609,,,0.354,0.355,0.524,49.3,59,,9.3,0.492,16.4,,0.239,1,9,3,0,0
2004,First Round,2,Oklahoma State,15,Eastern Washington,0,35,31,0.886,20.85,1002,0.513,166,0.376,528,0.695,393,1253,561,271,128,468,655,,,0.389,0.226,0.583,53.9,56,,6.7,0.556,16.8,,0.27,1,25,12,3,0,30,17,0.567,0.83,747,0.475,179,0.367,429,0.706,279,918,480,192,49,453,605,,,0.386,0.31,0.564,49.6,64.3,,3.1,0.531,19.6,,0.273,0,1,0,0,0
2004,Second Round,2,Oklahoma State,7,Memphis,0,35,31,0.886,20.85,1002,0.513,166,0.376,528,0.695,393,1253,561,271,128,468,655,,,0.389,0.226,0.583,53.9,56,,6.7,0.556,16.8,,0.27,1,25,12,3,0,30,22,0.733,13.06,736,0.42,259,0.359,441,0.657,402,1139,425,218,150,383,543,,,0.383,0.412,0.525,52.3,57.7,,9.1,0.494,15.6,,0.252,1,7,3,1,0
2004,Sweet Sixteen,2,Oklahoma State,3,Pitt,0,35,31,0.886,20.85,1002,0.513,166,0.376,528,0.695,393,1253,561,271,128,468,655,,,0.389,0.226,0.583,53.9,56,,6.7,0.556,16.8,,0.27,1,25,12,3,0,36,31,0.861,18.2,904,0.471,150,0.306,488,0.652,466,1320,523,215,169,455,532,,,0.389,0.255,0.537,53.9,57.9,,8.5,0.51,16.7,,0.254,1,1,1,0,0
2004,Final Four,2,Oklahoma State,3,Georgia Tech,1,35,31,0.886,20.85,1002,0.513,166,0.376,528,0.695,393,1253,561,271,128,468,655,,,0.389,0.226,0.583,53.9,56,,6.7,0.556,16.8,,0.27,1,25,12,3,0,38,28,0.737,20.66,1029,0.465,267,0.366,586,0.692,429,1422,579,338,172,578,795,,,0.383,0.329,0.557,50.1,56.3,,7.7,0.525,18.1,,0.265,1,3,1,1,0
2004,National Championship,2,UConn,3,Georgia Tech,0,39,33,0.846,22.64,1154,0.48,249,0.402,516,0.623,586,1742,681,233,315,532,624,,,0.345,0.258,0.549,56.1,59,,12.6,0.532,16,,0.215,1,17,10,2,2,38,28,0.737,20.66,1029,0.465,267,0.366,586,0.692,429,1422,579,338,172,578,795,,,0.383,0.329,0.557,50.1,56.3,,7.7,0.525,18.1,,0.265,1,3,1,1,0
2004,First Round,1,Stanford,16,UTSA,0,32,30,0.938,17.46,849,0.479,169,0.364,489,0.751,366,1178,513,206,140,453,573,,,0.368,0.262,0.566,55,60.4,,8,0.527,17.9,,0.276,1,12,3,1,0,33,19,0.576,-7.22,813,0.429,234,0.361,540,0.697,415,1242,421,251,99,564,635,,,0.409,0.342,0.53,50.6,51.8,,5,0.491,19.9,,0.285,0,2,0,0,0
2004,Second Round,1,Stanford,8,Alabama,1,32,30,0.938,17.46,849,0.479,169,0.364,489,0.751,366,1178,513,206,140,453,573,,,0.368,0.262,0.566,55,60.4,,8,0.527,17.9,,0.276,1,12,3,1,0,33,20,0.606,14.29,813,0.451,233,0.378,521,0.709,366,1148,395,213,111,423,598,,,0.408,0.342,0.553,50.4,48.6,,5.9,0.516,16.4,,0.289,0,5,1,0,0
2004,Sweet Sixteen,5,Syracuse,8,Alabama,1,31,23,0.742,13.06,847,0.464,141,0.328,430,0.643,423,1180,465,235,205,396,554,,,0.366,0.235,0.528,50.6,54.9,,11.1,0.502,15.6,,0.235,1,23,13,3,1,33,20,0.606,14.29,813,0.451,233,0.378,521,0.709,366,1148,395,213,111,423,598,,,0.408,0.342,0.553,50.4,48.6,,5.9,0.516,16.4,,0.289,0,5,1,0,0
2004,Elite Eight,2,UConn,8,Alabama,0,39,33,0.846,22.64,1154,0.48,249,0.402,516,0.623,586,1742,681,233,315,532,624,,,0.345,0.258,0.549,56.1,59,,12.6,0.532,16,,0.215,1,17,10,2,2,33,20,0.606,14.29,813,0.451,233,0.378,521,0.709,366,1148,395,213,111,423,598,,,0.408,0.342,0.553,50.4,48.6,,5.9,0.516,16.4,,0.289,0,5,1,0,0
2004,First Round,8,Alabama,9,Southern Illinois,0,33,20,0.606,14.29,813,0.451,233,0.378,521,0.709,366,1148,395,213,111,423,598,,,0.408,0.342,0.553,50.4,48.6,,5.9,0.516,16.4,,0.289,0,5,1,0,0,30,25,0.833,10.71,787,0.443,185,0.338,372,0.689,393,1057,424,302,91,360,576,,,0.304,0.309,0.524,50.5,53.9,,5.9,0.495,15.1,,0.21,0,1,0,0,0
2004,First Round,5,Syracuse,12,BYU,0,31,23,0.742,13.06,847,0.464,141,0.328,430,0.643,423,1180,465,235,205,396,554,,,0.366,0.235,0.528,50.6,54.9,,11.1,0.502,15.6,,0.235,1,23,13,3,1,30,21,0.7,12.7,764,0.486,171,0.351,501,0.724,316,1017,445,208,98,409,566,,,0.44,0.31,0.579,54.4,58.2,,6.3,0.541,17.7,,0.319,0,3,0,0,0
2004,First Round,4,Maryland,13,UTEP,0,32,20,0.625,16.96,891,0.441,165,0.337,530,0.631,485,1322,451,274,215,485,631,,,0.416,0.242,0.512,51.7,50.6,,11.3,0.482,16.7,,0.262,1,14,9,2,1,32,24,0.75,11.42,834,0.477,197,0.384,614,0.752,328,1106,523,228,86,445,572,,,0.467,0.293,0.58,49.9,62.7,,4.6,0.533,17.2,,0.351,0,1,0,0,0
2004,Second Round,4,Maryland,5,Syracuse,1,32,20,0.625,16.96,891,0.441,165,0.337,530,0.631,485,1322,451,274,215,485,631,,,0.416,0.242,0.512,51.7,50.6,,11.3,0.482,16.7,,0.262,1,14,9,2,1,31,23,0.742,13.06,847,0.464,141,0.328,430,0.643,423,1180,465,235,205,396,554,,,0.366,0.235,0.528,50.6,54.9,,11.1,0.502,15.6,,0.235,1,23,13,3,1
2004,First Round,6,Vanderbilt,11,Western Michigan,0,33,23,0.697,15.69,841,0.449,263,0.367,469,0.711,367,1150,541,248,112,419,576,,,0.352,0.382,0.552,50.4,64.3,,6.2,0.519,16.1,,0.25,0,3,1,0,0,31,26,0.839,12,845,0.459,217,0.371,527,0.721,449,1177,474,276,83,411,600,,,0.397,0.318,0.556,54.2,56.1,,5,0.518,15.8,,0.286,0,1,0,0,0
2004,First Round,3,NC State,14,Louisiana,0,31,21,0.677,18.45,760,0.45,260,0.345,481,0.799,317,1046,454,208,69,420,576,,,0.357,0.446,0.573,50.5,59.7,,4.1,0.527,17.5,,0.285,1,4,0,0,0,29,20,0.69,6.24,797,0.465,237,0.371,403,0.689,341,988,474,260,62,419,538,,,0.341,0.372,0.56,48.7,59.5,,3.7,0.534,17.4,,0.235,0,2,0,0,0
2004,Second Round,3,NC State,6,Vanderbilt,1,31,21,0.677,18.45,760,0.45,260,0.345,481,0.799,317,1046,454,208,69,420,576,,,0.357,0.446,0.573,50.5,59.7,,4.1,0.527,17.5,,0.285,1,4,0,0,0,33,23,0.697,15.69,841,0.449,263,0.367,469,0.711,367,1150,541,248,112,419,576,,,0.352,0.382,0.552,50.4,64.3,,6.2,0.519,16.1,,0.25,0,3,1,0,0
2004,Sweet Sixteen,2,UConn,6,Vanderbilt,0,39,33,0.846,22.64,1154,0.48,249,0.402,516,0.623,586,1742,681,233,315,532,624,,,0.345,0.258,0.549,56.1,59,,12.6,0.532,16,,0.215,1,17,10,2,2,33,23,0.697,15.69,841,0.449,263,0.367,469,0.711,367,1150,541,248,112,419,576,,,0.352,0.382,0.552,50.4,64.3,,6.2,0.519,16.1,,0.25,0,3,1,0,0
2004,First Round,7,DePaul,10,Dayton,0,32,22,0.688,9.06,813,0.463,163,0.362,468,0.697,382,1159,437,176,74,422,562,,,0.382,0.256,0.544,53.1,53.8,,4.1,0.51,16.9,,0.267,0,1,0,0,0,33,24,0.727,7.12,780,0.447,207,0.321,477,0.665,409,1266,489,150,94,467,577,,,0.411,0.369,0.538,55,62.7,,5,0.506,18.3,,0.273,0,1,0,0,0
2004,First Round,2,UConn,15,Vermont,0,39,33,0.846,22.64,1154,0.48,249,0.402,516,0.623,586,1742,681,233,315,532,624,,,0.345,0.258,0.549,56.1,59,,12.6,0.532,16,,0.215,1,17,10,2,2,31,22,0.71,-2.74,734,0.422,203,0.329,374,0.679,360,1126,447,218,87,387,475,,,0.317,0.355,0.511,51.8,60.9,,5.1,0.48,16.2,,0.215,0,2,0,0,0
2004,Second Round,2,UConn,7,DePaul,0,39,33,0.846,22.64,1154,0.48,249,0.402,516,0.623,586,1742,681,233,315,532,624,,,0.345,0.258,0.549,56.1,59,,12.6,0.532,16,,0.215,1,17,10,2,2,32,22,0.688,9.06,813,0.463,163,0.362,468,0.697,382,1159,437,176,74,422,562,,,0.382,0.256,0.544,53.1,53.8,,4.1,0.51,16.9,,0.267,0,1,0,0,0
2005,Play-In,16,Alabama A&M,16,Oakland,1,32,18,0.563,-11.96,762,0.401,198,0.302,507,0.613,423,1210,426,338,124,488,619,,,0.435,0.345,0.486,47,55.9,,6.5,0.453,17.6,,0.267,0,1,0,0,0,32,13,0.406,-2.66,811,0.45,201,0.339,446,0.665,384,1044,474,228,77,390,561,,,0.372,0.329,0.534,48.9,58.4,,4.4,0.505,15.5,,0.247,0,1,0,0,0
2005,First Round,1,UNC,16,Oakland,0,37,33,0.892,28.42,1128,0.499,277,0.403,724,0.725,502,1499,706,362,142,594,662,,,0.442,0.304,0.596,55.1,62.6,,6.2,0.56,17.8,,0.32,1,16,10,5,1,32,13,0.406,-2.66,811,0.45,201,0.339,446,0.665,384,1044,474,228,77,390,561,,,0.372,0.329,0.534,48.9,58.4,,4.4,0.505,15.5,,0.247,0,1,0,0,0
2005,Second Round,1,UNC,9,Iowa State,0,37,33,0.892,28.42,1128,0.499,277,0.403,724,0.725,502,1499,706,362,142,594,662,,,0.442,0.304,0.596,55.1,62.6,,6.2,0.56,17.8,,0.32,1,16,10,5,1,31,19,0.613,11.37,784,0.437,113,0.292,431,0.682,376,1100,444,295,120,405,524,,,0.352,0.216,0.504,49.6,56.6,,6.9,0.469,16.2,,0.24,0,1,0,0,0
2005,First Round,8,Minnesota,9,Iowa State,1,32,21,0.656,12.1,771,0.452,170,0.349,463,0.706,373,1091,453,292,145,516,512,,,0.384,0.285,0.539,52,58.8,,8.5,0.501,20.4,,0.271,0,2,1,0,0,31,19,0.613,11.37,784,0.437,113,0.292,431,0.682,376,1100,444,295,120,405,524,,,0.352,0.216,0.504,49.6,56.6,,6.9,0.469,16.2,,0.24,0,1,0,0,0
2005,Sweet Sixteen,1,UNC,5,Villanova,0,37,33,0.892,28.42,1128,0.499,277,0.403,724,0.725,502,1499,706,362,142,594,662,,,0.442,0.304,0.596,55.1,62.6,,6.2,0.56,17.8,,0.32,1,16,10,5,1,32,24,0.75,19.06,801,0.435,225,0.359,509,0.736,463,1193,385,267,178,409,596,,,0.376,0.34,0.539,52.9,48.1,,10.5,0.496,15.9,,0.277,1,3,1,0,0
2005,Second Round,4,Florida,5,Villanova,1,32,24,0.75,20.19,844,0.482,244,0.39,506,0.707,366,1186,475,228,146,444,598,,,0.409,0.358,0.583,54.2,56.3,,8.4,0.552,17.5,,0.289,1,7,2,1,0,32,24,0.75,19.06,801,0.435,225,0.359,509,0.736,463,1193,385,267,178,409,596,,,0.376,0.34,0.539,52.9,48.1,,10.5,0.496,15.9,,0.277,1,3,1,0,0
2005,Elite Eight,1,UNC,6,Wisconsin,0,37,33,0.892,28.42,1128,0.499,277,0.403,724,0.725,502,1499,706,362,142,594,662,,,0.442,0.304,0.596,55.1,62.6,,6.2,0.56,17.8,,0.32,1,16,10,5,1,34,25,0.735,16.76,788,0.44,250,0.391,464,0.677,342,1176,444,179,62,389,513,,,0.383,0.358,0.542,52.7,56.3,,3.4,0.51,15.5,,0.259,1,4,2,0,0
2005,Final Four,1,UNC,5,Michigan State,0,37,33,0.892,28.42,1128,0.499,277,0.403,724,0.725,502,1499,706,362,142,594,662,,,0.442,0.304,0.596,55.1,62.6,,6.2,0.56,17.8,,0.32,1,16,10,5,1,33,26,0.788,20.47,914,0.487,219,0.356,543,0.777,397,1198,565,258,87,451,640,,,0.373,0.328,0.587,55.2,61.8,,5,0.546,17,,0.29,1,8,6,4,1
2005,Sweet Sixteen,1,Duke,5,Michigan State,1,33,27,0.818,23.01,853,0.445,290,0.38,585,0.713,432,1261,421,287,220,454,612,,,0.429,0.398,0.56,51.1,49.4,,11,0.521,16.5,,0.305,1,21,16,10,3,33,26,0.788,20.47,914,0.487,219,0.356,543,0.777,397,1198,565,258,87,451,640,,,0.373,0.328,0.587,55.2,61.8,,5,0.546,17,,0.29,1,8,6,4,1
2005,Elite Eight,2,Kentucky,5,Michigan State,1,34,28,0.824,19.16,901,0.464,218,0.343,483,0.663,417,1197,509,311,147,445,582,,,0.375,0.327,0.548,50.9,56.5,,8,0.521,16.3,,0.249,1,12,9,1,1,33,26,0.788,20.47,914,0.487,219,0.356,543,0.777,397,1198,565,258,87,451,640,,,0.373,0.328,0.587,55.2,61.8,,5,0.546,17,,0.29,1,8,6,4,1
2005,First Round,5,Villanova,12,New Mexico,0,32,24,0.75,19.06,801,0.435,225,0.359,509,0.736,463,1193,385,267,178,409,596,,,0.376,0.34,0.539,52.9,48.1,,10.5,0.496,15.9,,0.277,1,3,1,0,0,33,26,0.788,11.08,855,0.493,269,0.391,513,0.679,327,1127,491,252,115,454,558,,,0.436,0.397,0.596,51.6,57.4,,6.2,0.571,17.8,,0.296,0,1,0,0,0
2005,First Round,4,Florida,13,Ohio,0,32,24,0.75,20.19,844,0.482,244,0.39,506,0.707,366,1186,475,228,146,444,598,,,0.409,0.358,0.583,54.2,56.3,,8.4,0.552,17.5,,0.289,1,7,2,1,0,32,21,0.656,5.39,773,0.461,182,0.328,560,0.698,348,1050,374,273,86,423,571,,,0.479,0.331,0.556,49.6,48.4,,4.9,0.516,17.1,,0.334,0,1,0,0,0
2005,First Round,6,Wisconsin,11,Northern Iowa,0,34,25,0.735,16.76,788,0.44,250,0.391,464,0.677,342,1176,444,179,62,389,513,,,0.383,0.358,0.542,52.7,56.3,,3.4,0.51,15.5,,0.259,1,4,2,0,0,32,21,0.656,10.12,847,0.48,226,0.381,391,0.698,283,1071,491,192,138,373,556,,,0.318,0.336,0.569,50.8,58,,7.9,0.545,15.5,,0.222,0,2,0,0,0
2005,Second Round,6,Wisconsin,14,Bucknell,0,34,25,0.735,16.76,788,0.44,250,0.391,464,0.677,342,1176,444,179,62,389,513,,,0.383,0.358,0.542,52.7,56.3,,3.4,0.51,15.5,,0.259,1,4,2,0,0,33,23,0.697,2.12,704,0.444,218,0.369,471,0.701,306,1044,416,262,96,508,630,,,0.424,0.373,0.551,50.3,59.1,,5.8,0.513,21.1,,0.297,0,1,0,0,0
2005,First Round,3,Kansas,14,Bucknell,1,30,23,0.767,20.68,801,0.476,198,0.367,451,0.695,350,1129,495,197,115,433,574,,,0.385,0.32,0.565,52.4,61.8,,6.7,0.534,17.9,,0.268,1,7,4,0,0,33,23,0.697,2.12,704,0.444,218,0.369,471,0.701,306,1044,416,262,96,508,630,,,0.424,0.373,0.551,50.3,59.1,,5.8,0.513,21.1,,0.297,0,1,0,0,0
2005,Sweet Sixteen,6,Wisconsin,10,NC State,0,34,25,0.735,16.76,788,0.44,250,0.391,464,0.677,342,1176,444,179,62,389,513,,,0.383,0.358,0.542,52.7,56.3,,3.4,0.51,15.5,,0.259,1,4,2,0,0,35,21,0.6,16.15,871,0.455,294,0.37,523,0.705,375,1121,529,260,156,435,658,,,0.387,0.415,0.564,48.3,60.7,,8.4,0.532,16.1,,0.273,0,5,1,0,0
2005,First Round,7,Charlotte,10,NC State,1,29,21,0.724,9.62,763,0.432,232,0.368,499,0.684,420,1119,409,252,92,389,495,,,0.413,0.357,0.534,51,53.6,,8.2,0.497,15.5,,0.282,0,5,0,0,0,35,21,0.6,16.15,871,0.455,294,0.37,523,0.705,375,1121,529,260,156,435,658,,,0.387,0.415,0.564,48.3,60.7,,8.4,0.532,16.1,,0.273,0,5,1,0,0
2005,Second Round,2,UConn,10,NC State,1,31,23,0.742,18.81,862,0.46,154,0.317,541,0.7,478,1412,531,189,275,468,492,,,0.413,0.26,0.54,57.1,61.6,,13.7,0.502,17.3,,0.289,1,18,10,2,2,35,21,0.6,16.15,871,0.455,294,0.37,523,0.705,375,1121,529,260,156,435,658,,,0.387,0.415,0.564,48.3,60.7,,8.4,0.532,16.1,,0.273,0,5,1,0,0
2005,First Round,2,UConn,15,UCF,0,31,23,0.742,18.81,862,0.46,154,0.317,541,0.7,478,1412,531,189,275,468,492,,,0.413,0.26,0.54,57.1,61.6,,13.7,0.502,17.3,,0.289,1,18,10,2,2,33,24,0.727,-4.91,784,0.461,283,0.373,453,0.696,405,1174,512,221,143,496,622,,,0.382,0.446,0.573,54.2,65.3,,8.2,0.544,19.8,,0.266,0,4,0,0,0
2005,First Round,1,Washington,16,Montana,0,35,29,0.829,19.76,1102,0.485,257,0.384,565,0.733,523,1305,660,288,87,499,718,,,0.339,0.295,0.574,52.8,59.9,,4.3,0.542,15.9,,0.249,1,3,1,0,0,31,18,0.581,-3.64,735,0.458,182,0.354,500,0.677,322,1118,424,182,93,528,533,,,0.46,0.32,0.55,52.6,57.7,,5.1,0.514,21.2,,0.311,0,1,0,0,0
2005,Second Round,1,Washington,8,Pacific,0,35,29,0.829,19.76,1102,0.485,257,0.384,565,0.733,523,1305,660,288,87,499,718,,,0.339,0.295,0.574,52.8,59.9,,4.3,0.542,15.9,,0.249,1,3,1,0,0,31,27,0.871,8.94,794,0.497,201,0.382,469,0.743,310,1104,462,154,96,424,455,,,0.395,0.329,0.595,54.6,58.2,,5.3,0.56,18.3,,0.293,1,3,0,0,0
2005,Sweet Sixteen,1,Washington,4,Louisville,1,35,29,0.829,19.76,1102,0.485,257,0.384,565,0.733,523,1305,660,288,87,499,718,,,0.339,0.295,0.574,52.8,59.9,,4.3,0.542,15.9,,0.249,1,3,1,0,0,38,33,0.868,22.56,1011,0.467,361,0.398,683,0.723,489,1475,590,327,148,535,701,,,0.436,0.418,0.586,54.1,58.4,,7,0.55,17,,0.315,1,11,7,5,1
2005,Final Four,1,Illinois,4,Louisville,0,39,37,0.949,24.11,1092,0.484,344,0.392,474,0.728,425,1338,727,300,123,428,611,,,0.288,0.388,0.585,52.3,66.6,,5.9,0.56,14.3,,0.21,1,4,3,1,0,38,33,0.868,22.56,1011,0.467,361,0.398,683,0.723,489,1475,590,327,148,535,701,,,0.436,0.418,0.586,54.1,58.4,,7,0.55,17,,0.315,1,11,7,5,1
2005,First Round,8,Pacific,9,Pitt,0,31,27,0.871,8.94,794,0.497,201,0.382,469,0.743,310,1104,462,154,96,424,455,,,0.395,0.329,0.595,54.6,58.2,,5.3,0.56,18.3,,0.293,1,3,0,0,0,29,20,0.69,14.53,738,0.471,175,0.379,446,0.659,414,1103,439,189,120,419,496,,,0.432,0.295,0.555,56.3,59.5,,7.5,0.527,18.2,,0.285,0,2,1,0,0
2005,First Round,5,Georgia Tech,12,George Washington,0,32,20,0.625,17.21,849,0.452,190,0.333,483,0.691,400,1248,471,265,162,483,648,,,0.372,0.304,0.537,51.6,55.5,,8.6,0.503,17.9,,0.257,1,4,1,1,0,30,22,0.733,10.62,833,0.476,162,0.362,480,0.693,390,1098,484,293,128,448,528,,,0.396,0.255,0.555,52.2,58.1,,7.6,0.522,17.7,,0.274,0,1,0,0,0
2005,First Round,4,Louisville,13,Louisiana,0,38,33,0.868,22.56,1011,0.467,361,0.398,683,0.723,489,1475,590,327,148,535,701,,,0.436,0.418,0.586,54.1,58.4,,7,0.55,17,,0.315,1,11,7,5,1,31,20,0.645,5.7,804,0.446,200,0.333,431,0.659,437,1092,375,291,85,482,604,,,0.363,0.334,0.53,52.2,46.6,,5.3,0.502,18.6,,0.239,0,1,0,0,0
2005,Second Round,4,Louisville,5,Georgia Tech,0,38,33,0.868,22.56,1011,0.467,361,0.398,683,0.723,489,1475,590,327,148,535,701,,,0.436,0.418,0.586,54.1,58.4,,7,0.55,17,,0.315,1,11,7,5,1,32,20,0.625,17.21,849,0.452,190,0.333,483,0.691,400,1248,471,265,162,483,648,,,0.372,0.304,0.537,51.6,55.5,,8.6,0.503,17.9,,0.257,1,4,1,1,0
2005,Elite Eight,4,Louisville,7,West Virginia,0,38,33,0.868,22.56,1011,0.467,361,0.398,683,0.723,489,1475,590,327,148,535,701,,,0.436,0.418,0.586,54.1,58.4,,7,0.55,17,,0.315,1,11,7,5,1,35,24,0.686,11.76,868,0.45,319,0.36,446,0.742,340,1065,578,280,130,412,530,,,0.311,0.459,0.564,47,66.6,,6.9,0.532,15.7,,0.231,0,3,1,0,0
2005,Sweet Sixteen,6,Texas Tech,7,West Virginia,1,33,22,0.667,16.23,932,0.476,145,0.396,526,0.756,368,1156,553,259,123,424,554,,,0.356,0.187,0.554,49.6,59.3,,6.3,0.513,15.6,,0.269,1,27,15,5,3,35,24,0.686,11.76,868,0.45,319,0.36,446,0.742,340,1065,578,280,130,412,530,,,0.311,0.459,0.564,47,66.6,,6.9,0.532,15.7,,0.231,0,3,1,0,0
2005,Second Round,2,Wake Forest,7,West Virginia,1,33,27,0.818,20.24,965,0.491,251,0.399,620,0.684,465,1315,531,284,118,484,640,,,0.461,0.32,0.584,54.9,55,,5.9,0.555,16.8,,0.315,1,9,1,0,0,35,24,0.686,11.76,868,0.45,319,0.36,446,0.742,340,1065,578,280,130,412,530,,,0.311,0.459,0.564,47,66.6,,6.9,0.532,15.7,,0.231,0,3,1,0,0
2005,First Round,6,Texas Tech,11,UCLA,0,33,22,0.667,16.23,932,0.476,145,0.396,526,0.756,368,1156,553,259,123,424,554,,,0.356,0.187,0.554,49.6,59.3,,6.3,0.513,15.6,,0.269,1,27,15,5,3,29,18,0.621,9.15,748,0.452,186,0.346,456,0.719,343,1068,417,169,74,464,532,,,0.383,0.325,0.547,52.9,55.7,,4.3,0.508,19.2,,0.276,0,4,2,0,0
2005,First Round,3,Gonzaga,14,Winthrop,0,31,26,0.839,13.29,856,0.503,153,0.38,589,0.739,368,1191,486,169,106,416,536,,,0.468,0.237,0.59,55.8,56.8,,5.8,0.548,16.7,,0.346,1,6,2,0,0,33,27,0.818,0.48,767,0.445,220,0.364,491,0.677,371,1154,477,269,125,464,616,,,0.421,0.35,0.543,52.4,62.2,,7.5,0.509,18.3,,0.285,0,5,0,0,0
2005,Second Round,3,Gonzaga,6,Texas Tech,1,31,26,0.839,13.29,856,0.503,153,0.38,589,0.739,368,1191,486,169,106,416,536,,,0.468,0.237,0.59,55.8,56.8,,5.8,0.548,16.7,,0.346,1,6,2,0,0,33,22,0.667,16.23,932,0.476,145,0.396,526,0.756,368,1156,553,259,123,424,554,,,0.356,0.187,0.554,49.6,59.3,,6.3,0.513,15.6,,0.269,1,27,15,5,3
2005,First Round,7,West Virginia,10,Creighton,0,35,24,0.686,11.76,868,0.45,319,0.36,446,0.742,340,1065,578,280,130,412,530,,,0.311,0.459,0.564,47,66.6,,6.9,0.532,15.7,,0.231,0,3,1,0,0,34,23,0.676,10.14,823,0.452,293,0.414,482,0.73,336,1063,483,234,111,412,598,,,0.363,0.388,0.567,47.8,58.7,,6.1,0.533,16.2,,0.265,0,7,0,0,0
2005,First Round,2,Wake Forest,15,Chattanooga,0,33,27,0.818,20.24,965,0.491,251,0.399,620,0.684,465,1315,531,284,118,484,640,,,0.461,0.32,0.584,54.9,55,,5.9,0.555,16.8,,0.315,1,9,1,0,0,31,20,0.645,-1.37,795,0.455,168,0.303,495,0.679,509,1284,450,231,60,535,523,,,0.418,0.317,0.538,57.5,56.6,,3.4,0.503,20.4,,0.284,0,1,0,0,0
2005,First Round,1,Duke,16,Delaware State,0,33,27,0.818,23.01,853,0.445,290,0.38,585,0.713,432,1261,421,287,220,454,612,,,0.429,0.398,0.56,51.1,49.4,,11,0.521,16.5,,0.305,1,21,16,10,3,33,19,0.576,-6.68,667,0.421,213,0.342,496,0.743,334,911,351,264,92,461,538,,,0.421,0.392,0.537,47,52.6,,5.8,0.488,19.5,,0.313,0,1,0,0,0
2005,Second Round,1,Duke,9,Mississippi State,0,33,27,0.818,23.01,853,0.445,290,0.38,585,0.713,432,1261,421,287,220,454,612,,,0.429,0.398,0.56,51.1,49.4,,11,0.521,16.5,,0.305,1,21,16,10,3,34,23,0.676,12.55,870,0.444,199,0.337,527,0.665,492,1389,475,232,114,503,532,,,0.404,0.301,0.528,55.8,54.6,,5.7,0.495,17.7,,0.269,0,4,0,0,0
2005,First Round,8,Stanford,9,Mississippi State,1,31,18,0.581,9.09,774,0.435,124,0.342,501,0.737,380,1112,373,207,86,428,559,,,0.382,0.204,0.517,50.4,48.2,,4.8,0.47,16.9,,0.282,0,2,1,0,0,34,23,0.676,12.55,870,0.444,199,0.337,527,0.665,492,1389,475,232,114,503,532,,,0.404,0.301,0.528,55.8,54.6,,5.7,0.495,17.7,,0.269,0,4,0,0,0
2005,First Round,5,Michigan State,12,Old Dominion,0,33,26,0.788,20.47,914,0.487,219,0.356,543,0.777,397,1198,565,258,87,451,640,,,0.373,0.328,0.587,55.2,61.8,,5,0.546,17,,0.29,1,8,6,4,1,34,28,0.824,5.97,869,0.444,210,0.337,482,0.699,409,1239,552,329,151,416,597,,,0.352,0.319,0.532,51.4,63.5,,8.2,0.497,15.4,,0.246,0,3,0,0,0
2005,Second Round,5,Michigan State,13,Vermont,0,33,26,0.788,20.47,914,0.487,219,0.356,543,0.777,397,1198,565,258,87,451,640,,,0.373,0.328,0.587,55.2,61.8,,5,0.546,17,,0.29,1,8,6,4,1,32,25,0.781,7.8,805,0.435,269,0.358,420,0.722,397,1208,493,216,55,380,506,,,0.314,0.406,0.54,53.7,61.2,,3.1,0.507,15.1,,0.227,0,3,0,0,0
2005,First Round,4,Syracuse,13,Vermont,1,34,27,0.794,15.95,946,0.484,156,0.313,500,0.667,470,1291,525,276,157,465,539,,,0.383,0.255,0.551,52.8,55.5,,8.1,0.524,16.7,,0.256,1,24,13,3,1,32,25,0.781,7.8,805,0.435,269,0.358,420,0.722,397,1208,493,216,55,380,506,,,0.314,0.406,0.54,53.7,61.2,,3.1,0.507,15.1,,0.227,0,3,0,0,0
2005,First Round,6,Utah,11,UTEP,0,35,29,0.829,14,837,0.514,155,0.328,550,0.715,374,1194,516,211,94,503,506,,,0.472,0.291,0.597,59.1,61.6,,5.3,0.562,20.2,,0.338,1,2,1,0,0,35,27,0.771,9.6,901,0.461,208,0.364,606,0.792,386,1197,579,255,104,426,581,,,0.391,0.292,0.564,51.1,64.3,,5.4,0.514,15.5,,0.31,0,1,0,0,0
2005,First Round,3,Oklahoma,14,Niagara,0,33,25,0.758,19.96,908,0.476,214,0.372,450,0.69,428,1172,511,291,135,449,607,,,0.342,0.302,0.559,53,56.3,,7.7,0.532,16.8,,0.236,1,11,3,1,0,30,20,0.667,3.12,833,0.435,270,0.359,601,0.76,471,1222,473,206,98,387,568,,,0.413,0.393,0.554,54.7,56.8,,5.4,0.505,14.5,,0.314,0,1,0,0,0
2005,Second Round,3,Oklahoma,6,Utah,1,33,25,0.758,19.96,908,0.476,214,0.372,450,0.69,428,1172,511,291,135,449,607,,,0.342,0.302,0.559,53,56.3,,7.7,0.532,16.8,,0.236,1,11,3,1,0,35,29,0.829,14,837,0.514,155,0.328,550,0.715,374,1194,516,211,94,503,506,,,0.472,0.291,0.597,59.1,61.6,,5.3,0.562,20.2,,0.338,1,2,1,0,0
2005,Sweet Sixteen,2,Kentucky,6,Utah,0,34,28,0.824,19.16,901,0.464,218,0.343,483,0.663,417,1197,509,311,147,445,582,,,0.375,0.327,0.548,50.9,56.5,,8,0.521,16.3,,0.249,1,12,9,1,1,35,29,0.829,14,837,0.514,155,0.328,550,0.715,374,1194,516,211,94,503,506,,,0.472,0.291,0.597,59.1,61.6,,5.3,0.562,20.2,,0.338,1,2,1,0,0
2005,First Round,7,Cincinnati,10,Iowa,0,33,25,0.758,17.64,839,0.436,221,0.349,606,0.69,471,1355,493,179,225,435,586,,,0.457,0.33,0.535,52.9,58.8,,11.2,0.494,15.7,,0.315,1,15,4,1,0,33,21,0.636,14.98,841,0.459,210,0.376,515,0.691,371,1196,501,247,174,476,618,,,0.407,0.305,0.551,50.9,59.6,,9.2,0.517,17.9,,0.281,0,3,1,0,0
2005,First Round,2,Kentucky,15,Eastern Kentucky,0,34,28,0.824,19.16,901,0.464,218,0.343,483,0.663,417,1197,509,311,147,445,582,,,0.375,0.327,0.548,50.9,56.5,,8,0.521,16.3,,0.249,1,12,9,1,1,31,22,0.71,-2.68,845,0.477,194,0.351,372,0.67,360,1103,480,232,122,451,599,,,0.313,0.311,0.554,52.1,56.8,,7.2,0.531,18.1,,0.21,0,1,0,0,0
2005,Second Round,2,Kentucky,7,Cincinnati,0,34,28,0.824,19.16,901,0.464,218,0.343,483,0.663,417,1197,509,311,147,445,582,,,0.375,0.327,0.548,50.9,56.5,,8,0.521,16.3,,0.249,1,12,9,1,1,33,25,0.758,17.64,839,0.436,221,0.349,606,0.69,471,1355,493,179,225,435,586,,,0.457,0.33,0.535,52.9,58.8,,11.2,0.494,15.7,,0.315,1,15,4,1,0
2005,First Round,1,Illinois,16,Fairleigh Dickinson,0,39,37,0.949,24.11,1092,0.484,344,0.392,474,0.728,425,1338,727,300,123,428,611,,,0.288,0.388,0.585,52.3,66.6,,5.9,0.56,14.3,,0.21,1,4,3,1,0,33,20,0.606,-4.13,894,0.453,218,0.348,426,0.666,408,1200,498,237,145,466,624,,,0.324,0.317,0.534,50.8,55.7,,7.8,0.508,17,,0.216,0,4,0,0,0
2005,Second Round,1,Illinois,9,Nevada,0,39,37,0.949,24.11,1092,0.484,344,0.392,474,0.728,425,1338,727,300,123,428,611,,,0.288,0.388,0.585,52.3,66.6,,5.9,0.56,14.3,,0.21,1,4,3,1,0,32,25,0.781,9.25,791,0.457,87,0.27,556,0.707,395,1270,480,225,167,465,504,,,0.454,0.186,0.529,55.3,60.7,,8.9,0.482,18.1,,0.321,0,1,0,0,0
2005,First Round,8,Texas,9,Nevada,1,31,20,0.645,15.49,816,0.456,243,0.388,509,0.697,418,1228,406,187,134,433,548,,,0.408,0.35,0.558,53.4,49.8,,7.1,0.524,16.9,,0.285,0,13,4,1,0,32,25,0.781,9.25,791,0.457,87,0.27,556,0.707,395,1270,480,225,167,465,504,,,0.454,0.186,0.529,55.3,60.7,,8.9,0.482,18.1,,0.321,0,1,0,0,0
2005,Sweet Sixteen,1,Illinois,12,Milwaukee,0,39,37,0.949,24.11,1092,0.484,344,0.392,474,0.728,425,1338,727,300,123,428,611,,,0.288,0.388,0.585,52.3,66.6,,5.9,0.56,14.3,,0.21,1,4,3,1,0,32,26,0.813,10.42,831,0.447,262,0.356,476,0.703,421,1149,450,267,114,435,610,,,0.364,0.395,0.55,50.7,54.2,,6.5,0.517,16.6,,0.256,0,2,1,0,0
2005,First Round,5,Alabama,12,Milwaukee,1,32,24,0.75,16.75,819,0.483,249,0.394,539,0.736,334,1179,453,164,143,410,471,,,0.432,0.373,0.594,53.9,55.3,,7.5,0.557,16.7,,0.318,1,6,1,0,0,32,26,0.813,10.42,831,0.447,262,0.356,476,0.703,421,1149,450,267,114,435,610,,,0.364,0.395,0.55,50.7,54.2,,6.5,0.517,16.6,,0.256,0,2,1,0,0
2005,Second Round,4,Boston College,12,Milwaukee,1,30,25,0.833,14.38,768,0.456,124,0.252,514,0.712,424,1135,527,217,123,403,453,,,0.428,0.293,0.536,53.4,68.6,,7.1,0.493,16.6,,0.305,1,6,0,0,0,32,26,0.813,10.42,831,0.447,262,0.356,476,0.703,421,1149,450,267,114,435,610,,,0.364,0.395,0.55,50.7,54.2,,6.5,0.517,16.6,,0.256,0,2,1,0,0
2005,Elite Eight,1,Illinois,3,Arizona,0,39,37,0.949,24.11,1092,0.484,344,0.392,474,0.728,425,1338,727,300,123,428,611,,,0.288,0.388,0.585,52.3,66.6,,5.9,0.56,14.3,,0.21,1,4,3,1,0,37,30,0.811,18,1077,0.478,253,0.402,541,0.776,493,1361,610,296,144,548,596,,,0.309,0.279,0.57,52.9,56.6,,6.6,0.534,17.5,,0.24,1,26,13,5,1
2005,Sweet Sixteen,2,Oklahoma State,3,Arizona,1,33,26,0.788,21.39,911,0.497,240,0.426,521,0.78,372,1121,556,242,87,453,599,,,0.364,0.308,0.601,54,61,,4.9,0.562,17.4,,0.284,1,26,13,3,0,37,30,0.811,18,1077,0.478,253,0.402,541,0.776,493,1361,610,296,144,548,596,,,0.309,0.279,0.57,52.9,56.6,,6.6,0.534,17.5,,0.24,1,26,13,5,1
2005,National Championship,1,Illinois,1,UNC,1,39,37,0.949,24.11,1092,0.484,344,0.392,474,0.728,425,1338,727,300,123,428,611,,,0.288,0.388,0.585,52.3,66.6,,5.9,0.56,14.3,,0.21,1,4,3,1,0,37,33,0.892,28.42,1128,0.499,277,0.403,724,0.725,502,1499,706,362,142,594,662,,,0.442,0.304,0.596,55.1,62.6,,6.2,0.56,17.8,,0.32,1,16,10,5,1
2005,First Round,4,Boston College,13,Penn,0,30,25,0.833,14.38,768,0.456,124,0.252,514,0.712,424,1135,527,217,123,403,453,,,0.428,0.293,0.536,53.4,68.6,,7.1,0.493,16.6,,0.305,1,6,0,0,0,29,20,0.69,4.71,684,0.433,192,0.341,422,0.659,362,1084,420,233,93,455,570,,,0.405,0.356,0.526,53.2,61.4,,6.1,0.494,19.5,,0.267,0,8,0,0,0
2005,First Round,6,LSU,11,UAB,1,30,20,0.667,11.6,776,0.459,205,0.359,500,0.73,349,1097,442,209,127,405,490,,,0.405,0.338,0.56,53.3,57,,7.3,0.52,16.7,,0.296,0,3,1,0,0,33,22,0.667,10.41,900,0.451,217,0.347,540,0.696,390,1090,516,382,99,444,646,,,0.389,0.313,0.541,46.6,57.3,,5.4,0.505,15.8,,0.271,0,2,1,0,0
2005,Second Round,3,Arizona,11,UAB,0,37,30,0.811,18,1077,0.478,253,0.402,541,0.776,493,1361,610,296,144,548,596,,,0.309,0.279,0.57,52.9,56.6,,6.6,0.534,17.5,,0.24,1,26,13,5,1,33,22,0.667,10.41,900,0.451,217,0.347,540,0.696,390,1090,516,382,99,444,646,,,0.389,0.313,0.541,46.6,57.3,,5.4,0.505,15.8,,0.271,0,2,1,0,0
2005,First Round,3,Arizona,14,Utah State,0,37,30,0.811,18,1077,0.478,253,0.402,541,0.776,493,1361,610,296,144,548,596,,,0.309,0.279,0.57,52.9,56.6,,6.6,0.534,17.5,,0.24,1,26,13,5,1,32,24,0.75,12.75,851,0.525,185,0.391,428,0.691,307,1095,549,179,92,396,441,,,0.382,0.292,0.604,55.4,64.5,,5.3,0.582,17.1,,0.264,0,5,0,0,0
2005,First Round,7,Southern Illinois,10,Saint Mary's,0,35,27,0.771,11.54,884,0.452,202,0.365,395,0.748,395,1144,472,322,101,449,684,,,0.27,0.283,0.536,50.3,53.4,,5.8,0.503,16.9,,0.202,0,1,0,0,0,34,25,0.735,6.68,793,0.436,234,0.349,553,0.725,425,1244,380,204,113,534,616,,,0.42,0.369,0.544,53,47.9,,5.9,0.501,19.7,,0.304,0,1,0,0,0
2005,First Round,2,Oklahoma State,15,Southeastern Louisiana,0,33,26,0.788,21.39,911,0.497,240,0.426,521,0.78,372,1121,556,242,87,453,599,,,0.364,0.308,0.601,54,61,,4.9,0.562,17.4,,0.284,1,26,13,3,0,33,24,0.727,-0.87,768,0.463,117,0.311,432,0.647,351,1017,388,300,122,460,573,,,0.402,0.227,0.527,50.2,50.5,,7.9,0.498,18.9,,0.26,0,1,0,0,0
2005,Second Round,2,Oklahoma State,7,Southern Illinois,0,33,26,0.788,21.39,911,0.497,240,0.426,521,0.78,372,1121,556,242,87,453,599,,,0.364,0.308,0.601,54,61,,4.9,0.562,17.4,,0.284,1,26,13,3,0,35,27,0.771,11.54,884,0.452,202,0.365,395,0.748,395,1144,472,322,101,449,684,,,0.27,0.283,0.536,50.3,53.4,,5.8,0.503,16.9,,0.202,0,1,0,0,0
2006,Play-In,16,Monmouth,16,Hampton,0,34,19,0.559,-2.99,787,0.441,217,0.337,400,0.67,296,1114,502,254,123,510,570,,,0.334,0.361,0.53,47,63.8,,6.4,0.502,19.8,,0.224,0,3,0,0,0,32,16,0.5,-10.17,762,0.414,177,0.316,419,0.619,442,1258,390,241,99,516,658,,,0.368,0.305,0.49,53,51.2,,5.9,0.462,19.3,,0.228,0,1,0,0,0
2006,First Round,1,Villanova,16,Monmouth,0,33,28,0.848,19.51,809,0.417,288,0.375,543,0.757,459,1198,403,256,159,370,615,,,0.369,0.396,0.536,50.7,49.8,,9,0.491,13.9,,0.28,1,4,2,0,0,34,19,0.559,-2.99,787,0.441,217,0.337,400,0.67,296,1114,502,254,123,510,570,,,0.334,0.361,0.53,47,63.8,,6.4,0.502,19.8,,0.224,0,3,0,0,0
2006,Second Round,1,Villanova,8,Arizona,0,33,28,0.848,19.51,809,0.417,288,0.375,543,0.757,459,1198,403,256,159,370,615,,,0.369,0.396,0.536,50.7,49.8,,9,0.491,13.9,,0.28,1,4,2,0,0,33,20,0.606,15.12,909,0.446,142,0.319,473,0.709,453,1140,492,322,125,437,549,,,0.327,0.218,0.517,49.8,54.1,,6.9,0.481,15.7,,0.232,0,27,13,5,1
2006,Sweet Sixteen,1,Villanova,4,Boston College,0,33,28,0.848,19.51,809,0.417,288,0.375,543,0.757,459,1198,403,256,159,370,615,,,0.369,0.396,0.536,50.7,49.8,,9,0.491,13.9,,0.28,1,4,2,0,0,36,28,0.778,13.79,949,0.485,211,0.361,562,0.675,466,1277,639,222,161,472,586,,,0.425,0.299,0.567,52.8,67.3,,7.9,0.539,16.7,,0.287,1,7,1,0,0
2006,Elite Eight,1,Villanova,3,Florida,1,33,28,0.848,19.51,809,0.417,288,0.375,543,0.757,459,1198,403,256,159,370,615,,,0.369,0.396,0.536,50.7,49.8,,9,0.491,13.9,,0.28,1,4,2,0,0,39,33,0.846,20.21,1061,0.5,289,0.392,641,0.744,421,1402,650,297,207,561,623,,,0.407,0.348,0.603,52.7,61.3,,9.1,0.569,18.2,,0.302,1,8,3,2,1
2006,National Championship,2,UCLA,3,Florida,1,39,32,0.821,17.34,939,0.473,236,0.346,528,0.691,429,1303,541,224,111,562,649,,,0.384,0.343,0.562,53.6,57.6,,5.5,0.532,19.3,,0.266,1,5,3,1,0,39,33,0.846,20.21,1061,0.5,289,0.392,641,0.744,421,1402,650,297,207,561,623,,,0.407,0.348,0.603,52.7,61.3,,9.1,0.569,18.2,,0.302,1,8,3,2,1
2006,First Round,8,Arizona,9,Wisconsin,0,33,20,0.606,15.12,909,0.446,142,0.319,473,0.709,453,1140,492,322,125,437,549,,,0.327,0.218,0.517,49.8,54.1,,6.9,0.481,15.7,,0.232,0,27,13,5,1,31,19,0.613,13.14,776,0.432,199,0.347,454,0.664,400,1124,421,165,104,359,534,,,0.381,0.319,0.52,51.2,54.3,,6,0.487,14.5,,0.253,0,5,2,0,0
2006,First Round,5,Nevada,12,Montana,1,33,27,0.818,10.16,866,0.456,179,0.36,490,0.718,420,1268,514,179,160,426,537,,,0.359,0.261,0.54,53,59.4,,8.3,0.503,16.1,,0.258,1,2,0,0,0,31,24,0.774,4.86,876,0.492,228,0.386,469,0.718,348,1096,565,229,95,431,563,,,0.367,0.331,0.586,52.4,64.5,,5.4,0.556,17.1,,0.263,0,2,0,0,0
2006,Second Round,4,Boston College,12,Montana,0,36,28,0.778,13.79,949,0.485,211,0.361,562,0.675,466,1277,639,222,161,472,586,,,0.425,0.299,0.567,52.8,67.3,,7.9,0.539,16.7,,0.287,1,7,1,0,0,31,24,0.774,4.86,876,0.492,228,0.386,469,0.718,348,1096,565,229,95,431,563,,,0.367,0.331,0.586,52.4,64.5,,5.4,0.556,17.1,,0.263,0,2,0,0,0
2006,First Round,4,Boston College,13,Pacific,0,36,28,0.778,13.79,949,0.485,211,0.361,562,0.675,466,1277,639,222,161,472,586,,,0.425,0.299,0.567,52.8,67.3,,7.9,0.539,16.7,,0.287,1,7,1,0,0,32,24,0.75,6.93,858,0.487,215,0.389,446,0.746,320,1135,514,188,67,419,501,,,0.339,0.314,0.581,52.8,59.9,,3.7,0.548,17,,0.253,0,4,0,0,0
2006,First Round,6,Oklahoma,11,Milwaukee,1,29,20,0.69,11.89,716,0.451,174,0.359,389,0.714,420,1060,423,207,100,411,499,,,0.344,0.306,0.541,56.9,59.1,,6.8,0.506,18.2,,0.245,1,12,3,1,0,31,22,0.71,7.65,797,0.435,204,0.335,496,0.69,452,1185,389,216,91,421,595,,,0.392,0.332,0.528,54.1,48.8,,5.4,0.491,16.2,,0.271,0,1,0,0,0
2006,Second Round,3,Florida,11,Milwaukee,0,39,33,0.846,20.21,1061,0.5,289,0.392,641,0.744,421,1402,650,297,207,561,623,,,0.407,0.348,0.603,52.7,61.3,,9.1,0.569,18.2,,0.302,1,8,3,2,1,31,22,0.71,7.65,797,0.435,204,0.335,496,0.69,452,1185,389,216,91,421,595,,,0.392,0.332,0.528,54.1,48.8,,5.4,0.491,16.2,,0.271,0,1,0,0,0
2006,First Round,3,Florida,14,South Alabama,0,39,33,0.846,20.21,1061,0.5,289,0.392,641,0.744,421,1402,650,297,207,561,623,,,0.407,0.348,0.603,52.7,61.3,,9.1,0.569,18.2,,0.302,1,8,3,2,1,31,24,0.774,4.88,797,0.453,267,0.367,422,0.703,346,1049,436,264,43,415,578,,,0.341,0.414,0.558,50.2,54.7,,2.6,0.529,16.9,,0.24,0,1,0,0,0
2006,Sweet Sixteen,3,Florida,7,Georgetown,0,39,33,0.846,20.21,1061,0.5,289,0.392,641,0.744,421,1402,650,297,207,561,623,,,0.407,0.348,0.603,52.7,61.3,,9.1,0.569,18.2,,0.302,1,8,3,2,1,33,23,0.697,13.98,787,0.468,223,0.355,380,0.706,354,1079,514,199,119,381,486,,,0.32,0.373,0.562,53.1,65.3,,7,0.534,16.4,,0.226,1,3,1,0,0
2006,Second Round,2,Ohio State,7,Georgetown,1,32,26,0.813,16.08,833,0.465,262,0.365,435,0.718,321,1088,491,216,89,379,489,,,0.338,0.401,0.568,49.5,58.9,,4.7,0.538,15.4,,0.243,1,5,1,0,0,33,23,0.697,13.98,787,0.468,223,0.355,380,0.706,354,1079,514,199,119,381,486,,,0.32,0.373,0.562,53.1,65.3,,7,0.534,16.4,,0.226,1,3,1,0,0
2006,Final Four,3,Florida,11,George Mason,0,39,33,0.846,20.21,1061,0.5,289,0.392,641,0.744,421,1402,650,297,207,561,623,,,0.407,0.348,0.603,52.7,61.3,,9.1,0.569,18.2,,0.302,1,8,3,2,1,35,27,0.771,12.11,897,0.481,206,0.356,429,0.664,352,1221,507,249,123,449,529,,,0.347,0.311,0.56,51.5,56.5,,6.3,0.537,17.1,,0.23,0,3,1,1,0
2006,Elite Eight,1,UConn,11,George Mason,1,34,30,0.882,21.22,988,0.473,188,0.366,617,0.706,533,1488,541,225,298,489,531,,,0.419,0.246,0.556,56.1,54.8,,13.5,0.518,16.3,,0.295,1,19,11,2,2,35,27,0.771,12.11,897,0.481,206,0.356,429,0.664,352,1221,507,249,123,449,529,,,0.347,0.311,0.56,51.5,56.5,,6.3,0.537,17.1,,0.23,0,3,1,1,0
2006,First Round,6,Michigan State,11,George Mason,1,34,22,0.647,12.24,896,0.477,204,0.378,524,0.769,373,1212,567,214,101,478,627,,,0.362,0.287,0.572,53.9,63.3,,5.3,0.531,17.8,,0.279,0,9,6,4,1,35,27,0.771,12.11,897,0.481,206,0.356,429,0.664,352,1221,507,249,123,449,529,,,0.347,0.311,0.56,51.5,56.5,,6.3,0.537,17.1,,0.23,0,3,1,1,0
2006,Second Round,3,UNC,11,George Mason,1,31,23,0.742,18.48,863,0.477,215,0.375,519,0.708,432,1237,552,242,127,512,531,,,0.405,0.317,0.57,55.6,64,,6.7,0.536,19.2,,0.287,1,17,10,5,1,35,27,0.771,12.11,897,0.481,206,0.356,429,0.664,352,1221,507,249,123,449,529,,,0.347,0.311,0.56,51.5,56.5,,6.3,0.537,17.1,,0.23,0,3,1,1,0
2006,Sweet Sixteen,7,Wichita State,11,George Mason,1,35,26,0.743,11.45,839,0.441,237,0.366,507,0.724,425,1317,522,183,64,449,547,,,0.368,0.341,0.542,54,62.2,,3.3,0.503,16.7,,0.266,0,1,1,0,0,35,27,0.771,12.11,897,0.481,206,0.356,429,0.664,352,1221,507,249,123,449,529,,,0.347,0.311,0.56,51.5,56.5,,6.3,0.537,17.1,,0.23,0,3,1,1,0
2006,First Round,7,Georgetown,10,Northern Iowa,0,33,23,0.697,13.98,787,0.468,223,0.355,380,0.706,354,1079,514,199,119,381,486,,,0.32,0.373,0.562,53.1,65.3,,7,0.534,16.4,,0.226,1,3,1,0,0,33,23,0.697,11.55,754,0.454,219,0.341,438,0.72,279,1100,439,179,124,401,480,,,0.366,0.386,0.555,51.1,58.2,,6.9,0.52,17.1,,0.264,0,3,0,0,0
2006,First Round,2,Ohio State,15,Davidson,0,32,26,0.813,16.08,833,0.465,262,0.365,435,0.718,321,1088,491,216,89,379,489,,,0.338,0.401,0.568,49.5,58.9,,4.7,0.538,15.4,,0.243,1,5,1,0,0,31,20,0.645,1.89,855,0.454,277,0.369,416,0.761,393,1215,567,151,51,399,570,,,0.29,0.398,0.56,54.1,66.3,,2.8,0.527,15.7,,0.221,0,3,0,0,0
2006,First Round,1,Duke,16,Southern,0,36,32,0.889,21.77,979,0.487,274,0.386,689,0.761,350,1204,546,337,202,496,621,,,0.45,0.353,0.598,48.1,55.8,,9.1,0.555,16.9,,0.343,1,22,17,10,3,33,20,0.606,-5.97,787,0.438,143,0.319,376,0.647,422,1234,391,249,122,561,574,,,0.323,0.249,0.505,52.2,49.7,,6.6,0.478,21.3,,0.209,0,3,0,0,0
2006,Second Round,1,Duke,8,George Washington,0,36,32,0.889,21.77,979,0.487,274,0.386,689,0.761,350,1204,546,337,202,496,621,,,0.45,0.353,0.598,48.1,55.8,,9.1,0.555,16.9,,0.343,1,22,17,10,3,30,27,0.9,9.63,845,0.466,182,0.356,488,0.646,421,1143,511,278,135,420,553,,,0.416,0.282,0.543,52.4,60.5,,8,0.516,16.2,,0.269,1,2,0,0,0
2006,Sweet Sixteen,1,Duke,4,LSU,1,36,32,0.889,21.77,979,0.487,274,0.386,689,0.761,350,1204,546,337,202,496,621,,,0.45,0.353,0.598,48.1,55.8,,9.1,0.555,16.9,,0.343,1,22,17,10,3,36,27,0.75,17.54,972,0.465,147,0.324,542,0.69,496,1447,547,298,236,555,567,,,0.376,0.217,0.534,55.4,56.3,,11,0.5,18.4,,0.259,1,4,2,1,0
2006,Elite Eight,2,Texas,4,LSU,1,37,30,0.811,21.89,983,0.461,269,0.373,546,0.727,518,1498,549,296,186,498,561,,,0.352,0.339,0.559,57.5,55.8,,8.9,0.524,16.7,,0.256,1,14,5,1,0,36,27,0.75,17.54,972,0.465,147,0.324,542,0.69,496,1447,547,298,236,555,567,,,0.376,0.217,0.534,55.4,56.3,,11,0.5,18.4,,0.259,1,4,2,1,0
2006,Final Four,2,UCLA,4,LSU,0,39,32,0.821,17.34,939,0.473,236,0.346,528,0.691,429,1303,541,224,111,562,649,,,0.384,0.343,0.562,53.6,57.6,,5.5,0.532,19.3,,0.266,1,5,3,1,0,36,27,0.75,17.54,972,0.465,147,0.324,542,0.69,496,1447,547,298,236,555,567,,,0.376,0.217,0.534,55.4,56.3,,11,0.5,18.4,,0.259,1,4,2,1,0
2006,First Round,8,George Washington,9,UNC Wilmington,0,30,27,0.9,9.63,845,0.466,182,0.356,488,0.646,421,1143,511,278,135,420,553,,,0.416,0.282,0.543,52.4,60.5,,8,0.516,16.2,,0.269,1,2,0,0,0,33,25,0.758,8.9,807,0.432,216,0.338,420,0.699,389,1191,506,248,55,414,682,,,0.322,0.342,0.523,51.4,62.7,,3.3,0.49,16.1,,0.225,0,2,0,0,0
2006,First Round,5,Syracuse,12,Texas A&M,1,35,23,0.657,11.68,913,0.438,260,0.339,449,0.643,476,1338,541,313,221,532,625,,,0.335,0.368,0.525,50.4,59.3,,10.8,0.501,18.1,,0.216,1,25,13,3,1,31,22,0.71,13.19,725,0.446,203,0.361,477,0.679,325,993,509,266,94,416,668,,,0.431,0.346,0.543,49.4,70.2,,6.4,0.508,17.5,,0.293,0,2,0,0,0
2006,Second Round,4,LSU,12,Texas A&M,0,36,27,0.75,17.54,972,0.465,147,0.324,542,0.69,496,1447,547,298,236,555,567,,,0.376,0.217,0.534,55.4,56.3,,11,0.5,18.4,,0.259,1,4,2,1,0,31,22,0.71,13.19,725,0.446,203,0.361,477,0.679,325,993,509,266,94,416,668,,,0.431,0.346,0.543,49.4,70.2,,6.4,0.508,17.5,,0.293,0,2,0,0,0
2006,First Round,4,LSU,13,Iona,0,36,27,0.75,17.54,972,0.465,147,0.324,542,0.69,496,1447,547,298,236,555,567,,,0.376,0.217,0.534,55.4,56.3,,11,0.5,18.4,,0.259,1,4,2,1,0,31,23,0.742,6.86,881,0.48,196,0.402,517,0.691,413,1140,481,239,128,468,576,,,0.408,0.266,0.565,51.7,54.6,,7,0.534,17.6,,0.282,0,3,0,0,0
2006,First Round,6,West Virginia,11,Southern Illinois,0,33,22,0.667,14.51,835,0.445,337,0.349,327,0.745,258,915,576,266,93,287,419,,,0.234,0.516,0.56,42.4,69,,5.1,0.535,12.1,,0.174,1,4,2,0,0,33,22,0.667,8.93,707,0.412,183,0.334,397,0.686,384,1073,404,278,105,473,653,,,0.338,0.32,0.501,50.7,57.1,,7,0.466,19.2,,0.232,0,2,0,0,0
2006,Second Round,6,West Virginia,14,Northwestern State,0,33,22,0.667,14.51,835,0.445,337,0.349,327,0.745,258,915,576,266,93,287,419,,,0.234,0.516,0.56,42.4,69,,5.1,0.535,12.1,,0.174,1,4,2,0,0,34,26,0.765,4.01,914,0.461,226,0.367,519,0.666,458,1224,589,312,113,535,698,,,0.393,0.311,0.547,51.2,64.4,,6,0.518,18.5,,0.262,0,2,0,0,0
2006,First Round,3,Iowa,14,Northwestern State,1,34,25,0.735,14.18,781,0.431,191,0.335,501,0.71,372,1285,502,225,167,506,517,,,0.39,0.315,0.525,52.4,64.3,,8.7,0.484,19.1,,0.277,1,4,1,0,0,34,26,0.765,4.01,914,0.461,226,0.367,519,0.666,458,1224,589,312,113,535,698,,,0.393,0.311,0.547,51.2,64.4,,6,0.518,18.5,,0.262,0,2,0,0,0
2006,First Round,7,California,10,NC State,1,31,20,0.645,12.31,717,0.449,169,0.374,525,0.733,301,1002,402,162,83,384,518,,,0.448,0.283,0.549,51.2,56.1,,5,0.502,16.5,,0.329,0,8,2,0,0,32,22,0.688,12.7,793,0.465,288,0.371,509,0.751,284,1050,500,233,150,434,565,,,0.398,0.456,0.588,47.8,63.1,,8.1,0.55,17.6,,0.299,0,6,1,0,0
2006,Second Round,2,Texas,10,NC State,0,37,30,0.811,21.89,983,0.461,269,0.373,546,0.727,518,1498,549,296,186,498,561,,,0.352,0.339,0.559,57.5,55.8,,8.9,0.524,16.7,,0.256,1,14,5,1,0,32,22,0.688,12.7,793,0.465,288,0.371,509,0.751,284,1050,500,233,150,434,565,,,0.398,0.456,0.588,47.8,63.1,,8.1,0.55,17.6,,0.299,0,6,1,0,0
2006,First Round,2,Texas,15,Penn,0,37,30,0.811,21.89,983,0.461,269,0.373,546,0.727,518,1498,549,296,186,498,561,,,0.352,0.339,0.559,57.5,55.8,,8.9,0.524,16.7,,0.256,1,14,5,1,0,29,20,0.69,6.01,710,0.445,196,0.323,371,0.675,302,919,413,283,78,382,532,,,0.345,0.381,0.535,48.6,58.2,,5.4,0.507,17.1,,0.233,0,9,0,0,0
2006,Sweet Sixteen,2,Texas,6,West Virginia,0,37,30,0.811,21.89,983,0.461,269,0.373,546,0.727,518,1498,549,296,186,498,561,,,0.352,0.339,0.559,57.5,55.8,,8.9,0.524,16.7,,0.256,1,14,5,1,0,33,22,0.667,14.51,835,0.445,337,0.349,327,0.745,258,915,576,266,93,287,419,,,0.234,0.516,0.56,42.4,69,,5.1,0.535,12.1,,0.174,1,4,2,0,0
2006,First Round,1,Memphis,16,Oral Roberts,0,37,33,0.892,18.81,1034,0.451,277,0.354,616,0.682,568,1528,566,361,235,575,757,,,0.394,0.342,0.544,54.4,54.7,,11.2,0.512,17.5,,0.269,1,8,4,1,0,33,21,0.636,3.23,866,0.46,218,0.389,522,0.709,435,1215,528,220,140,472,583,,,0.391,0.297,0.554,53.4,61,,7.5,0.518,17.5,,0.277,0,1,0,0,0
2006,Second Round,1,Memphis,9,Bucknell,0,37,33,0.892,18.81,1034,0.451,277,0.354,616,0.682,568,1528,566,361,235,575,757,,,0.394,0.342,0.544,54.4,54.7,,11.2,0.512,17.5,,0.269,1,8,4,1,0,32,27,0.844,7.29,726,0.465,196,0.39,466,0.696,308,1032,457,279,55,474,561,,,0.429,0.322,0.563,52.4,62.9,,3.6,0.528,20.2,,0.299,0,2,0,0,0
2006,First Round,8,Arkansas,9,Bucknell,1,32,22,0.688,15.01,841,0.458,179,0.336,498,0.692,390,1118,495,266,194,428,541,,,0.392,0.29,0.541,50.2,58.9,,10.7,0.507,16.4,,0.271,0,2,1,0,0,32,27,0.844,7.29,726,0.465,196,0.39,466,0.696,308,1032,457,279,55,474,561,,,0.429,0.322,0.563,52.4,62.9,,3.6,0.528,20.2,,0.299,0,2,0,0,0
2006,Sweet Sixteen,1,Memphis,13,Bradley,0,37,33,0.892,18.81,1034,0.451,277,0.354,616,0.682,568,1528,566,361,235,575,757,,,0.394,0.342,0.544,54.4,54.7,,11.2,0.512,17.5,,0.269,1,8,4,1,0,33,22,0.667,11.78,848,0.439,185,0.336,478,0.718,419,1241,533,294,151,497,614,,,0.345,0.285,0.524,52,62.9,,8.2,0.487,18.1,,0.247,0,1,1,0,0
2006,Second Round,5,Pitt,13,Bradley,1,33,25,0.758,16.37,840,0.456,206,0.352,505,0.693,422,1281,541,203,128,452,565,,,0.396,0.318,0.546,55.4,64.4,,6.9,0.512,17.1,,0.274,1,3,1,0,0,33,22,0.667,11.78,848,0.439,185,0.336,478,0.718,419,1241,533,294,151,497,614,,,0.345,0.285,0.524,52,62.9,,8.2,0.487,18.1,,0.247,0,1,1,0,0
2006,First Round,4,Kansas,13,Bradley,1,33,25,0.758,20.02,912,0.474,205,0.38,451,0.672,433,1305,589,323,185,516,599,,,0.349,0.28,0.553,53.6,64.6,,9.8,0.528,18.7,,0.235,1,8,4,0,0,33,22,0.667,11.78,848,0.439,185,0.336,478,0.718,419,1241,533,294,151,497,614,,,0.345,0.285,0.524,52,62.9,,8.2,0.487,18.1,,0.247,0,1,1,0,0
2006,Elite Eight,1,Memphis,2,UCLA,1,37,33,0.892,18.81,1034,0.451,277,0.354,616,0.682,568,1528,566,361,235,575,757,,,0.394,0.342,0.544,54.4,54.7,,11.2,0.512,17.5,,0.269,1,8,4,1,0,39,32,0.821,17.34,939,0.473,236,0.346,528,0.691,429,1303,541,224,111,562,649,,,0.384,0.343,0.562,53.6,57.6,,5.5,0.532,19.3,,0.266,1,5,3,1,0
2006,First Round,5,Pitt,12,Kent State,0,33,25,0.758,16.37,840,0.456,206,0.352,505,0.693,422,1281,541,203,128,452,565,,,0.396,0.318,0.546,55.4,64.4,,6.9,0.512,17.1,,0.274,1,3,1,0,0,34,25,0.735,6.27,844,0.447,237,0.359,533,0.715,377,1130,452,265,82,451,682,,,0.395,0.35,0.548,52,53.6,,4.8,0.51,16.8,,0.282,0,1,0,0,0
2006,First Round,6,Indiana,11,San Diego State,0,31,19,0.613,12.1,797,0.461,276,0.395,361,0.69,319,1053,466,196,72,446,574,,,0.302,0.404,0.564,50.8,58.5,,4.2,0.54,18.4,,0.209,0,4,1,1,0,33,24,0.727,9.81,839,0.46,220,0.396,558,0.728,430,1176,432,251,101,498,545,,,0.421,0.305,0.561,52.9,51.5,,5.3,0.521,18.5,,0.306,0,9,4,3,1
2006,First Round,3,Gonzaga,14,Xavier,0,33,29,0.879,12.32,897,0.477,182,0.364,667,0.782,411,1239,459,234,94,434,625,,,0.454,0.266,0.579,52.5,51.2,,4.7,0.526,16,,0.355,1,7,3,0,0,32,21,0.656,10.11,778,0.462,218,0.371,516,0.724,338,1121,502,199,152,410,568,,,0.423,0.349,0.566,51.8,64.5,,8.5,0.526,16.8,,0.306,0,1,0,0,0
2006,Second Round,3,Gonzaga,6,Indiana,0,33,29,0.879,12.32,897,0.477,182,0.364,667,0.782,411,1239,459,234,94,434,625,,,0.454,0.266,0.579,52.5,51.2,,4.7,0.526,16,,0.355,1,7,3,0,0,31,19,0.613,12.1,797,0.461,276,0.395,361,0.69,319,1053,466,196,72,446,574,,,0.302,0.404,0.564,50.8,58.5,,4.2,0.54,18.4,,0.209,0,4,1,1,0
2006,First Round,7,Marquette,10,Alabama,1,31,20,0.645,11.33,830,0.455,263,0.397,402,0.732,377,1112,482,233,94,458,597,,,0.301,0.364,0.558,49.9,58.1,,5.1,0.527,18,,0.221,0,3,1,1,0,31,18,0.581,10.79,758,0.456,174,0.345,488,0.708,389,1135,379,195,152,421,433,,,0.415,0.304,0.547,53.2,50,,8.3,0.508,17.5,,0.294,0,7,1,0,0
2006,Second Round,2,UCLA,10,Alabama,0,39,32,0.821,17.34,939,0.473,236,0.346,528,0.691,429,1303,541,224,111,562,649,,,0.384,0.343,0.562,53.6,57.6,,5.5,0.532,19.3,,0.266,1,5,3,1,0,31,18,0.581,10.79,758,0.456,174,0.345,488,0.708,389,1135,379,195,152,421,433,,,0.415,0.304,0.547,53.2,50,,8.3,0.508,17.5,,0.294,0,7,1,0,0
2006,First Round,2,UCLA,15,Belmont,0,39,32,0.821,17.34,939,0.473,236,0.346,528,0.691,429,1303,541,224,111,562,649,,,0.384,0.343,0.562,53.6,57.6,,5.5,0.532,19.3,,0.266,1,5,3,1,0,31,20,0.645,-3.53,897,0.493,261,0.377,444,0.691,364,1099,518,240,110,503,612,,,0.353,0.38,0.588,50.3,57.7,,5.9,0.565,19.1,,0.244,0,1,0,0,0
2006,Sweet Sixteen,2,UCLA,3,Gonzaga,0,39,32,0.821,17.34,939,0.473,236,0.346,528,0.691,429,1303,541,224,111,562,649,,,0.384,0.343,0.562,53.6,57.6,,5.5,0.532,19.3,,0.266,1,5,3,1,0,33,29,0.879,12.32,897,0.477,182,0.364,667,0.782,411,1239,459,234,94,434,625,,,0.454,0.266,0.579,52.5,51.2,,4.7,0.526,16,,0.355,1,7,3,0,0
2006,First Round,1,UConn,16,Albany (NY),0,34,30,0.882,21.22,988,0.473,188,0.366,617,0.706,533,1488,541,225,298,489,531,,,0.419,0.246,0.556,56.1,54.8,,13.5,0.518,16.3,,0.295,1,19,11,2,2,32,21,0.656,-0.44,743,0.448,223,0.379,485,0.711,349,1077,403,209,81,451,606,,,0.411,0.355,0.553,51.7,54.2,,4.8,0.515,18.5,,0.292,0,1,0,0,0
2006,Second Round,1,UConn,8,Kentucky,0,34,30,0.882,21.22,988,0.473,188,0.366,617,0.706,533,1488,541,225,298,489,531,,,0.419,0.246,0.556,56.1,54.8,,13.5,0.518,16.3,,0.295,1,19,11,2,2,35,22,0.629,13.12,903,0.447,265,0.35,406,0.676,449,1265,495,206,106,464,595,,,0.298,0.375,0.537,52.1,54.8,,5.4,0.513,16.8,,0.201,0,13,9,1,1
2006,Sweet Sixteen,1,UConn,5,Washington,0,34,30,0.882,21.22,988,0.473,188,0.366,617,0.706,533,1488,541,225,298,489,531,,,0.419,0.246,0.556,56.1,54.8,,13.5,0.518,16.3,,0.295,1,19,11,2,2,33,26,0.788,18.08,982,0.471,220,0.365,522,0.749,475,1232,529,273,114,486,634,,,0.334,0.288,0.56,54.3,53.9,,6.1,0.523,16.7,,0.25,1,4,2,0,0
2006,Second Round,4,Illinois,5,Washington,1,33,26,0.788,17.2,848,0.458,241,0.361,374,0.643,403,1179,500,203,79,406,584,,,0.314,0.36,0.543,54.5,59,,4.8,0.523,16,,0.202,1,5,3,1,0,33,26,0.788,18.08,982,0.471,220,0.365,522,0.749,475,1232,529,273,114,486,634,,,0.334,0.288,0.56,54.3,53.9,,6.1,0.523,16.7,,0.25,1,4,2,0,0
2006,First Round,8,Kentucky,9,UAB,0,35,22,0.629,13.12,903,0.447,265,0.35,406,0.676,449,1265,495,206,106,464,595,,,0.298,0.375,0.537,52.1,54.8,,5.4,0.513,16.8,,0.201,0,13,9,1,1,31,24,0.774,9.64,822,0.453,222,0.343,440,0.647,337,971,482,337,111,395,560,,,0.374,0.356,0.539,44.2,58.6,,6.6,0.514,15.6,,0.242,1,3,1,0,0
2006,First Round,5,Washington,12,Utah State,0,33,26,0.788,18.08,982,0.471,220,0.365,522,0.749,475,1232,529,273,114,486,634,,,0.334,0.288,0.56,54.3,53.9,,6.1,0.523,16.7,,0.25,1,4,2,0,0,32,23,0.719,7.76,853,0.498,232,0.401,369,0.722,304,1080,552,165,91,421,492,,,0.298,0.338,0.59,52,64.7,,5,0.565,17.7,,0.215,0,6,0,0,0
2006,First Round,4,Illinois,13,Air Force,0,33,26,0.788,17.2,848,0.458,241,0.361,374,0.643,403,1179,500,203,79,406,584,,,0.314,0.36,0.543,54.5,59,,4.8,0.523,16,,0.202,1,5,3,1,0,31,24,0.774,10.2,683,0.483,276,0.404,348,0.745,204,763,445,249,67,335,472,,,0.331,0.484,0.609,45.7,65.2,,4.7,0.581,17,,0.246,0,1,0,0,0
2006,First Round,3,UNC,14,Murray State,0,31,23,0.742,18.48,863,0.477,215,0.375,519,0.708,432,1237,552,242,127,512,531,,,0.405,0.317,0.57,55.6,64,,6.7,0.536,19.2,,0.287,1,17,10,5,1,31,24,0.774,4.16,808,0.45,230,0.353,357,0.651,410,1141,485,250,147,387,568,,,0.305,0.363,0.536,52,60,,8.9,0.514,15.8,,0.199,0,2,0,0,0
2006,First Round,7,Wichita State,10,Seton Hall,0,35,26,0.743,11.45,839,0.441,237,0.366,507,0.724,425,1317,522,183,64,449,547,,,0.368,0.341,0.542,54,62.2,,3.3,0.503,16.7,,0.266,0,1,1,0,0,30,18,0.6,6.78,692,0.409,174,0.335,475,0.746,375,1105,373,206,81,403,569,,,0.377,0.308,0.51,51.4,53.9,,4.9,0.461,16.8,,0.281,0,2,0,0,0
2006,First Round,2,Tennessee,15,Winthrop,0,30,22,0.733,14.73,859,0.464,264,0.387,431,0.701,352,1005,509,301,98,386,542,,,0.332,0.369,0.563,48,59.3,,5.7,0.535,15.3,,0.233,1,3,1,0,0,31,23,0.742,6.28,778,0.448,238,0.362,482,0.692,402,1127,490,298,102,439,530,,,0.402,0.379,0.551,54,63,,6.3,0.517,17.5,,0.278,0,6,0,0,0
2006,Second Round,2,Tennessee,7,Wichita State,1,30,22,0.733,14.73,859,0.464,264,0.387,431,0.701,352,1005,509,301,98,386,542,,,0.332,0.369,0.563,48,59.3,,5.7,0.535,15.3,,0.233,1,3,1,0,0,35,26,0.743,11.45,839,0.441,237,0.366,507,0.724,425,1317,522,183,64,449,547,,,0.368,0.341,0.542,54,62.2,,3.3,0.503,16.7,,0.266,0,1,1,0,0
2007,Play-In,16,Niagara,16,Florida A&M,0,35,23,0.657,-3.41,889,0.418,274,0.343,602,0.731,517,1342,467,224,55,473,611,,,0.388,0.376,0.527,52.6,52.5,,2.6,0.483,15.8,,0.283,0,2,0,0,0,35,21,0.6,-9.73,846,0.45,209,0.36,566,0.662,,1291,477,245,63,623,648,,,0.455,0.309,0.539,52.5,56.4,,3.1,0.505,21.4,,0.301,0,2,0,0,0
2007,First Round,1,Kansas,16,Niagara,1,38,33,0.868,22.62,1106,0.494,231,0.396,535,0.66,486,1507,651,350,246,539,718,,,0.362,0.261,0.567,54.6,58.9,,11.5,0.545,17,,0.239,1,9,5,0,0,35,23,0.657,-3.41,889,0.418,274,0.343,602,0.731,517,1342,467,224,55,473,611,,,0.388,0.376,0.527,52.6,52.5,,2.6,0.483,15.8,,0.283,0,2,0,0,0
2007,Second Round,1,Kansas,8,Kentucky,0,38,33,0.868,22.62,1106,0.494,231,0.396,535,0.66,486,1507,651,350,246,539,718,,,0.362,0.261,0.567,54.6,58.9,,11.5,0.545,17,,0.239,1,9,5,0,0,34,22,0.647,17.12,890,0.476,231,0.355,485,0.703,370,1235,537,201,161,493,547,,,0.369,0.348,0.568,52.3,60.3,,7.9,0.538,18.3,,0.26,0,14,9,1,1
2007,Sweet Sixteen,1,Kansas,4,Southern Illinois,0,38,33,0.868,22.62,1106,0.494,231,0.396,535,0.66,486,1507,651,350,246,539,718,,,0.362,0.261,0.567,54.6,58.9,,11.5,0.545,17,,0.239,1,9,5,0,0,36,29,0.806,13.59,762,0.448,224,0.366,518,0.693,346,1076,414,237,116,504,728,,,0.439,0.36,0.551,51.4,54.3,,7.4,0.514,19.7,,0.304,1,3,1,0,0
2007,Elite Eight,1,Kansas,2,UCLA,1,38,33,0.868,22.62,1106,0.494,231,0.396,535,0.66,486,1507,651,350,246,539,718,,,0.362,0.261,0.567,54.6,58.9,,11.5,0.545,17,,0.239,1,9,5,0,0,36,30,0.833,20.9,948,0.477,245,0.371,428,0.666,386,1184,519,269,116,444,595,,,0.324,0.332,0.56,52,54.7,,8.7,0.539,16.2,,0.215,1,6,4,2,0
2007,Final Four,1,Florida,2,UCLA,0,40,35,0.875,23.82,1125,0.526,297,0.409,646,0.69,447,1504,614,266,194,565,626,,,0.438,0.34,0.618,56.4,54.6,,8.4,0.596,18,,0.302,1,9,4,3,2,36,30,0.833,20.9,948,0.477,245,0.371,428,0.666,386,1184,519,269,116,444,595,,,0.324,0.332,0.56,52,54.7,,8.7,0.539,16.2,,0.215,1,6,4,2,0
2007,First Round,8,Kentucky,9,Villanova,0,34,22,0.647,17.12,890,0.476,231,0.355,485,0.703,370,1235,537,201,161,493,547,,,0.369,0.348,0.568,52.3,60.3,,7.9,0.538,18.3,,0.26,0,14,9,1,1,33,22,0.667,16.13,775,0.424,248,0.352,594,0.781,438,1196,419,267,107,450,645,,,0.417,0.385,0.546,53.3,54.1,,6.3,0.492,17.1,,0.325,0,5,2,0,0
2007,First Round,5,Virginia Tech,12,Illinois,0,34,22,0.647,14.35,886,0.468,163,0.363,493,0.66,366,1131,449,285,159,371,619,,,0.394,0.237,0.54,49.6,50.7,,8.7,0.511,14.2,,0.26,0,3,0,0,0,35,23,0.657,14.18,790,0.432,241,0.349,424,0.624,437,1231,488,205,99,491,604,,,0.372,0.378,0.521,54,61.8,,5.7,0.498,18.6,,0.232,0,6,3,1,0
2007,First Round,4,Southern Illinois,13,Holy Cross,0,36,29,0.806,13.59,762,0.448,224,0.366,518,0.693,346,1076,414,237,116,504,728,,,0.439,0.36,0.551,51.4,54.3,,7.4,0.514,19.7,,0.304,1,3,1,0,0,34,25,0.735,3.32,738,0.435,191,0.351,504,0.734,386,1091,463,324,123,521,621,,,0.405,0.321,0.537,53.6,62.7,,7.8,0.492,20.5,,0.297,0,6,1,0,0
2007,Second Round,4,Southern Illinois,5,Virginia Tech,0,36,29,0.806,13.59,762,0.448,224,0.366,518,0.693,346,1076,414,237,116,504,728,,,0.439,0.36,0.551,51.4,54.3,,7.4,0.514,19.7,,0.304,1,3,1,0,0,34,22,0.647,14.35,886,0.468,163,0.363,493,0.66,366,1131,449,285,159,371,619,,,0.394,0.237,0.54,49.6,50.7,,8.7,0.511,14.2,,0.26,0,3,0,0,0
2007,First Round,6,Duke,11,VCU,1,33,22,0.667,18.85,822,0.469,198,0.381,481,0.689,379,1165,433,241,157,509,577,,,0.398,0.296,0.557,53.7,52.7,,8.7,0.525,19.6,,0.274,0,23,17,10,3,35,28,0.8,9.5,901,0.457,244,0.401,580,0.728,427,1165,475,268,106,394,643,,,0.404,0.309,0.559,50.9,52.7,,5.9,0.519,14.4,,0.294,0,1,0,0,0
2007,Second Round,3,Pitt,11,VCU,0,37,29,0.784,16.99,961,0.472,229,0.382,486,0.661,445,1320,647,194,133,441,613,,,0.361,0.294,0.553,53.5,67.3,,6.6,0.529,15.6,,0.239,1,4,2,0,0,35,28,0.8,9.5,901,0.457,244,0.401,580,0.728,427,1165,475,268,106,394,643,,,0.404,0.309,0.559,50.9,52.7,,5.9,0.519,14.4,,0.294,0,1,0,0,0
2007,First Round,3,Pitt,14,Wright State,0,37,29,0.784,16.99,961,0.472,229,0.382,486,0.661,445,1320,647,194,133,441,613,,,0.361,0.294,0.553,53.5,67.3,,6.6,0.529,15.6,,0.239,1,4,2,0,0,33,23,0.697,1.94,766,0.438,180,0.347,413,0.732,334,1060,402,196,50,400,574,,,0.322,0.297,0.527,49.5,52.5,,2.9,0.489,16.5,,0.236,0,3,0,0,0
2007,First Round,7,Indiana,10,Gonzaga,0,32,21,0.656,16.78,783,0.446,252,0.381,428,0.71,375,1082,424,206,140,396,657,,,0.344,0.377,0.55,51.9,54.2,,8.9,0.518,16.2,,0.244,0,13,3,1,0,34,23,0.676,12.15,933,0.483,230,0.395,572,0.751,353,1271,492,212,123,473,654,,,0.394,0.302,0.582,52.7,52.7,,6.1,0.542,17.1,,0.296,0,8,3,0,0
2007,First Round,2,UCLA,15,Weber State,0,36,30,0.833,20.9,948,0.477,245,0.371,428,0.666,386,1184,519,269,116,444,595,,,0.324,0.332,0.56,52,54.7,,8.7,0.539,16.2,,0.215,1,6,4,2,0,32,20,0.625,-4.03,772,0.489,180,0.395,542,0.672,307,1050,437,212,78,515,611,,,0.511,0.289,0.577,50.7,56.6,,4.3,0.546,20.8,,0.343,0,1,0,0,0
2007,Second Round,2,UCLA,7,Indiana,0,36,30,0.833,20.9,948,0.477,245,0.371,428,0.666,386,1184,519,269,116,444,595,,,0.324,0.332,0.56,52,54.7,,8.7,0.539,16.2,,0.215,1,6,4,2,0,32,21,0.656,16.78,783,0.446,252,0.381,428,0.71,375,1082,424,206,140,396,657,,,0.344,0.377,0.55,51.9,54.2,,8.9,0.518,16.2,,0.244,0,13,3,1,0
2007,Sweet Sixteen,2,UCLA,3,Pitt,0,36,30,0.833,20.9,948,0.477,245,0.371,428,0.666,386,1184,519,269,116,444,595,,,0.324,0.332,0.56,52,54.7,,8.7,0.539,16.2,,0.215,1,6,4,2,0,37,29,0.784,16.99,961,0.472,229,0.382,486,0.661,445,1320,647,194,133,441,613,,,0.361,0.294,0.553,53.5,67.3,,6.6,0.529,15.6,,0.239,1,4,2,0,0
2007,First Round,1,UNC,16,Eastern Kentucky,0,38,31,0.816,26.41,1187,0.499,215,0.358,669,0.712,522,1551,696,309,173,524,647,,,0.395,0.252,0.577,55.8,58.6,,7.5,0.544,15.6,,0.281,1,18,11,5,1,33,21,0.636,-4.19,782,0.462,264,0.348,323,0.68,280,930,477,263,84,446,449,,,0.281,0.448,0.561,46.7,61,,4.9,0.541,18.9,,0.191,0,1,0,0,0
2007,Second Round,1,UNC,9,Michigan State,0,38,31,0.816,26.41,1187,0.499,215,0.358,669,0.712,522,1551,696,309,173,524,647,,,0.395,0.252,0.577,55.8,58.6,,7.5,0.544,15.6,,0.281,1,18,11,5,1,35,23,0.657,16.3,806,0.469,182,0.374,482,0.718,394,1217,560,180,162,521,652,,,0.391,0.283,0.559,55.6,69.5,,9.3,0.522,20.4,,0.281,0,10,6,4,1
2007,First Round,8,Marquette,9,Michigan State,1,34,24,0.706,14.14,851,0.436,217,0.333,524,0.669,488,1251,475,295,115,496,691,,,0.401,0.334,0.526,52.4,55.8,,6.4,0.492,17.6,,0.269,1,4,1,1,0,35,23,0.657,16.3,806,0.469,182,0.374,482,0.718,394,1217,560,180,162,521,652,,,0.391,0.283,0.559,55.6,69.5,,9.3,0.522,20.4,,0.281,0,10,6,4,1
2007,Sweet Sixteen,1,UNC,5,USC,0,38,31,0.816,26.41,1187,0.499,215,0.358,669,0.712,522,1551,696,309,173,524,647,,,0.395,0.252,0.577,55.8,58.6,,7.5,0.544,15.6,,0.281,1,18,11,5,1,37,25,0.676,13.78,946,0.476,207,0.396,557,0.715,349,1277,472,206,148,540,660,,,0.392,0.263,0.563,50,49.9,,6.8,0.528,18.6,,0.28,1,6,2,0,0
2007,Second Round,4,Texas,5,USC,1,35,25,0.714,15.6,963,0.445,308,0.389,626,0.736,482,1391,479,262,197,434,611,,,0.393,0.366,0.557,51.4,49.7,,9,0.516,14.5,,0.289,1,15,5,1,0,37,25,0.676,13.78,946,0.476,207,0.396,557,0.715,349,1277,472,206,148,540,660,,,0.392,0.263,0.563,50,49.9,,6.8,0.528,18.6,,0.28,1,6,2,0,0
2007,Elite Eight,1,UNC,2,Georgetown,1,38,31,0.816,26.41,1187,0.499,215,0.358,669,0.712,522,1551,696,309,173,524,647,,,0.395,0.252,0.577,55.8,58.6,,7.5,0.544,15.6,,0.281,1,18,11,5,1,37,30,0.811,19.62,923,0.505,235,0.37,474,0.711,409,1250,545,192,189,497,609,,,0.365,0.348,0.596,54.3,59,,9.8,0.57,18.8,,0.26,1,4,2,1,0
2007,Final Four,1,Ohio State,2,Georgetown,0,39,35,0.897,21.54,1029,0.472,287,0.361,560,0.703,433,1390,583,265,218,443,534,,,0.366,0.365,0.568,52.1,56.7,,9.7,0.538,14.8,,0.257,1,6,2,1,0,37,30,0.811,19.62,923,0.505,235,0.37,474,0.711,409,1250,545,192,189,497,609,,,0.365,0.348,0.596,54.3,59,,9.8,0.57,18.8,,0.26,1,4,2,1,0
2007,First Round,5,USC,12,Arkansas,0,37,25,0.676,13.78,946,0.476,207,0.396,557,0.715,349,1277,472,206,148,540,660,,,0.392,0.263,0.563,50,49.9,,6.8,0.528,18.6,,0.28,1,6,2,0,0,35,21,0.6,13.77,881,0.461,212,0.346,513,0.703,392,1233,521,240,221,532,612,,,0.382,0.321,0.551,51.8,59.1,,11,0.517,19.1,,0.269,0,3,1,0,0
2007,First Round,4,Texas,13,New Mexico State,0,35,25,0.714,15.6,963,0.445,308,0.389,626,0.736,482,1391,479,262,197,434,611,,,0.393,0.366,0.557,51.4,49.7,,9,0.516,14.5,,0.289,1,15,5,1,0,34,25,0.735,5.04,906,0.479,199,0.388,641,0.657,459,1285,472,242,94,573,698,,,0.516,0.271,0.564,53.4,52.1,,4.8,0.532,19.6,,0.339,0,1,0,0,0
2007,First Round,6,Vanderbilt,11,George Washington,0,34,22,0.647,12.76,904,0.456,317,0.376,469,0.729,346,1146,578,257,93,422,584,,,0.324,0.425,0.567,48.4,63.9,,4.8,0.536,15.6,,0.236,0,4,2,0,0,32,23,0.719,5.61,824,0.458,171,0.368,428,0.7,389,1090,462,292,142,444,603,,,0.34,0.258,0.538,50.6,56.1,,8.5,0.506,17.5,,0.238,0,3,0,0,0
2007,First Round,3,Washington State,14,Oral Roberts,0,34,26,0.765,13.33,826,0.465,196,0.372,425,0.717,271,1043,472,226,155,355,549,,,0.334,0.297,0.552,48.2,57.1,,8.8,0.52,14.7,,0.239,1,1,0,0,0,34,23,0.676,4.54,824,0.466,204,0.361,588,0.711,372,1204,459,212,154,513,601,,,0.468,0.32,0.565,53.3,55.7,,8.1,0.524,19.2,,0.333,0,2,0,0,0
2007,Second Round,3,Washington State,6,Vanderbilt,1,34,26,0.765,13.33,826,0.465,196,0.372,425,0.717,271,1043,472,226,155,355,549,,,0.334,0.297,0.552,48.2,57.1,,8.8,0.52,14.7,,0.239,1,1,0,0,0,34,22,0.647,12.76,904,0.456,317,0.376,469,0.729,346,1146,578,257,93,422,584,,,0.324,0.425,0.567,48.4,63.9,,4.8,0.536,15.6,,0.236,0,4,2,0,0
2007,Sweet Sixteen,2,Georgetown,6,Vanderbilt,0,37,30,0.811,19.62,923,0.505,235,0.37,474,0.711,409,1250,545,192,189,497,609,,,0.365,0.348,0.596,54.3,59,,9.8,0.57,18.8,,0.26,1,4,2,1,0,34,22,0.647,12.76,904,0.456,317,0.376,469,0.729,346,1146,578,257,93,422,584,,,0.324,0.425,0.567,48.4,63.9,,4.8,0.536,15.6,,0.236,0,4,2,0,0
2007,First Round,7,Boston College,10,Texas Tech,0,33,21,0.636,13.76,842,0.478,196,0.349,573,0.724,394,1142,483,188,191,455,505,,,0.449,0.319,0.573,51.2,57.4,,9.6,0.533,17.5,,0.325,0,8,1,0,0,34,21,0.618,9.71,842,0.453,208,0.412,545,0.739,321,1042,452,231,62,396,592,,,0.397,0.272,0.552,46.5,53.7,,3.3,0.509,15.2,,0.293,0,28,15,5,3
2007,First Round,2,Georgetown,15,Belmont,0,37,30,0.811,19.62,923,0.505,235,0.37,474,0.711,409,1250,545,192,189,497,609,,,0.365,0.348,0.596,54.3,59,,9.8,0.57,18.8,,0.26,1,4,2,1,0,33,23,0.697,-0.39,848,0.462,288,0.355,406,0.692,373,1228,513,201,105,528,605,,,0.32,0.442,0.565,51.9,60.5,,5.5,0.54,20,,0.221,0,2,0,0,0
2007,Second Round,2,Georgetown,7,Boston College,0,37,30,0.811,19.62,923,0.505,235,0.37,474,0.711,409,1250,545,192,189,497,609,,,0.365,0.348,0.596,54.3,59,,9.8,0.57,18.8,,0.26,1,4,2,1,0,33,21,0.636,13.76,842,0.478,196,0.349,573,0.724,394,1142,483,188,191,455,505,,,0.449,0.319,0.573,51.2,57.4,,9.6,0.533,17.5,,0.325,0,8,1,0,0
2007,First Round,1,Florida,16,Jackson State,1,40,35,0.875,23.82,1125,0.526,297,0.409,646,0.69,447,1504,614,266,194,565,626,,,0.438,0.34,0.618,56.4,54.6,,8.4,0.596,18,,0.302,1,9,4,3,2,35,21,0.6,-12.28,878,0.417,194,0.313,540,0.711,470,1250,469,289,107,537,724,,,0.36,0.294,0.505,48.2,53.4,,5.4,0.463,17.9,,0.256,0,3,0,0,0
2007,Second Round,1,Florida,9,Purdue,0,40,35,0.875,23.82,1125,0.526,297,0.409,646,0.69,447,1504,614,266,194,565,626,,,0.438,0.34,0.618,56.4,54.6,,8.4,0.596,18,,0.302,1,9,4,3,2,34,22,0.647,14.65,843,0.46,219,0.357,471,0.678,388,1121,465,269,89,475,674,,,0.379,0.335,0.549,50.9,55.2,,7.7,0.519,18,,0.257,0,2,0,0,0
2007,First Round,8,Arizona,9,Purdue,1,31,20,0.645,16.24,846,0.478,172,0.341,553,0.75,380,1158,511,189,103,427,425,,,0.416,0.285,0.57,54.1,60.4,,5.3,0.527,16.8,,0.312,0,28,13,5,1,34,22,0.647,14.65,843,0.46,219,0.357,471,0.678,388,1121,465,269,89,475,674,,,0.379,0.335,0.549,50.9,55.2,,7.7,0.519,18,,0.257,0,2,0,0,0
2007,Sweet Sixteen,1,Florida,5,Butler,0,40,35,0.875,23.82,1125,0.526,297,0.409,646,0.69,447,1504,614,266,194,565,626,,,0.438,0.34,0.618,56.4,54.6,,8.4,0.596,18,,0.302,1,9,4,3,2,36,29,0.806,14.34,780,0.435,321,0.369,553,0.76,326,1068,437,195,64,341,688,,,0.406,0.486,0.569,48.8,56,,3.8,0.525,13.8,,0.309,1,2,2,0,0
2007,Second Round,4,Maryland,5,Butler,1,34,25,0.735,19.06,971,0.478,196,0.385,547,0.695,437,1325,587,253,233,544,612,,,0.387,0.25,0.558,51.3,60.5,,11,0.526,18.4,,0.269,1,15,9,2,1,36,29,0.806,14.34,780,0.435,321,0.369,553,0.76,326,1068,437,195,64,341,688,,,0.406,0.486,0.569,48.8,56,,3.8,0.525,13.8,,0.309,1,2,2,0,0
2007,Elite Eight,1,Florida,3,Oregon,0,40,35,0.875,23.82,1125,0.526,297,0.409,646,0.69,447,1504,614,266,194,565,626,,,0.438,0.34,0.618,56.4,54.6,,8.4,0.596,18,,0.302,1,9,4,3,2,37,29,0.784,15.95,963,0.452,350,0.39,531,0.761,432,1273,513,254,74,461,606,,,0.328,0.421,0.57,51.5,53.3,,3.6,0.534,15.8,,0.249,1,5,2,0,0
2007,First Round,5,Butler,12,Old Dominion,0,36,29,0.806,14.34,780,0.435,321,0.369,553,0.76,326,1068,437,195,64,341,688,,,0.406,0.486,0.569,48.8,56,,3.8,0.525,13.8,,0.309,1,2,2,0,0,33,24,0.727,7.83,788,0.431,235,0.347,479,0.722,400,1208,483,252,114,406,620,,,0.363,0.371,0.534,52.9,61.3,,6.6,0.495,15.9,,0.262,0,4,0,0,0
2007,First Round,4,Maryland,13,Davidson,0,34,25,0.735,19.06,971,0.478,196,0.385,547,0.695,437,1325,587,253,233,544,612,,,0.387,0.25,0.558,51.3,60.5,,11,0.526,18.4,,0.269,1,15,9,2,1,34,29,0.853,8.31,969,0.449,328,0.369,499,0.753,465,1378,559,272,91,495,602,,,0.307,0.412,0.559,54.4,57.7,,4.6,0.525,16.7,,0.231,0,4,0,0,0
2007,First Round,6,Notre Dame,11,Winthrop,1,32,24,0.75,16.94,869,0.459,287,0.39,567,0.743,405,1229,552,271,110,414,582,,,0.403,0.388,0.575,52.9,63.5,,5.8,0.535,15.5,,0.3,1,6,1,0,0,34,29,0.853,9.17,923,0.477,278,0.36,421,0.624,422,1279,567,268,126,445,584,,,0.349,0.399,0.564,54.8,61.4,,6.9,0.549,16.5,,0.218,1,7,0,0,0
2007,Second Round,3,Oregon,11,Winthrop,0,37,29,0.784,15.95,963,0.452,350,0.39,531,0.761,432,1273,513,254,74,461,606,,,0.328,0.421,0.57,51.5,53.3,,3.6,0.534,15.8,,0.249,1,5,2,0,0,34,29,0.853,9.17,923,0.477,278,0.36,421,0.624,422,1279,567,268,126,445,584,,,0.349,0.399,0.564,54.8,61.4,,6.9,0.549,16.5,,0.218,1,7,0,0,0
2007,First Round,3,Oregon,14,Miami (OH),0,37,29,0.784,15.95,963,0.452,350,0.39,531,0.761,432,1273,513,254,74,461,606,,,0.328,0.421,0.57,51.5,53.3,,3.6,0.534,15.8,,0.249,1,5,2,0,0,33,18,0.545,4.81,720,0.46,169,0.333,353,0.709,260,998,421,187,135,434,560,,,0.318,0.325,0.545,49.7,58.5,,8.2,0.514,19.4,,0.226,0,4,1,0,0
2007,Sweet Sixteen,3,Oregon,7,UNLV,0,37,29,0.784,15.95,963,0.452,350,0.39,531,0.761,432,1273,513,254,74,461,606,,,0.328,0.421,0.57,51.5,53.3,,3.6,0.534,15.8,,0.249,1,5,2,0,0,37,30,0.811,12.98,979,0.445,289,0.36,525,0.716,460,1293,548,289,197,410,670,,,0.333,0.364,0.543,49.8,56,,9.7,0.51,13.9,,0.238,1,10,3,1,0
2007,Second Round,2,Wisconsin,7,UNLV,1,36,30,0.833,19.28,867,0.46,210,0.352,583,0.688,404,1258,494,207,116,407,551,,,0.45,0.317,0.552,53.5,57,,6.2,0.515,15.1,,0.309,1,6,2,0,0,37,30,0.811,12.98,979,0.445,289,0.36,525,0.716,460,1293,548,289,197,410,670,,,0.333,0.364,0.543,49.8,56,,9.7,0.51,13.9,,0.238,1,10,3,1,0
2007,First Round,7,UNLV,10,Georgia Tech,0,37,30,0.811,12.98,979,0.445,289,0.36,525,0.716,460,1293,548,289,197,410,670,,,0.333,0.364,0.543,49.8,56,,9.7,0.51,13.9,,0.238,1,10,3,1,0,32,20,0.625,17.17,935,0.49,201,0.372,444,0.681,445,1166,491,316,114,503,665,,,0.342,0.283,0.567,54.3,52.5,,6.7,0.542,18.5,,0.233,0,5,1,1,0
2007,First Round,2,Wisconsin,15,Texas A&M-Corpus Christi,0,36,30,0.833,19.28,867,0.46,210,0.352,583,0.688,404,1258,494,207,116,407,551,,,0.45,0.317,0.552,53.5,57,,6.2,0.515,15.1,,0.309,1,6,2,0,0,33,26,0.788,3.07,912,0.522,192,0.402,599,0.707,374,1173,595,257,95,537,631,,,0.485,0.274,0.608,54.9,65.2,,5.2,0.577,20,,0.343,0,3,0,0,0
2007,First Round,1,Ohio State,16,Central Connecticut,0,39,35,0.897,21.54,1029,0.472,287,0.361,560,0.703,433,1390,583,265,218,443,534,,,0.366,0.365,0.568,52.1,56.7,,9.7,0.538,14.8,,0.257,1,6,2,1,0,34,22,0.647,-3.63,790,0.434,262,0.381,502,0.73,401,1180,424,204,115,481,544,,,0.378,0.378,0.545,51.4,53.7,,6.1,0.505,18.3,,0.276,0,3,0,0,0
2007,Second Round,1,Ohio State,9,Xavier,0,39,35,0.897,21.54,1029,0.472,287,0.361,560,0.703,433,1390,583,265,218,443,534,,,0.366,0.365,0.568,52.1,56.7,,9.7,0.538,14.8,,0.257,1,6,2,1,0,34,25,0.735,14.18,849,0.476,269,0.39,628,0.741,367,1146,508,191,120,430,604,,,0.475,0.386,0.593,51.9,59.8,,6.3,0.551,16.4,,0.352,0,2,0,0,0
2007,First Round,8,BYU,9,Xavier,1,34,25,0.735,11.38,972,0.491,256,0.415,454,0.66,414,1273,542,205,118,456,662,,,0.347,0.311,0.575,54.5,55.8,,6.2,0.555,16.5,,0.229,1,1,0,0,0,34,25,0.735,14.18,849,0.476,269,0.39,628,0.741,367,1146,508,191,120,430,604,,,0.475,0.386,0.593,51.9,59.8,,6.3,0.551,16.4,,0.352,0,2,0,0,0
2007,Sweet Sixteen,1,Ohio State,5,Tennessee,0,39,35,0.897,21.54,1029,0.472,287,0.361,560,0.703,433,1390,583,265,218,443,534,,,0.366,0.365,0.568,52.1,56.7,,9.7,0.538,14.8,,0.257,1,6,2,1,0,35,24,0.686,14.97,981,0.448,327,0.365,542,0.653,473,1254,546,336,108,496,704,,,0.379,0.409,0.548,49.2,55.7,,5.4,0.523,16.1,,0.248,1,4,2,0,0
2007,Second Round,4,Virginia,5,Tennessee,1,32,21,0.656,12.89,812,0.437,257,0.364,582,0.742,422,1248,412,149,103,437,644,,,0.422,0.38,0.552,53.1,50.7,,5.4,0.506,16.4,,0.313,0,2,0,0,0,35,24,0.686,14.97,981,0.448,327,0.365,542,0.653,473,1254,546,336,108,496,704,,,0.379,0.409,0.548,49.2,55.7,,5.4,0.523,16.1,,0.248,1,4,2,0,0
2007,Elite Eight,1,Ohio State,2,Memphis,0,39,35,0.897,21.54,1029,0.472,287,0.361,560,0.703,433,1390,583,265,218,443,534,,,0.366,0.365,0.568,52.1,56.7,,9.7,0.538,14.8,,0.257,1,6,2,1,0,37,33,0.892,19.72,1024,0.455,278,0.351,592,0.621,550,1468,537,344,217,493,732,,,0.424,0.352,0.54,53.6,52.4,,10.8,0.517,15.4,,0.263,1,9,5,1,0
2007,National Championship,1,Ohio State,1,Florida,1,39,35,0.897,21.54,1029,0.472,287,0.361,560,0.703,433,1390,583,265,218,443,534,,,0.366,0.365,0.568,52.1,56.7,,9.7,0.538,14.8,,0.257,1,6,2,1,0,40,35,0.875,23.82,1125,0.526,297,0.409,646,0.69,447,1504,614,266,194,565,626,,,0.438,0.34,0.618,56.4,54.6,,8.4,0.596,18,,0.302,1,9,4,3,2
2007,First Round,5,Tennessee,12,Long Beach State,1,35,24,0.686,14.97,981,0.448,327,0.365,542,0.653,473,1254,546,336,108,496,704,,,0.379,0.409,0.548,49.2,55.7,,5.4,0.523,16.1,,0.248,1,4,2,0,0,32,24,0.75,2.24,906,0.454,273,0.375,490,0.702,410,1171,454,237,91,445,560,,,0.35,0.365,0.554,49.4,50.1,,4.7,0.523,16.1,,0.246,0,1,0,0,0
2007,First Round,4,Virginia,13,Albany (NY),0,32,21,0.656,12.89,812,0.437,257,0.364,582,0.742,422,1248,412,149,103,437,644,,,0.422,0.38,0.552,53.1,50.7,,5.4,0.506,16.4,,0.313,0,2,0,0,0,33,23,0.697,-1.6,798,0.453,227,0.374,418,0.722,364,1112,436,191,82,437,634,,,0.329,0.344,0.55,52.2,54.6,,4.8,0.517,17.7,,0.237,0,2,0,0,0
2007,First Round,6,Louisville,11,Stanford,0,34,24,0.706,16.08,845,0.434,250,0.333,493,0.678,456,1249,495,251,144,434,698,,,0.374,0.386,0.531,51.4,58.6,,8.1,0.498,15.9,,0.253,1,12,7,5,1,31,18,0.581,11.16,778,0.448,174,0.349,426,0.682,395,1193,460,144,184,459,571,,,0.36,0.287,0.53,54.2,59.1,,10.4,0.498,18.4,,0.245,0,3,1,0,0
2007,First Round,3,Texas A&M,14,Penn,0,34,27,0.794,21.27,908,0.498,215,0.422,539,0.716,345,1209,591,224,111,415,663,,,0.413,0.28,0.589,53.6,65.1,,6.2,0.557,16,,0.296,1,3,1,0,0,31,22,0.71,4.16,836,0.488,188,0.362,437,0.664,324,1024,539,263,92,433,573,,,0.384,0.304,0.567,49.8,64.5,,5.4,0.543,17.6,,0.255,0,1,0,0,0
2007,Second Round,3,Texas A&M,6,Louisville,0,34,27,0.794,21.27,908,0.498,215,0.422,539,0.716,345,1209,591,224,111,415,663,,,0.413,0.28,0.589,53.6,65.1,,6.2,0.557,16,,0.296,1,3,1,0,0,34,24,0.706,16.08,845,0.434,250,0.333,493,0.678,456,1249,495,251,144,434,698,,,0.374,0.386,0.531,51.4,58.6,,8.1,0.498,15.9,,0.253,1,12,7,5,1
2007,First Round,7,Nevada,10,Creighton,0,34,29,0.853,10.58,949,0.484,253,0.406,481,0.756,399,1300,569,183,148,451,571,,,0.324,0.318,0.582,54.6,60,,7.2,0.548,16.6,,0.245,1,3,0,0,0,33,22,0.667,12.57,740,0.445,205,0.338,535,0.754,340,1080,441,210,83,417,552,,,0.427,0.365,0.555,51.5,59.6,,4.9,0.507,17.3,,0.322,0,8,0,0,0
2007,First Round,2,Memphis,15,North Texas,0,37,33,0.892,19.72,1024,0.455,278,0.351,592,0.621,550,1468,537,344,217,493,732,,,0.424,0.352,0.54,53.6,52.4,,10.8,0.517,15.4,,0.263,1,9,5,1,0,34,23,0.676,-3.11,926,0.456,226,0.37,539,0.657,484,1356,430,224,151,537,689,,,0.404,0.3,0.541,53.7,46.4,,7.8,0.512,18.2,,0.266,0,1,0,0,0
2007,Second Round,2,Memphis,7,Nevada,0,37,33,0.892,19.72,1024,0.455,278,0.351,592,0.621,550,1468,537,344,217,493,732,,,0.424,0.352,0.54,53.6,52.4,,10.8,0.517,15.4,,0.263,1,9,5,1,0,34,29,0.853,10.58,949,0.484,253,0.406,481,0.756,399,1300,569,183,148,451,571,,,0.324,0.318,0.582,54.6,60,,7.2,0.548,16.6,,0.245,1,3,0,0,0
2007,Sweet Sixteen,2,Memphis,3,Texas A&M,0,37,33,0.892,19.72,1024,0.455,278,0.351,592,0.621,550,1468,537,344,217,493,732,,,0.424,0.352,0.54,53.6,52.4,,10.8,0.517,15.4,,0.263,1,9,5,1,0,34,27,0.794,21.27,908,0.498,215,0.422,539,0.716,345,1209,591,224,111,415,663,,,0.413,0.28,0.589,53.6,65.1,,6.2,0.557,16,,0.296,1,3,1,0,0
2008,Play-In,16,Mount St. Mary's,16,Coppin State,0,34,19,0.559,-3.59,822,0.443,204,0.361,505,0.703,345,1152,437,246,121,486,671,,,0.387,0.304,0.535,48.7,53.2,,9.1,0.498,18.1,,0.272,0,1,0,0,0,37,16,0.432,-14.51,775,0.399,147,0.315,515,0.714,409,1158,347,261,78,539,693,,,0.372,0.24,0.485,46.5,44.8,,4,0.437,19.1,,0.265,0,4,0,0,0
2008,First Round,1,UNC,16,Mount St. Mary's,1,39,36,0.923,24.17,1250,0.488,216,0.372,738,0.757,605,1695,656,318,174,560,658,,,0.38,0.226,0.571,57.2,52.5,,7,0.53,15.6,,0.288,1,19,12,6,1,34,19,0.559,-3.59,822,0.443,204,0.361,505,0.703,345,1152,437,246,121,486,671,,,0.387,0.304,0.535,48.7,53.2,,9.1,0.498,18.1,,0.272,0,1,0,0,0
2008,Second Round,1,UNC,9,Arkansas,1,39,36,0.923,24.17,1250,0.488,216,0.372,738,0.757,605,1695,656,318,174,560,658,,,0.38,0.226,0.571,57.2,52.5,,7,0.53,15.6,,0.288,1,19,12,6,1,35,23,0.657,12.48,936,0.468,207,0.341,514,0.678,446,1274,505,241,182,531,662,,,0.379,0.303,0.549,53.1,54,,9.3,0.519,18.4,,0.257,0,2,0,0,0
2008,First Round,8,Indiana,9,Arkansas,1,33,25,0.758,15.78,839,0.463,221,0.349,577,0.759,386,1247,436,233,125,449,575,,,0.419,0.349,0.569,54.6,52,,6.7,0.523,17.1,,0.318,0,1,0,0,0,35,23,0.657,12.48,936,0.468,207,0.341,514,0.678,446,1274,505,241,182,531,662,,,0.379,0.303,0.549,53.1,54,,9.3,0.519,18.4,,0.257,0,2,0,0,0
2008,Sweet Sixteen,1,UNC,4,Washington State,0,39,36,0.923,24.17,1250,0.488,216,0.372,738,0.757,605,1695,656,318,174,560,658,,,0.38,0.226,0.571,57.2,52.5,,7,0.53,15.6,,0.288,1,19,12,6,1,35,26,0.743,16.35,815,0.475,214,0.368,481,0.728,274,1044,482,218,102,358,534,,,0.385,0.339,0.573,50.2,59.1,,5.9,0.537,15,,0.28,1,2,1,0,0
2008,Elite Eight,1,UNC,3,Louisville,0,39,36,0.923,24.17,1250,0.488,216,0.372,738,0.757,605,1695,656,318,174,560,658,,,0.38,0.226,0.571,57.2,52.5,,7,0.53,15.6,,0.288,1,19,12,6,1,36,27,0.75,19,932,0.463,272,0.35,475,0.647,413,1338,542,289,178,491,659,,,0.365,0.387,0.553,52,58.2,,8.9,0.531,17.2,,0.236,1,13,8,5,1
2008,Sweet Sixteen,2,Tennessee,3,Louisville,1,36,31,0.861,18.41,1035,0.458,312,0.357,564,0.659,501,1358,637,334,119,474,749,,,0.379,0.388,0.553,50.4,61.5,,5.8,0.527,15.1,,0.25,1,5,3,0,0,36,27,0.75,19,932,0.463,272,0.35,475,0.647,413,1338,542,289,178,491,659,,,0.365,0.387,0.553,52,58.2,,8.9,0.531,17.2,,0.236,1,13,8,5,1
2008,First Round,5,Notre Dame,12,George Mason,0,33,25,0.758,16.15,914,0.454,274,0.405,506,0.738,436,1371,608,205,125,429,497,,,0.34,0.336,0.557,53.7,66.5,,5.9,0.522,15.5,,0.251,1,7,1,0,0,34,23,0.676,6.07,827,0.465,205,0.347,497,0.703,340,1170,445,189,108,406,525,,,0.398,0.332,0.557,52.8,53.8,,5.8,0.523,16.1,,0.28,0,4,1,1,0
2008,First Round,4,Washington State,13,Winthrop,0,35,26,0.743,16.35,815,0.475,214,0.368,481,0.728,274,1044,482,218,102,358,534,,,0.385,0.339,0.573,50.2,59.1,,5.9,0.537,15,,0.28,1,2,1,0,0,34,22,0.647,3.61,795,0.438,217,0.37,398,0.591,393,1195,435,284,124,439,591,,,0.371,0.323,0.517,52.2,54.7,,7.2,0.498,17.1,,0.219,0,2,0,0,0
2008,Second Round,4,Washington State,5,Notre Dame,0,35,26,0.743,16.35,815,0.475,214,0.368,481,0.728,274,1044,482,218,102,358,534,,,0.385,0.339,0.573,50.2,59.1,,5.9,0.537,15,,0.28,1,2,1,0,0,33,25,0.758,16.15,914,0.454,274,0.405,506,0.738,436,1371,608,205,125,429,497,,,0.34,0.336,0.557,53.7,66.5,,5.9,0.522,15.5,,0.251,1,7,1,0,0
2008,First Round,6,Oklahoma,11,St. Joseph's,0,35,23,0.657,11.97,831,0.442,220,0.348,496,0.681,391,1240,436,226,135,451,595,,,0.387,0.336,0.534,51.9,52.5,,7,0.501,16.8,,0.264,0,2,0,0,0,34,21,0.618,9.63,859,0.477,247,0.386,519,0.726,337,1086,502,242,154,432,598,,,0.397,0.356,0.58,50,58.4,,13.3,0.546,16.8,,0.288,0,5,2,0,0
2008,First Round,3,Louisville,14,Boise State,0,36,27,0.75,19,932,0.463,272,0.35,475,0.647,413,1338,542,289,178,491,659,,,0.365,0.387,0.553,52,58.2,,8.9,0.531,17.2,,0.236,1,13,8,5,1,34,25,0.735,1.6,994,0.508,271,0.393,508,0.661,335,1218,605,215,80,534,591,,,0.393,0.353,0.596,51.7,60.9,,3.8,0.577,18.7,,0.26,0,1,0,0,0
2008,Second Round,3,Louisville,6,Oklahoma,0,36,27,0.75,19,932,0.463,272,0.35,475,0.647,413,1338,542,289,178,491,659,,,0.365,0.387,0.553,52,58.2,,8.9,0.531,17.2,,0.236,1,13,8,5,1,35,23,0.657,11.97,831,0.442,220,0.348,496,0.681,391,1240,436,226,135,451,595,,,0.387,0.336,0.534,51.9,52.5,,7,0.501,16.8,,0.264,0,2,0,0,0
2008,First Round,7,Butler,10,South Alabama,0,34,30,0.882,13,776,0.449,319,0.38,468,0.737,308,1016,445,221,83,352,588,,,0.367,0.485,0.576,48.9,57.3,,4.9,0.541,14.8,,0.271,1,1,0,0,0,33,26,0.788,7.76,840,0.474,220,0.362,578,0.704,404,1221,509,201,100,457,569,,,0.463,0.342,0.573,54.6,60.6,,5.4,0.536,17.4,,0.326,0,4,0,0,0
2008,First Round,2,Tennessee,15,American,0,36,31,0.861,18.41,1035,0.458,312,0.357,564,0.659,501,1358,637,334,119,474,749,,,0.379,0.388,0.553,50.4,61.5,,5.8,0.527,15.1,,0.25,1,5,3,0,0,33,21,0.636,-1.87,698,0.44,260,0.408,484,0.739,321,1064,390,152,87,458,587,,,0.413,0.402,0.564,52.2,55.9,,5.3,0.522,19.4,,0.305,0,6,2,0,0
2008,Second Round,2,Tennessee,7,Butler,0,36,31,0.861,18.41,1035,0.458,312,0.357,564,0.659,501,1358,637,334,119,474,749,,,0.379,0.388,0.553,50.4,61.5,,5.8,0.527,15.1,,0.25,1,5,3,0,0,34,30,0.882,13,776,0.449,319,0.38,468,0.737,308,1016,445,221,83,352,588,,,0.367,0.485,0.576,48.9,57.3,,4.9,0.541,14.8,,0.271,1,1,0,0,0
2008,First Round,1,Kansas,16,Portland State,0,40,37,0.925,26.9,1176,0.508,271,0.397,598,0.702,482,1547,721,356,235,529,706,,,0.368,0.295,0.592,55.6,61.3,,10.4,0.567,16.3,,0.258,1,10,6,1,1,33,23,0.697,1.72,846,0.464,294,0.393,452,0.677,381,1129,521,231,108,484,591,,,0.367,0.411,0.57,51.6,61.6,,6,0.545,18.5,,0.248,0,1,0,0,0
2008,Second Round,1,Kansas,8,UNLV,0,40,37,0.925,26.9,1176,0.508,271,0.397,598,0.702,482,1547,721,356,235,529,706,,,0.368,0.295,0.592,55.6,61.3,,10.4,0.567,16.3,,0.258,1,10,6,1,1,35,27,0.771,10.23,844,0.422,264,0.332,488,0.747,356,1209,510,278,106,379,605,,,0.327,0.398,0.528,48.8,60.4,,5.6,0.488,14.1,,0.244,0,11,3,1,0
2008,Sweet Sixteen,1,Kansas,12,Villanova,0,40,37,0.925,26.9,1176,0.508,271,0.397,598,0.702,482,1547,721,356,235,529,706,,,0.368,0.295,0.592,55.6,61.3,,10.4,0.567,16.3,,0.258,1,10,6,1,1,35,22,0.629,11,868,0.431,242,0.344,569,0.727,457,1257,466,283,98,503,727,,,0.389,0.349,0.534,51.9,53.7,,5.4,0.491,17.4,,0.283,0,6,3,0,0
2008,First Round,5,Clemson,12,Villanova,1,34,24,0.706,18.05,1000,0.456,271,0.372,422,0.623,536,1305,535,334,185,505,664,,,0.309,0.332,0.536,51.5,53.5,,9.4,0.518,16.7,,0.193,1,4,0,0,0,35,22,0.629,11,868,0.431,242,0.344,569,0.727,457,1257,466,283,98,503,727,,,0.389,0.349,0.534,51.9,53.7,,5.4,0.491,17.4,,0.283,0,6,3,0,0
2008,Elite Eight,1,Kansas,10,Davidson,0,40,37,0.925,26.9,1176,0.508,271,0.397,598,0.702,482,1547,721,356,235,529,706,,,0.368,0.295,0.592,55.6,61.3,,10.4,0.567,16.3,,0.258,1,10,6,1,1,36,29,0.806,13.93,1032,0.469,328,0.364,411,0.717,417,1302,615,290,114,426,654,,,0.261,0.41,0.567,52.4,59.6,,6.1,0.544,14.7,,0.187,1,5,1,0,0
2008,Sweet Sixteen,3,Wisconsin,10,Davidson,1,36,31,0.861,19.59,841,0.449,212,0.356,527,0.705,419,1292,455,221,120,438,517,,,0.399,0.318,0.544,54.3,54.1,,6.4,0.506,16.4,,0.282,1,7,3,0,0,36,29,0.806,13.93,1032,0.469,328,0.364,411,0.717,417,1302,615,290,114,426,654,,,0.261,0.41,0.567,52.4,59.6,,6.1,0.544,14.7,,0.187,1,5,1,0,0
2008,First Round,7,Gonzaga,10,Davidson,1,33,25,0.758,14.81,892,0.485,220,0.375,520,0.712,369,1235,479,253,153,473,584,,,0.397,0.319,0.578,53.7,53.7,,8.2,0.545,17.8,,0.283,1,9,3,0,0,36,29,0.806,13.93,1032,0.469,328,0.364,411,0.717,417,1302,615,290,114,426,654,,,0.261,0.41,0.567,52.4,59.6,,6.1,0.544,14.7,,0.187,1,5,1,0,0
2008,Second Round,2,Georgetown,10,Davidson,1,34,28,0.824,18.73,855,0.49,269,0.384,388,0.654,335,1190,527,236,163,458,600,,,0.34,0.402,0.584,52.1,61.6,,8.9,0.567,18.4,,0.222,1,5,2,1,0,36,29,0.806,13.93,1032,0.469,328,0.364,411,0.717,417,1302,615,290,114,426,654,,,0.261,0.41,0.567,52.4,59.6,,6.1,0.544,14.7,,0.187,1,5,1,0,0
2008,Final Four,1,Kansas,1,UNC,0,40,37,0.925,26.9,1176,0.508,271,0.397,598,0.702,482,1547,721,356,235,529,706,,,0.368,0.295,0.592,55.6,61.3,,10.4,0.567,16.3,,0.258,1,10,6,1,1,39,36,0.923,24.17,1250,0.488,216,0.372,738,0.757,605,1695,656,318,174,560,658,,,0.38,0.226,0.571,57.2,52.5,,7,0.53,15.6,,0.288,1,19,12,6,1
2008,First Round,8,UNLV,9,Kent State,0,35,27,0.771,10.23,844,0.422,264,0.332,488,0.747,356,1209,510,278,106,379,605,,,0.327,0.398,0.528,48.8,60.4,,5.6,0.488,14.1,,0.244,0,11,3,1,0,35,28,0.8,7.47,839,0.464,202,0.367,532,0.714,385,1166,485,300,134,516,653,,,0.412,0.305,0.558,51,57.8,,7.3,0.52,19.3,,0.294,0,2,0,0,0
2008,First Round,4,Vanderbilt,13,Siena,1,34,26,0.765,10.96,928,0.465,303,0.399,562,0.735,359,1197,606,207,118,494,623,,,0.383,0.381,0.577,49.5,65.3,,5.7,0.541,17.3,,0.282,1,5,2,0,0,34,23,0.676,4.06,928,0.451,239,0.382,518,0.689,390,1148,489,320,119,385,526,,,0.365,0.304,0.541,47,52.7,,5.9,0.509,13.7,,0.252,0,3,0,0,0
2008,Second Round,12,Villanova,13,Siena,0,35,22,0.629,11,868,0.431,242,0.344,569,0.727,457,1257,466,283,98,503,727,,,0.389,0.349,0.534,51.9,53.7,,5.4,0.491,17.4,,0.283,0,6,3,0,0,34,23,0.676,4.06,928,0.451,239,0.382,518,0.689,390,1148,489,320,119,385,526,,,0.365,0.304,0.541,47,52.7,,5.9,0.509,13.7,,0.252,0,3,0,0,0
2008,First Round,6,USC,11,Kansas State,1,33,21,0.636,13.89,820,0.48,184,0.387,453,0.685,305,1106,409,188,145,482,530,,,0.387,0.278,0.563,50,49.9,,7.5,0.533,19.2,,0.265,0,7,2,0,0,33,21,0.636,15.79,916,0.443,210,0.317,532,0.687,539,1362,511,249,113,501,666,,,0.374,0.32,0.529,55.6,55.8,,6,0.494,17.1,,0.257,0,1,0,0,0
2008,Second Round,3,Wisconsin,11,Kansas State,0,36,31,0.861,19.59,841,0.449,212,0.356,527,0.705,419,1292,455,221,120,438,517,,,0.399,0.318,0.544,54.3,54.1,,6.4,0.506,16.4,,0.282,1,7,3,0,0,33,21,0.636,15.79,916,0.443,210,0.317,532,0.687,539,1362,511,249,113,501,666,,,0.374,0.32,0.529,55.6,55.8,,6,0.494,17.1,,0.257,0,1,0,0,0
2008,First Round,3,Wisconsin,14,Cal State Fullerton,0,36,31,0.861,19.59,841,0.449,212,0.356,527,0.705,419,1292,455,221,120,438,517,,,0.399,0.318,0.544,54.3,54.1,,6.4,0.506,16.4,,0.282,1,7,3,0,0,33,24,0.727,5.64,974,0.473,285,0.385,467,0.702,391,1182,505,296,51,445,629,,,0.323,0.36,0.568,50.7,51.8,,2.7,0.542,15.8,,0.227,0,1,0,0,0
2008,First Round,2,Georgetown,15,UMBC,0,34,28,0.824,18.73,855,0.49,269,0.384,388,0.654,335,1190,527,236,163,458,600,,,0.34,0.402,0.584,52.1,61.6,,8.9,0.567,18.4,,0.222,1,5,2,1,0,33,24,0.727,0.06,869,0.451,248,0.389,464,0.725,371,1126,500,209,114,318,537,,,0.332,0.33,0.549,49.2,57.5,,6,0.515,12.5,,0.241,0,1,0,0,0
2008,Second Round,1,Memphis,8,Mississippi State,0,40,38,0.95,23.73,1143,0.466,302,0.349,608,0.614,565,1620,637,337,244,470,691,,,0.404,0.352,0.546,54.1,55.7,,10.7,0.527,13.8,,0.248,1,10,6,2,0,34,23,0.676,13.42,885,0.46,235,0.334,484,0.646,410,1385,448,199,267,509,568,,,0.39,0.366,0.546,52.7,50.6,,12.5,0.522,18.3,,0.252,0,5,0,0,0
2008,Sweet Sixteen,1,Memphis,5,Michigan State,0,40,38,0.95,23.73,1143,0.466,302,0.349,608,0.614,565,1620,637,337,244,470,691,,,0.404,0.352,0.546,54.1,55.7,,10.7,0.527,13.8,,0.248,1,10,6,2,0,36,27,0.75,16.32,949,0.48,179,0.371,487,0.737,440,1330,631,208,152,490,665,,,0.335,0.244,0.56,55,66.5,,7.7,0.526,17.6,,0.246,1,11,7,4,1
2008,Second Round,4,Pitt,5,Michigan State,1,37,27,0.73,15.62,997,0.456,225,0.335,512,0.667,533,1399,578,251,125,445,598,,,0.351,0.307,0.536,53,58,,6,0.508,14.9,,0.234,1,5,2,0,0,36,27,0.75,16.32,949,0.48,179,0.371,487,0.737,440,1330,631,208,152,490,665,,,0.335,0.244,0.56,55,66.5,,7.7,0.526,17.6,,0.246,1,11,7,4,1
2008,Elite Eight,1,Memphis,2,Texas,0,40,38,0.95,23.73,1143,0.466,302,0.349,608,0.614,565,1620,637,337,244,470,691,,,0.404,0.352,0.546,54.1,55.7,,10.7,0.527,13.8,,0.248,1,10,6,2,0,38,31,0.816,18.13,1032,0.452,309,0.386,495,0.683,496,1448,501,228,198,359,629,,,0.317,0.35,0.545,51.8,48.5,,8.9,0.519,12,,0.217,1,16,6,1,0
2008,Final Four,1,Memphis,1,UCLA,0,40,38,0.95,23.73,1143,0.466,302,0.349,608,0.614,565,1620,637,337,244,470,691,,,0.404,0.352,0.546,54.1,55.7,,10.7,0.527,13.8,,0.248,1,10,6,2,0,39,35,0.897,21.71,1029,0.476,214,0.35,595,0.732,492,1432,562,285,167,491,569,,,0.376,0.283,0.562,56.3,54.6,,8,0.525,16.1,,0.275,1,7,5,3,0
2008,National Championship,1,Memphis,1,Kansas,1,40,38,0.95,23.73,1143,0.466,302,0.349,608,0.614,565,1620,637,337,244,470,691,,,0.404,0.352,0.546,54.1,55.7,,10.7,0.527,13.8,,0.248,1,10,6,2,0,40,37,0.925,26.9,1176,0.508,271,0.397,598,0.702,482,1547,721,356,235,529,706,,,0.368,0.295,0.592,55.6,61.3,,10.4,0.567,16.3,,0.258,1,10,6,1,1
2008,First Round,8,Mississippi State,9,Oregon,0,34,23,0.676,13.42,885,0.46,235,0.334,484,0.646,410,1385,448,199,267,509,568,,,0.39,0.366,0.546,52.7,50.6,,12.5,0.522,18.3,,0.252,0,5,0,0,0,32,18,0.563,11.68,858,0.48,279,0.392,455,0.694,327,1093,475,148,81,402,586,,,0.367,0.398,0.583,51.3,55.4,,4.3,0.558,16.1,,0.254,0,6,2,0,0
2008,First Round,5,Michigan State,12,Temple,0,36,27,0.75,16.32,949,0.48,179,0.371,487,0.737,440,1330,631,208,152,490,665,,,0.335,0.244,0.56,55,66.5,,7.7,0.526,17.6,,0.246,1,11,7,4,1,34,21,0.618,8.16,857,0.469,266,0.369,477,0.74,302,1108,510,214,148,432,601,,,0.353,0.394,0.575,49.2,59.5,,7.7,0.541,16.8,,0.261,0,10,0,0,0
2008,First Round,4,Pitt,13,Oral Roberts,0,37,27,0.73,15.62,997,0.456,225,0.335,512,0.667,533,1399,578,251,125,445,598,,,0.351,0.307,0.536,53,58,,6,0.508,14.9,,0.234,1,5,2,0,0,33,24,0.727,5.71,785,0.44,223,0.369,489,0.67,371,1182,445,206,132,431,554,,,0.409,0.339,0.536,51.4,56.7,,7.2,0.503,16.8,,0.274,0,3,0,0,0
2008,First Round,6,Marquette,11,Kentucky,0,35,25,0.714,18.62,929,0.446,246,0.353,554,0.706,474,1287,515,325,132,451,733,,,0.377,0.335,0.541,51.9,55.4,,7,0.505,15.5,,0.266,1,5,1,1,0,31,18,0.581,9.19,735,0.469,182,0.369,472,0.733,301,1038,395,206,149,490,586,,,0.411,0.315,0.567,51.2,53.7,,8.8,0.527,20.7,,0.301,0,4,1,0,0
2008,First Round,3,Stanford,14,Cornell,0,36,28,0.778,16.31,901,0.449,199,0.366,552,0.694,478,1409,525,158,187,442,613,,,0.396,0.271,0.535,55.5,58.3,,9.3,0.498,15.6,,0.275,1,4,2,0,0,28,22,0.786,0.76,758,0.485,228,0.409,392,0.761,258,939,427,170,88,381,510,,,0.33,0.357,0.591,50.3,56.3,,5.6,0.558,17.4,,0.251,0,1,0,0,0
2008,Second Round,3,Stanford,6,Marquette,0,36,28,0.778,16.31,901,0.449,199,0.366,552,0.694,478,1409,525,158,187,442,613,,,0.396,0.271,0.535,55.5,58.3,,9.3,0.498,15.6,,0.275,1,4,2,0,0,35,25,0.714,18.62,929,0.446,246,0.353,554,0.706,474,1287,515,325,132,451,733,,,0.377,0.335,0.541,51.9,55.4,,7,0.505,15.5,,0.266,1,5,1,1,0
2008,First Round,7,Miami (FL),10,Saint Mary's,0,34,23,0.676,12.38,867,0.437,236,0.385,572,0.747,433,1293,451,202,157,454,638,,,0.386,0.309,0.541,51.4,52,,8,0.496,16.2,,0.288,0,1,0,0,0,32,25,0.781,11.39,845,0.458,254,0.36,477,0.661,385,1215,468,230,169,439,557,,,0.392,0.383,0.554,52.2,55.4,,9.1,0.527,16.7,,0.259,0,2,0,0,0
2008,First Round,2,Texas,15,Austin Peay,0,38,31,0.816,18.13,1032,0.452,309,0.386,495,0.683,496,1448,501,228,198,359,629,,,0.317,0.35,0.545,51.8,48.5,,8.9,0.519,12,,0.217,1,16,6,1,0,35,24,0.686,-2.21,855,0.446,273,0.382,607,0.714,362,1107,501,335,75,440,616,,,0.443,0.373,0.558,48,58.6,,4,0.517,15.9,,0.317,0,3,0,0,0
2008,Second Round,2,Texas,7,Miami (FL),0,38,31,0.816,18.13,1032,0.452,309,0.386,495,0.683,496,1448,501,228,198,359,629,,,0.317,0.35,0.545,51.8,48.5,,8.9,0.519,12,,0.217,1,16,6,1,0,34,23,0.676,12.38,867,0.437,236,0.385,572,0.747,433,1293,451,202,157,454,638,,,0.386,0.309,0.541,51.4,52,,8,0.496,16.2,,0.288,0,1,0,0,0
2008,Sweet Sixteen,2,Texas,3,Stanford,0,38,31,0.816,18.13,1032,0.452,309,0.386,495,0.683,496,1448,501,228,198,359,629,,,0.317,0.35,0.545,51.8,48.5,,8.9,0.519,12,,0.217,1,16,6,1,0,36,28,0.778,16.31,901,0.449,199,0.366,552,0.694,478,1409,525,158,187,442,613,,,0.396,0.271,0.535,55.5,58.3,,9.3,0.498,15.6,,0.275,1,4,2,0,0
2008,First Round,1,UCLA,16,Mississippi Valley State,0,39,35,0.897,21.71,1029,0.476,214,0.35,595,0.732,492,1432,562,285,167,491,569,,,0.376,0.283,0.562,56.3,54.6,,8,0.525,16.1,,0.275,1,7,5,3,0,33,17,0.515,-15.28,698,0.398,147,0.337,493,0.678,389,1107,379,206,90,473,582,,,0.414,0.248,0.485,48.4,54.3,,5.1,0.44,18.4,,0.281,0,1,0,0,0
2008,Second Round,1,UCLA,9,Texas A&M,0,39,35,0.897,21.71,1029,0.476,214,0.35,595,0.732,492,1432,562,285,167,491,569,,,0.376,0.283,0.562,56.3,54.6,,8,0.525,16.1,,0.275,1,7,5,3,0,36,25,0.694,16.2,909,0.467,211,0.359,519,0.633,424,1402,486,158,145,458,611,,,0.422,0.302,0.546,55,53.5,,7,0.522,16.4,,0.267,0,2,1,0,0
2008,First Round,8,BYU,9,Texas A&M,1,35,27,0.771,11.82,906,0.46,285,0.373,483,0.655,365,1351,587,207,135,492,618,,,0.374,0.388,0.556,53,64.8,,6.6,0.532,17.5,,0.245,0,2,0,0,0,36,25,0.694,16.2,909,0.467,211,0.359,519,0.633,424,1402,486,158,145,458,611,,,0.422,0.302,0.546,55,53.5,,7,0.522,16.4,,0.267,0,2,1,0,0
2008,Sweet Sixteen,1,UCLA,12,Western Kentucky,0,39,35,0.897,21.71,1029,0.476,214,0.35,595,0.732,492,1432,562,285,167,491,569,,,0.376,0.283,0.562,56.3,54.6,,8,0.525,16.1,,0.275,1,7,5,3,0,36,29,0.806,9.34,993,0.472,270,0.393,529,0.701,455,1262,458,288,135,514,768,,,0.358,0.326,0.565,52,46.1,,7.3,0.536,17.3,,0.251,0,1,1,0,0
2008,First Round,5,Drake,12,Western Kentucky,0,33,28,0.848,14.08,816,0.446,310,0.369,498,0.759,399,1128,485,252,85,390,492,,,0.359,0.459,0.57,52.2,59.4,,4.9,0.531,15.4,,0.272,1,1,0,0,0,36,29,0.806,9.34,993,0.472,270,0.393,529,0.701,455,1262,458,288,135,514,768,,,0.358,0.326,0.565,52,46.1,,7.3,0.536,17.3,,0.251,0,1,1,0,0
2008,Elite Eight,1,UCLA,3,Xavier,0,39,35,0.897,21.71,1029,0.476,214,0.35,595,0.732,492,1432,562,285,167,491,569,,,0.376,0.283,0.562,56.3,54.6,,8,0.525,16.1,,0.275,1,7,5,3,0,37,30,0.811,17.17,936,0.474,282,0.391,626,0.749,412,1322,564,206,125,480,643,,,0.424,0.365,0.586,53.9,60.3,,6.1,0.546,16.8,,0.317,1,3,1,0,0
2008,First Round,4,UConn,13,San Diego,1,33,24,0.727,15.54,868,0.462,168,0.361,652,0.72,449,1383,488,189,285,451,506,,,0.481,0.247,0.553,54.2,56.2,,13.1,0.506,16.3,,0.347,1,20,11,2,2,36,22,0.611,3.39,868,0.451,177,0.34,452,0.672,384,1206,476,250,113,538,629,,,0.35,0.27,0.527,51,54.8,,6,0.497,19.3,,0.235,0,1,0,0,0
2008,Second Round,12,Western Kentucky,13,San Diego,0,36,29,0.806,9.34,993,0.472,270,0.393,529,0.701,455,1262,458,288,135,514,768,,,0.358,0.326,0.565,52,46.1,,7.3,0.536,17.3,,0.251,0,1,1,0,0,36,22,0.611,3.39,868,0.451,177,0.34,452,0.672,384,1206,476,250,113,538,629,,,0.35,0.27,0.527,51,54.8,,6,0.497,19.3,,0.235,0,1,0,0,0
2008,First Round,6,Purdue,11,Baylor,0,34,25,0.735,13.1,806,0.424,253,0.373,502,0.712,389,1124,451,286,147,436,671,,,0.371,0.357,0.53,50.2,56,,12.8,0.491,16.3,,0.264,1,3,0,0,0,32,21,0.656,11.46,899,0.454,275,0.378,528,0.743,384,1196,388,237,138,403,665,,,0.359,0.367,0.561,49.9,43.2,,7.2,0.524,14.8,,0.267,0,1,0,0,0
2008,First Round,3,Xavier,14,Georgia,0,37,30,0.811,17.17,936,0.474,282,0.391,626,0.749,412,1322,564,206,125,480,643,,,0.424,0.365,0.586,53.9,60.3,,6.1,0.546,16.8,,0.317,1,3,1,0,0,34,17,0.5,7.24,840,0.429,204,0.33,430,0.679,451,1295,396,228,116,505,612,,,0.324,0.316,0.513,52.8,47.1,,6,0.482,18.3,,0.22,0,4,0,0,0
2008,Second Round,3,Xavier,6,Purdue,0,37,30,0.811,17.17,936,0.474,282,0.391,626,0.749,412,1322,564,206,125,480,643,,,0.424,0.365,0.586,53.9,60.3,,6.1,0.546,16.8,,0.317,1,3,1,0,0,34,25,0.735,13.1,806,0.424,253,0.373,502,0.712,389,1124,451,286,147,436,671,,,0.371,0.357,0.53,50.2,56,,12.8,0.491,16.3,,0.264,1,3,0,0,0
2008,Sweet Sixteen,3,Xavier,7,West Virginia,0,37,30,0.811,17.17,936,0.474,282,0.391,626,0.749,412,1322,564,206,125,480,643,,,0.424,0.365,0.586,53.9,60.3,,6.1,0.546,16.8,,0.317,1,3,1,0,0,37,26,0.703,17.97,983,0.453,264,0.355,539,0.689,453,1332,571,257,188,413,710,,,0.361,0.343,0.545,51.6,58.1,,9.7,0.514,14,,0.249,0,16,5,1,0
2008,Second Round,2,Duke,7,West Virginia,1,34,28,0.824,21.52,964,0.463,308,0.377,594,0.697,426,1255,497,295,133,462,654,,,0.409,0.392,0.569,50.1,51.6,,6.6,0.536,15.7,,0.285,1,24,17,10,3,37,26,0.703,17.97,983,0.453,264,0.355,539,0.689,453,1332,571,257,188,413,710,,,0.361,0.343,0.545,51.6,58.1,,9.7,0.514,14,,0.249,0,16,5,1,0
2008,First Round,7,West Virginia,10,Arizona,0,37,26,0.703,17.97,983,0.453,264,0.355,539,0.689,453,1332,571,257,188,413,710,,,0.361,0.343,0.545,51.6,58.1,,9.7,0.514,14,,0.249,0,16,5,1,0,34,19,0.559,14.55,843,0.478,221,0.39,536,0.749,281,1052,526,189,120,414,556,,,0.406,0.321,0.58,48.8,62.4,,6.3,0.54,16.4,,0.304,0,3,1,0,0
2008,First Round,2,Duke,15,Belmont,0,34,28,0.824,21.52,964,0.463,308,0.377,594,0.697,426,1255,497,295,133,462,654,,,0.409,0.392,0.569,50.1,51.6,,6.6,0.536,15.7,,0.285,1,24,17,10,3,34,25,0.735,-0.12,938,0.451,357,0.365,481,0.698,424,1248,587,290,65,498,626,,,0.332,0.471,0.564,51.1,62.6,,3.3,0.537,17.2,,0.231,0,3,0,0,0
2009,Play-In,16,Alabama State,16,Morehead State,1,32,22,0.688,-6.13,816,0.466,181,0.329,389,0.634,358,1130,445,182,153,435,558,,,0.35,0.314,0.539,50.3,54.5,,11.4,0.517,17.5,,0.222,0,1,0,0,0,36,20,0.556,-3.14,865,0.437,188,0.333,593,0.721,498,1400,464,239,139,557,657,,,0.416,0.286,0.53,55.9,53.6,,10.9,0.485,19,,0.3,0,1,0,0,0
2009,First Round,1,Louisville,16,Morehead State,0,37,31,0.838,20.87,1001,0.457,305,0.369,441,0.642,464,1395,625,335,223,508,625,,,0.314,0.378,0.546,51.8,62.4,,15.3,0.527,16.8,,0.201,1,14,9,5,1,36,20,0.556,-3.14,865,0.437,188,0.333,593,0.721,498,1400,464,239,139,557,657,,,0.416,0.286,0.53,55.9,53.6,,10.9,0.485,19,,0.3,0,1,0,0,0
2009,Second Round,1,Louisville,9,Siena,0,37,31,0.838,20.87,1001,0.457,305,0.369,441,0.642,464,1395,625,335,223,508,625,,,0.314,0.378,0.546,51.8,62.4,,15.3,0.527,16.8,,0.201,1,14,9,5,1,35,27,0.771,8.05,1007,0.467,184,0.33,511,0.664,438,1273,534,309,159,462,521,,,0.357,0.259,0.537,49.7,53,,11,0.51,15.5,,0.237,0,4,0,0,0
2009,First Round,8,Ohio State,9,Siena,1,33,22,0.667,12.48,778,0.481,216,0.375,434,0.701,266,1024,440,194,175,439,501,,,0.383,0.356,0.577,48.9,56.6,,16.2,0.548,18.7,,0.268,0,7,2,1,0,35,27,0.771,8.05,1007,0.467,184,0.33,511,0.664,438,1273,534,309,159,462,521,,,0.357,0.259,0.537,49.7,53,,11,0.51,15.5,,0.237,0,4,0,0,0
2009,Sweet Sixteen,1,Louisville,12,Arizona,1,37,31,0.838,20.87,1001,0.457,305,0.369,441,0.642,464,1395,625,335,223,508,625,,,0.314,0.378,0.546,51.8,62.4,,15.3,0.527,16.8,,0.201,1,14,9,5,1,35,21,0.6,11.88,897,0.474,212,0.387,523,0.738,387,1183,500,217,104,442,548,,,0.375,0.29,0.567,51.7,55.7,,8.7,0.53,16.5,,0.276,0,1,1,0,0
2009,First Round,5,Utah,12,Arizona,1,34,24,0.706,12.59,819,0.474,242,0.369,541,0.781,279,1193,458,171,166,469,632,,,0.401,0.379,0.589,53.7,55.9,,12.1,0.544,18.6,,0.313,1,1,0,0,0,35,21,0.6,11.88,897,0.474,212,0.387,523,0.738,387,1183,500,217,104,442,548,,,0.375,0.29,0.567,51.7,55.7,,8.7,0.53,16.5,,0.276,0,1,1,0,0
2009,Elite Eight,1,Louisville,2,Michigan State,1,37,31,0.838,20.87,1001,0.457,305,0.369,441,0.642,464,1395,625,335,223,508,625,,,0.314,0.378,0.546,51.8,62.4,,15.3,0.527,16.8,,0.201,1,14,9,5,1,38,31,0.816,17.71,962,0.451,201,0.354,612,0.698,533,1482,611,248,107,532,734,,,0.411,0.266,0.536,56.8,63.5,,8.2,0.498,17.3,,0.287,1,12,8,5,1
2009,National Championship,1,UNC,2,Michigan State,0,38,34,0.895,25.46,1205,0.48,264,0.387,739,0.752,556,1594,685,325,196,472,608,,,0.392,0.272,0.573,54.1,56.8,,11.9,0.533,13.7,,0.295,1,20,13,7,2,38,31,0.816,17.71,962,0.451,201,0.354,612,0.698,533,1482,611,248,107,532,734,,,0.411,0.266,0.536,56.8,63.5,,8.2,0.498,17.3,,0.287,1,12,8,5,1
2009,Final Four,1,UConn,2,Michigan State,1,36,31,0.861,22.17,996,0.474,165,0.341,662,0.678,511,1559,567,209,280,458,471,,,0.464,0.23,0.549,55.8,56.9,,17.1,0.513,15.1,,0.315,1,21,12,3,2,38,31,0.816,17.71,962,0.451,201,0.354,612,0.698,533,1482,611,248,107,532,734,,,0.411,0.266,0.536,56.8,63.5,,8.2,0.498,17.3,,0.287,1,12,8,5,1
2009,First Round,4,Wake Forest,13,Cleveland State,1,31,24,0.774,15.63,906,0.49,126,0.32,572,0.711,390,1262,405,258,176,492,584,,,0.435,0.213,0.563,53.9,44.7,,14.1,0.524,18.1,,0.309,1,1,0,0,0,37,26,0.703,6.97,882,0.432,180,0.311,511,0.701,441,1267,512,320,118,454,680,,,0.357,0.283,0.514,50.4,58,,9,0.476,16,,0.25,0,3,0,0,0
2009,Second Round,12,Arizona,13,Cleveland State,0,35,21,0.6,11.88,897,0.474,212,0.387,523,0.738,387,1183,500,217,104,442,548,,,0.375,0.29,0.567,51.7,55.7,,8.7,0.53,16.5,,0.276,0,1,1,0,0,37,26,0.703,6.97,882,0.432,180,0.311,511,0.701,441,1267,512,320,118,454,680,,,0.357,0.283,0.514,50.4,58,,9,0.476,16,,0.25,0,3,0,0,0
2009,First Round,6,West Virginia,11,Dayton,1,35,23,0.657,18.57,886,0.429,231,0.329,518,0.698,532,1340,530,233,159,420,661,,,0.359,0.34,0.521,54.1,59.8,,12.5,0.485,14.8,,0.251,0,17,5,1,0,35,27,0.771,7.16,831,0.421,190,0.328,487,0.648,484,1328,485,227,124,476,672,,,0.381,0.294,0.502,53.2,58.4,,10.8,0.47,17,,0.247,0,2,0,0,0
2009,Second Round,3,Kansas,11,Dayton,0,35,27,0.771,18.02,945,0.478,217,0.371,567,0.725,421,1371,555,239,155,508,664,,,0.395,0.296,0.569,55.1,58.7,,11.6,0.532,17.8,,0.287,1,11,7,1,1,35,27,0.771,7.16,831,0.421,190,0.328,487,0.648,484,1328,485,227,124,476,672,,,0.381,0.294,0.502,53.2,58.4,,10.8,0.47,17,,0.247,0,2,0,0,0
2009,First Round,3,Kansas,14,North Dakota State,0,35,27,0.771,18.02,945,0.478,217,0.371,567,0.725,421,1371,555,239,155,508,664,,,0.395,0.296,0.569,55.1,58.7,,11.6,0.532,17.8,,0.287,1,11,7,1,1,33,26,0.788,6.18,943,0.487,238,0.412,535,0.739,363,1171,486,230,108,370,539,,,0.374,0.299,0.583,53.1,51.5,,7.7,0.549,14,,0.276,0,1,0,0,0
2009,First Round,7,Boston College,10,USC,1,34,22,0.647,10.36,885,0.443,217,0.334,541,0.738,485,1259,503,208,147,457,614,,,0.367,0.325,0.538,51.9,56.8,,10.4,0.497,16.3,,0.271,0,9,1,0,0,35,22,0.629,14.09,872,0.473,129,0.326,524,0.674,409,1247,438,224,165,487,584,,,0.422,0.215,0.542,53.9,50.2,,13.1,0.508,18,,0.284,0,8,2,0,0
2009,Second Round,2,Michigan State,10,USC,0,38,31,0.816,17.71,962,0.451,201,0.354,612,0.698,533,1482,611,248,107,532,734,,,0.411,0.266,0.536,56.8,63.5,,8.2,0.498,17.3,,0.287,1,12,8,5,1,35,22,0.629,14.09,872,0.473,129,0.326,524,0.674,409,1247,438,224,165,487,584,,,0.422,0.215,0.542,53.9,50.2,,13.1,0.508,18,,0.284,0,8,2,0,0
2009,First Round,2,Michigan State,15,Robert Morris,0,38,31,0.816,17.71,962,0.451,201,0.354,612,0.698,533,1482,611,248,107,532,734,,,0.411,0.266,0.536,56.8,63.5,,8.2,0.498,17.3,,0.287,1,12,8,5,1,35,24,0.686,-0.7,880,0.473,226,0.394,481,0.704,353,1161,536,301,121,530,693,,,0.367,0.308,0.565,50.8,60.9,,9.9,0.534,19.5,,0.259,0,1,0,0,0
2009,Sweet Sixteen,2,Michigan State,3,Kansas,0,38,31,0.816,17.71,962,0.451,201,0.354,612,0.698,533,1482,611,248,107,532,734,,,0.411,0.266,0.536,56.8,63.5,,8.2,0.498,17.3,,0.287,1,12,8,5,1,35,27,0.771,18.02,945,0.478,217,0.371,567,0.725,421,1371,555,239,155,508,664,,,0.395,0.296,0.569,55.1,58.7,,11.6,0.532,17.8,,0.287,1,11,7,1,1
2009,First Round,1,Pitt,16,ETSU,0,36,31,0.861,21.21,1040,0.478,225,0.352,482,0.676,533,1433,633,246,139,436,585,,,0.328,0.294,0.555,56.6,60.9,,10.3,0.53,14.8,,0.222,1,6,3,0,0,34,23,0.676,3.21,944,0.462,195,0.331,574,0.709,395,1290,429,287,131,477,622,,,0.396,0.289,0.547,50.9,45.4,,11.2,0.51,16.4,,0.281,0,3,0,0,0
2009,Second Round,1,Pitt,8,Oklahoma State,0,36,31,0.861,21.21,1040,0.478,225,0.352,482,0.676,533,1433,633,246,139,436,585,,,0.328,0.294,0.555,56.6,60.9,,10.3,0.53,14.8,,0.222,1,6,3,0,0,35,23,0.657,13.78,948,0.46,327,0.384,607,0.748,346,1223,446,266,82,431,745,,,0.394,0.413,0.579,48.9,47,,6.2,0.54,15,,0.295,0,2,0,0,0
2009,Sweet Sixteen,1,Pitt,4,Xavier,0,36,31,0.861,21.21,1040,0.478,225,0.352,482,0.676,533,1433,633,246,139,436,585,,,0.328,0.294,0.555,56.6,60.9,,10.3,0.53,14.8,,0.222,1,6,3,0,0,35,27,0.771,14.45,847,0.459,239,0.394,575,0.676,420,1378,464,185,178,511,653,,,0.461,0.329,0.557,55.9,54.8,,13,0.524,18.5,,0.311,1,4,2,0,0
2009,Elite Eight,1,Pitt,3,Villanova,1,36,31,0.861,21.21,1040,0.478,225,0.352,482,0.676,533,1433,633,246,139,436,585,,,0.328,0.294,0.555,56.6,60.9,,10.3,0.53,14.8,,0.222,1,6,3,0,0,38,30,0.789,17.45,990,0.451,247,0.352,692,0.753,477,1449,551,300,128,505,735,,,0.419,0.32,0.555,53.5,55.7,,10.3,0.508,16.1,,0.316,1,7,4,1,0
2009,Sweet Sixteen,2,Duke,3,Villanova,1,37,30,0.811,20.1,971,0.444,267,0.349,658,0.728,490,1348,492,311,146,454,671,,,0.414,0.35,0.548,51.9,50.7,,9.4,0.505,14.8,,0.301,1,25,18,10,3,38,30,0.789,17.45,990,0.451,247,0.352,692,0.753,477,1449,551,300,128,505,735,,,0.419,0.32,0.555,53.5,55.7,,10.3,0.508,16.1,,0.316,1,7,4,1,0
2009,Final Four,1,UNC,3,Villanova,0,38,34,0.895,25.46,1205,0.48,264,0.387,739,0.752,556,1594,685,325,196,472,608,,,0.392,0.272,0.573,54.1,56.8,,11.9,0.533,13.7,,0.295,1,20,13,7,2,38,30,0.789,17.45,990,0.451,247,0.352,692,0.753,477,1449,551,300,128,505,735,,,0.419,0.32,0.555,53.5,55.7,,10.3,0.508,16.1,,0.316,1,7,4,1,0
2009,First Round,8,Oklahoma State,9,Tennessee,0,35,23,0.657,13.78,948,0.46,327,0.384,607,0.748,346,1223,446,266,82,431,745,,,0.394,0.413,0.579,48.9,47,,6.2,0.54,15,,0.295,0,2,0,0,0,34,21,0.618,13.6,957,0.455,229,0.315,522,0.676,485,1316,554,225,124,452,647,,,0.367,0.346,0.539,53,57.9,,10.1,0.509,15.5,,0.248,0,6,3,0,0
2009,First Round,5,Florida State,12,Wisconsin,1,35,25,0.714,11.37,820,0.435,216,0.342,536,0.725,399,1253,423,284,202,548,657,,,0.392,0.335,0.535,50.6,51.6,,16,0.492,19.7,,0.284,1,4,1,0,0,33,20,0.606,12.43,735,0.436,213,0.36,423,0.726,317,1020,393,163,86,330,532,,,0.346,0.351,0.536,52,53.5,,7.8,0.499,14.4,,0.251,0,8,3,0,0
2009,Second Round,4,Xavier,12,Wisconsin,0,35,27,0.771,14.45,847,0.459,239,0.394,575,0.676,420,1378,464,185,178,511,653,,,0.461,0.329,0.557,55.9,54.8,,13,0.524,18.5,,0.311,1,4,2,0,0,33,20,0.606,12.43,735,0.436,213,0.36,423,0.726,317,1020,393,163,86,330,532,,,0.346,0.351,0.536,52,53.5,,7.8,0.499,14.4,,0.251,0,8,3,0,0
2009,First Round,4,Xavier,13,Portland State,0,35,27,0.771,14.45,847,0.459,239,0.394,575,0.676,420,1378,464,185,178,511,653,,,0.461,0.329,0.557,55.9,54.8,,13,0.524,18.5,,0.311,1,4,2,0,0,33,23,0.697,1.14,861,0.453,317,0.38,378,0.679,388,1116,503,245,93,453,553,,,0.293,0.44,0.559,50.3,58.4,,7.3,0.537,17.3,,0.199,0,2,0,0,0
2009,First Round,6,UCLA,11,VCU,0,35,26,0.743,18.64,967,0.49,262,0.399,446,0.724,395,1151,541,292,110,440,598,,,0.312,0.332,0.583,52.6,55.9,,8.6,0.557,16.3,,0.226,1,8,5,3,0,34,24,0.706,7.7,866,0.461,222,0.369,486,0.705,362,1152,469,257,155,431,654,,,0.367,0.32,0.553,49.5,54.2,,12.2,0.52,16.3,,0.259,0,2,0,0,0
2009,First Round,3,Villanova,14,American,0,38,30,0.789,17.45,990,0.451,247,0.352,692,0.753,477,1449,551,300,128,505,735,,,0.419,0.32,0.555,53.5,55.7,,10.3,0.508,16.1,,0.316,1,7,4,1,0,32,24,0.75,-0.05,751,0.465,230,0.374,333,0.648,302,1046,421,176,79,422,581,,,0.318,0.381,0.556,51.9,56.1,,7.3,0.537,18.5,,0.206,0,7,2,0,0
2009,Second Round,3,Villanova,6,UCLA,0,38,30,0.789,17.45,990,0.451,247,0.352,692,0.753,477,1449,551,300,128,505,735,,,0.419,0.32,0.555,53.5,55.7,,10.3,0.508,16.1,,0.316,1,7,4,1,0,35,26,0.743,18.64,967,0.49,262,0.399,446,0.724,395,1151,541,292,110,440,598,,,0.312,0.332,0.583,52.6,55.9,,8.6,0.557,16.3,,0.226,1,8,5,3,0
2009,First Round,7,Texas,10,Minnesota,0,35,23,0.657,14.83,917,0.444,166,0.293,532,0.668,496,1359,448,217,187,442,674,,,0.386,0.274,0.519,53.4,48.9,,13.8,0.485,15.3,,0.258,0,17,6,1,0,33,22,0.667,11.32,782,0.441,188,0.327,437,0.715,397,1136,466,274,201,477,588,,,0.345,0.324,0.531,51.5,59.6,,18.9,0.494,18.8,,0.247,0,15,9,1,1
2009,First Round,2,Duke,15,Binghamton,0,37,30,0.811,20.1,971,0.444,267,0.349,658,0.728,490,1348,492,311,146,454,671,,,0.414,0.35,0.548,51.9,50.7,,9.4,0.505,14.8,,0.301,1,25,18,10,3,32,23,0.719,-3.27,778,0.441,192,0.334,491,0.67,357,1101,383,227,134,431,652,,,0.416,0.326,0.53,48.5,49.2,,11.2,0.495,16.9,,0.278,0,1,0,0,0
2009,Second Round,2,Duke,7,Texas,0,37,30,0.811,20.1,971,0.444,267,0.349,658,0.728,490,1348,492,311,146,454,671,,,0.414,0.35,0.548,51.9,50.7,,9.4,0.505,14.8,,0.301,1,25,18,10,3,35,23,0.657,14.83,917,0.444,166,0.293,532,0.668,496,1359,448,217,187,442,674,,,0.386,0.274,0.519,53.4,48.9,,13.8,0.485,15.3,,0.258,0,17,6,1,0
2009,First Round,1,UNC,16,Radford,1,38,34,0.895,25.46,1205,0.48,264,0.387,739,0.752,556,1594,685,325,196,472,608,,,0.392,0.272,0.573,54.1,56.8,,11.9,0.533,13.7,,0.295,1,20,13,7,2,33,21,0.636,-4.55,884,0.461,163,0.352,560,0.679,418,1372,466,225,154,539,607,,,0.43,0.242,0.539,54.2,52.7,,11.9,0.504,18.9,,0.292,0,1,0,0,0
2009,Second Round,1,UNC,8,LSU,0,38,34,0.895,25.46,1205,0.48,264,0.387,739,0.752,556,1594,685,325,196,472,608,,,0.392,0.272,0.573,54.1,56.8,,11.9,0.533,13.7,,0.295,1,20,13,7,2,35,27,0.771,11.87,937,0.448,213,0.372,530,0.716,475,1365,529,267,212,425,609,,,0.354,0.273,0.535,53.5,56.5,,15,0.499,14.8,,0.253,1,5,2,0,0
2009,Sweet Sixteen,1,UNC,4,Gonzaga,0,38,34,0.895,25.46,1205,0.48,264,0.387,739,0.752,556,1594,685,325,196,472,608,,,0.392,0.272,0.573,54.1,56.8,,11.9,0.533,13.7,,0.295,1,20,13,7,2,34,28,0.824,17.95,967,0.488,251,0.39,499,0.717,345,1276,512,246,174,386,551,,,0.351,0.324,0.58,52.2,52.9,,13.6,0.551,14.3,,0.252,1,10,4,0,0
2009,Elite Eight,1,UNC,2,Oklahoma,0,38,34,0.895,25.46,1205,0.48,264,0.387,739,0.752,556,1594,685,325,196,472,608,,,0.392,0.272,0.573,54.1,56.8,,11.9,0.533,13.7,,0.295,1,20,13,7,2,36,30,0.833,18.07,982,0.492,242,0.351,627,0.675,435,1402,521,249,156,500,616,,,0.465,0.345,0.581,53.9,53.1,,11,0.552,17,,0.314,1,3,1,0,0
2009,First Round,8,LSU,9,Butler,0,35,27,0.771,11.87,937,0.448,213,0.372,530,0.716,475,1365,529,267,212,425,609,,,0.354,0.273,0.535,53.5,56.5,,15,0.499,14.8,,0.253,1,5,2,0,0,32,26,0.813,10.07,705,0.438,257,0.352,501,0.724,328,1094,417,193,102,400,568,,,0.43,0.454,0.559,52.5,59.1,,9.4,0.518,17.1,,0.311,1,2,0,0,0
2009,First Round,5,Illinois,12,Western Kentucky,1,34,24,0.706,14.38,859,0.461,188,0.35,298,0.711,320,1127,595,199,122,420,521,,,0.225,0.288,0.534,49.9,69.3,,9.7,0.511,16.9,,0.16,0,7,3,1,0,34,25,0.735,3.68,871,0.452,266,0.373,446,0.689,432,1251,454,193,111,452,587,,,0.335,0.37,0.549,53.4,52.1,,8.6,0.52,16.8,,0.231,0,1,0,0,0
2009,Second Round,4,Gonzaga,12,Western Kentucky,0,34,28,0.824,17.95,967,0.488,251,0.39,499,0.717,345,1276,512,246,174,386,551,,,0.351,0.324,0.58,52.2,52.9,,13.6,0.551,14.3,,0.252,1,10,4,0,0,34,25,0.735,3.68,871,0.452,266,0.373,446,0.689,432,1251,454,193,111,452,587,,,0.335,0.37,0.549,53.4,52.1,,8.6,0.52,16.8,,0.231,0,1,0,0,0
2009,First Round,4,Gonzaga,13,Akron,0,34,28,0.824,17.95,967,0.488,251,0.39,499,0.717,345,1276,512,246,174,386,551,,,0.351,0.324,0.58,52.2,52.9,,13.6,0.551,14.3,,0.252,1,10,4,0,0,36,23,0.639,3.37,823,0.418,258,0.332,499,0.708,424,1199,446,270,80,490,745,,,0.358,0.394,0.522,49.2,54.2,,6.7,0.483,17.5,,0.253,0,1,0,0,0
2009,First Round,6,Arizona State,11,Temple,0,35,25,0.714,16.7,825,0.48,288,0.37,490,0.737,288,1085,544,201,72,401,557,,,0.387,0.453,0.597,51,65.9,,6.3,0.564,16.5,,0.285,1,7,1,0,0,34,22,0.647,9.05,846,0.443,258,0.367,383,0.7,376,1248,527,189,141,426,581,,,0.287,0.368,0.538,52.2,62.3,,11,0.511,16.4,,0.201,0,11,0,0,0
2009,First Round,3,Syracuse,14,Stephen F. Austin,0,38,28,0.737,17.24,1110,0.487,256,0.345,570,0.645,482,1505,687,296,194,583,580,,,0.388,0.326,0.565,51.7,61.9,,12.5,0.544,17.8,,0.25,1,26,14,3,1,32,24,0.75,1.1,786,0.438,177,0.316,350,0.649,311,1126,421,200,100,384,582,,,0.3,0.313,0.512,50.5,53.6,,8.6,0.487,15.8,,0.195,0,1,0,0,0
2009,Second Round,3,Syracuse,6,Arizona State,0,38,28,0.737,17.24,1110,0.487,256,0.345,570,0.645,482,1505,687,296,194,583,580,,,0.388,0.326,0.565,51.7,61.9,,12.5,0.544,17.8,,0.25,1,26,14,3,1,35,25,0.714,16.7,825,0.48,288,0.37,490,0.737,288,1085,544,201,72,401,557,,,0.387,0.453,0.597,51,65.9,,6.3,0.564,16.5,,0.285,1,7,1,0,0
2009,First Round,7,Clemson,10,Michigan,1,32,23,0.719,15.56,912,0.463,256,0.374,427,0.688,462,1189,478,298,187,456,575,,,0.315,0.347,0.553,51.3,52.4,,14.2,0.528,16.8,,0.217,1,5,0,0,0,35,21,0.6,11.9,812,0.425,305,0.334,412,0.757,336,1087,542,223,92,402,535,,,0.285,0.477,0.54,47.5,66.7,,7.5,0.505,15.6,,0.216,0,5,2,0,0
2009,Second Round,2,Oklahoma,10,Michigan,0,36,30,0.833,18.07,982,0.492,242,0.351,627,0.675,435,1402,521,249,156,500,616,,,0.465,0.345,0.581,53.9,53.1,,11,0.552,17,,0.314,1,3,1,0,0,35,21,0.6,11.9,812,0.425,305,0.334,412,0.757,336,1087,542,223,92,402,535,,,0.285,0.477,0.54,47.5,66.7,,7.5,0.505,15.6,,0.216,0,5,2,0,0
2009,First Round,2,Oklahoma,15,Morgan State,0,36,30,0.833,18.07,982,0.492,242,0.351,627,0.675,435,1402,521,249,156,500,616,,,0.465,0.345,0.581,53.9,53.1,,11,0.552,17,,0.314,1,3,1,0,0,35,23,0.657,-2.29,857,0.419,181,0.337,438,0.649,508,1330,393,232,110,456,673,,,0.33,0.262,0.493,52.4,45.9,,8.2,0.463,16.1,,0.214,0,4,1,0,0
2009,Sweet Sixteen,2,Oklahoma,3,Syracuse,0,36,30,0.833,18.07,982,0.492,242,0.351,627,0.675,435,1402,521,249,156,500,616,,,0.465,0.345,0.581,53.9,53.1,,11,0.552,17,,0.314,1,3,1,0,0,38,28,0.737,17.24,1110,0.487,256,0.345,570,0.645,482,1505,687,296,194,583,580,,,0.388,0.326,0.565,51.7,61.9,,12.5,0.544,17.8,,0.25,1,26,14,3,1
2009,First Round,1,UConn,16,Chattanooga,1,36,31,0.861,22.17,996,0.474,165,0.341,662,0.678,511,1559,567,209,280,458,471,,,0.464,0.23,0.549,55.8,56.9,,17.1,0.513,15.1,,0.315,1,21,12,3,2,35,18,0.514,-6.25,877,0.438,289,0.352,614,0.657,438,1374,477,218,79,551,648,,,0.467,0.41,0.543,51.7,54.4,,6.8,0.51,18.4,,0.307,0,2,0,0,0
2009,Second Round,1,UConn,9,Texas A&M,0,36,31,0.861,22.17,996,0.474,165,0.341,662,0.678,511,1559,567,209,280,458,471,,,0.464,0.23,0.549,55.8,56.9,,17.1,0.513,15.1,,0.315,1,21,12,3,2,34,24,0.706,10.52,822,0.449,202,0.361,594,0.694,422,1249,427,164,133,432,585,,,0.468,0.306,0.545,53.6,51.9,,9.9,0.504,16.2,,0.324,0,3,1,0,0
2009,First Round,8,BYU,9,Texas A&M,1,33,25,0.758,15.12,909,0.484,238,0.381,488,0.729,302,1196,537,241,119,375,607,,,0.356,0.332,0.579,52.7,59.1,,9.9,0.547,14.6,,0.26,0,3,0,0,0,34,24,0.706,10.52,822,0.449,202,0.361,594,0.694,422,1249,427,164,133,432,585,,,0.468,0.306,0.545,53.6,51.9,,9.9,0.504,16.2,,0.324,0,3,1,0,0
2009,Sweet Sixteen,1,UConn,5,Purdue,0,36,31,0.861,22.17,996,0.474,165,0.341,662,0.678,511,1559,567,209,280,458,471,,,0.464,0.23,0.549,55.8,56.9,,17.1,0.513,15.1,,0.315,1,21,12,3,2,37,27,0.73,16.44,914,0.441,244,0.347,483,0.703,363,1271,552,265,176,426,650,,,0.332,0.34,0.533,49.5,60.4,,12.5,0.5,15.1,,0.233,1,4,1,0,0
2009,Second Round,4,Washington,5,Purdue,1,35,26,0.743,16.78,977,0.457,146,0.337,650,0.7,532,1437,458,259,95,515,683,,,0.435,0.203,0.534,55.5,46.9,,6.3,0.492,16.7,,0.304,1,5,2,0,0,37,27,0.73,16.44,914,0.441,244,0.347,483,0.703,363,1271,552,265,176,426,650,,,0.332,0.34,0.533,49.5,60.4,,12.5,0.5,15.1,,0.233,1,4,1,0,0
2009,Elite Eight,1,UConn,3,Missouri,0,36,31,0.861,22.17,996,0.474,165,0.341,662,0.678,511,1559,567,209,280,458,471,,,0.464,0.23,0.549,55.8,56.9,,17.1,0.513,15.1,,0.315,1,21,12,3,2,38,31,0.816,19.56,1124,0.472,263,0.353,585,0.672,486,1393,699,388,140,449,758,,,0.366,0.313,0.554,49.6,62.2,,9.3,0.527,13.8,,0.246,1,4,2,0,0
2009,Sweet Sixteen,2,Memphis,3,Missouri,0,37,33,0.892,20.92,979,0.45,222,0.326,599,0.69,498,1452,526,328,222,464,654,,,0.399,0.313,0.537,54.2,53.7,,15.2,0.501,15.2,,0.275,1,11,7,2,0,38,31,0.816,19.56,1124,0.472,263,0.353,585,0.672,486,1393,699,388,140,449,758,,,0.366,0.313,0.554,49.6,62.2,,9.3,0.527,13.8,,0.246,1,4,2,0,0
2009,First Round,5,Purdue,12,Northern Iowa,0,37,27,0.73,16.44,914,0.441,244,0.347,483,0.703,363,1271,552,265,176,426,650,,,0.332,0.34,0.533,49.5,60.4,,12.5,0.5,15.1,,0.233,1,4,1,0,0,34,23,0.676,5.63,766,0.453,217,0.346,541,0.753,297,1140,418,146,83,397,619,,,0.424,0.371,0.563,52.4,54.6,,7.4,0.517,16.3,,0.32,0,1,0,0,0
2009,First Round,4,Washington,13,Mississippi State,0,35,26,0.743,16.78,977,0.457,146,0.337,650,0.7,532,1437,458,259,95,515,683,,,0.435,0.203,0.534,55.5,46.9,,6.3,0.492,16.7,,0.304,1,5,2,0,0,36,23,0.639,9.1,890,0.432,296,0.361,601,0.71,407,1384,447,250,271,518,604,,,0.412,0.398,0.544,49.4,50.2,,17,0.504,17.4,,0.292,0,6,0,0,0
2009,First Round,6,Marquette,11,Utah State,0,35,25,0.714,15.06,914,0.452,243,0.347,668,0.728,425,1247,526,275,100,408,623,,,0.454,0.347,0.557,52,57.5,,7.7,0.512,14.2,,0.33,1,1,0,0,0,35,30,0.857,9.33,899,0.496,222,0.394,514,0.74,365,1202,566,168,88,393,539,,,0.383,0.311,0.591,55.4,63,,6.8,0.557,15.5,,0.284,0,7,0,0,0
2009,First Round,3,Missouri,14,Cornell,0,38,31,0.816,19.56,1124,0.472,263,0.353,585,0.672,486,1393,699,388,140,449,758,,,0.366,0.313,0.554,49.6,62.2,,9.3,0.527,13.8,,0.246,1,4,2,0,0,31,21,0.677,2.71,821,0.473,241,0.411,398,0.73,321,1105,482,203,121,398,556,,,0.314,0.338,0.572,52.2,58.7,,10,0.542,16.6,,0.229,0,2,0,0,0
2009,Second Round,3,Missouri,6,Marquette,0,38,31,0.816,19.56,1124,0.472,263,0.353,585,0.672,486,1393,699,388,140,449,758,,,0.366,0.313,0.554,49.6,62.2,,9.3,0.527,13.8,,0.246,1,4,2,0,0,35,25,0.714,15.06,914,0.452,243,0.347,668,0.728,425,1247,526,275,100,408,623,,,0.454,0.347,0.557,52,57.5,,7.7,0.512,14.2,,0.33,1,1,0,0,0
2009,First Round,7,California,10,Maryland,1,33,22,0.667,13.3,892,0.483,210,0.427,478,0.755,333,1113,509,159,66,399,560,,,0.343,0.266,0.575,51.6,57.1,,4.9,0.54,15.7,,0.259,0,13,3,1,0,35,21,0.6,11.1,924,0.424,201,0.333,463,0.758,464,1274,511,268,145,428,582,,,0.28,0.277,0.509,48.9,55.3,,10.6,0.47,14.8,,0.212,0,16,9,2,1
2009,Second Round,2,Memphis,10,Maryland,0,37,33,0.892,20.92,979,0.45,222,0.326,599,0.69,498,1452,526,328,222,464,654,,,0.399,0.313,0.537,54.2,53.7,,15.2,0.501,15.2,,0.275,1,11,7,2,0,35,21,0.6,11.1,924,0.424,201,0.333,463,0.758,464,1274,511,268,145,428,582,,,0.28,0.277,0.509,48.9,55.3,,10.6,0.47,14.8,,0.212,0,16,9,2,1
2009,First Round,2,Memphis,15,Cal State Northridge,0,37,33,0.892,20.92,979,0.45,222,0.326,599,0.69,498,1452,526,328,222,464,654,,,0.399,0.313,0.537,54.2,53.7,,15.2,0.501,15.2,,0.275,1,11,7,2,0,31,17,0.548,2.65,821,0.454,215,0.353,425,0.696,403,1150,430,276,83,549,683,,,0.338,0.337,0.544,52.4,52.4,,7.9,0.514,20.7,,0.235,0,2,0,0,0
2010,Play-In,16,Winthrop,16,Arkansas-Pine Bluff,1,33,19,0.576,-8.68,735,0.38,124,0.248,448,0.644,450,1276,346,283,135,402,622,66.7,92,0.36,0.259,0.451,51,47.1,12.8,11.8,0.412,15.1,34.1,0.232,0,3,0,0,0,34,18,0.529,-8.29,725,0.408,141,0.303,575,0.668,422,1286,421,229,121,569,764,67.4,93.1,0.484,0.262,0.495,54.2,58.1,9.8,10.2,0.447,20.6,35.6,0.323,0,1,0,0,0
2010,First Round,1,Duke,16,Arkansas-Pine Bluff,0,40,35,0.875,25.21,1049,0.442,301,0.385,682,0.759,569,1560,555,266,162,429,722,66.5,115.7,0.379,0.329,0.549,54.4,52.9,10,9.8,0.505,13.3,40.3,0.287,1,26,19,11,4,34,18,0.529,-8.29,725,0.408,141,0.303,575,0.668,422,1286,421,229,121,569,764,67.4,93.1,0.484,0.262,0.495,54.2,58.1,9.8,10.2,0.447,20.6,35.6,0.323,0,1,0,0,0
2010,Second Round,1,Duke,8,California,0,40,35,0.875,25.21,1049,0.442,301,0.385,682,0.759,569,1560,555,266,162,429,722,66.5,115.7,0.379,0.329,0.549,54.4,52.9,10,9.8,0.505,13.3,40.3,0.287,1,26,19,11,4,35,24,0.686,17.29,966,0.476,228,0.374,543,0.757,395,1241,500,198,86,421,593,67.9,113.4,0.354,0.3,0.571,52.5,51.8,8.3,6.3,0.533,15.1,34.7,0.268,0,14,3,1,0
2010,Sweet Sixteen,1,Duke,4,Purdue,0,40,35,0.875,25.21,1049,0.442,301,0.385,682,0.759,569,1560,555,266,162,429,722,66.5,115.7,0.379,0.329,0.549,54.4,52.9,10,9.8,0.505,13.3,40.3,0.287,1,26,19,11,4,35,29,0.829,17.52,867,0.443,187,0.318,546,0.723,351,1170,493,248,162,381,651,66.7,105.3,0.386,0.3,0.533,48.9,56.9,10.6,12.2,0.491,14.1,29.4,0.279,1,5,2,0,0
2010,Elite Eight,1,Duke,3,Baylor,0,40,35,0.875,25.21,1049,0.442,301,0.385,682,0.759,569,1560,555,266,162,429,722,66.5,115.7,0.379,0.329,0.549,54.4,52.9,10,9.8,0.505,13.3,40.3,0.287,1,26,19,11,4,36,28,0.778,17.97,993,0.487,255,0.385,530,0.725,443,1408,508,237,242,491,639,67.2,113.8,0.358,0.325,0.58,54.4,51.2,9.7,17.4,0.549,17.1,38.5,0.26,1,2,1,0,0
2010,Final Four,1,Duke,2,West Virginia,0,40,35,0.875,25.21,1049,0.442,301,0.385,682,0.759,569,1560,555,266,162,429,722,66.5,115.7,0.379,0.329,0.549,54.4,52.9,10,9.8,0.505,13.3,40.3,0.287,1,26,19,11,4,38,31,0.816,19.16,942,0.43,257,0.337,611,0.704,585,1467,589,213,155,451,686,64,111.4,0.396,0.348,0.529,54.5,62.5,8.6,11.4,0.489,14.8,42,0.279,1,18,6,2,0
2010,Elite Eight,1,Kentucky,2,West Virginia,1,38,35,0.921,21.13,1066,0.478,231,0.331,649,0.668,538,1584,573,279,273,538,641,70,112.1,0.436,0.313,0.56,55.4,53.8,10.4,17.8,0.53,16.7,40.5,0.291,1,12,8,2,0,38,31,0.816,19.16,942,0.43,257,0.337,611,0.704,585,1467,589,213,155,451,686,64,111.4,0.396,0.348,0.529,54.5,62.5,8.6,11.4,0.489,14.8,42,0.279,1,18,6,2,0
2010,National Championship,1,Duke,5,Butler,0,40,35,0.875,25.21,1049,0.442,301,0.385,682,0.759,569,1560,555,266,162,429,722,66.5,115.7,0.379,0.329,0.549,54.4,52.9,10,9.8,0.505,13.3,40.3,0.287,1,26,19,11,4,38,33,0.868,14.37,845,0.442,260,0.342,661,0.738,353,1241,464,267,86,456,685,64.1,106.8,0.469,0.398,0.559,52.1,54.9,10.9,6.5,0.51,16.3,30.4,0.346,1,3,1,1,0
2010,Sweet Sixteen,1,Syracuse,5,Butler,1,35,30,0.857,21.72,1042,0.516,244,0.391,504,0.677,417,1337,673,336,221,532,515,71,114,0.369,0.309,0.596,53,64.6,13.5,17.2,0.576,18.3,37.1,0.249,1,27,15,3,1,38,33,0.868,14.37,845,0.442,260,0.342,661,0.738,353,1241,464,267,86,456,685,64.1,106.8,0.469,0.398,0.559,52.1,54.9,10.9,6.5,0.51,16.3,30.4,0.346,1,3,1,1,0
2010,Elite Eight,2,Kansas State,5,Butler,1,37,29,0.784,19.88,981,0.45,253,0.36,734,0.668,559,1437,541,274,187,529,828,71.2,110.5,0.503,0.322,0.545,52.9,55.1,10.3,13.2,0.508,16.4,40.4,0.336,1,2,1,0,0,38,33,0.868,14.37,845,0.442,260,0.342,661,0.738,353,1241,464,267,86,456,685,64.1,106.8,0.469,0.398,0.559,52.1,54.9,10.9,6.5,0.51,16.3,30.4,0.346,1,3,1,1,0
2010,First Round,8,California,9,Louisville,0,35,24,0.686,17.29,966,0.476,228,0.374,543,0.757,395,1241,500,198,86,421,593,67.9,113.4,0.354,0.3,0.571,52.5,51.8,8.3,6.3,0.533,15.1,34.7,0.268,0,14,3,1,0,33,20,0.606,14.08,876,0.447,262,0.337,491,0.701,478,1217,511,258,135,453,663,67.9,110.6,0.357,0.396,0.546,51.3,58.3,11.4,10.9,0.514,16.5,39.8,0.251,0,15,9,5,1
2010,First Round,5,Texas A&M,12,Utah State,0,34,24,0.706,15.24,813,0.44,210,0.335,590,0.661,400,1252,417,223,113,417,619,66.7,106.2,0.483,0.339,0.534,51.9,51.3,9.8,9.1,0.497,15.5,33.3,0.32,1,4,1,0,0,35,27,0.771,13.62,941,0.488,242,0.414,435,0.758,362,1238,584,162,123,358,562,62.5,116.5,0.298,0.303,0.581,54.6,62.1,7.4,9.8,0.551,14,33.8,0.226,0,8,0,0,0
2010,First Round,4,Purdue,13,Siena,0,35,29,0.829,17.52,867,0.443,187,0.318,546,0.723,351,1170,493,248,162,381,651,66.7,105.3,0.386,0.3,0.533,48.9,56.9,10.6,12.2,0.491,14.1,29.4,0.279,1,5,2,0,0,34,27,0.794,8.48,930,0.454,160,0.321,534,0.673,442,1310,486,298,119,418,471,70,106.6,0.387,0.243,0.527,52.9,52.3,12.4,8.5,0.493,14.7,35.5,0.261,0,5,0,0,0
2010,Second Round,4,Purdue,5,Texas A&M,0,35,29,0.829,17.52,867,0.443,187,0.318,546,0.723,351,1170,493,248,162,381,651,66.7,105.3,0.386,0.3,0.533,48.9,56.9,10.6,12.2,0.491,14.1,29.4,0.279,1,5,2,0,0,34,24,0.706,15.24,813,0.44,210,0.335,590,0.661,400,1252,417,223,113,417,619,66.7,106.2,0.483,0.339,0.534,51.9,51.3,9.8,9.1,0.497,15.5,33.3,0.32,1,4,1,0,0
2010,First Round,6,Notre Dame,11,Old Dominion,1,35,23,0.657,13.14,918,0.47,261,0.388,538,0.723,402,1250,585,194,104,362,530,64,116.4,0.381,0.345,0.571,52.6,63.7,8.6,7.8,0.537,13.6,34.7,0.275,0,8,1,0,0,36,27,0.75,11.39,922,0.447,166,0.317,405,0.648,540,1394,554,282,105,457,560,62.9,106.2,0.303,0.254,0.512,55.8,60.1,12.4,8.6,0.488,16.2,42.4,0.197,0,5,0,0,0
2010,Second Round,3,Baylor,11,Old Dominion,0,36,28,0.778,17.97,993,0.487,255,0.385,530,0.725,443,1408,508,237,242,491,639,67.2,113.8,0.358,0.325,0.58,54.4,51.2,9.7,17.4,0.549,17.1,38.5,0.26,1,2,1,0,0,36,27,0.75,11.39,922,0.447,166,0.317,405,0.648,540,1394,554,282,105,457,560,62.9,106.2,0.303,0.254,0.512,55.8,60.1,12.4,8.6,0.488,16.2,42.4,0.197,0,5,0,0,0
2010,First Round,3,Baylor,14,Sam Houston State,0,36,28,0.778,17.97,993,0.487,255,0.385,530,0.725,443,1408,508,237,242,491,639,67.2,113.8,0.358,0.325,0.58,54.4,51.2,9.7,17.4,0.549,17.1,38.5,0.26,1,2,1,0,0,33,25,0.758,3.71,909,0.463,287,0.37,511,0.703,410,1247,673,257,85,442,661,70.6,111.5,0.37,0.395,0.567,53,74,11,7,0.536,16.1,34.9,0.26,0,2,0,0,0
2010,Sweet Sixteen,3,Baylor,10,Saint Mary's,0,36,28,0.778,17.97,993,0.487,255,0.385,530,0.725,443,1408,508,237,242,491,639,67.2,113.8,0.358,0.325,0.58,54.4,51.2,9.7,17.4,0.549,17.1,38.5,0.26,1,2,1,0,0,34,28,0.824,13.38,944,0.484,284,0.406,496,0.761,370,1244,543,168,176,394,560,67,116.7,0.334,0.358,0.59,53.2,57.5,7.3,11.4,0.557,14.8,34.4,0.254,0,3,1,0,0
2010,First Round,7,Richmond,10,Saint Mary's,1,35,26,0.743,10.03,868,0.447,250,0.355,441,0.7,304,1139,442,289,158,384,634,65,104.5,0.324,0.362,0.541,46.2,50.9,12.4,11.9,0.511,14.6,26,0.227,1,1,0,0,0,34,28,0.824,13.38,944,0.484,284,0.406,496,0.761,370,1244,543,168,176,394,560,67,116.7,0.334,0.358,0.59,53.2,57.5,7.3,11.4,0.557,14.8,34.4,0.254,0,3,1,0,0
2010,Second Round,2,Villanova,10,Saint Mary's,1,33,25,0.758,16.72,899,0.458,252,0.373,650,0.755,441,1272,448,259,133,452,731,71.9,112.9,0.439,0.345,0.569,53.2,49.8,10.8,11.7,0.522,16,37.7,0.331,1,8,4,1,0,34,28,0.824,13.38,944,0.484,284,0.406,496,0.761,370,1244,543,168,176,394,560,67,116.7,0.334,0.358,0.59,53.2,57.5,7.3,11.4,0.557,14.8,34.4,0.254,0,3,1,0,0
2010,First Round,2,Villanova,15,Robert Morris,0,33,25,0.758,16.72,899,0.458,252,0.373,650,0.755,441,1272,448,259,133,452,731,71.9,112.9,0.439,0.345,0.569,53.2,49.8,10.8,11.7,0.522,16,37.7,0.331,1,8,4,1,0,35,23,0.657,-3.71,815,0.436,197,0.361,572,0.666,412,1227,433,267,80,520,757,67.6,101,0.46,0.292,0.527,51.1,53.1,11.2,7.2,0.489,18.6,34.6,0.306,0,2,0,0,0
2010,First Round,1,Kentucky,16,ETSU,1,38,35,0.921,21.13,1066,0.478,231,0.331,649,0.668,538,1584,573,279,273,538,641,70,112.1,0.436,0.313,0.56,55.4,53.8,10.4,17.8,0.53,16.7,40.5,0.291,1,12,8,2,0,35,20,0.571,-0.83,855,0.432,177,0.308,537,0.659,445,1277,382,293,112,519,673,69.4,99.5,0.412,0.291,0.512,50.5,44.7,12,9.9,0.477,18,35,0.271,0,4,0,0,0
2010,Second Round,1,Kentucky,9,Wake Forest,0,38,35,0.921,21.13,1066,0.478,231,0.331,649,0.668,538,1584,573,279,273,538,641,70,112.1,0.436,0.313,0.56,55.4,53.8,10.4,17.8,0.53,16.7,40.5,0.291,1,12,8,2,0,31,20,0.645,11.45,811,0.434,134,0.308,501,0.657,463,1306,369,221,162,471,624,70.4,100.9,0.408,0.233,0.506,53,45.5,9.9,12.7,0.47,17.4,38.8,0.268,0,2,0,0,0
2010,First Round,8,Texas,9,Wake Forest,1,34,24,0.706,18.56,1005,0.466,195,0.345,556,0.633,503,1425,489,269,194,464,670,73.6,109.2,0.407,0.262,0.536,53.8,48.7,10.6,13,0.511,15.3,38.9,0.258,0,18,6,1,0,31,20,0.645,11.45,811,0.434,134,0.308,501,0.657,463,1306,369,221,162,471,624,70.4,100.9,0.408,0.233,0.506,53,45.5,9.9,12.7,0.47,17.4,38.8,0.268,0,2,0,0,0
2010,Sweet Sixteen,1,Kentucky,12,Cornell,0,38,35,0.921,21.13,1066,0.478,231,0.331,649,0.668,538,1584,573,279,273,538,641,70,112.1,0.436,0.313,0.56,55.4,53.8,10.4,17.8,0.53,16.7,40.5,0.291,1,12,8,2,0,34,29,0.853,8.76,913,0.482,326,0.43,393,0.73,349,1149,543,243,122,414,598,64.7,117.1,0.284,0.401,0.604,52.4,59.5,11,10.2,0.568,16.1,33,0.207,0,3,1,0,0
2010,First Round,5,Temple,12,Cornell,1,35,29,0.829,12.44,851,0.438,204,0.337,367,0.689,377,1281,515,163,104,358,521,61.9,104.2,0.274,0.312,0.518,52.8,60.5,7.5,8.1,0.491,14,32.1,0.189,1,12,0,0,0,34,29,0.853,8.76,913,0.482,326,0.43,393,0.73,349,1149,543,243,122,414,598,64.7,117.1,0.284,0.401,0.604,52.4,59.5,11,10.2,0.568,16.1,33,0.207,0,3,1,0,0
2010,Second Round,4,Wisconsin,12,Cornell,1,33,24,0.727,17.84,776,0.443,246,0.357,416,0.732,320,1056,412,187,113,289,537,59.8,111.3,0.325,0.394,0.548,51.3,53.1,9.4,9.5,0.514,12.5,30.2,0.238,1,9,3,0,0,34,29,0.853,8.76,913,0.482,326,0.43,393,0.73,349,1149,543,243,122,414,598,64.7,117.1,0.284,0.401,0.604,52.4,59.5,11,10.2,0.568,16.1,33,0.207,0,3,1,0,0
2010,First Round,4,Wisconsin,13,Wofford,0,33,24,0.727,17.84,776,0.443,246,0.357,416,0.732,320,1056,412,187,113,289,537,59.8,111.3,0.325,0.394,0.548,51.3,53.1,9.4,9.5,0.514,12.5,30.2,0.238,1,9,3,0,0,35,26,0.743,4.43,825,0.44,203,0.35,555,0.669,402,1243,469,242,74,416,621,65.1,105.4,0.443,0.31,0.531,52.2,56.8,10.6,5.8,0.495,15.5,33.6,0.296,0,1,0,0,0
2010,First Round,6,Marquette,11,Washington,1,34,22,0.647,15.17,861,0.456,274,0.413,489,0.741,343,1071,516,269,72,353,580,64.4,111.9,0.349,0.351,0.564,49,59.9,12.1,5.5,0.528,13.8,31.2,0.259,0,2,0,0,0,36,26,0.722,15.64,1004,0.454,191,0.336,652,0.72,476,1364,515,264,151,460,766,72.8,108.5,0.409,0.257,0.54,52.5,51.3,10,10.2,0.497,14.8,36.9,0.295,0,6,3,0,0
2010,Second Round,3,New Mexico,11,Washington,1,35,30,0.857,12.49,887,0.438,273,0.369,608,0.669,458,1347,497,232,120,387,615,67.7,111.3,0.449,0.365,0.541,53.6,56,9.7,10.4,0.506,13.6,35.4,0.301,1,5,1,0,0,36,26,0.722,15.64,1004,0.454,191,0.336,652,0.72,476,1364,515,264,151,460,766,72.8,108.5,0.409,0.257,0.54,52.5,51.3,10,10.2,0.497,14.8,36.9,0.295,0,6,3,0,0
2010,Sweet Sixteen,2,West Virginia,11,Washington,0,38,31,0.816,19.16,942,0.43,257,0.337,611,0.704,585,1467,589,213,155,451,686,64,111.4,0.396,0.348,0.529,54.5,62.5,8.6,11.4,0.489,14.8,42,0.279,1,18,6,2,0,36,26,0.722,15.64,1004,0.454,191,0.336,652,0.72,476,1364,515,264,151,460,766,72.8,108.5,0.409,0.257,0.54,52.5,51.3,10,10.2,0.497,14.8,36.9,0.295,0,6,3,0,0
2010,First Round,3,New Mexico,14,Montana,0,35,30,0.857,12.49,887,0.438,273,0.369,608,0.669,458,1347,497,232,120,387,615,67.7,111.3,0.449,0.365,0.541,53.6,56,9.7,10.4,0.506,13.6,35.4,0.301,1,5,1,0,0,32,22,0.688,3.93,791,0.483,210,0.399,436,0.723,283,1048,396,206,106,390,571,63.4,109.8,0.369,0.322,0.579,52.2,50.1,10.2,9.2,0.548,16.9,30.6,0.267,0,1,0,0,0
2010,First Round,7,Clemson,10,Missouri,1,32,21,0.656,15.71,851,0.453,216,0.342,432,0.661,420,1178,453,301,151,480,564,70.1,104.8,0.348,0.336,0.537,51.4,53.2,13.4,11.9,0.511,18,36.5,0.23,0,6,0,0,0,34,23,0.676,17.39,926,0.44,258,0.368,517,0.724,441,1200,522,371,160,432,656,71,108,0.339,0.333,0.538,48,56.4,15.3,12.3,0.501,15,34.7,0.246,0,5,2,0,0
2010,Second Round,2,West Virginia,10,Missouri,0,38,31,0.816,19.16,942,0.43,257,0.337,611,0.704,585,1467,589,213,155,451,686,64,111.4,0.396,0.348,0.529,54.5,62.5,8.6,11.4,0.489,14.8,42,0.279,1,18,6,2,0,34,23,0.676,17.39,926,0.44,258,0.368,517,0.724,441,1200,522,371,160,432,656,71,108,0.339,0.333,0.538,48,56.4,15.3,12.3,0.501,15,34.7,0.246,0,5,2,0,0
2010,First Round,2,West Virginia,15,Morgan State,0,38,31,0.816,19.16,942,0.43,257,0.337,611,0.704,585,1467,589,213,155,451,686,64,111.4,0.396,0.348,0.529,54.5,62.5,8.6,11.4,0.489,14.8,42,0.279,1,18,6,2,0,37,27,0.73,-1.18,960,0.429,205,0.332,688,0.7,568,1488,461,243,152,499,782,70,107.2,0.439,0.276,0.52,52.4,48,9.3,9.6,0.475,15.6,39.7,0.307,0,5,1,0,0
2010,First Round,1,Kansas,16,Lehigh,0,36,33,0.917,24.68,1033,0.489,262,0.404,609,0.699,468,1457,609,301,232,470,658,69.4,116.8,0.413,0.307,0.582,54.6,59,12,16,0.551,15.7,38.4,0.288,1,12,7,1,1,33,22,0.667,-3.33,842,0.454,220,0.399,574,0.718,339,1201,495,203,85,429,589,70,106.5,0.431,0.297,0.555,50.9,58.8,8.7,6.7,0.514,16.1,29.8,0.31,0,1,0,0,0
2010,Second Round,1,Kansas,9,Northern Iowa,1,36,33,0.917,24.68,1033,0.489,262,0.404,609,0.699,468,1457,609,301,232,470,658,69.4,116.8,0.413,0.307,0.582,54.6,59,12,16,0.551,15.7,38.4,0.288,1,12,7,1,1,35,30,0.857,12.03,747,0.429,233,0.354,489,0.758,333,1130,367,198,70,372,556,59.4,106.6,0.37,0.379,0.541,52,49.1,9.5,6.4,0.496,15.4,30.7,0.281,0,2,1,0,0
2010,First Round,8,UNLV,9,Northern Iowa,1,34,25,0.735,12.57,899,0.461,231,0.332,456,0.716,337,1149,551,266,117,395,691,67.4,107.7,0.327,0.356,0.552,49.5,61.3,11.5,10.2,0.52,14.9,29.3,0.234,0,12,3,1,0,35,30,0.857,12.03,747,0.429,233,0.354,489,0.758,333,1130,367,198,70,372,556,59.4,106.6,0.37,0.379,0.541,52,49.1,9.5,6.4,0.496,15.4,30.7,0.281,0,2,1,0,0
2010,Sweet Sixteen,5,Michigan State,9,Northern Iowa,0,37,28,0.757,15.33,974,0.471,187,0.344,523,0.685,487,1426,606,242,123,514,666,65.9,108.7,0.369,0.263,0.547,56.3,62.2,9.9,9.5,0.516,17.5,39.8,0.253,1,13,9,6,1,35,30,0.857,12.03,747,0.429,233,0.354,489,0.758,333,1130,367,198,70,372,556,59.4,106.6,0.37,0.379,0.541,52,49.1,9.5,6.4,0.496,15.4,30.7,0.281,0,2,1,0,0
2010,First Round,5,Michigan State,12,New Mexico State,0,37,28,0.757,15.33,974,0.471,187,0.344,523,0.685,487,1426,606,242,123,514,666,65.9,108.7,0.369,0.263,0.547,56.3,62.2,9.9,9.5,0.516,17.5,39.8,0.253,1,13,9,6,1,34,22,0.647,2.06,919,0.46,287,0.371,537,0.7,358,1212,484,203,111,437,595,72.1,108.6,0.384,0.388,0.564,48.6,52.7,8.3,8,0.532,15.6,29.9,0.269,0,1,0,0,0
2010,Elite Eight,5,Michigan State,6,Tennessee,0,37,28,0.757,15.33,974,0.471,187,0.344,523,0.685,487,1426,606,242,123,514,666,65.9,108.7,0.369,0.263,0.547,56.3,62.2,9.9,9.5,0.516,17.5,39.8,0.253,1,13,9,6,1,37,28,0.757,16.05,991,0.456,218,0.32,520,0.671,441,1353,530,290,136,490,733,69.8,105.1,0.356,0.313,0.535,50.8,53.5,11.2,10.8,0.506,16.2,33.5,0.239,1,7,4,0,0
2010,Sweet Sixteen,2,Ohio State,6,Tennessee,1,37,29,0.784,19.49,983,0.492,276,0.39,498,0.696,325,1234,545,262,157,413,565,65.1,113,0.358,0.354,0.586,51.2,55.4,10.8,12.2,0.561,15,28.9,0.249,1,8,3,1,0,37,28,0.757,16.05,991,0.456,218,0.32,520,0.671,441,1353,530,290,136,490,733,69.8,105.1,0.356,0.313,0.535,50.8,53.5,11.2,10.8,0.506,16.2,33.5,0.239,1,7,4,0,0
2010,First Round,4,Maryland,13,Houston,0,33,24,0.727,17.75,966,0.471,195,0.382,502,0.729,421,1270,545,256,154,383,554,70.2,112.2,0.336,0.249,0.552,50.4,56.4,10.9,11,0.518,13.9,35.6,0.245,1,17,9,2,1,35,19,0.543,6.74,958,0.42,290,0.356,545,0.71,440,1185,435,329,103,315,652,71.4,109.3,0.337,0.357,0.52,44.5,45.4,13.1,7.2,0.483,10.6,30.3,0.239,0,11,3,0,0
2010,Second Round,4,Maryland,5,Michigan State,1,33,24,0.727,17.75,966,0.471,195,0.382,502,0.729,421,1270,545,256,154,383,554,70.2,112.2,0.336,0.249,0.552,50.4,56.4,10.9,11,0.518,13.9,35.6,0.245,1,17,9,2,1,37,28,0.757,15.33,974,0.471,187,0.344,523,0.685,487,1426,606,242,123,514,666,65.9,108.7,0.369,0.263,0.547,56.3,62.2,9.9,9.5,0.516,17.5,39.8,0.253,1,13,9,6,1
2010,Final Four,5,Butler,5,Michigan State,0,38,33,0.868,14.37,845,0.442,260,0.342,661,0.738,353,1241,464,267,86,456,685,64.1,106.8,0.469,0.398,0.559,52.1,54.9,10.9,6.5,0.51,16.3,30.4,0.346,1,3,1,1,0,37,28,0.757,15.33,974,0.471,187,0.344,523,0.685,487,1426,606,242,123,514,666,65.9,108.7,0.369,0.263,0.547,56.3,62.2,9.9,9.5,0.516,17.5,39.8,0.253,1,13,9,6,1
2010,First Round,6,Tennessee,11,San Diego State,0,37,28,0.757,16.05,991,0.456,218,0.32,520,0.671,441,1353,530,290,136,490,733,69.8,105.1,0.356,0.313,0.535,50.8,53.5,11.2,10.8,0.506,16.2,33.5,0.239,1,7,4,0,0,34,25,0.735,11.34,875,0.474,179,0.317,460,0.621,444,1257,458,251,156,453,552,63.9,108.8,0.401,0.306,0.543,54.8,52.3,11.4,13,0.522,17.1,40.2,0.249,0,10,4,3,1
2010,Second Round,6,Tennessee,14,Ohio,0,37,28,0.757,16.05,991,0.456,218,0.32,520,0.671,441,1353,530,290,136,490,733,69.8,105.1,0.356,0.313,0.535,50.8,53.5,11.2,10.8,0.506,16.2,33.5,0.239,1,7,4,0,0,37,22,0.595,4.56,925,0.43,278,0.366,635,0.719,443,1371,524,278,97,473,696,69.2,105.7,0.41,0.353,0.537,49.5,56.6,10.6,6.7,0.494,15.5,32.4,0.295,0,1,0,0,0
2010,First Round,3,Georgetown,14,Ohio,1,34,23,0.676,17.03,905,0.499,212,0.387,478,0.711,333,1132,524,237,161,473,579,66.6,110.4,0.37,0.302,0.586,51.8,57.9,10.5,12.9,0.557,18.1,33.1,0.263,1,6,2,1,0,37,22,0.595,4.56,925,0.43,278,0.366,635,0.719,443,1371,524,278,97,473,696,69.2,105.7,0.41,0.353,0.537,49.5,56.6,10.6,6.7,0.494,15.5,32.4,0.295,0,1,0,0,0
2010,First Round,7,Oklahoma State,10,Georgia Tech,1,33,22,0.667,12.34,839,0.451,274,0.349,485,0.714,327,1169,413,214,84,418,664,68.6,107.2,0.365,0.421,0.558,51,49.2,9.4,7,0.524,16.1,29.1,0.261,0,3,0,0,0,36,23,0.639,14.11,948,0.459,213,0.363,512,0.657,464,1430,508,288,190,574,670,70.4,103.1,0.377,0.284,0.538,53.2,53.6,11.3,13.9,0.511,19.1,37.4,0.248,0,6,1,1,0
2010,Second Round,2,Ohio State,10,Georgia Tech,0,37,29,0.784,19.49,983,0.492,276,0.39,498,0.696,325,1234,545,262,157,413,565,65.1,113,0.358,0.354,0.586,51.2,55.4,10.8,12.2,0.561,15,28.9,0.249,1,8,3,1,0,36,23,0.639,14.11,948,0.459,213,0.363,512,0.657,464,1430,508,288,190,574,670,70.4,103.1,0.377,0.284,0.538,53.2,53.6,11.3,13.9,0.511,19.1,37.4,0.248,0,6,1,1,0
2010,First Round,2,Ohio State,15,UCSB,0,37,29,0.784,19.49,983,0.492,276,0.39,498,0.696,325,1234,545,262,157,413,565,65.1,113,0.358,0.354,0.586,51.2,55.4,10.8,12.2,0.561,15,28.9,0.249,1,8,3,1,0,30,20,0.667,-0.13,674,0.443,205,0.377,475,0.681,268,984,414,202,92,460,572,67.7,99.4,0.459,0.357,0.547,48.4,61.4,9.9,9.5,0.51,19.9,27.4,0.312,0,2,0,0,0
2010,First Round,1,Syracuse,16,Vermont,0,35,30,0.857,21.72,1042,0.516,244,0.391,504,0.677,417,1337,673,336,221,532,515,71,114,0.369,0.309,0.596,53,64.6,13.5,17.2,0.576,18.3,37.1,0.249,1,27,15,3,1,35,25,0.714,-1.26,826,0.438,166,0.317,639,0.687,433,1291,423,239,141,487,635,67.5,103.6,0.494,0.278,0.528,51.9,51.2,10.1,10.2,0.482,17.3,36.3,0.339,0,1,0,0,0
2010,Second Round,1,Syracuse,8,Gonzaga,0,35,30,0.857,21.72,1042,0.516,244,0.391,504,0.677,417,1337,673,336,221,532,515,71,114,0.369,0.309,0.596,53,64.6,13.5,17.2,0.576,18.3,37.1,0.249,1,27,15,3,1,34,27,0.794,12.11,912,0.491,182,0.353,608,0.664,358,1286,456,227,142,444,614,69.4,109.6,0.494,0.278,0.57,53.1,50,9.5,10.5,0.54,16.2,32.1,0.328,1,11,4,0,0
2010,First Round,8,Gonzaga,9,Florida State,0,34,27,0.794,12.11,912,0.491,182,0.353,608,0.664,358,1286,456,227,142,444,614,69.4,109.6,0.494,0.278,0.57,53.1,50,9.5,10.5,0.54,16.2,32.1,0.328,1,11,4,0,0,32,22,0.688,14.64,783,0.452,186,0.334,431,0.644,406,1211,446,267,200,528,575,67.6,100.6,0.386,0.321,0.532,53.7,57,12.3,17.7,0.505,20.5,38.1,0.249,0,5,1,0,0
2010,First Round,5,Butler,12,UTEP,0,38,33,0.868,14.37,845,0.442,260,0.342,661,0.738,353,1241,464,267,86,456,685,64.1,106.8,0.469,0.398,0.559,52.1,54.9,10.9,6.5,0.51,16.3,30.4,0.346,1,3,1,1,0,33,26,0.788,12.66,891,0.474,201,0.343,501,0.673,323,1193,488,288,120,435,643,69.8,106.6,0.396,0.312,0.556,50.5,54.8,12.4,10.2,0.528,16.3,28.9,0.267,0,1,0,0,0
2010,Second Round,5,Butler,13,Murray State,0,38,33,0.868,14.37,845,0.442,260,0.342,661,0.738,353,1241,464,267,86,456,685,64.1,106.8,0.469,0.398,0.559,52.1,54.9,10.9,6.5,0.51,16.3,30.4,0.346,1,3,1,1,0,36,31,0.861,8.69,978,0.499,226,0.377,571,0.695,439,1319,556,347,196,527,618,68,112.4,0.419,0.305,0.586,54.7,56.9,14.2,14.2,0.556,18.3,39.7,0.291,0,2,0,0,0
2010,First Round,4,Vanderbilt,13,Murray State,1,33,24,0.727,15.24,859,0.47,203,0.368,616,0.721,361,1197,436,188,171,448,632,69.9,109.6,0.467,0.302,0.568,50.3,50.8,8.1,12.5,0.525,16.7,33.1,0.337,1,6,2,0,0,36,31,0.861,8.69,978,0.499,226,0.377,571,0.695,439,1319,556,347,196,527,618,68,112.4,0.419,0.305,0.586,54.7,56.9,14.2,14.2,0.556,18.3,39.7,0.291,0,2,0,0,0
2010,First Round,6,Xavier,11,Minnesota,0,35,26,0.743,16.23,961,0.462,250,0.377,621,0.711,444,1415,494,235,132,452,662,69.7,111,0.419,0.319,0.559,53.5,51.4,9.3,8.9,0.522,15.3,35.2,0.298,1,1,1,0,0,35,21,0.6,15.64,912,0.468,246,0.399,463,0.7,375,1237,583,273,199,427,579,65.7,109,0.339,0.317,0.56,51.2,63.9,11.7,16.4,0.531,15.9,32.9,0.238,0,16,9,1,1
2010,First Round,3,Pitt,14,Oakland,0,34,25,0.735,14.3,809,0.447,181,0.344,537,0.693,420,1269,536,177,139,421,594,62.6,107.5,0.428,0.29,0.536,53.6,66.3,8.1,10.4,0.497,16.2,37,0.297,1,7,3,0,0,35,26,0.743,-0.64,920,0.448,206,0.322,630,0.719,477,1344,461,236,169,485,632,70.5,108.4,0.427,0.312,0.542,53.4,50.1,9.6,11.2,0.498,16.4,37.6,0.307,0,2,0,0,0
2010,Second Round,3,Pitt,6,Xavier,1,34,25,0.735,14.3,809,0.447,181,0.344,537,0.693,420,1269,536,177,139,421,594,62.6,107.5,0.428,0.29,0.536,53.6,66.3,8.1,10.4,0.497,16.2,37,0.297,1,7,3,0,0,35,26,0.743,16.23,961,0.462,250,0.377,621,0.711,444,1415,494,235,132,452,662,69.7,111,0.419,0.319,0.559,53.5,51.4,9.3,8.9,0.522,15.3,35.2,0.298,1,1,1,0,0
2010,Sweet Sixteen,2,Kansas State,6,Xavier,1,37,29,0.784,19.88,981,0.45,253,0.36,734,0.668,559,1437,541,274,187,529,828,71.2,110.5,0.503,0.322,0.545,52.9,55.1,10.3,13.2,0.508,16.4,40.4,0.336,1,2,1,0,0,35,26,0.743,16.23,961,0.462,250,0.377,621,0.711,444,1415,494,235,132,452,662,69.7,111,0.419,0.319,0.559,53.5,51.4,9.3,8.9,0.522,15.3,35.2,0.298,1,1,1,0,0
2010,First Round,7,BYU,10,Florida,0,36,30,0.833,18.82,1025,0.483,292,0.417,650,0.79,367,1332,567,307,126,417,621,71,116.1,0.388,0.33,0.596,53,55.3,11.9,9.1,0.552,14.2,31.2,0.307,1,4,0,0,0,34,21,0.618,11.89,890,0.444,203,0.313,472,0.703,455,1265,479,243,94,423,501,66.5,107.4,0.334,0.323,0.528,52,53.8,10.6,7.2,0.494,15.4,37,0.235,0,10,4,3,2
2010,First Round,2,Kansas State,15,North Texas,0,37,29,0.784,19.88,981,0.45,253,0.36,734,0.668,559,1437,541,274,187,529,828,71.2,110.5,0.503,0.322,0.545,52.9,55.1,10.3,13.2,0.508,16.4,40.4,0.336,1,2,1,0,0,33,24,0.727,-2.49,798,0.457,179,0.333,662,0.719,364,1220,394,144,94,485,590,68.8,105.7,0.527,0.308,0.558,52.7,49.4,6.2,6.6,0.508,18.2,33.3,0.379,0,2,0,0,0
2010,Second Round,2,Kansas State,7,BYU,0,37,29,0.784,19.88,981,0.45,253,0.36,734,0.668,559,1437,541,274,187,529,828,71.2,110.5,0.503,0.322,0.545,52.9,55.1,10.3,13.2,0.508,16.4,40.4,0.336,1,2,1,0,0,36,30,0.833,18.82,1025,0.483,292,0.417,650,0.79,367,1332,567,307,126,417,621,71,116.1,0.388,0.33,0.596,53,55.3,11.9,9.1,0.552,14.2,31.2,0.307,1,4,0,0,0
2011,Play-In,12,UAB,12,Clemson,1,31,22,0.71,8.55,756,0.438,239,0.342,368,0.717,352,1109,420,164,97,387,514,63.1,105.7,0.297,0.405,0.538,51.7,55.6,8.2,8.2,0.508,16.4,33.4,0.213,0,5,1,1,0,34,22,0.647,13.76,810,0.443,217,0.344,493,0.701,384,1177,445,272,161,449,624,65.1,104.5,0.385,0.345,0.539,51.2,54.9,12.2,13.2,0.503,17.2,34.2,0.27,0,4,0,0,0
2011,First Round,5,West Virginia,12,Clemson,0,33,21,0.636,16.15,783,0.429,206,0.337,531,0.711,469,1227,491,154,136,397,598,64,109,0.409,0.335,0.528,52.4,62.7,7.3,11,0.485,15.4,40.2,0.291,1,19,6,2,0,34,22,0.647,13.76,810,0.443,217,0.344,493,0.701,384,1177,445,272,161,449,624,65.1,104.5,0.385,0.345,0.539,51.2,54.9,12.2,13.2,0.503,17.2,34.2,0.27,0,4,0,0,0
2011,Play-In,16,UTSA,16,Alabama State,0,34,20,0.588,-5.8,802,0.429,234,0.351,546,0.705,362,1186,430,240,76,461,657,68.8,102,0.414,0.356,0.532,48.9,53.6,10.3,6.5,0.491,17.1,30.4,0.292,0,1,0,0,0,35,17,0.486,-13.37,728,0.395,165,0.283,525,0.603,460,1271,404,255,163,551,777,66.5,91.5,0.473,0.317,0.476,50.7,55.5,10.9,13.1,0.44,19.6,35.7,0.285,0,2,0,0,0
2011,Play-In,16,UNC Asheville,16,Little Rock,0,34,20,0.588,-0.69,881,0.452,168,0.326,576,0.711,400,1213,492,310,152,506,664,70.1,102.9,0.415,0.264,0.537,49.3,55.8,12.7,11.9,0.495,17.8,33.2,0.295,0,2,0,0,0,36,19,0.528,-4.32,825,0.426,242,0.393,565,0.69,377,1204,433,212,89,428,740,65.4,103.3,0.423,0.317,0.528,48.9,52.5,8.9,7.4,0.488,15.5,29.9,0.292,0,1,0,0,0
2011,Play-In,11,VCU,11,USC,0,40,28,0.7,8.56,968,0.434,339,0.37,589,0.715,428,1292,583,328,140,452,735,65.3,108.3,0.37,0.412,0.547,47,60.2,12.4,9.1,0.511,14.7,30.9,0.264,0,1,1,1,0,34,19,0.559,11.52,813,0.444,204,0.354,422,0.651,340,1153,402,199,104,390,589,64.3,102.6,0.354,0.315,0.526,50.7,49.4,9.1,8.4,0.499,15.4,29.9,0.23,0,4,1,0,0
2011,First Round,1,Ohio State,16,UTSA,0,37,34,0.919,25.84,1017,0.494,285,0.423,535,0.701,419,1277,587,263,118,375,519,64.1,120,0.371,0.327,0.589,53.8,57.7,11.1,9.1,0.563,13.4,35.7,0.26,1,9,4,1,0,34,20,0.588,-5.8,802,0.429,234,0.351,546,0.705,362,1186,430,240,76,461,657,68.8,102,0.414,0.356,0.532,48.9,53.6,10.3,6.5,0.491,17.1,30.4,0.292,0,1,0,0,0
2011,Second Round,1,Ohio State,8,George Mason,0,37,34,0.919,25.84,1017,0.494,285,0.423,535,0.701,419,1277,587,263,118,375,519,64.1,120,0.371,0.327,0.589,53.8,57.7,11.1,9.1,0.563,13.4,35.7,0.26,1,9,4,1,0,34,27,0.794,11.66,876,0.471,227,0.395,495,0.689,364,1188,483,224,110,376,581,64.3,111.9,0.386,0.308,0.562,51.5,55.1,10.1,8.9,0.532,14.6,32.9,0.266,0,5,1,1,0
2011,Sweet Sixteen,1,Ohio State,4,Kentucky,1,37,34,0.919,25.84,1017,0.494,285,0.423,535,0.701,419,1277,587,263,118,375,519,64.1,120,0.371,0.327,0.589,53.8,57.7,11.1,9.1,0.563,13.4,35.7,0.26,1,9,4,1,0,38,29,0.763,20.3,1002,0.459,281,0.397,560,0.71,445,1420,482,211,239,406,601,66.2,112.8,0.361,0.324,0.556,52.5,48.1,8.4,15.5,0.523,13.7,34.3,0.257,1,13,9,3,0
2011,Elite Eight,2,UNC,4,Kentucky,1,37,29,0.784,18.87,1044,0.451,190,0.328,590,0.672,525,1578,573,232,204,493,597,72.6,106.5,0.379,0.25,0.524,54,54.9,8.6,13.3,0.492,15.3,37.1,0.255,1,21,14,7,2,38,29,0.763,20.3,1002,0.459,281,0.397,560,0.71,445,1420,482,211,239,406,601,66.2,112.8,0.361,0.324,0.556,52.5,48.1,8.4,15.5,0.523,13.7,34.3,0.257,1,13,9,3,0
2011,Final Four,3,UConn,4,Kentucky,0,41,32,0.78,17.95,1053,0.434,234,0.329,627,0.763,570,1626,534,259,228,466,646,65.1,109.2,0.338,0.293,0.526,52.9,50.7,9.5,13.6,0.482,14.2,38.7,0.258,1,22,13,4,3,38,29,0.763,20.3,1002,0.459,281,0.397,560,0.71,445,1420,482,211,239,406,601,66.2,112.8,0.361,0.324,0.556,52.5,48.1,8.4,15.5,0.523,13.7,34.3,0.257,1,13,9,3,0
2011,First Round,8,George Mason,9,Villanova,0,34,27,0.794,11.66,876,0.471,227,0.395,495,0.689,364,1188,483,224,110,376,581,64.3,111.9,0.386,0.308,0.562,51.5,55.1,10.1,8.9,0.532,14.6,32.9,0.266,0,5,1,1,0,33,21,0.636,15.05,796,0.438,210,0.348,582,0.757,402,1223,450,208,125,392,578,65.7,109.6,0.423,0.332,0.546,53.2,56.5,9.6,10.7,0.495,15.2,35.8,0.32,0,9,4,1,0
2011,First Round,4,Kentucky,13,Princeton,0,38,29,0.763,20.3,1002,0.459,281,0.397,560,0.71,445,1420,482,211,239,406,601,66.2,112.8,0.361,0.324,0.556,52.5,48.1,8.4,15.5,0.523,13.7,34.3,0.257,1,13,9,3,0,32,25,0.781,3.71,788,0.465,193,0.363,446,0.732,315,1105,427,191,134,389,551,63.4,107,0.359,0.313,0.558,53.1,54.2,9.2,10.7,0.522,16.4,31.5,0.263,0,1,0,0,0
2011,Second Round,4,Kentucky,5,West Virginia,0,38,29,0.763,20.3,1002,0.459,281,0.397,560,0.71,445,1420,482,211,239,406,601,66.2,112.8,0.361,0.324,0.556,52.5,48.1,8.4,15.5,0.523,13.7,34.3,0.257,1,13,9,3,0,33,21,0.636,16.15,783,0.429,206,0.337,531,0.711,469,1227,491,154,136,397,598,64,109,0.409,0.335,0.528,52.4,62.7,7.3,11,0.485,15.4,40.2,0.291,1,19,6,2,0
2011,First Round,6,Xavier,11,Marquette,1,32,24,0.75,11.88,784,0.461,173,0.329,565,0.747,328,1130,424,174,98,386,551,65.3,108.7,0.445,0.309,0.56,53.3,54.1,8.2,8.7,0.512,15.8,32.4,0.332,1,2,1,0,0,37,22,0.595,14.89,973,0.465,191,0.349,645,0.696,457,1329,574,265,134,455,622,68,110.2,0.443,0.261,0.549,51.7,59,10.5,9.5,0.51,15.2,36.1,0.308,0,3,1,0,0
2011,Second Round,3,Syracuse,11,Marquette,1,35,27,0.771,18.85,936,0.472,222,0.354,474,0.665,429,1308,566,304,231,433,544,66,110.3,0.36,0.317,0.553,52.5,60.5,13.1,18.9,0.528,15.7,36.7,0.239,1,28,15,3,1,37,22,0.595,14.89,973,0.465,191,0.349,645,0.696,457,1329,574,265,134,455,622,68,110.2,0.443,0.261,0.549,51.7,59,10.5,9.5,0.51,15.2,36.1,0.308,0,3,1,0,0
2011,Sweet Sixteen,2,UNC,11,Marquette,0,37,29,0.784,18.87,1044,0.451,190,0.328,590,0.672,525,1578,573,232,204,493,597,72.6,106.5,0.379,0.25,0.524,54,54.9,8.6,13.3,0.492,15.3,37.1,0.255,1,21,14,7,2,37,22,0.595,14.89,973,0.465,191,0.349,645,0.696,457,1329,574,265,134,455,622,68,110.2,0.443,0.261,0.549,51.7,59,10.5,9.5,0.51,15.2,36.1,0.308,0,3,1,0,0
2011,First Round,3,Syracuse,14,Indiana State,0,35,27,0.771,18.85,936,0.472,222,0.354,474,0.665,429,1308,566,304,231,433,544,66,110.3,0.36,0.317,0.553,52.5,60.5,13.1,18.9,0.528,15.7,36.7,0.239,1,28,15,3,1,34,20,0.588,3.41,769,0.429,235,0.362,480,0.71,352,1172,431,212,145,477,684,64.8,100.8,0.377,0.362,0.533,50.8,56,9.5,12.4,0.494,18.4,30.9,0.268,0,1,0,0,0
2011,First Round,7,Washington,10,Georgia,0,35,24,0.686,20.12,1061,0.469,305,0.371,480,0.674,488,1367,593,234,179,426,718,72,114.5,0.315,0.363,0.559,52.9,55.9,9.2,12.3,0.537,14.1,37.7,0.212,1,7,3,0,0,33,21,0.636,10.43,823,0.452,156,0.342,465,0.697,407,1243,495,211,162,444,541,64.6,104,0.366,0.25,0.53,53.4,60.1,9.7,12.8,0.495,17.2,36.8,0.255,0,4,0,0,0
2011,First Round,2,UNC,15,LIU,1,37,29,0.784,18.87,1044,0.451,190,0.328,590,0.672,525,1578,573,232,204,493,597,72.6,106.5,0.379,0.25,0.524,54,54.9,8.6,13.3,0.492,15.3,37.1,0.255,1,21,14,7,2,33,27,0.818,2.23,928,0.462,229,0.361,645,0.646,479,1378,503,246,111,505,580,75.3,108.9,0.497,0.316,0.55,52.8,54.2,9.8,7.6,0.519,16.9,37.4,0.321,0,1,0,0,0
2011,Second Round,2,UNC,7,Washington,0,37,29,0.784,18.87,1044,0.451,190,0.328,590,0.672,525,1578,573,232,204,493,597,72.6,106.5,0.379,0.25,0.524,54,54.9,8.6,13.3,0.492,15.3,37.1,0.255,1,21,14,7,2,35,24,0.686,20.12,1061,0.469,305,0.371,480,0.674,488,1367,593,234,179,426,718,72,114.5,0.315,0.363,0.559,52.9,55.9,9.2,12.3,0.537,14.1,37.7,0.212,1,7,3,0,0
2011,First Round,1,Pitt,16,UNC Asheville,0,34,28,0.824,20.82,886,0.475,202,0.395,540,0.671,484,1359,595,160,111,397,610,63.3,116.3,0.431,0.274,0.559,57.8,67.2,7.4,9,0.529,15,42.9,0.289,1,8,3,0,0,34,20,0.588,-0.69,881,0.452,168,0.326,576,0.711,400,1213,492,310,152,506,664,70.1,102.9,0.415,0.264,0.537,49.3,55.8,12.7,11.9,0.495,17.8,33.2,0.295,0,2,0,0,0
2011,Second Round,1,Pitt,8,Butler,1,34,28,0.824,20.82,886,0.475,202,0.395,540,0.671,484,1359,595,160,111,397,610,63.3,116.3,0.431,0.274,0.559,57.8,67.2,7.4,9,0.529,15,42.9,0.289,1,8,3,0,0,38,28,0.737,11.53,919,0.433,289,0.352,580,0.726,431,1337,452,226,61,416,718,64.5,109,0.377,0.387,0.541,52.3,49.2,9.1,4.7,0.501,14.3,33.2,0.273,0,4,2,2,0
2011,Sweet Sixteen,4,Wisconsin,8,Butler,1,34,25,0.735,18.77,798,0.441,278,0.374,436,0.818,355,1088,442,121,105,258,522,57.3,117.7,0.295,0.412,0.56,51.9,55.4,6.2,9,0.518,11.1,32.6,0.241,1,10,4,0,0,38,28,0.737,11.53,919,0.433,289,0.352,580,0.726,431,1337,452,226,61,416,718,64.5,109,0.377,0.387,0.541,52.3,49.2,9.1,4.7,0.501,14.3,33.2,0.273,0,4,2,2,0
2011,Elite Eight,2,Florida,8,Butler,1,37,29,0.784,16.27,968,0.465,233,0.352,498,0.669,467,1384,521,221,131,452,545,63.9,110.3,0.357,0.317,0.547,54,53.8,9.1,9.5,0.521,15.6,37.2,0.239,1,11,5,3,2,38,28,0.737,11.53,919,0.433,289,0.352,580,0.726,431,1337,452,226,61,416,718,64.5,109,0.377,0.387,0.541,52.3,49.2,9.1,4.7,0.501,14.3,33.2,0.273,0,4,2,2,0
2011,National Championship,3,UConn,8,Butler,0,41,32,0.78,17.95,1053,0.434,234,0.329,627,0.763,570,1626,534,259,228,466,646,65.1,109.2,0.338,0.293,0.526,52.9,50.7,9.5,13.6,0.482,14.2,38.7,0.258,1,22,13,4,3,38,28,0.737,11.53,919,0.433,289,0.352,580,0.726,431,1337,452,226,61,416,718,64.5,109,0.377,0.387,0.541,52.3,49.2,9.1,4.7,0.501,14.3,33.2,0.273,0,4,2,2,0
2011,First Round,8,Butler,9,Old Dominion,0,38,28,0.737,11.53,919,0.433,289,0.352,580,0.726,431,1337,452,226,61,416,718,64.5,109,0.377,0.387,0.541,52.3,49.2,9.1,4.7,0.501,14.3,33.2,0.273,0,4,2,2,0,34,27,0.794,9.03,803,0.439,166,0.329,459,0.668,524,1355,485,234,146,424,503,60.7,108.1,0.376,0.276,0.518,58.6,60.4,11.3,13.2,0.485,16.4,45.4,0.251,0,6,0,0,0
2011,Final Four,8,Butler,11,VCU,0,38,28,0.737,11.53,919,0.433,289,0.352,580,0.726,431,1337,452,226,61,416,718,64.5,109,0.377,0.387,0.541,52.3,49.2,9.1,4.7,0.501,14.3,33.2,0.273,0,4,2,2,0,40,28,0.7,8.56,968,0.434,339,0.37,589,0.715,428,1292,583,328,140,452,735,65.3,108.3,0.37,0.412,0.547,47,60.2,12.4,9.1,0.511,14.7,30.9,0.264,0,1,1,1,0
2011,Elite Eight,1,Kansas,11,VCU,1,38,35,0.921,24.1,1114,0.508,271,0.382,585,0.679,449,1475,674,295,153,507,666,69.7,116,0.393,0.324,0.593,55.7,60.5,11.1,10.7,0.57,16.3,36.7,0.267,1,13,8,1,1,40,28,0.7,8.56,968,0.434,339,0.37,589,0.715,428,1292,583,328,140,452,735,65.3,108.3,0.37,0.412,0.547,47,60.2,12.4,9.1,0.511,14.7,30.9,0.264,0,1,1,1,0
2011,First Round,6,Georgetown,11,VCU,1,32,21,0.656,14.61,809,0.475,223,0.353,417,0.734,324,1081,481,193,139,433,603,64.8,108.5,0.334,0.371,0.572,52,59.5,9.3,11.2,0.541,18,33.7,0.245,0,7,2,1,0,40,28,0.7,8.56,968,0.434,339,0.37,589,0.715,428,1292,583,328,140,452,735,65.3,108.3,0.37,0.412,0.547,47,60.2,12.4,9.1,0.511,14.7,30.9,0.264,0,1,1,1,0
2011,Second Round,3,Purdue,11,VCU,1,34,26,0.765,19.36,875,0.447,235,0.364,481,0.715,380,1207,538,211,141,354,605,66,109.5,0.344,0.33,0.542,51.4,61.5,9.4,10.5,0.507,13.5,32.4,0.246,1,6,2,0,0,40,28,0.7,8.56,968,0.434,339,0.37,589,0.715,428,1292,583,328,140,452,735,65.3,108.3,0.37,0.412,0.547,47,60.2,12.4,9.1,0.511,14.7,30.9,0.264,0,1,1,1,0
2011,Sweet Sixteen,10,Florida State,11,VCU,1,34,23,0.676,13.48,827,0.435,212,0.334,482,0.665,422,1332,423,288,203,541,651,69.3,99.3,0.381,0.333,0.522,53.3,51.1,12.2,17.5,0.49,19.4,35.6,0.253,0,6,2,0,0,40,28,0.7,8.56,968,0.434,339,0.37,589,0.715,428,1292,583,328,140,452,735,65.3,108.3,0.37,0.412,0.547,47,60.2,12.4,9.1,0.511,14.7,30.9,0.264,0,1,1,1,0
2011,First Round,5,Kansas State,12,Utah State,0,34,23,0.676,14.59,849,0.438,237,0.376,542,0.655,490,1280,474,208,154,498,692,68.8,105.9,0.427,0.325,0.531,54.7,55.8,8.9,12.1,0.499,17.6,40.9,0.28,1,3,1,0,0,34,30,0.882,13.23,840,0.47,206,0.367,563,0.737,363,1266,500,162,110,402,591,64.1,111.6,0.427,0.314,0.569,55.7,59.5,7.4,9.2,0.527,15.7,34.5,0.315,1,9,0,0,0
2011,First Round,4,Wisconsin,13,Belmont,0,34,25,0.735,18.77,798,0.441,278,0.374,436,0.818,355,1088,442,121,105,258,522,57.3,117.7,0.295,0.412,0.56,51.9,55.4,6.2,9,0.518,11.1,32.6,0.241,1,10,4,0,0,35,30,0.857,13.07,944,0.462,327,0.378,575,0.736,451,1258,575,338,118,480,729,69.2,114.3,0.382,0.422,0.577,52.5,60.9,13.9,9.7,0.542,16.6,37.4,0.281,0,4,0,0,0
2011,Second Round,4,Wisconsin,5,Kansas State,0,34,25,0.735,18.77,798,0.441,278,0.374,436,0.818,355,1088,442,121,105,258,522,57.3,117.7,0.295,0.412,0.56,51.9,55.4,6.2,9,0.518,11.1,32.6,0.241,1,10,4,0,0,34,23,0.676,14.59,849,0.438,237,0.376,542,0.655,490,1280,474,208,154,498,692,68.8,105.9,0.427,0.325,0.531,54.7,55.8,8.9,12.1,0.499,17.6,40.9,0.28,1,3,1,0,0
2011,First Round,6,St. John's (NY),11,Gonzaga,1,33,21,0.636,13.1,807,0.455,143,0.335,556,0.71,354,1068,417,266,94,408,626,66.5,105.1,0.442,0.241,0.539,49.5,51.7,12.1,9.2,0.495,16,32.5,0.314,1,7,5,0,0,35,25,0.714,13.86,932,0.479,203,0.37,617,0.762,398,1314,542,254,132,474,649,68.4,111.3,0.416,0.281,0.576,54.8,58.2,10.5,10.5,0.531,16.9,35.4,0.317,0,12,4,0,0
2011,Second Round,3,BYU,11,Gonzaga,0,37,32,0.865,18.65,1019,0.449,312,0.361,662,0.765,420,1425,538,298,150,404,647,71.1,113.4,0.382,0.382,0.562,51.9,52.8,11.2,9.9,0.518,13.1,31.2,0.292,1,5,1,0,0,35,25,0.714,13.86,932,0.479,203,0.37,617,0.762,398,1314,542,254,132,474,649,68.4,111.3,0.416,0.281,0.576,54.8,58.2,10.5,10.5,0.531,16.9,35.4,0.317,0,12,4,0,0
2011,First Round,3,BYU,14,Wofford,0,37,32,0.865,18.65,1019,0.449,312,0.361,662,0.765,420,1425,538,298,150,404,647,71.1,113.4,0.382,0.382,0.562,51.9,52.8,11.2,9.9,0.518,13.1,31.2,0.292,1,5,1,0,0,34,21,0.618,4.35,883,0.477,197,0.4,539,0.693,372,1108,487,227,86,404,654,64.6,111.3,0.42,0.266,0.563,50.8,55.2,10.1,6.9,0.53,15.4,34.1,0.291,0,2,0,0,0
2011,First Round,7,UCLA,10,Michigan State,0,34,23,0.676,11.7,830,0.455,173,0.327,549,0.679,405,1265,493,186,198,502,594,66.8,103.8,0.443,0.29,0.539,53.1,59.4,8.1,13.6,0.502,18.5,36,0.301,0,9,5,3,0,34,19,0.559,13.7,817,0.431,220,0.355,484,0.7,407,1256,509,219,167,454,648,66,103.1,0.365,0.327,0.526,52.9,62.3,9.7,13.1,0.489,17,34.5,0.256,0,14,9,6,1
2011,First Round,2,Florida,15,UCSB,0,37,29,0.784,16.27,968,0.465,233,0.352,498,0.669,467,1384,521,221,131,452,545,63.9,110.3,0.357,0.317,0.547,54,53.8,9.1,9.5,0.521,15.6,37.2,0.239,1,11,5,3,2,32,18,0.563,1.22,742,0.454,227,0.372,459,0.752,277,1038,457,233,133,456,611,65.2,102.9,0.373,0.373,0.563,49.6,61.6,11,12.2,0.523,19.1,28.4,0.281,0,3,0,0,0
2011,Second Round,2,Florida,7,UCLA,0,37,29,0.784,16.27,968,0.465,233,0.352,498,0.669,467,1384,521,221,131,452,545,63.9,110.3,0.357,0.317,0.547,54,53.8,9.1,9.5,0.521,15.6,37.2,0.239,1,11,5,3,2,34,23,0.676,11.7,830,0.455,173,0.327,549,0.679,405,1265,493,186,198,502,594,66.8,103.8,0.443,0.29,0.539,53.1,59.4,8.1,13.6,0.502,18.5,36,0.301,0,9,5,3,0
2011,Sweet Sixteen,2,Florida,3,BYU,0,37,29,0.784,16.27,968,0.465,233,0.352,498,0.669,467,1384,521,221,131,452,545,63.9,110.3,0.357,0.317,0.547,54,53.8,9.1,9.5,0.521,15.6,37.2,0.239,1,11,5,3,2,37,32,0.865,18.65,1019,0.449,312,0.361,662,0.765,420,1425,538,298,150,404,647,71.1,113.4,0.382,0.382,0.562,51.9,52.8,11.2,9.9,0.518,13.1,31.2,0.292,1,5,1,0,0
2011,First Round,1,Kansas,16,Boston University,0,38,35,0.921,24.1,1114,0.508,271,0.382,585,0.679,449,1475,674,295,153,507,666,69.7,116,0.393,0.324,0.593,55.7,60.5,11.1,10.7,0.57,16.3,36.7,0.267,1,13,8,1,1,35,21,0.6,-2.48,749,0.402,265,0.355,507,0.729,414,1249,345,189,129,418,635,62.7,103,0.373,0.401,0.517,50.2,46.1,8.6,10.5,0.473,16,34,0.272,0,1,0,0,0
2011,Second Round,1,Kansas,9,Illinois,0,38,35,0.921,24.1,1114,0.508,271,0.382,585,0.679,449,1475,674,295,153,507,666,69.7,116,0.393,0.324,0.593,55.7,60.5,11.1,10.7,0.57,16.3,36.7,0.267,1,13,8,1,1,34,20,0.588,16.72,894,0.468,232,0.387,393,0.729,342,1178,568,188,152,434,597,66.2,106.8,0.282,0.314,0.557,51.2,63.5,8.3,12.1,0.529,16.7,31.7,0.206,0,8,3,1,0
2011,First Round,8,UNLV,9,Illinois,1,33,24,0.727,14.67,842,0.459,184,0.33,495,0.689,368,1151,509,268,124,414,635,67.3,106,0.391,0.304,0.543,51,60.5,12,10.7,0.509,16,33.1,0.27,0,13,3,1,0,34,20,0.588,16.72,894,0.468,232,0.387,393,0.729,342,1178,568,188,152,434,597,66.2,106.8,0.282,0.314,0.557,51.2,63.5,8.3,12.1,0.529,16.7,31.7,0.206,0,8,3,1,0
2011,Sweet Sixteen,1,Kansas,12,Richmond,0,38,35,0.921,24.1,1114,0.508,271,0.382,585,0.679,449,1475,674,295,153,507,666,69.7,116,0.393,0.324,0.593,55.7,60.5,11.1,10.7,0.57,16.3,36.7,0.267,1,13,8,1,1,37,29,0.784,11.23,922,0.459,287,0.39,446,0.687,344,1222,548,220,155,383,587,63.2,109.5,0.323,0.366,0.557,48.5,59.4,9.3,10.8,0.531,14.2,28.6,0.222,0,2,1,0,0
2011,First Round,5,Vanderbilt,12,Richmond,1,34,23,0.676,15.1,848,0.458,263,0.371,622,0.743,370,1255,454,175,162,441,552,67.6,111.1,0.452,0.382,0.573,51.7,53.5,7.5,11.5,0.529,16.4,32.9,0.336,1,7,2,0,0,37,29,0.784,11.23,922,0.459,287,0.39,446,0.687,344,1222,548,220,155,383,587,63.2,109.5,0.323,0.366,0.557,48.5,59.4,9.3,10.8,0.531,14.2,28.6,0.222,0,2,1,0,0
2011,First Round,4,Louisville,13,Morehead State,1,35,25,0.714,18.6,949,0.453,309,0.362,416,0.663,434,1272,608,327,175,459,671,67.8,108.6,0.299,0.407,0.548,50.1,64.1,13.5,13.5,0.526,16.1,34.8,0.198,1,16,9,5,1,35,25,0.714,2.81,851,0.454,204,0.339,506,0.674,484,1311,424,300,110,525,653,64.3,106.2,0.401,0.321,0.541,56.9,49.8,13.2,10.2,0.509,19.1,41.6,0.27,0,2,0,0,0
2011,Second Round,12,Richmond,13,Morehead State,0,37,29,0.784,11.23,922,0.459,287,0.39,446,0.687,344,1222,548,220,155,383,587,63.2,109.5,0.323,0.366,0.557,48.5,59.4,9.3,10.8,0.531,14.2,28.6,0.222,0,2,1,0,0,35,25,0.714,2.81,851,0.454,204,0.339,506,0.674,484,1311,424,300,110,525,653,64.3,106.2,0.401,0.321,0.541,56.9,49.8,13.2,10.2,0.509,19.1,41.6,0.27,0,2,0,0,0
2011,First Round,3,Purdue,14,St. Peter's,0,34,26,0.765,19.36,875,0.447,235,0.364,481,0.715,380,1207,538,211,141,354,605,66,109.5,0.344,0.33,0.542,51.4,61.5,9.4,10.5,0.507,13.5,32.4,0.246,1,6,2,0,0,34,20,0.588,-0.28,713,0.4,197,0.344,446,0.644,384,1209,383,263,154,511,662,65.5,92.5,0.389,0.322,0.49,49.3,53.7,11.8,12.4,0.455,19.5,32.1,0.25,0,1,0,0,0
2011,First Round,7,Texas A&M,10,Florida State,1,33,24,0.727,12.62,758,0.441,181,0.339,557,0.697,412,1193,444,215,51,426,602,63.1,106.6,0.465,0.311,0.537,54.7,58.6,10.2,4.5,0.494,16.9,38.2,0.324,1,5,1,0,0,34,23,0.676,13.48,827,0.435,212,0.334,482,0.665,422,1332,423,288,203,541,651,69.3,99.3,0.381,0.333,0.522,53.3,51.1,12.2,17.5,0.49,19.4,35.6,0.253,0,6,2,0,0
2011,Second Round,2,Notre Dame,10,Florida State,1,34,27,0.794,18.17,843,0.46,273,0.386,599,0.724,371,1261,563,156,128,364,517,64.3,115.3,0.451,0.386,0.575,53.2,66.8,7,9.6,0.535,14.1,33.4,0.327,1,9,1,0,0,34,23,0.676,13.48,827,0.435,212,0.334,482,0.665,422,1332,423,288,203,541,651,69.3,99.3,0.381,0.333,0.522,53.3,51.1,12.2,17.5,0.49,19.4,35.6,0.253,0,6,2,0,0
2011,First Round,2,Notre Dame,15,Akron,0,34,27,0.794,18.17,843,0.46,273,0.386,599,0.724,371,1261,563,156,128,364,517,64.3,115.3,0.451,0.386,0.575,53.2,66.8,7,9.6,0.535,14.1,33.4,0.327,1,9,1,0,0,36,23,0.639,2.15,892,0.43,283,0.361,457,0.704,363,1238,520,240,129,432,692,67,102.9,0.313,0.379,0.53,47.9,58.3,9.8,9.2,0.499,15.4,28.3,0.22,0,2,0,0,0
2011,First Round,1,Duke,16,Hampton,0,37,32,0.865,24.51,1040,0.471,291,0.374,622,0.753,446,1399,529,269,162,447,657,70.2,115.2,0.374,0.353,0.576,51.9,50.9,10.4,9.7,0.537,14.7,35.1,0.282,1,27,20,11,4,33,24,0.727,-5.2,746,0.405,213,0.324,492,0.648,367,1170,387,241,185,412,604,67.3,97.5,0.412,0.357,0.499,47,51.9,10.7,14.2,0.463,15.8,29.7,0.267,0,1,0,0,0
2011,Second Round,1,Duke,8,Michigan,0,37,32,0.865,24.51,1040,0.471,291,0.374,622,0.753,446,1399,529,269,162,447,657,70.2,115.2,0.374,0.353,0.576,51.9,50.9,10.4,9.7,0.537,14.7,35.1,0.282,1,27,20,11,4,35,21,0.6,14.21,847,0.448,283,0.352,351,0.699,289,1115,480,168,69,351,587,62.1,106.3,0.266,0.426,0.547,48.6,56.7,7.7,6,0.523,14.2,25.5,0.186,0,6,2,0,0
2011,Sweet Sixteen,1,Duke,5,Arizona,1,37,32,0.865,24.51,1040,0.471,291,0.374,622,0.753,446,1399,529,269,162,447,657,70.2,115.2,0.374,0.353,0.576,51.9,50.9,10.4,9.7,0.537,14.7,35.1,0.282,1,27,20,11,4,38,30,0.789,16.54,969,0.469,296,0.397,671,0.746,408,1319,536,197,98,484,707,66.9,112.8,0.436,0.361,0.583,53.1,55.3,7.7,6.5,0.541,16.3,34,0.325,1,5,3,0,0
2011,Second Round,4,Texas,5,Arizona,1,36,28,0.778,20.82,954,0.455,201,0.376,592,0.654,494,1452,485,207,183,425,616,67.8,109.9,0.431,0.255,0.534,54.3,50.8,8.4,11.7,0.502,14.4,38.2,0.282,1,19,6,1,0,38,30,0.789,16.54,969,0.469,296,0.397,671,0.746,408,1319,536,197,98,484,707,66.9,112.8,0.436,0.361,0.583,53.1,55.3,7.7,6.5,0.541,16.3,34,0.325,1,5,3,0,0
2011,Elite Eight,3,UConn,5,Arizona,0,41,32,0.78,17.95,1053,0.434,234,0.329,627,0.763,570,1626,534,259,228,466,646,65.1,109.2,0.338,0.293,0.526,52.9,50.7,9.5,13.6,0.482,14.2,38.7,0.258,1,22,13,4,3,38,30,0.789,16.54,969,0.469,296,0.397,671,0.746,408,1319,536,197,98,484,707,66.9,112.8,0.436,0.361,0.583,53.1,55.3,7.7,6.5,0.541,16.3,34,0.325,1,5,3,0,0
2011,First Round,8,Michigan,9,Tennessee,0,35,21,0.6,14.21,847,0.448,283,0.352,351,0.699,289,1115,480,168,69,351,587,62.1,106.3,0.266,0.426,0.547,48.6,56.7,7.7,6,0.523,14.2,25.5,0.186,0,6,2,0,0,34,19,0.559,11.08,837,0.431,175,0.3,527,0.684,464,1279,443,250,126,454,662,67.1,103.3,0.397,0.3,0.515,52.6,52.9,10.9,10.6,0.476,16.4,37.8,0.272,0,8,4,0,0
2011,First Round,5,Arizona,12,Memphis,0,38,30,0.789,16.54,969,0.469,296,0.397,671,0.746,408,1319,536,197,98,484,707,66.9,112.8,0.436,0.361,0.583,53.1,55.3,7.7,6.5,0.541,16.3,34,0.325,1,5,3,0,0,35,25,0.714,6.91,891,0.451,210,0.329,532,0.68,421,1246,512,297,183,535,712,69.1,103.2,0.396,0.324,0.538,50.6,57.5,12.1,13.4,0.504,18.6,35.3,0.269,0,1,0,0,0
2011,First Round,4,Texas,13,Oakland,0,36,28,0.778,20.82,954,0.455,201,0.376,592,0.654,494,1452,485,207,183,425,616,67.8,109.9,0.431,0.255,0.534,54.3,50.8,8.4,11.7,0.502,14.4,38.2,0.282,1,19,6,1,0,35,25,0.714,8.28,1052,0.492,287,0.374,601,0.721,451,1366,568,216,192,473,644,72.4,117.6,0.39,0.359,0.591,53.4,54,8.5,12.2,0.559,15.7,37.2,0.281,0,3,0,0,0
2011,First Round,6,Cincinnati,11,Missouri,0,35,26,0.743,15.41,848,0.437,220,0.338,496,0.668,454,1237,497,258,129,401,605,63.6,107.9,0.383,0.336,0.526,53.2,58.6,11.5,10.2,0.494,14.9,38.1,0.256,0,3,0,0,0,34,23,0.676,14.77,983,0.458,245,0.366,537,0.739,425,1197,558,329,171,431,689,72.5,110.3,0.339,0.312,0.552,48.6,56.8,13.2,12.5,0.515,14.8,33.9,0.25,0,6,2,0,0
2011,First Round,3,UConn,14,Bucknell,0,41,32,0.78,17.95,1053,0.434,234,0.329,627,0.763,570,1626,534,259,228,466,646,65.1,109.2,0.338,0.293,0.526,52.9,50.7,9.5,13.6,0.482,14.2,38.7,0.258,1,22,13,4,3,34,25,0.735,2.39,827,0.446,234,0.4,499,0.788,270,1149,491,160,106,380,612,66.1,105.9,0.341,0.315,0.554,49.7,59.4,7.1,8.9,0.509,15,25.2,0.269,0,1,0,0,0
2011,Second Round,3,UConn,6,Cincinnati,0,41,32,0.78,17.95,1053,0.434,234,0.329,627,0.763,570,1626,534,259,228,466,646,65.1,109.2,0.338,0.293,0.526,52.9,50.7,9.5,13.6,0.482,14.2,38.7,0.258,1,22,13,4,3,35,26,0.743,15.41,848,0.437,220,0.338,496,0.668,454,1237,497,258,129,401,605,63.6,107.9,0.383,0.336,0.526,53.2,58.6,11.5,10.2,0.494,14.9,38.1,0.256,0,3,0,0,0
2011,First Round,7,Temple,10,Penn State,0,34,26,0.765,12.35,868,0.447,206,0.353,458,0.698,374,1218,511,231,156,368,538,65.5,106.6,0.338,0.3,0.532,51.8,58.9,10.3,11.3,0.5,14,32.1,0.236,0,13,0,0,0,34,19,0.559,11.98,767,0.439,216,0.339,394,0.724,337,1068,413,151,82,358,530,59.8,105.5,0.311,0.365,0.534,51,53.8,7.4,7.4,0.501,15.1,32.2,0.225,0,2,0,0,0
2011,First Round,2,San Diego State,15,Northern Colorado,0,37,34,0.919,17.96,991,0.463,223,0.349,455,0.697,472,1396,499,227,170,402,542,63.7,112,0.305,0.298,0.543,54.9,50.4,9.6,12,0.515,14.1,38.2,0.213,1,11,5,3,1,32,21,0.656,1.39,731,0.428,254,0.387,571,0.77,376,1150,371,191,62,454,609,66.8,107,0.434,0.385,0.555,53.6,50.8,8.9,6.4,0.502,18.1,35.3,0.334,0,1,0,0,0
2011,Second Round,2,San Diego State,7,Temple,0,37,34,0.919,17.96,991,0.463,223,0.349,455,0.697,472,1396,499,227,170,402,542,63.7,112,0.305,0.298,0.543,54.9,50.4,9.6,12,0.515,14.1,38.2,0.213,1,11,5,3,1,34,26,0.765,12.35,868,0.447,206,0.353,458,0.698,374,1218,511,231,156,368,538,65.5,106.6,0.338,0.3,0.532,51.8,58.9,10.3,11.3,0.5,14,32.1,0.236,0,13,0,0,0
2011,Sweet Sixteen,2,San Diego State,3,UConn,1,37,34,0.919,17.96,991,0.463,223,0.349,455,0.697,472,1396,499,227,170,402,542,63.7,112,0.305,0.298,0.543,54.9,50.4,9.6,12,0.515,14.1,38.2,0.213,1,11,5,3,1,41,32,0.78,17.95,1053,0.434,234,0.329,627,0.763,570,1626,534,259,228,466,646,65.1,109.2,0.338,0.293,0.526,52.9,50.7,9.5,13.6,0.482,14.2,38.7,0.258,1,22,13,4,3
2012,Play-In,12,California,12,South Florida,1,34,24,0.706,13.79,893,0.476,156,0.363,477,0.744,341,1095,540,159,106,411,489,66.3,107.3,0.341,0.229,0.554,51.4,60.5,7.1,8,0.517,15.8,32.1,0.254,0,15,3,1,0,36,22,0.611,9.2,772,0.437,169,0.316,421,0.705,374,1115,423,200,137,485,552,59.7,98.6,0.338,0.303,0.521,50.5,54.8,9.2,10.8,0.485,19.1,34.2,0.239,0,4,1,0,0
2012,First Round,5,Temple,12,South Florida,1,32,24,0.75,10.44,861,0.469,228,0.397,451,0.719,333,1019,493,230,134,401,567,67.6,108.8,0.342,0.313,0.563,48.4,57.3,10.4,10.1,0.531,15.8,31.5,0.246,0,14,0,0,0,36,22,0.611,9.2,772,0.437,169,0.316,421,0.705,374,1115,423,200,137,485,552,59.7,98.6,0.338,0.303,0.521,50.5,54.8,9.2,10.8,0.485,19.1,34.2,0.239,0,4,1,0,0
2012,Play-In,16,Vermont,16,Lamar,0,36,24,0.667,0.98,848,0.443,191,0.34,528,0.739,401,1166,475,221,86,445,627,63.2,105,0.373,0.293,0.536,50.2,56,9.6,6.5,0.493,16.5,34.3,0.276,0,1,0,0,0,35,23,0.657,2.41,902,0.432,153,0.337,616,0.72,497,1288,448,283,154,418,604,68.7,106.6,0.41,0.218,0.516,51.7,49.7,11.7,10.5,0.469,14.4,37.8,0.295,0,1,0,0,0
2012,Play-In,14,Iona,14,BYU,1,33,25,0.758,8.36,1021,0.502,254,0.387,440,0.713,353,1042,638,241,71,414,559,71.4,114.8,0.303,0.323,0.588,48.1,62.5,10.1,5.5,0.565,15.1,32.1,0.216,0,1,0,0,0,35,26,0.743,11.25,977,0.465,233,0.343,540,0.7,381,1223,599,296,154,473,637,73,106.7,0.367,0.323,0.553,50.2,61.3,11.6,11.9,0.521,16.1,30.6,0.257,0,6,1,0,0
2012,First Round,3,Marquette,14,BYU,0,35,27,0.771,16.92,919,0.452,201,0.337,599,0.721,414,1149,580,304,122,461,620,70.7,106.6,0.409,0.293,0.543,47.4,63.1,12.3,8.8,0.501,16,33.9,0.295,1,4,2,0,0,35,26,0.743,11.25,977,0.465,233,0.343,540,0.7,381,1223,599,296,154,473,637,73,106.7,0.367,0.323,0.553,50.2,61.3,11.6,11.9,0.521,16.1,30.6,0.257,0,6,1,0,0
2012,Play-In,16,Mississippi Valley State,16,Western Kentucky,1,34,21,0.618,-8.03,812,0.401,252,0.324,456,0.644,460,1156,451,300,87,511,698,70,96.9,0.35,0.384,0.494,47.4,55.5,12.5,7,0.463,17.8,33.9,0.225,0,1,0,0,0,35,16,0.457,-2.66,769,0.394,195,0.306,539,0.687,449,1173,385,195,146,534,691,68.4,94.2,0.402,0.327,0.489,48.1,50.1,8.1,10.1,0.444,18.7,34.1,0.276,0,1,0,0,0
2012,First Round,1,Kentucky,16,Western Kentucky,0,40,38,0.95,24.73,1096,0.488,225,0.378,678,0.723,472,1445,531,242,344,445,593,66.4,116.5,0.417,0.265,0.575,52.9,48.4,9.1,20.4,0.538,14.2,37.1,0.302,1,14,10,4,1,35,16,0.457,-2.66,769,0.394,195,0.306,539,0.687,449,1173,385,195,146,534,691,68.4,94.2,0.402,0.327,0.489,48.1,50.1,8.1,10.1,0.444,18.7,34.1,0.276,0,1,0,0,0
2012,First Round,1,UNC,16,Vermont,0,38,32,0.842,21.34,1134,0.459,194,0.334,629,0.682,570,1592,659,259,219,447,551,72.8,111.3,0.373,0.235,0.531,54.8,58.1,9.3,14,0.498,13.3,39.1,0.254,1,22,15,7,2,36,24,0.667,0.98,848,0.443,191,0.34,528,0.739,401,1166,475,221,86,445,627,63.2,105,0.373,0.293,0.536,50.2,56,9.6,6.5,0.493,16.5,34.3,0.276,0,1,0,0,0
2012,Second Round,1,UNC,8,Creighton,0,38,32,0.842,21.34,1134,0.459,194,0.334,629,0.682,570,1592,659,259,219,447,551,72.8,111.3,0.373,0.235,0.531,54.8,58.1,9.3,14,0.498,13.3,39.1,0.254,1,22,15,7,2,35,29,0.829,12.92,975,0.504,287,0.424,535,0.726,330,1163,616,169,82,421,592,67.3,116.9,0.381,0.35,0.607,52.1,63.2,7.1,5.8,0.578,15.6,30.8,0.276,1,4,0,0,0
2012,Sweet Sixteen,1,UNC,13,Ohio,0,38,32,0.842,21.34,1134,0.459,194,0.334,629,0.682,570,1592,659,259,219,447,551,72.8,111.3,0.373,0.235,0.531,54.8,58.1,9.3,14,0.498,13.3,39.1,0.254,1,22,15,7,2,37,29,0.784,7.17,901,0.428,278,0.344,517,0.69,451,1136,488,347,103,481,723,66.8,104.4,0.355,0.384,0.527,46.7,54.2,14,8.5,0.494,16.3,33.9,0.245,0,2,1,0,0
2012,First Round,4,Michigan,13,Ohio,1,34,24,0.706,13.19,808,0.455,276,0.35,363,0.722,291,967,431,168,72,370,530,61.2,107.2,0.283,0.443,0.559,47.3,53.3,8,6.1,0.532,15.5,28,0.204,1,7,2,0,0,37,29,0.784,7.17,901,0.428,278,0.344,517,0.69,451,1136,488,347,103,481,723,66.8,104.4,0.355,0.384,0.527,46.7,54.2,14,8.5,0.494,16.3,33.9,0.245,0,2,1,0,0
2012,Second Round,12,South Florida,13,Ohio,1,36,22,0.611,9.2,772,0.437,169,0.316,421,0.705,374,1115,423,200,137,485,552,59.7,98.6,0.338,0.303,0.521,50.5,54.8,9.2,10.8,0.485,19.1,34.2,0.239,0,4,1,0,0,37,29,0.784,7.17,901,0.428,278,0.344,517,0.69,451,1136,488,347,103,481,723,66.8,104.4,0.355,0.384,0.527,46.7,54.2,14,8.5,0.494,16.3,33.9,0.245,0,2,1,0,0
2012,Elite Eight,1,UNC,2,Kansas,1,38,32,0.842,21.34,1134,0.459,194,0.334,629,0.682,570,1592,659,259,219,447,551,72.8,111.3,0.373,0.235,0.531,54.8,58.1,9.3,14,0.498,13.3,39.1,0.254,1,22,15,7,2,39,32,0.821,21.72,1023,0.472,222,0.345,597,0.692,449,1368,587,285,222,506,678,67.3,108.8,0.398,0.296,0.556,52.1,57.4,10.8,15,0.523,16.4,34.9,0.275,1,14,9,2,1
2012,National Championship,1,Kentucky,2,Kansas,0,40,38,0.95,24.73,1096,0.488,225,0.378,678,0.723,472,1445,531,242,344,445,593,66.4,116.5,0.417,0.265,0.575,52.9,48.4,9.1,20.4,0.538,14.2,37.1,0.302,1,14,10,4,1,39,32,0.821,21.72,1023,0.472,222,0.345,597,0.692,449,1368,587,285,222,506,678,67.3,108.8,0.398,0.296,0.556,52.1,57.4,10.8,15,0.523,16.4,34.9,0.275,1,14,9,2,1
2012,First Round,8,Creighton,9,Alabama,0,35,29,0.829,12.92,975,0.504,287,0.424,535,0.726,330,1163,616,169,82,421,592,67.3,116.9,0.381,0.35,0.607,52.1,63.2,7.1,5.8,0.578,15.6,30.8,0.276,1,4,0,0,0,33,21,0.636,13.76,778,0.452,136,0.289,443,0.711,352,1066,402,239,137,423,607,62.9,102.2,0.362,0.273,0.529,49.9,51.7,11.4,12,0.491,17.3,33.5,0.257,0,3,0,0,0
2012,First Round,6,San Diego State,11,NC State,1,34,26,0.765,9.04,863,0.453,197,0.341,493,0.701,360,1153,417,189,79,426,543,66.6,105.1,0.369,0.304,0.54,51.1,48.3,8.2,6.4,0.505,16,31.5,0.259,1,12,5,3,1,37,24,0.649,12.1,977,0.458,198,0.355,545,0.704,456,1281,577,249,150,470,623,67.7,107.3,0.363,0.261,0.539,51,59.1,9.9,10.5,0.504,15.8,35.8,0.255,0,8,2,0,0
2012,Second Round,3,Georgetown,11,NC State,1,33,24,0.727,16.81,811,0.465,186,0.347,470,0.698,367,1108,451,200,156,417,578,63.3,107.4,0.386,0.308,0.552,52.1,55.6,9.4,13.2,0.519,16.8,35.8,0.27,1,8,2,1,0,37,24,0.649,12.1,977,0.458,198,0.355,545,0.704,456,1281,577,249,150,470,623,67.7,107.3,0.363,0.261,0.539,51,59.1,9.9,10.5,0.504,15.8,35.8,0.255,0,8,2,0,0
2012,Sweet Sixteen,2,Kansas,11,NC State,0,39,32,0.821,21.72,1023,0.472,222,0.345,597,0.692,449,1368,587,285,222,506,678,67.3,108.8,0.398,0.296,0.556,52.1,57.4,10.8,15,0.523,16.4,34.9,0.275,1,14,9,2,1,37,24,0.649,12.1,977,0.458,198,0.355,545,0.704,456,1281,577,249,150,470,623,67.7,107.3,0.363,0.261,0.539,51,59.1,9.9,10.5,0.504,15.8,35.8,0.255,0,8,2,0,0
2012,First Round,3,Georgetown,14,Belmont,0,33,24,0.727,16.81,811,0.465,186,0.347,470,0.698,367,1108,451,200,156,417,578,63.3,107.4,0.386,0.308,0.552,52.1,55.6,9.4,13.2,0.519,16.8,35.8,0.27,1,8,2,1,0,35,27,0.771,11.81,975,0.481,309,0.378,572,0.734,401,1151,606,255,78,430,631,68.7,117,0.385,0.403,0.591,49.7,62.2,10.5,5.7,0.558,15.2,34.5,0.282,0,5,0,0,0
2012,First Round,7,Saint Mary's,10,Purdue,1,33,27,0.818,11.26,857,0.473,245,0.344,508,0.729,378,1152,520,227,102,383,527,64.8,115,0.385,0.394,0.576,54.2,60.7,10.6,7.8,0.541,15.2,35.9,0.281,1,4,1,0,0,35,22,0.629,13.88,889,0.44,284,0.377,452,0.656,391,1039,470,226,110,306,620,64.6,111.2,0.341,0.373,0.536,46.6,52.9,10,8.9,0.511,11.5,31.8,0.224,0,7,2,0,0
2012,Second Round,2,Kansas,10,Purdue,0,39,32,0.821,21.72,1023,0.472,222,0.345,597,0.692,449,1368,587,285,222,506,678,67.3,108.8,0.398,0.296,0.556,52.1,57.4,10.8,15,0.523,16.4,34.9,0.275,1,14,9,2,1,35,22,0.629,13.88,889,0.44,284,0.377,452,0.656,391,1039,470,226,110,306,620,64.6,111.2,0.341,0.373,0.536,46.6,52.9,10,8.9,0.511,11.5,31.8,0.224,0,7,2,0,0
2012,First Round,2,Kansas,15,Detroit,0,39,32,0.821,21.72,1023,0.472,222,0.345,597,0.692,449,1368,587,285,222,506,678,67.3,108.8,0.398,0.296,0.556,52.1,57.4,10.8,15,0.523,16.4,34.9,0.275,1,14,9,2,1,36,22,0.611,2.4,903,0.45,165,0.298,626,0.73,434,1124,463,272,165,450,684,67.1,107.1,0.427,0.275,0.538,49.2,51.3,11.2,13.2,0.491,15.7,35.8,0.312,0,3,0,0,0
2012,Final Four,2,Kansas,2,Ohio State,0,39,32,0.821,21.72,1023,0.472,222,0.345,597,0.692,449,1368,587,285,222,506,678,67.3,108.8,0.398,0.296,0.556,52.1,57.4,10.8,15,0.523,16.4,34.9,0.275,1,14,9,2,1,39,31,0.795,23.95,1057,0.476,199,0.334,600,0.709,447,1345,568,281,125,449,630,66.9,111.6,0.381,0.269,0.556,53.7,53.7,10.8,9.3,0.521,14.6,34.9,0.27,1,10,5,2,0
2012,Elite Eight,1,Syracuse,2,Ohio State,1,37,34,0.919,21.12,1006,0.467,233,0.349,495,0.698,459,1181,564,338,255,389,574,65.2,113.3,0.329,0.31,0.55,46.7,56.1,14,19.4,0.521,13.5,36.3,0.23,1,29,16,3,1,39,31,0.795,23.95,1057,0.476,199,0.334,600,0.709,447,1345,568,281,125,449,630,66.9,111.6,0.381,0.269,0.556,53.7,53.7,10.8,9.3,0.521,14.6,34.9,0.27,1,10,5,2,0
2012,Second Round,1,Kentucky,8,Iowa State,0,40,38,0.95,24.73,1096,0.488,225,0.378,678,0.723,472,1445,531,242,344,445,593,66.4,116.5,0.417,0.265,0.575,52.9,48.4,9.1,20.4,0.538,14.2,37.1,0.302,1,14,10,4,1,34,23,0.676,13.32,847,0.449,293,0.373,503,0.688,371,1173,484,196,96,419,547,67.5,108.5,0.387,0.416,0.557,51.8,57.1,8.5,7.1,0.526,15.8,32.3,0.266,0,1,0,0,0
2012,Sweet Sixteen,1,Kentucky,4,Indiana,1,40,38,0.95,24.73,1096,0.488,225,0.378,678,0.723,472,1445,531,242,344,445,593,66.4,116.5,0.417,0.265,0.575,52.9,48.4,9.1,20.4,0.538,14.2,37.1,0.302,1,14,10,4,1,36,27,0.75,18.63,949,0.492,229,0.431,655,0.763,383,1130,487,233,115,463,632,66.9,115.5,0.445,0.275,0.596,50.8,51.3,9.7,8.5,0.552,16.5,35.3,0.34,1,6,2,1,0
2012,Elite Eight,1,Kentucky,3,Baylor,0,40,38,0.95,24.73,1096,0.488,225,0.378,678,0.723,472,1445,531,242,344,445,593,66.4,116.5,0.417,0.265,0.575,52.9,48.4,9.1,20.4,0.538,14.2,37.1,0.302,1,14,10,4,1,38,30,0.789,16.54,1004,0.467,259,0.383,572,0.754,470,1280,570,286,178,522,674,67.1,111,0.353,0.315,0.566,52,56.8,11.2,12.5,0.528,17.2,38.4,0.266,1,3,2,0,0
2012,Final Four,1,Kentucky,4,Louisville,0,40,38,0.95,24.73,1096,0.488,225,0.378,678,0.723,472,1445,531,242,344,445,593,66.4,116.5,0.417,0.265,0.575,52.9,48.4,9.1,20.4,0.538,14.2,37.1,0.302,1,14,10,4,1,40,30,0.75,16.19,963,0.422,233,0.318,568,0.688,518,1423,532,353,193,562,706,67,100.5,0.362,0.321,0.51,49.7,55.2,13,12.8,0.473,17.4,35.7,0.249,1,17,10,6,1
2012,Sweet Sixteen,1,Michigan State,4,Louisville,1,37,29,0.784,21.32,960,0.477,200,0.36,531,0.7,420,1302,566,265,157,474,650,65.1,109.7,0.377,0.276,0.559,54.1,59,11,12.4,0.527,16.7,36.1,0.264,1,15,10,6,1,40,30,0.75,16.19,963,0.422,233,0.318,568,0.688,518,1423,532,353,193,562,706,67,100.5,0.362,0.321,0.51,49.7,55.2,13,12.8,0.473,17.4,35.7,0.249,1,17,10,6,1
2012,First Round,8,Iowa State,9,UConn,0,34,23,0.676,13.32,847,0.449,293,0.373,503,0.688,371,1173,484,196,96,419,547,67.5,108.5,0.387,0.416,0.557,51.8,57.1,8.5,7.1,0.526,15.8,32.3,0.266,0,1,0,0,0,34,20,0.588,12.27,858,0.452,185,0.332,435,0.662,415,1151,457,199,233,418,492,64.1,106,0.346,0.293,0.528,49.3,53.3,9,17.6,0.5,15.9,36.3,0.229,0,23,13,4,3
2012,First Round,5,Wichita State,12,VCU,1,33,27,0.818,17.42,912,0.482,230,0.371,491,0.748,359,1157,485,209,130,403,553,67,113.3,0.347,0.328,0.577,52.8,53.2,9.3,10.4,0.543,15.5,33.5,0.26,1,8,0,0,0,36,29,0.806,8.79,837,0.41,267,0.334,507,0.685,439,1115,433,379,131,411,646,65.2,103.6,0.363,0.392,0.512,46.8,51.7,16,10.4,0.476,14.7,33.4,0.249,0,2,1,1,0
2012,Second Round,4,Indiana,12,VCU,0,36,27,0.75,18.63,949,0.492,229,0.431,655,0.763,383,1130,487,233,115,463,632,66.9,115.5,0.445,0.275,0.596,50.8,51.3,9.7,8.5,0.552,16.5,35.3,0.34,1,6,2,1,0,36,29,0.806,8.79,837,0.41,267,0.334,507,0.685,439,1115,433,379,131,411,646,65.2,103.6,0.363,0.392,0.512,46.8,51.7,16,10.4,0.476,14.7,33.4,0.249,0,2,1,1,0
2012,First Round,4,Indiana,13,New Mexico State,0,36,27,0.75,18.63,949,0.492,229,0.431,655,0.763,383,1130,487,233,115,463,632,66.9,115.5,0.445,0.275,0.596,50.8,51.3,9.7,8.5,0.552,16.5,35.3,0.34,1,6,2,1,0,36,26,0.722,8.73,970,0.474,165,0.327,707,0.668,518,1352,498,244,154,533,630,70.7,110.1,0.517,0.247,0.552,54.6,51.3,9.5,10.8,0.515,17.3,41.1,0.346,0,2,0,0,0
2012,First Round,6,UNLV,11,Colorado,1,35,26,0.743,13.55,942,0.457,291,0.364,496,0.676,408,1227,616,299,169,466,604,69.3,108.2,0.356,0.387,0.554,50.2,65.4,12.1,12.5,0.527,16.2,32.8,0.241,1,1,0,0,0,36,24,0.667,7.91,835,0.446,199,0.348,560,0.691,351,1192,422,210,117,468,614,66,101.9,0.432,0.305,0.538,50.2,50.5,8.8,9,0.499,17.2,30.1,0.299,0,1,0,0,0
2012,Second Round,3,Baylor,11,Colorado,0,38,30,0.789,16.54,1004,0.467,259,0.383,572,0.754,470,1280,570,286,178,522,674,67.1,111,0.353,0.315,0.566,52,56.8,11.2,12.5,0.528,17.2,38.4,0.266,1,3,2,0,0,36,24,0.667,7.91,835,0.446,199,0.348,560,0.691,351,1192,422,210,117,468,614,66,101.9,0.432,0.305,0.538,50.2,50.5,8.8,9,0.499,17.2,30.1,0.299,0,1,0,0,0
2012,First Round,3,Baylor,14,South Dakota State,0,38,30,0.789,16.54,1004,0.467,259,0.383,572,0.754,470,1280,570,286,178,522,674,67.1,111,0.353,0.315,0.566,52,56.8,11.2,12.5,0.528,17.2,38.4,0.266,1,3,2,0,0,35,27,0.771,7.34,918,0.468,284,0.39,569,0.727,363,1078,500,236,65,370,567,66.1,114.9,0.399,0.371,0.576,48.9,54.5,10.1,4.9,0.54,13.7,31.2,0.29,0,1,0,0,0
2012,Sweet Sixteen,3,Baylor,10,Xavier,0,38,30,0.789,16.54,1004,0.467,259,0.383,572,0.754,470,1280,570,286,178,522,674,67.1,111,0.353,0.315,0.566,52,56.8,11.2,12.5,0.528,17.2,38.4,0.266,1,3,2,0,0,36,23,0.639,9.59,899,0.453,176,0.351,569,0.695,378,1183,471,216,135,448,665,67.5,103.6,0.412,0.252,0.535,49.1,52.4,8.8,10.2,0.497,15.9,31.3,0.287,0,3,2,0,0
2012,First Round,7,Notre Dame,10,Xavier,1,34,22,0.647,11.18,781,0.434,221,0.332,474,0.704,345,1050,497,177,114,342,470,61.6,106.3,0.374,0.369,0.532,47.4,63.6,8.3,8.3,0.495,13.9,30.5,0.263,0,10,1,0,0,36,23,0.639,9.59,899,0.453,176,0.351,569,0.695,378,1183,471,216,135,448,665,67.5,103.6,0.412,0.252,0.535,49.1,52.4,8.8,10.2,0.497,15.9,31.3,0.287,0,3,2,0,0
2012,First Round,2,Duke,15,Lehigh,1,34,27,0.794,17.05,874,0.456,274,0.371,606,0.701,406,1152,423,210,136,415,626,68.3,112.3,0.451,0.386,0.565,49.8,48.4,9,9,0.528,15.1,34.7,0.316,1,28,20,11,4,35,27,0.771,4.27,902,0.444,254,0.35,590,0.768,386,1104,456,269,106,391,629,68.1,110.3,0.378,0.358,0.553,47.9,50.6,11.2,8,0.507,14,31.7,0.291,0,2,0,0,0
2012,Second Round,10,Xavier,15,Lehigh,0,36,23,0.639,9.59,899,0.453,176,0.351,569,0.695,378,1183,471,216,135,448,665,67.5,103.6,0.412,0.252,0.535,49.1,52.4,8.8,10.2,0.497,15.9,31.3,0.287,0,3,2,0,0,35,27,0.771,4.27,902,0.444,254,0.35,590,0.768,386,1104,456,269,106,391,629,68.1,110.3,0.378,0.358,0.553,47.9,50.6,11.2,8,0.507,14,31.7,0.291,0,2,0,0,0
2012,First Round,1,Michigan State,16,LIU,0,37,29,0.784,21.32,960,0.477,200,0.36,531,0.7,420,1302,566,265,157,474,650,65.1,109.7,0.377,0.276,0.559,54.1,59,11,12.4,0.527,16.7,36.1,0.264,1,15,10,6,1,34,25,0.735,-1.34,920,0.474,225,0.371,704,0.73,396,1167,500,206,113,546,531,74.8,108.5,0.497,0.312,0.577,48.6,54.3,8.1,6.7,0.532,18.5,34.2,0.363,0,2,0,0,0
2012,Second Round,1,Michigan State,9,Saint Louis,0,37,29,0.784,21.32,960,0.477,200,0.36,531,0.7,420,1302,566,265,157,474,650,65.1,109.7,0.377,0.276,0.559,54.1,59,11,12.4,0.527,16.7,36.1,0.264,1,15,10,6,1,34,26,0.765,15.15,814,0.449,238,0.359,470,0.72,346,994,459,236,99,382,569,63.2,108.3,0.36,0.366,0.55,48.4,56.4,10.9,8,0.515,15.2,31.6,0.259,0,13,4,1,0
2012,First Round,8,Memphis,9,Saint Louis,1,35,26,0.743,16.86,933,0.491,185,0.362,563,0.717,332,1093,505,278,196,444,665,67.1,110.1,0.413,0.269,0.575,48.7,54.1,11.7,14.6,0.54,16.3,31.3,0.296,0,2,0,0,0,34,26,0.765,15.15,814,0.449,238,0.359,470,0.72,346,994,459,236,99,382,569,63.2,108.3,0.36,0.366,0.55,48.4,56.4,10.9,8,0.515,15.2,31.6,0.259,0,13,4,1,0
2012,First Round,5,New Mexico,12,Long Beach State,0,35,28,0.8,15.6,876,0.462,264,0.378,529,0.707,395,1216,573,240,117,467,609,66.3,109.3,0.394,0.368,0.565,52.7,65.4,10.3,9.6,0.531,17.2,34.7,0.279,1,6,1,0,0,34,25,0.735,9.52,880,0.468,221,0.358,529,0.67,391,1141,476,242,92,440,527,67.2,109.1,0.42,0.329,0.556,50.7,54.1,10.5,7.1,0.527,16.3,34.7,0.281,0,3,1,0,0
2012,First Round,4,Louisville,13,Davidson,0,40,30,0.75,16.19,963,0.422,233,0.318,568,0.688,518,1423,532,353,193,562,706,67,100.5,0.362,0.321,0.51,49.7,55.2,13,12.8,0.473,17.4,35.7,0.249,1,17,10,6,1,33,25,0.758,7.26,879,0.446,255,0.336,558,0.763,415,1167,455,184,116,388,673,68.8,112.4,0.371,0.386,0.555,52.1,51.8,8,8.7,0.511,14.3,35.4,0.283,0,6,1,0,0
2012,Second Round,4,Louisville,5,New Mexico,0,40,30,0.75,16.19,963,0.422,233,0.318,568,0.688,518,1423,532,353,193,562,706,67,100.5,0.362,0.321,0.51,49.7,55.2,13,12.8,0.473,17.4,35.7,0.249,1,17,10,6,1,35,28,0.8,15.6,876,0.462,264,0.378,529,0.707,395,1216,573,240,117,467,609,66.3,109.3,0.394,0.368,0.565,52.7,65.4,10.3,9.6,0.531,17.2,34.7,0.279,1,6,1,0,0
2012,Elite Eight,4,Louisville,7,Florida,0,40,30,0.75,16.19,963,0.422,233,0.318,568,0.688,518,1423,532,353,193,562,706,67,100.5,0.362,0.321,0.51,49.7,55.2,13,12.8,0.473,17.4,35.7,0.249,1,17,10,6,1,37,26,0.703,18.25,976,0.463,357,0.38,499,0.713,416,1180,551,233,124,410,575,65.1,115.4,0.332,0.446,0.576,49.2,56.5,9.6,8.8,0.548,14.4,33.5,0.237,1,12,6,3,2
2012,Sweet Sixteen,3,Marquette,7,Florida,1,35,27,0.771,16.92,919,0.452,201,0.337,599,0.721,414,1149,580,304,122,461,620,70.7,106.6,0.409,0.293,0.543,47.4,63.1,12.3,8.8,0.501,16,33.9,0.295,1,4,2,0,0,37,26,0.703,18.25,976,0.463,357,0.38,499,0.713,416,1180,551,233,124,410,575,65.1,115.4,0.332,0.446,0.576,49.2,56.5,9.6,8.8,0.548,14.4,33.5,0.237,1,12,6,3,2
2012,First Round,6,Murray State,11,Colorado State,0,33,31,0.939,8.74,811,0.468,239,0.396,551,0.724,360,1019,418,276,139,458,592,66.1,109.8,0.439,0.349,0.576,49.2,51.5,12.6,11,0.537,18,34.9,0.318,1,1,0,0,0,32,20,0.625,6.58,764,0.471,189,0.4,526,0.768,266,939,389,172,60,408,606,64.5,107.4,0.423,0.292,0.576,49.2,50.9,8.2,5.7,0.53,17.3,28.7,0.324,0,1,0,0,0
2012,Second Round,3,Marquette,6,Murray State,0,35,27,0.771,16.92,919,0.452,201,0.337,599,0.721,414,1149,580,304,122,461,620,70.7,106.6,0.409,0.293,0.543,47.4,63.1,12.3,8.8,0.501,16,33.9,0.295,1,4,2,0,0,33,31,0.939,8.74,811,0.468,239,0.396,551,0.724,360,1019,418,276,139,458,592,66.1,109.8,0.439,0.349,0.576,49.2,51.5,12.6,11,0.537,18,34.9,0.318,1,1,0,0,0
2012,First Round,7,Florida,10,Virginia,0,37,26,0.703,18.25,976,0.463,357,0.38,499,0.713,416,1180,551,233,124,410,575,65.1,115.4,0.332,0.446,0.576,49.2,56.5,9.6,8.8,0.548,14.4,33.5,0.237,1,12,6,3,2,32,22,0.688,12.51,721,0.457,155,0.33,403,0.722,253,944,394,207,88,367,506,61.1,101.9,0.354,0.298,0.543,49.9,54.6,10.5,8.2,0.507,16.6,27.1,0.256,0,3,1,0,0
2012,Second Round,7,Florida,15,Norfolk State,0,37,26,0.703,18.25,976,0.463,357,0.38,499,0.713,416,1180,551,233,124,410,575,65.1,115.4,0.332,0.446,0.576,49.2,56.5,9.6,8.8,0.548,14.4,33.5,0.237,1,12,6,3,2,36,26,0.722,-3.68,870,0.44,198,0.312,544,0.656,421,1186,431,240,169,539,702,68.4,99.8,0.419,0.321,0.523,48.9,49.5,9.6,12.3,0.49,18.5,34.2,0.275,0,1,0,0,0
2012,First Round,2,Missouri,15,Norfolk State,1,35,30,0.857,19.77,981,0.504,293,0.398,559,0.766,319,1025,566,285,97,358,499,66.4,120.7,0.375,0.379,0.614,48,57.7,12.2,7.2,0.58,13.5,30.4,0.287,1,2,0,0,0,36,26,0.722,-3.68,870,0.44,198,0.312,544,0.656,421,1186,431,240,169,539,702,68.4,99.8,0.419,0.321,0.523,48.9,49.5,9.6,12.3,0.49,18.5,34.2,0.275,0,1,0,0,0
2012,First Round,1,Syracuse,16,UNC Asheville,0,37,34,0.919,21.12,1006,0.467,233,0.349,495,0.698,459,1181,564,338,255,389,574,65.2,113.3,0.329,0.31,0.55,46.7,56.1,14,19.4,0.521,13.5,36.3,0.23,1,29,16,3,1,34,24,0.706,3.06,920,0.482,223,0.355,682,0.764,377,1093,566,283,88,456,612,70.5,114,0.468,0.33,0.589,49.1,61.5,11.8,6.9,0.541,16.4,34.4,0.358,0,3,0,0,0
2012,Second Round,1,Syracuse,8,Kansas State,0,37,34,0.919,21.12,1006,0.467,233,0.349,495,0.698,459,1181,564,338,255,389,574,65.2,113.3,0.329,0.31,0.55,46.7,56.1,14,19.4,0.521,13.5,36.3,0.23,1,29,16,3,1,33,22,0.667,14.47,812,0.439,183,0.335,536,0.671,471,1129,468,200,156,474,662,67,104.8,0.432,0.295,0.526,51.3,57.6,8.9,13,0.489,17.5,40.7,0.29,0,4,1,0,0
2012,Sweet Sixteen,1,Syracuse,4,Wisconsin,0,37,34,0.919,21.12,1006,0.467,233,0.349,495,0.698,459,1181,564,338,255,389,574,65.2,113.3,0.329,0.31,0.55,46.7,56.1,14,19.4,0.521,13.5,36.3,0.23,1,29,16,3,1,36,26,0.722,19.04,797,0.425,285,0.368,425,0.739,349,1112,428,181,126,320,512,58.6,108.4,0.307,0.413,0.536,49.8,53.7,8.5,9.1,0.501,13,30.6,0.227,1,11,5,0,0
2012,First Round,8,Kansas State,9,Southern Miss,0,33,22,0.667,14.47,812,0.439,183,0.335,536,0.671,471,1129,468,200,156,474,662,67,104.8,0.432,0.295,0.526,51.3,57.6,8.9,13,0.489,17.5,40.7,0.29,0,4,1,0,0,34,25,0.735,7.79,819,0.415,215,0.358,573,0.736,471,1133,374,205,98,377,651,64.5,107.9,0.394,0.304,0.517,50.9,45.7,9.1,8.1,0.469,13.8,37.2,0.29,0,4,1,0,0
2012,First Round,5,Vanderbilt,12,Harvard,0,36,25,0.694,15.71,885,0.461,307,0.388,538,0.699,361,1125,458,214,144,465,580,65.5,109.7,0.401,0.412,0.572,48.6,51.8,9,10.4,0.541,16.9,31.6,0.28,1,8,2,0,0,31,26,0.839,7.84,695,0.466,185,0.357,458,0.747,262,923,401,184,137,379,473,60.9,107.3,0.411,0.348,0.571,51.3,57.7,9.7,12.1,0.529,17.5,30.3,0.307,0,2,1,0,0
2012,First Round,4,Wisconsin,13,Montana,0,36,26,0.722,19.04,797,0.425,285,0.368,425,0.739,349,1112,428,181,126,320,512,58.6,108.4,0.307,0.413,0.536,49.8,53.7,8.5,9.1,0.501,13,30.6,0.227,1,11,5,0,0,32,25,0.781,4.55,781,0.462,195,0.372,482,0.717,286,949,436,229,115,401,585,66.1,105.4,0.398,0.31,0.557,47,55.8,10.8,9.7,0.52,16.6,28.3,0.285,0,2,0,0,0
2012,Second Round,4,Wisconsin,5,Vanderbilt,0,36,26,0.722,19.04,797,0.425,285,0.368,425,0.739,349,1112,428,181,126,320,512,58.6,108.4,0.307,0.413,0.536,49.8,53.7,8.5,9.1,0.501,13,30.6,0.227,1,11,5,0,0,36,25,0.694,15.71,885,0.461,307,0.388,538,0.699,361,1125,458,214,144,465,580,65.5,109.7,0.401,0.412,0.572,48.6,51.8,9,10.4,0.541,16.9,31.6,0.28,1,8,2,0,0
2012,First Round,6,Cincinnati,11,Texas,0,37,26,0.703,12.93,924,0.421,260,0.341,414,0.644,489,1225,479,298,170,403,570,64.1,104.9,0.293,0.348,0.505,48.1,51.8,12.4,12,0.48,13.9,35.7,0.189,0,4,1,0,0,34,20,0.588,14,836,0.434,197,0.328,601,0.733,453,1118,419,231,125,426,659,66.7,108.1,0.426,0.312,0.533,49.6,50.1,10.1,9.7,0.485,15.5,38.5,0.312,0,20,6,1,0
2012,First Round,3,Florida State,14,St. Bonaventure,0,35,25,0.714,14.53,877,0.456,216,0.354,473,0.707,398,1169,427,265,213,550,653,67.3,102.3,0.348,0.318,0.545,50,48.7,11.1,17,0.512,19.7,35,0.246,1,7,2,0,0,32,20,0.625,8.25,770,0.456,174,0.345,540,0.761,352,1038,444,186,133,439,592,65,107,0.421,0.299,0.557,51.8,57.7,8.8,11.5,0.508,17.8,35.5,0.32,0,1,0,0,0
2012,Second Round,3,Florida State,6,Cincinnati,1,35,25,0.714,14.53,877,0.456,216,0.354,473,0.707,398,1169,427,265,213,550,653,67.3,102.3,0.348,0.318,0.545,50,48.7,11.1,17,0.512,19.7,35,0.246,1,7,2,0,0,37,26,0.703,12.93,924,0.421,260,0.341,414,0.644,489,1225,479,298,170,403,570,64.1,104.9,0.293,0.348,0.505,48.1,51.8,12.4,12,0.48,13.9,35.7,0.189,0,4,1,0,0
2012,Sweet Sixteen,2,Ohio State,6,Cincinnati,0,39,31,0.795,23.95,1057,0.476,199,0.334,600,0.709,447,1345,568,281,125,449,630,66.9,111.6,0.381,0.269,0.556,53.7,53.7,10.8,9.3,0.521,14.6,34.9,0.27,1,10,5,2,0,37,26,0.703,12.93,924,0.421,260,0.341,414,0.644,489,1225,479,298,170,403,570,64.1,104.9,0.293,0.348,0.505,48.1,51.8,12.4,12,0.48,13.9,35.7,0.189,0,4,1,0,0
2012,First Round,7,Gonzaga,10,West Virginia,0,33,26,0.788,13.86,823,0.473,215,0.379,575,0.716,359,1095,455,223,105,433,514,66.4,110.7,0.461,0.326,0.574,52,55.3,10.1,8.5,0.535,17,34.6,0.33,0,13,4,0,0,33,19,0.576,12.13,838,0.438,174,0.298,496,0.671,493,1135,477,210,85,422,555,64.8,106.8,0.386,0.305,0.518,52.1,56.9,9.6,6.7,0.483,15.7,40.9,0.259,0,20,6,2,0
2012,First Round,2,Ohio State,15,Loyola (MD),0,39,31,0.795,23.95,1057,0.476,199,0.334,600,0.709,447,1345,568,281,125,449,630,66.9,111.6,0.381,0.269,0.556,53.7,53.7,10.8,9.3,0.521,14.6,34.9,0.27,1,10,5,2,0,33,24,0.727,0.37,755,0.425,164,0.339,548,0.719,430,1044,393,255,147,443,628,65.3,103.1,0.429,0.273,0.52,49.6,52.1,11.8,11.7,0.472,17.2,38.1,0.309,0,1,0,0,0
2012,Second Round,2,Ohio State,7,Gonzaga,0,39,31,0.795,23.95,1057,0.476,199,0.334,600,0.709,447,1345,568,281,125,449,630,66.9,111.6,0.381,0.269,0.556,53.7,53.7,10.8,9.3,0.521,14.6,34.9,0.27,1,10,5,2,0,33,26,0.788,13.86,823,0.473,215,0.379,575,0.716,359,1095,455,223,105,433,514,66.4,110.7,0.461,0.326,0.574,52,55.3,10.1,8.5,0.535,17,34.6,0.33,0,13,4,0,0
2013,Play-In,16,LIU,16,James Madison,1,34,20,0.588,-3.19,915,0.479,246,0.38,601,0.691,404,1083,515,232,117,486,597,70,111.6,0.456,0.339,0.576,48.6,56.3,9.7,8.3,0.544,17.3,35.2,0.315,0,1,0,0,0,36,21,0.583,-1.67,818,0.421,211,0.336,499,0.699,365,1064,423,272,166,401,620,64.1,100.9,0.368,0.324,0.514,46.2,51.7,11.7,13.5,0.476,15,29.6,0.257,0,1,0,0,0
2013,First Round,1,Indiana,16,James Madison,0,36,29,0.806,24.92,951,0.482,257,0.403,672,0.743,439,1270,514,256,130,469,598,67.1,116.3,0.459,0.323,0.59,53.3,54,10.5,9.3,0.548,16.3,39,0.341,1,7,3,1,0,36,21,0.583,-1.67,818,0.421,211,0.336,499,0.699,365,1064,423,272,166,401,620,64.1,100.9,0.368,0.324,0.514,46.2,51.7,11.7,13.5,0.476,15,29.6,0.257,0,1,0,0,0
2013,Play-In,13,La Salle,13,Boise State,0,34,24,0.706,10.15,871,0.451,262,0.377,446,0.737,332,958,481,263,119,390,520,66.5,107.6,0.313,0.36,0.552,44.6,55.2,11.6,8.3,0.519,15,29,0.231,0,1,1,0,0,32,21,0.656,9.38,824,0.46,249,0.391,446,0.747,323,988,423,212,54,385,599,66.3,109.9,0.334,0.356,0.565,51.1,51.3,9.9,5.4,0.53,15.7,31.5,0.249,0,1,0,0,0
2013,Play-In,16,North Carolina A&T,16,Liberty,0,37,20,0.541,-6.93,776,0.403,215,0.304,532,0.658,387,1166,405,261,165,564,716,67.1,92.3,0.42,0.367,0.497,46.4,52.2,10.5,13.6,0.458,19.6,30,0.276,0,6,0,0,0,36,15,0.417,-9.11,838,0.429,251,0.375,562,0.73,367,1164,443,197,105,478,685,66.6,102.7,0.394,0.342,0.536,47.2,52.9,8.1,7.6,0.493,17.1,29.7,0.288,0,2,0,0,0
2013,Play-In,11,Middle Tennessee,11,Saint Mary's,1,34,28,0.824,11.18,848,0.462,181,0.377,528,0.696,407,1147,481,238,128,464,700,65.6,107.1,0.414,0.262,0.548,52.3,56.7,10.6,11,0.511,17.4,36.5,0.288,0,3,0,0,0,35,28,0.8,14.46,910,0.469,273,0.375,517,0.725,422,1199,502,214,98,416,612,64.5,115.2,0.368,0.375,0.573,54.5,55.2,9.4,7.6,0.54,15.4,37.1,0.267,0,5,1,0,0
2013,First Round,6,Memphis,11,Saint Mary's,0,36,31,0.861,12.28,976,0.471,220,0.372,509,0.66,438,1243,605,321,231,523,651,69.5,106.3,0.372,0.286,0.55,50.8,62,12.7,16.3,0.524,17.7,35.6,0.246,1,3,0,0,0,35,28,0.8,14.46,910,0.469,273,0.375,517,0.725,422,1199,502,214,98,416,612,64.5,115.2,0.368,0.375,0.573,54.5,55.2,9.4,7.6,0.54,15.4,37.1,0.267,0,5,1,0,0
2013,Second Round,1,Indiana,9,Temple,0,36,29,0.806,24.92,951,0.482,257,0.403,672,0.743,439,1270,514,256,130,469,598,67.1,116.3,0.459,0.323,0.59,53.3,54,10.5,9.3,0.548,16.3,39,0.341,1,7,3,1,0,34,24,0.706,9.54,851,0.428,243,0.328,511,0.723,381,1057,497,267,126,366,558,67.6,106.8,0.356,0.373,0.529,46.5,58.4,11.6,9.5,0.49,13.6,30.8,0.257,0,15,0,0,0
2013,First Round,8,NC State,9,Temple,1,35,24,0.686,14.34,985,0.496,184,0.391,554,0.681,396,1186,511,227,147,433,544,68.6,112.4,0.409,0.237,0.571,50.2,51.9,9.4,10.1,0.542,15.4,34.7,0.279,0,9,2,0,0,34,24,0.706,9.54,851,0.428,243,0.328,511,0.723,381,1057,497,267,126,366,558,67.6,106.8,0.356,0.373,0.529,46.5,58.4,11.6,9.5,0.49,13.6,30.8,0.257,0,15,0,0,0
2013,Sweet Sixteen,1,Indiana,4,Syracuse,1,36,29,0.806,24.92,951,0.482,257,0.403,672,0.743,439,1270,514,256,130,469,598,67.1,116.3,0.459,0.323,0.59,53.3,54,10.5,9.3,0.548,16.3,39,0.341,1,7,3,1,0,40,30,0.75,20.3,1007,0.439,233,0.335,569,0.675,560,1380,562,360,248,495,637,65.2,107.3,0.368,0.304,0.523,49.7,55.8,13.7,19.3,0.49,15.5,38.8,0.248,1,30,17,4,1
2013,Elite Eight,3,Marquette,4,Syracuse,1,35,26,0.743,14.05,842,0.457,147,0.296,551,0.73,418,1116,483,231,123,471,590,63.4,105.9,0.409,0.27,0.541,50.8,57.4,10.3,10,0.496,17.6,38.3,0.299,1,5,3,0,0,40,30,0.75,20.3,1007,0.439,233,0.335,569,0.675,560,1380,562,360,248,495,637,65.2,107.3,0.368,0.304,0.523,49.7,55.8,13.7,19.3,0.49,15.5,38.8,0.248,1,30,17,4,1
2013,Final Four,4,Michigan,4,Syracuse,0,39,31,0.795,21.29,1093,0.484,296,0.385,450,0.701,416,1246,565,239,108,368,496,64.1,116.1,0.284,0.34,0.572,49.9,51.7,9.5,7.3,0.549,12.5,32.7,0.199,1,8,3,1,0,40,30,0.75,20.3,1007,0.439,233,0.335,569,0.675,560,1380,562,360,248,495,637,65.2,107.3,0.368,0.304,0.523,49.7,55.8,13.7,19.3,0.49,15.5,38.8,0.248,1,30,17,4,1
2013,First Round,5,UNLV,12,California,1,35,25,0.714,12.81,872,0.436,227,0.329,525,0.703,418,1281,562,253,203,487,593,68.9,103.2,0.373,0.344,0.53,52,64.4,10.5,14.6,0.492,17.1,33.8,0.262,0,2,0,0,0,33,21,0.636,10.59,833,0.444,134,0.302,418,0.715,361,1134,468,192,154,417,549,66.5,100.7,0.312,0.236,0.515,50,56.2,8.7,11.4,0.48,16.2,32.5,0.223,0,16,3,1,0
2013,Second Round,4,Syracuse,12,California,0,40,30,0.75,20.3,1007,0.439,233,0.335,569,0.675,560,1380,562,360,248,495,637,65.2,107.3,0.368,0.304,0.523,49.7,55.8,13.7,19.3,0.49,15.5,38.8,0.248,1,30,17,4,1,33,21,0.636,10.59,833,0.444,134,0.302,418,0.715,361,1134,468,192,154,417,549,66.5,100.7,0.312,0.236,0.515,50,56.2,8.7,11.4,0.48,16.2,32.5,0.223,0,16,3,1,0
2013,First Round,4,Syracuse,13,Montana,0,40,30,0.75,20.3,1007,0.439,233,0.335,569,0.675,560,1380,562,360,248,495,637,65.2,107.3,0.368,0.304,0.523,49.7,55.8,13.7,19.3,0.49,15.5,38.8,0.248,1,30,17,4,1,32,25,0.781,-1.19,760,0.465,219,0.372,499,0.767,248,905,405,187,100,391,543,63.8,107.5,0.398,0.36,0.576,46.4,53.3,9,8.3,0.532,16.7,25.9,0.305,0,3,0,0,0
2013,First Round,6,Butler,11,Bucknell,0,36,27,0.75,11.01,869,0.45,239,0.347,518,0.696,419,1213,465,206,94,474,644,64.9,106.4,0.385,0.356,0.546,53.4,53.5,8.8,7,0.512,17.2,36.3,0.268,0,5,2,2,0,34,28,0.824,6.96,818,0.453,157,0.358,484,0.742,308,1142,455,118,139,321,498,62.6,107,0.361,0.242,0.538,52.3,55.6,5.5,10.8,0.496,13.2,29.3,0.268,0,2,0,0,0
2013,First Round,3,Marquette,14,Davidson,0,35,26,0.743,14.05,842,0.457,147,0.296,551,0.73,418,1116,483,231,123,471,590,63.4,105.9,0.409,0.27,0.541,50.8,57.4,10.3,10,0.496,17.6,38.3,0.299,1,5,3,0,0,34,26,0.765,7.3,837,0.462,256,0.369,560,0.795,306,1048,473,189,101,371,601,64.8,112.7,0.388,0.383,0.58,49.3,56.5,8.6,7.6,0.532,14.7,29,0.309,0,7,1,0,0
2013,Second Round,3,Marquette,6,Butler,0,35,26,0.743,14.05,842,0.457,147,0.296,551,0.73,418,1116,483,231,123,471,590,63.4,105.9,0.409,0.27,0.541,50.8,57.4,10.3,10,0.496,17.6,38.3,0.299,1,5,3,0,0,36,27,0.75,11.01,869,0.45,239,0.347,518,0.696,419,1213,465,206,94,474,644,64.9,106.4,0.385,0.356,0.546,53.4,53.5,8.8,7,0.512,17.2,36.3,0.268,0,5,2,2,0
2013,First Round,7,Illinois,10,Colorado,0,36,23,0.639,13.18,858,0.412,280,0.321,469,0.726,427,1098,365,245,142,411,648,65.5,104.2,0.31,0.419,0.516,46.6,42.5,10.4,11.5,0.479,14.7,33.1,0.225,0,3,1,0,0,33,21,0.636,11.91,775,0.433,178,0.344,502,0.686,378,1128,328,230,105,439,525,65.7,101.4,0.409,0.289,0.522,50.2,42.3,10.5,8.6,0.483,17.1,33.6,0.281,0,2,0,0,0
2013,First Round,2,Miami (FL),15,Pacific,0,36,29,0.806,16.98,895,0.455,254,0.362,465,0.684,357,1179,408,223,159,377,525,64,108.5,0.346,0.356,0.548,50.1,45.6,9.6,12.3,0.519,14.1,30.6,0.236,1,6,2,1,0,35,22,0.629,1.67,824,0.448,225,0.381,471,0.689,333,1037,510,194,46,390,621,63.3,105.4,0.372,0.321,0.542,47.8,61.9,8.7,4.2,0.509,15.3,29.5,0.256,0,5,0,0,0
2013,Second Round,2,Miami (FL),7,Illinois,0,36,29,0.806,16.98,895,0.455,254,0.362,465,0.684,357,1179,408,223,159,377,525,64,108.5,0.346,0.356,0.548,50.1,45.6,9.6,12.3,0.519,14.1,30.6,0.236,1,6,2,1,0,36,23,0.639,13.18,858,0.412,280,0.321,469,0.726,427,1098,365,245,142,411,648,65.5,104.2,0.31,0.419,0.516,46.6,42.5,10.4,11.5,0.479,14.7,33.1,0.225,0,3,1,0,0
2013,Sweet Sixteen,2,Miami (FL),3,Marquette,1,36,29,0.806,16.98,895,0.455,254,0.362,465,0.684,357,1179,408,223,159,377,525,64,108.5,0.346,0.356,0.548,50.1,45.6,9.6,12.3,0.519,14.1,30.6,0.236,1,6,2,1,0,35,26,0.743,14.05,842,0.457,147,0.296,551,0.73,418,1116,483,231,123,471,590,63.4,105.9,0.409,0.27,0.541,50.8,57.4,10.3,10,0.496,17.6,38.3,0.299,1,5,3,0,0
2013,First Round,1,Louisville,16,North Carolina A&T,0,40,35,0.875,24.82,1048,0.456,230,0.333,652,0.709,531,1385,584,430,168,495,727,66.4,110.3,0.4,0.3,0.544,51.1,55.7,15.9,12.1,0.506,15.3,38.2,0.283,1,18,11,7,2,37,20,0.541,-6.93,776,0.403,215,0.304,532,0.658,387,1166,405,261,165,564,716,67.1,92.3,0.42,0.367,0.497,46.4,52.2,10.5,13.6,0.458,19.6,30,0.276,0,6,0,0,0
2013,Second Round,1,Louisville,8,Colorado State,0,40,35,0.875,24.82,1048,0.456,230,0.333,652,0.709,531,1385,584,430,168,495,727,66.4,110.3,0.4,0.3,0.544,51.1,55.7,15.9,12.1,0.506,15.3,38.2,0.283,1,18,11,7,2,35,26,0.743,13.6,881,0.449,180,0.338,611,0.715,493,1297,445,162,74,389,600,64.6,112.6,0.436,0.271,0.539,56.9,50.5,7.1,6.4,0.495,14.1,41.2,0.312,0,5,1,0,0
2013,Sweet Sixteen,1,Louisville,12,Oregon,0,40,35,0.875,24.82,1048,0.456,230,0.333,652,0.709,531,1385,584,430,168,495,727,66.4,110.3,0.4,0.3,0.544,51.1,55.7,15.9,12.1,0.506,15.3,38.2,0.283,1,18,11,7,2,37,28,0.757,13.78,944,0.447,192,0.333,570,0.705,451,1285,484,314,146,555,651,68.8,102.4,0.383,0.273,0.531,52.5,51.3,12.1,10.2,0.493,18.2,35.7,0.27,1,9,1,0,0
2013,First Round,5,Oklahoma State,12,Oregon,1,33,24,0.727,15.57,814,0.439,183,0.316,560,0.746,354,1110,398,248,155,411,598,67.3,104.8,0.405,0.313,0.536,49.1,48.9,11,12.8,0.488,15.7,31.3,0.302,1,4,0,0,0,37,28,0.757,13.78,944,0.447,192,0.333,570,0.705,451,1285,484,314,146,555,651,68.8,102.4,0.383,0.273,0.531,52.5,51.3,12.1,10.2,0.493,18.2,35.7,0.27,1,9,1,0,0
2013,Second Round,4,Saint Louis,12,Oregon,1,35,28,0.8,14.35,808,0.446,210,0.34,562,0.704,306,1032,453,267,109,383,603,64.5,105,0.44,0.341,0.545,47.3,56.1,11.7,8.3,0.504,14.9,27.4,0.31,1,5,0,0,0,37,28,0.757,13.78,944,0.447,192,0.333,570,0.705,451,1285,484,314,146,555,651,68.8,102.4,0.383,0.273,0.531,52.5,51.3,12.1,10.2,0.493,18.2,35.7,0.27,1,9,1,0,0
2013,Elite Eight,1,Louisville,2,Duke,0,40,35,0.875,24.82,1048,0.456,230,0.333,652,0.709,531,1385,584,430,168,495,727,66.4,110.3,0.4,0.3,0.544,51.1,55.7,15.9,12.1,0.506,15.3,38.2,0.283,1,18,11,7,2,36,30,0.833,21.46,960,0.472,270,0.399,588,0.739,337,1119,515,232,135,383,645,68.2,113.1,0.392,0.333,0.576,47.3,53.6,9.4,9,0.539,13.7,28.8,0.289,1,29,21,11,4
2013,Final Four,1,Louisville,9,Wichita State,0,40,35,0.875,24.82,1048,0.456,230,0.333,652,0.709,531,1385,584,430,168,495,727,66.4,110.3,0.4,0.3,0.544,51.1,55.7,15.9,12.1,0.506,15.3,38.2,0.283,1,18,11,7,2,39,30,0.769,14.68,954,0.44,259,0.339,553,0.699,512,1355,530,289,173,492,700,64.9,107.5,0.365,0.353,0.535,53.2,55.6,11.4,13.5,0.5,16.2,38,0.255,0,9,1,1,0
2013,Second Round,1,Gonzaga,9,Wichita State,1,35,32,0.914,20.44,961,0.497,226,0.371,548,0.705,409,1195,530,277,96,393,551,65.3,118,0.402,0.315,0.585,53.3,55.2,12.1,8.2,0.555,14.6,37.8,0.283,1,14,4,0,0,39,30,0.769,14.68,954,0.44,259,0.339,553,0.699,512,1355,530,289,173,492,700,64.9,107.5,0.365,0.353,0.535,53.2,55.6,11.4,13.5,0.5,16.2,38,0.255,0,9,1,1,0
2013,First Round,8,Pitt,9,Wichita State,1,33,24,0.727,18.84,837,0.472,163,0.349,445,0.668,425,1067,537,218,131,364,575,60.4,113.2,0.375,0.263,0.546,53.1,64.2,10.8,12.7,0.517,14.8,40.4,0.251,1,9,3,0,0,39,30,0.769,14.68,954,0.44,259,0.339,553,0.699,512,1355,530,289,173,492,700,64.9,107.5,0.365,0.353,0.535,53.2,55.6,11.4,13.5,0.5,16.2,38,0.255,0,9,1,1,0
2013,Elite Eight,2,Ohio State,9,Wichita State,1,37,29,0.784,20.19,928,0.451,227,0.356,516,0.708,378,1219,493,248,162,377,590,64.3,108.9,0.354,0.31,0.541,50.5,53.1,10.4,12.9,0.506,13.6,31.1,0.251,1,11,6,2,0,39,30,0.769,14.68,954,0.44,259,0.339,553,0.699,512,1355,530,289,173,492,700,64.9,107.5,0.365,0.353,0.535,53.2,55.6,11.4,13.5,0.5,16.2,38,0.255,0,9,1,1,0
2013,National Championship,1,Louisville,4,Michigan,0,40,35,0.875,24.82,1048,0.456,230,0.333,652,0.709,531,1385,584,430,168,495,727,66.4,110.3,0.4,0.3,0.544,51.1,55.7,15.9,12.1,0.506,15.3,38.2,0.283,1,18,11,7,2,39,31,0.795,21.29,1093,0.484,296,0.385,450,0.701,416,1246,565,239,108,368,496,64.1,116.1,0.284,0.34,0.572,49.9,51.7,9.5,7.3,0.549,12.5,32.7,0.199,1,8,3,1,0
2013,Sweet Sixteen,1,Kansas,4,Michigan,1,37,31,0.838,20.79,985,0.481,216,0.364,596,0.737,399,1354,575,260,247,517,620,67.8,109.1,0.395,0.29,0.572,52.6,58.4,10.2,17.6,0.533,17.5,33.8,0.291,1,15,10,2,1,39,31,0.795,21.29,1093,0.484,296,0.385,450,0.701,416,1246,565,239,108,368,496,64.1,116.1,0.284,0.34,0.572,49.9,51.7,9.5,7.3,0.549,12.5,32.7,0.199,1,8,3,1,0
2013,Elite Eight,3,Florida,4,Michigan,1,37,29,0.784,23.88,960,0.478,300,0.378,422,0.677,381,1179,540,265,120,401,518,62.9,113.5,0.31,0.395,0.573,51.4,56.3,11.4,9.4,0.552,14.8,33.4,0.21,1,13,7,3,2,39,31,0.795,21.29,1093,0.484,296,0.385,450,0.701,416,1246,565,239,108,368,496,64.1,116.1,0.284,0.34,0.572,49.9,51.7,9.5,7.3,0.549,12.5,32.7,0.199,1,8,3,1,0
2013,First Round,8,Colorado State,9,Missouri,0,35,26,0.743,13.6,881,0.449,180,0.338,611,0.715,493,1297,445,162,74,389,600,64.6,112.6,0.436,0.271,0.539,56.9,50.5,7.1,6.4,0.495,14.1,41.2,0.312,0,5,1,0,0,34,23,0.676,15.42,924,0.459,215,0.339,525,0.744,454,1266,472,229,119,442,567,68.2,110.7,0.35,0.315,0.551,53.7,51.1,9.8,9.1,0.512,15.8,38.7,0.261,0,3,0,0,0
2013,First Round,4,Saint Louis,13,New Mexico State,0,35,28,0.8,14.35,808,0.446,210,0.34,562,0.704,306,1032,453,267,109,383,603,64.5,105,0.44,0.341,0.545,47.3,56.1,11.7,8.3,0.504,14.9,27.4,0.31,1,5,0,0,0,35,24,0.686,5.09,832,0.455,137,0.313,554,0.656,429,1235,401,198,193,506,525,65.2,102.5,0.462,0.24,0.528,53.1,48.2,8.6,14.1,0.493,18.5,37.3,0.303,0,3,0,0,0
2013,First Round,3,Michigan State,14,Valparaiso,0,36,27,0.75,18.63,882,0.459,177,0.338,507,0.714,421,1241,474,289,140,489,579,64.7,105.1,0.37,0.272,0.542,53.3,53.7,12.4,10.9,0.505,17.8,36.4,0.264,1,16,11,6,1,34,26,0.765,7.15,823,0.484,253,0.372,521,0.731,303,1008,467,232,114,486,586,65.1,108.9,0.42,0.4,0.594,50.5,56.7,10.4,8.6,0.559,19.3,31.2,0.307,0,1,0,0,0
2013,Second Round,3,Michigan State,6,Memphis,0,36,27,0.75,18.63,882,0.459,177,0.338,507,0.714,421,1241,474,289,140,489,579,64.7,105.1,0.37,0.272,0.542,53.3,53.7,12.4,10.9,0.505,17.8,36.4,0.264,1,16,11,6,1,36,31,0.861,12.28,976,0.471,220,0.372,509,0.66,438,1243,605,321,231,523,651,69.5,106.3,0.372,0.286,0.55,50.8,62,12.7,16.3,0.524,17.7,35.6,0.246,1,3,0,0,0
2013,First Round,7,Creighton,10,Cincinnati,0,36,28,0.778,16.43,942,0.501,307,0.414,489,0.759,300,1172,609,174,92,443,588,65,114.5,0.342,0.394,0.612,51.6,64.6,7.4,6.6,0.582,16.8,28.8,0.26,1,5,0,0,0,34,22,0.647,14.47,791,0.403,230,0.316,450,0.647,488,1219,415,240,208,432,605,64.9,101.4,0.355,0.371,0.493,51.7,52.5,10.8,16.1,0.462,15.8,38.7,0.229,0,5,1,0,0
2013,First Round,2,Duke,15,Albany (NY),0,36,30,0.833,21.46,960,0.472,270,0.399,588,0.739,337,1119,515,232,135,383,645,68.2,113.1,0.392,0.333,0.576,47.3,53.6,9.4,9,0.539,13.7,28.8,0.289,1,29,21,11,4,35,24,0.686,-0.86,761,0.435,213,0.37,516,0.737,345,1022,394,192,71,468,564,62.8,102.1,0.4,0.329,0.541,48.9,51.8,8.7,5.9,0.496,18.4,31.7,0.295,0,3,0,0,0
2013,Second Round,2,Duke,7,Creighton,0,36,30,0.833,21.46,960,0.472,270,0.399,588,0.739,337,1119,515,232,135,383,645,68.2,113.1,0.392,0.333,0.576,47.3,53.6,9.4,9,0.539,13.7,28.8,0.289,1,29,21,11,4,36,28,0.778,16.43,942,0.501,307,0.414,489,0.759,300,1172,609,174,92,443,588,65,114.5,0.342,0.394,0.612,51.6,64.6,7.4,6.6,0.582,16.8,28.8,0.26,1,5,0,0,0
2013,Sweet Sixteen,2,Duke,3,Michigan State,0,36,30,0.833,21.46,960,0.472,270,0.399,588,0.739,337,1119,515,232,135,383,645,68.2,113.1,0.392,0.333,0.576,47.3,53.6,9.4,9,0.539,13.7,28.8,0.289,1,29,21,11,4,36,27,0.75,18.63,882,0.459,177,0.338,507,0.714,421,1241,474,289,140,489,579,64.7,105.1,0.37,0.272,0.542,53.3,53.7,12.4,10.9,0.505,17.8,36.4,0.264,1,16,11,6,1
2013,First Round,1,Gonzaga,16,Southern,0,35,32,0.914,20.44,961,0.497,226,0.371,548,0.705,409,1195,530,277,96,393,551,65.3,118,0.402,0.315,0.585,53.3,55.2,12.1,8.2,0.555,14.6,37.8,0.283,1,14,4,0,0,33,23,0.697,-2.62,761,0.433,226,0.365,475,0.689,288,1035,376,244,134,359,562,65.4,103,0.392,0.352,0.533,46.9,49.4,11.3,10.8,0.497,14.7,26.4,0.27,0,1,0,0,0
2013,First Round,5,Wisconsin,12,Ole Miss,1,35,23,0.657,18.76,823,0.42,259,0.33,369,0.634,401,1202,465,200,153,334,491,61.4,104.4,0.297,0.401,0.508,50.8,56.5,9.2,10.8,0.486,13,32.4,0.188,1,12,5,0,0,36,27,0.75,14.44,977,0.438,238,0.324,587,0.678,466,1251,450,297,185,395,606,70.5,108.4,0.388,0.33,0.526,48.1,46.1,11.6,13.7,0.491,13,33.6,0.263,0,1,0,0,0
2013,First Round,4,Kansas State,13,La Salle,1,35,27,0.771,13.54,872,0.436,238,0.362,432,0.685,470,1145,557,247,129,403,631,63.6,108.4,0.315,0.329,0.524,50.6,63.9,11.1,10.3,0.495,14.9,38.7,0.216,1,9,3,1,0,34,24,0.706,10.15,871,0.451,262,0.377,446,0.737,332,958,481,263,119,390,520,66.5,107.6,0.313,0.36,0.552,44.6,55.2,11.6,8.3,0.519,15,29,0.231,0,1,1,0,0
2013,Second Round,12,Ole Miss,13,La Salle,1,36,27,0.75,14.44,977,0.438,238,0.324,587,0.678,466,1251,450,297,185,395,606,70.5,108.4,0.388,0.33,0.526,48.1,46.1,11.6,13.7,0.491,13,33.6,0.263,0,1,0,0,0,34,24,0.706,10.15,871,0.451,262,0.377,446,0.737,332,958,481,263,119,390,520,66.5,107.6,0.313,0.36,0.552,44.6,55.2,11.6,8.3,0.519,15,29,0.231,0,1,1,0,0
2013,Sweet Sixteen,9,Wichita State,13,La Salle,0,39,30,0.769,14.68,954,0.44,259,0.339,553,0.699,512,1355,530,289,173,492,700,64.9,107.5,0.365,0.353,0.535,53.2,55.6,11.4,13.5,0.5,16.2,38,0.255,0,9,1,1,0,34,24,0.706,10.15,871,0.451,262,0.377,446,0.737,332,958,481,263,119,390,520,66.5,107.6,0.313,0.36,0.552,44.6,55.2,11.6,8.3,0.519,15,29,0.231,0,1,1,0,0
2013,First Round,6,Arizona,11,Belmont,0,35,27,0.771,17.31,880,0.455,269,0.371,541,0.749,393,1172,476,234,134,458,584,66.8,109.5,0.374,0.375,0.565,52.7,54.1,10,10.2,0.525,16.8,35,0.28,1,6,4,0,0,33,26,0.788,10.41,906,0.491,279,0.383,442,0.732,306,966,516,322,88,440,604,68.1,112.3,0.328,0.395,0.594,46.8,57,14.3,8,0.567,17.1,29.9,0.24,0,6,0,0,0
2013,Second Round,6,Arizona,14,Harvard,0,35,27,0.771,17.31,880,0.455,269,0.371,541,0.749,393,1172,476,234,134,458,584,66.8,109.5,0.374,0.375,0.565,52.7,54.1,10,10.2,0.525,16.8,35,0.28,1,6,4,0,0,30,20,0.667,3.96,677,0.475,191,0.398,504,0.723,219,796,392,218,126,399,457,63.8,105.6,0.489,0.337,0.583,46.3,57.9,11.2,11,0.542,18.5,26,0.354,0,3,1,0,0
2013,First Round,3,New Mexico,14,Harvard,1,35,29,0.829,13.24,768,0.423,221,0.351,598,0.721,335,1123,505,220,134,402,542,64.7,103.3,0.457,0.347,0.533,49.4,65.8,9.6,11.3,0.484,15.4,29.3,0.329,1,7,1,0,0,30,20,0.667,3.96,677,0.475,191,0.398,504,0.723,219,796,392,218,126,399,457,63.8,105.6,0.489,0.337,0.583,46.3,57.9,11.2,11,0.542,18.5,26,0.354,0,3,1,0,0
2013,First Round,7,Notre Dame,10,Iowa State,1,35,25,0.714,13.76,892,0.462,228,0.37,438,0.709,387,1146,587,175,132,393,495,62,109.8,0.32,0.32,0.551,50.6,65.8,7.8,9.3,0.522,15,34,0.227,1,11,1,0,0,35,23,0.657,14.5,962,0.456,346,0.374,509,0.731,422,1238,560,223,97,460,593,70,111.7,0.33,0.438,0.569,51.2,58.2,9,7,0.538,15.9,34.2,0.241,0,2,0,0,0
2013,Second Round,2,Ohio State,10,Iowa State,0,37,29,0.784,20.19,928,0.451,227,0.356,516,0.708,378,1219,493,248,162,377,590,64.3,108.9,0.354,0.31,0.541,50.5,53.1,10.4,12.9,0.506,13.6,31.1,0.251,1,11,6,2,0,35,23,0.657,14.5,962,0.456,346,0.374,509,0.731,422,1238,560,223,97,460,593,70,111.7,0.33,0.438,0.569,51.2,58.2,9,7,0.538,15.9,34.2,0.241,0,2,0,0,0
2013,First Round,2,Ohio State,15,Iona,0,37,29,0.784,20.19,928,0.451,227,0.356,516,0.708,378,1219,493,248,162,377,590,64.3,108.9,0.354,0.31,0.541,50.5,53.1,10.4,12.9,0.506,13.6,31.1,0.251,1,11,6,2,0,34,20,0.588,4.06,956,0.454,283,0.367,538,0.781,395,1094,523,222,101,421,582,70.5,111.1,0.327,0.366,0.562,47.1,54.7,9,7.4,0.521,14.7,32.8,0.255,0,2,0,0,0
2013,Sweet Sixteen,2,Ohio State,6,Arizona,0,37,29,0.784,20.19,928,0.451,227,0.356,516,0.708,378,1219,493,248,162,377,590,64.3,108.9,0.354,0.31,0.541,50.5,53.1,10.4,12.9,0.506,13.6,31.1,0.251,1,11,6,2,0,35,27,0.771,17.31,880,0.455,269,0.371,541,0.749,393,1172,476,234,134,458,584,66.8,109.5,0.374,0.375,0.565,52.7,54.1,10,10.2,0.525,16.8,35,0.28,1,6,4,0,0
2013,First Round,1,Kansas,16,Western Kentucky,0,37,31,0.838,20.79,985,0.481,216,0.364,596,0.737,399,1354,575,260,247,517,620,67.8,109.1,0.395,0.29,0.572,52.6,58.4,10.2,17.6,0.533,17.5,33.8,0.291,1,15,10,2,1,36,20,0.556,-0.63,837,0.427,226,0.319,509,0.674,441,1204,400,223,115,537,691,67,99.5,0.385,0.362,0.52,50.3,47.8,9.2,8.7,0.485,18.8,35.1,0.26,0,2,0,0,0
2013,Second Round,1,Kansas,8,UNC,0,37,31,0.838,20.79,985,0.481,216,0.364,596,0.737,399,1354,575,260,247,517,620,67.8,109.1,0.395,0.29,0.572,52.6,58.4,10.2,17.6,0.533,17.5,33.8,0.291,1,15,10,2,1,36,25,0.694,14.57,1023,0.441,272,0.376,442,0.675,478,1254,616,303,117,433,539,71.6,106.8,0.282,0.312,0.525,48.6,60.2,11.7,8.1,0.499,14.1,34.4,0.19,0,23,15,7,2
2013,First Round,8,UNC,9,Villanova,0,36,25,0.694,14.57,1023,0.441,272,0.376,442,0.675,478,1254,616,303,117,433,539,71.6,106.8,0.282,0.312,0.525,48.6,60.2,11.7,8.1,0.499,14.1,34.4,0.19,0,23,15,7,2,34,20,0.588,10.75,732,0.416,204,0.331,639,0.719,383,1116,413,263,114,533,651,67.4,98.8,0.505,0.351,0.529,49.8,56.4,11.3,9.9,0.474,19.6,33,0.363,0,10,4,1,0
2013,First Round,5,VCU,12,Akron,0,36,27,0.75,16.97,1010,0.45,281,0.351,469,0.701,479,1155,521,422,109,407,708,68.6,111.4,0.298,0.357,0.541,48,51.6,17,8.9,0.513,13.7,36,0.209,0,3,1,1,0,33,26,0.788,8.12,852,0.455,229,0.332,436,0.643,425,1145,485,231,189,458,577,66.4,106.5,0.362,0.368,0.539,51.9,56.9,10.4,14.7,0.516,17.3,37.7,0.233,0,3,0,0,0
2013,First Round,4,Michigan,13,South Dakota State,0,39,31,0.795,21.29,1093,0.484,296,0.385,450,0.701,416,1246,565,239,108,368,496,64.1,116.1,0.284,0.34,0.572,49.9,51.7,9.5,7.3,0.549,12.5,32.7,0.199,1,8,3,1,0,35,25,0.714,2.35,910,0.47,270,0.389,478,0.762,331,1125,506,175,78,365,492,64,113.1,0.324,0.358,0.574,51.3,55.6,7.7,6.1,0.539,14,29.8,0.247,0,2,0,0,0
2013,Second Round,4,Michigan,5,VCU,0,39,31,0.795,21.29,1093,0.484,296,0.385,450,0.701,416,1246,565,239,108,368,496,64.1,116.1,0.284,0.34,0.572,49.9,51.7,9.5,7.3,0.549,12.5,32.7,0.199,1,8,3,1,0,36,27,0.75,16.97,1010,0.45,281,0.351,469,0.701,479,1155,521,422,109,407,708,68.6,111.4,0.298,0.357,0.541,48,51.6,17,8.9,0.513,13.7,36,0.209,0,3,1,1,0
2013,First Round,6,UCLA,11,Minnesota,1,35,25,0.714,12.82,961,0.451,171,0.333,511,0.724,387,1165,559,283,127,391,526,69.6,105.4,0.331,0.241,0.528,46.6,58.2,11.5,8.4,0.491,13.7,30.7,0.24,1,10,5,3,0,34,21,0.618,16.84,815,0.443,184,0.337,523,0.685,501,1186,503,253,187,467,605,63.5,107.8,0.416,0.297,0.531,53.1,61.7,11.7,15.8,0.493,17.5,43.6,0.285,0,17,9,1,1
2013,Second Round,3,Florida,11,Minnesota,0,37,29,0.784,23.88,960,0.478,300,0.378,422,0.677,381,1179,540,265,120,401,518,62.9,113.5,0.31,0.395,0.573,51.4,56.3,11.4,9.4,0.552,14.8,33.4,0.21,1,13,7,3,2,34,21,0.618,16.84,815,0.443,184,0.337,523,0.685,501,1186,503,253,187,467,605,63.5,107.8,0.416,0.297,0.531,53.1,61.7,11.7,15.8,0.493,17.5,43.6,0.285,0,17,9,1,1
2013,First Round,3,Florida,14,Northwestern State,0,37,29,0.784,23.88,960,0.478,300,0.378,422,0.677,381,1179,540,265,120,401,518,62.9,113.5,0.31,0.395,0.573,51.4,56.3,11.4,9.4,0.552,14.8,33.4,0.21,1,13,7,3,2,32,23,0.719,0.39,919,0.458,189,0.313,532,0.686,435,1133,489,307,151,448,619,74.4,107.5,0.386,0.3,0.539,47.6,53.2,12.9,10.6,0.505,15.9,35.3,0.265,0,3,0,0,0
2013,Sweet Sixteen,3,Florida,15,Florida Gulf Coast,0,37,29,0.784,23.88,960,0.478,300,0.378,422,0.677,381,1179,540,265,120,401,518,62.9,113.5,0.31,0.395,0.573,51.4,56.3,11.4,9.4,0.552,14.8,33.4,0.21,1,13,7,3,2,37,26,0.703,3.01,976,0.462,247,0.342,497,0.675,412,1226,523,331,139,545,649,69.5,103.8,0.348,0.342,0.548,48.3,53.6,12.7,10.5,0.521,18.1,32.2,0.235,0,1,1,0,0
2013,Second Round,7,San Diego State,15,Florida Gulf Coast,1,34,23,0.676,12.95,839,0.438,202,0.327,476,0.683,376,1144,425,235,155,410,497,66.6,103.7,0.364,0.323,0.524,50.4,50.7,10.3,12,0.491,15.4,32.3,0.248,0,13,5,3,1,37,26,0.703,3.01,976,0.462,247,0.342,497,0.675,412,1226,523,331,139,545,649,69.5,103.8,0.348,0.342,0.548,48.3,53.6,12.7,10.5,0.521,18.1,32.2,0.235,0,1,1,0,0
2013,First Round,2,Georgetown,15,Florida Gulf Coast,1,32,25,0.781,15.86,737,0.453,189,0.353,407,0.679,297,959,474,240,123,407,556,62.4,102,0.368,0.329,0.541,48.4,64.3,11.8,11.3,0.511,17.6,30.4,0.25,1,9,2,1,0,37,26,0.703,3.01,976,0.462,247,0.342,497,0.675,412,1226,523,331,139,545,649,69.5,103.8,0.348,0.342,0.548,48.3,53.6,12.7,10.5,0.521,18.1,32.2,0.235,0,1,1,0,0
2013,First Round,7,San Diego State,10,Oklahoma,0,34,23,0.676,12.95,839,0.438,202,0.327,476,0.683,376,1144,425,235,155,410,497,66.6,103.7,0.364,0.323,0.524,50.4,50.7,10.3,12,0.491,15.4,32.3,0.248,0,13,5,3,1,32,20,0.625,11.4,803,0.435,159,0.323,495,0.757,377,1066,394,206,89,376,557,66.8,104.9,0.354,0.267,0.524,48.7,49.1,9.6,7.4,0.478,14.8,33.2,0.268,0,14,3,1,0
2014,Play-In,11,Tennessee,11,Iowa,0,37,24,0.649,17.34,927,0.453,205,0.325,613,0.719,501,1424,472,192,172,388,617,62.8,114.2,0.416,0.308,0.545,56.2,50.9,8.2,12,0.503,13.7,39.8,0.299,0,1,1,0,0,33,20,0.606,18.58,919,0.463,191,0.35,660,0.735,447,1332,532,234,164,371,603,69.9,115,0.453,0.275,0.558,54.7,57.9,10,13.5,0.511,13.3,37.7,0.333,0,6,0,0,0
2014,Second Round,11,Tennessee,14,Mercer,0,37,24,0.649,17.34,927,0.453,205,0.325,613,0.719,501,1424,472,192,172,388,617,62.8,114.2,0.416,0.308,0.545,56.2,50.9,8.2,12,0.503,13.7,39.8,0.299,0,1,1,0,0,36,27,0.75,5.33,982,0.476,290,0.384,582,0.736,407,1338,586,211,147,420,665,65.7,115.8,0.384,0.367,0.582,52.9,59.7,8.6,11.8,0.547,14.7,34,0.282,0,1,0,0,0
2014,First Round,3,Duke,14,Mercer,1,35,26,0.743,19.51,929,0.46,316,0.395,571,0.729,410,1207,509,244,105,328,681,65.5,119.4,0.388,0.397,0.574,51.5,54.8,10.6,7.4,0.538,12.1,34.5,0.283,1,30,21,11,4,36,27,0.75,5.33,982,0.476,290,0.384,582,0.736,407,1338,586,211,147,420,665,65.7,115.8,0.384,0.367,0.582,52.9,59.7,8.6,11.8,0.547,14.7,34,0.282,0,1,0,0,0
2014,Play-In,16,Texas Southern,16,Cal Poly,1,34,19,0.559,-8.41,857,0.462,217,0.36,653,0.718,386,1246,476,155,124,454,561,68.2,109.8,0.491,0.325,0.565,52.2,55.5,6.6,8.5,0.521,16.6,33.8,0.352,0,6,1,1,0,34,14,0.412,-1.34,754,0.408,218,0.333,415,0.688,377,1096,394,198,93,303,621,60.8,103.5,0.326,0.354,0.501,48.8,52.3,9.6,8,0.466,12.4,31.8,0.224,0,1,0,0,0
2014,First Round,1,Wichita State,16,Cal Poly,0,36,35,0.972,16.65,896,0.461,250,0.351,664,0.725,419,1381,491,247,184,374,611,64.5,116.1,0.472,0.367,0.569,55.3,54.8,10.6,15,0.526,13.6,35.1,0.342,1,10,1,1,0,34,14,0.412,-1.34,754,0.408,218,0.333,415,0.688,377,1096,394,198,93,303,621,60.8,103.5,0.326,0.354,0.501,48.8,52.3,9.6,8,0.466,12.4,31.8,0.224,0,1,0,0,0
2014,Play-In,12,Xavier,12,NC State,1,34,21,0.618,11.84,869,0.47,174,0.348,530,0.688,379,1213,497,196,97,421,674,65.7,108.5,0.416,0.27,0.551,53.2,57.2,8.7,8.2,0.517,16,34.1,0.286,0,4,2,0,0,36,22,0.611,9.02,950,0.461,160,0.305,501,0.657,422,1239,466,173,149,375,670,64.9,108.1,0.37,0.255,0.529,49.5,49.1,7.3,10.8,0.5,13.4,34.2,0.243,0,10,2,0,0
2014,First Round,5,Saint Louis,12,NC State,0,34,27,0.794,11.63,829,0.444,190,0.316,526,0.697,345,1231,482,253,138,431,597,67.4,102.4,0.404,0.322,0.533,51,58.1,10.9,9.9,0.494,16.2,29.4,0.281,1,6,0,0,0,36,22,0.611,9.02,950,0.461,160,0.305,501,0.657,422,1239,466,173,149,375,670,64.9,108.1,0.37,0.255,0.529,49.5,49.1,7.3,10.8,0.5,13.4,34.2,0.243,0,10,2,0,0
2014,Play-In,16,Albany (NY),16,Mount St. Mary's,0,34,19,0.559,-3.31,765,0.441,163,0.36,546,0.75,343,1175,376,184,101,428,580,63,103.3,0.42,0.261,0.539,52.5,49.2,8.5,8.6,0.488,17.1,31.9,0.315,0,4,0,0,0,33,16,0.485,-6.32,843,0.438,296,0.355,522,0.739,328,1053,389,232,99,388,616,70,107.5,0.367,0.434,0.554,46.6,46.1,10,6.7,0.515,14.7,27.8,0.271,0,1,0,0,0
2014,Second Round,1,Wichita State,8,Kentucky,1,36,35,0.972,16.65,896,0.461,250,0.351,664,0.725,419,1381,491,247,184,374,611,64.5,116.1,0.472,0.367,0.569,55.3,54.8,10.6,15,0.526,13.6,35.1,0.342,1,10,1,1,0,40,29,0.725,18.07,1004,0.454,203,0.332,781,0.682,562,1607,446,189,236,469,732,65.9,112.4,0.518,0.276,0.543,56.6,44.4,7.1,14.9,0.5,14.5,41.4,0.353,0,15,11,5,1
2014,Sweet Sixteen,4,Louisville,8,Kentucky,1,37,31,0.838,24.69,1051,0.471,288,0.368,608,0.661,503,1396,568,370,173,391,723,69,117.4,0.412,0.351,0.562,52.1,54,14.5,12.5,0.535,12.8,37.1,0.272,1,19,12,7,2,40,29,0.725,18.07,1004,0.454,203,0.332,781,0.682,562,1607,446,189,236,469,732,65.9,112.4,0.518,0.276,0.543,56.6,44.4,7.1,14.9,0.5,14.5,41.4,0.353,0,15,11,5,1
2014,Elite Eight,2,Michigan,8,Kentucky,1,37,28,0.757,18.52,945,0.477,319,0.402,527,0.763,316,1160,525,191,88,336,527,62.5,117.5,0.349,0.401,0.592,50.1,55.6,8.2,6.3,0.557,12.7,28.6,0.266,1,9,4,1,0,40,29,0.725,18.07,1004,0.454,203,0.332,781,0.682,562,1607,446,189,236,469,732,65.9,112.4,0.518,0.276,0.543,56.6,44.4,7.1,14.9,0.5,14.5,41.4,0.353,0,15,11,5,1
2014,National Championship,7,UConn,8,Kentucky,0,40,32,0.8,17.23,971,0.449,287,0.387,644,0.777,387,1389,488,281,230,457,719,65.5,108.9,0.383,0.343,0.562,50.2,50.3,10.7,15.2,0.515,15.2,30.4,0.298,1,1,1,1,1,40,29,0.725,18.07,1004,0.454,203,0.332,781,0.682,562,1607,446,189,236,469,732,65.9,112.4,0.518,0.276,0.543,56.6,44.4,7.1,14.9,0.5,14.5,41.4,0.353,0,15,11,5,1
2014,Final Four,2,Wisconsin,8,Kentucky,1,38,30,0.789,19.69,927,0.459,297,0.376,642,0.746,337,1266,468,183,127,307,574,63.3,115.7,0.426,0.391,0.575,51.1,50.5,7.6,8,0.533,11.2,28.1,0.318,1,13,6,1,0,40,29,0.725,18.07,1004,0.454,203,0.332,781,0.682,562,1607,446,189,236,469,732,65.9,112.4,0.518,0.276,0.543,56.6,44.4,7.1,14.9,0.5,14.5,41.4,0.353,0,15,11,5,1
2014,First Round,8,Kentucky,9,Kansas State,0,40,29,0.725,18.07,1004,0.454,203,0.332,781,0.682,562,1607,446,189,236,469,732,65.9,112.4,0.518,0.276,0.543,56.6,44.4,7.1,14.9,0.5,14.5,41.4,0.353,0,15,11,5,1,33,20,0.606,12.14,798,0.434,198,0.331,486,0.656,406,1180,503,205,98,404,714,65.6,104.2,0.403,0.325,0.52,50.7,63,9.4,8,0.488,15.6,34.7,0.264,0,10,3,1,0
2014,First Round,4,Louisville,13,Manhattan,0,37,31,0.838,24.69,1051,0.471,288,0.368,608,0.661,503,1396,568,370,173,391,723,69,117.4,0.412,0.351,0.562,52.1,54,14.5,12.5,0.535,12.8,37.1,0.272,1,19,12,7,2,33,25,0.758,6.04,828,0.451,208,0.369,676,0.663,415,1234,433,273,200,468,799,70.3,107.1,0.555,0.307,0.547,50.7,52.3,11.5,15.3,0.507,16.8,34.4,0.368,0,1,0,0,0
2014,Second Round,4,Louisville,5,Saint Louis,0,37,31,0.838,24.69,1051,0.471,288,0.368,608,0.661,503,1396,568,370,173,391,723,69,117.4,0.412,0.351,0.562,52.1,54,14.5,12.5,0.535,12.8,37.1,0.272,1,19,12,7,2,34,27,0.794,11.63,829,0.444,190,0.316,526,0.697,345,1231,482,253,138,431,597,67.4,102.4,0.404,0.322,0.533,51,58.1,10.9,9.9,0.494,16.2,29.4,0.281,1,6,0,0,0
2014,First Round,6,UMass,11,Tennessee,1,33,24,0.727,10.61,900,0.459,177,0.346,525,0.683,404,1267,499,226,178,446,649,71.7,105.3,0.392,0.261,0.538,51.9,55.4,9.5,12.3,0.504,16.1,34.4,0.268,0,1,0,0,0,37,24,0.649,17.34,927,0.453,205,0.325,613,0.719,501,1424,472,192,172,388,617,62.8,114.2,0.416,0.308,0.545,56.2,50.9,8.2,12,0.503,13.7,39.8,0.299,0,1,1,0,0
2014,Sweet Sixteen,2,Michigan,11,Tennessee,0,37,28,0.757,18.52,945,0.477,319,0.402,527,0.763,316,1160,525,191,88,336,527,62.5,117.5,0.349,0.401,0.592,50.1,55.6,8.2,6.3,0.557,12.7,28.6,0.266,1,9,4,1,0,37,24,0.649,17.34,927,0.453,205,0.325,613,0.719,501,1424,472,192,172,388,617,62.8,114.2,0.416,0.308,0.545,56.2,50.9,8.2,12,0.503,13.7,39.8,0.299,0,1,1,0,0
2014,First Round,7,Texas,10,Arizona State,0,35,24,0.686,12.67,905,0.432,178,0.327,610,0.671,528,1449,452,199,206,426,669,69.1,107,0.434,0.26,0.514,54.6,49.9,8.2,15.8,0.474,14.4,39.6,0.291,0,21,6,1,0,33,21,0.636,13.32,836,0.451,268,0.39,546,0.694,281,1172,471,167,182,377,635,69,107.2,0.425,0.371,0.558,48.4,56.3,7.2,12.8,0.524,14.5,24.5,0.295,0,8,1,0,0
2014,First Round,2,Michigan,15,Wofford,0,37,28,0.757,18.52,945,0.477,319,0.402,527,0.763,316,1160,525,191,88,336,527,62.5,117.5,0.349,0.401,0.592,50.1,55.6,8.2,6.3,0.557,12.7,28.6,0.266,1,9,4,1,0,33,20,0.606,-4.32,808,0.448,196,0.36,393,0.664,352,1090,423,205,54,351,578,63,105.6,0.328,0.302,0.529,51,52.4,9.8,4.6,0.502,14.4,31.7,0.218,0,3,0,0,0
2014,Second Round,2,Michigan,7,Texas,0,37,28,0.757,18.52,945,0.477,319,0.402,527,0.763,316,1160,525,191,88,336,527,62.5,117.5,0.349,0.401,0.592,50.1,55.6,8.2,6.3,0.557,12.7,28.6,0.266,1,9,4,1,0,35,24,0.686,12.67,905,0.432,178,0.327,610,0.671,528,1449,452,199,206,426,669,69.1,107,0.434,0.26,0.514,54.6,49.9,8.2,15.8,0.474,14.4,39.6,0.291,0,21,6,1,0
2014,First Round,1,Florida,16,Albany (NY),0,39,36,0.923,20.69,945,0.46,255,0.359,582,0.668,437,1385,509,274,118,418,611,62.9,111.1,0.424,0.346,0.552,53.8,53.9,11.2,8.6,0.522,14.5,34.7,0.283,1,14,8,4,2,34,19,0.559,-3.31,765,0.441,163,0.36,546,0.75,343,1175,376,184,101,428,580,63,103.3,0.42,0.261,0.539,52.5,49.2,8.5,8.6,0.488,17.1,31.9,0.315,0,4,0,0,0
2014,Second Round,1,Florida,9,Pitt,0,39,36,0.923,20.69,945,0.46,255,0.359,582,0.668,437,1385,509,274,118,418,611,62.9,111.1,0.424,0.346,0.552,53.8,53.9,11.2,8.6,0.522,14.5,34.7,0.283,1,14,8,4,2,36,26,0.722,17.46,895,0.46,183,0.351,613,0.712,432,1291,563,254,107,373,620,62.4,113,0.443,0.269,0.55,54.5,62.9,11.1,8.6,0.507,13.7,37.3,0.315,0,10,3,0,0
2014,First Round,8,Colorado,9,Pitt,1,35,23,0.657,10.8,814,0.435,181,0.318,648,0.718,401,1305,397,207,115,466,576,67,103.7,0.483,0.304,0.534,54.3,48.8,8.7,9,0.483,16.8,34,0.346,0,3,0,0,0,36,26,0.722,17.46,895,0.46,183,0.351,613,0.712,432,1291,563,254,107,373,620,62.4,113,0.443,0.269,0.55,54.5,62.9,11.1,8.6,0.507,13.7,37.3,0.315,0,10,3,0,0
2014,Sweet Sixteen,1,Florida,4,UCLA,0,39,36,0.923,20.69,945,0.46,255,0.359,582,0.668,437,1385,509,274,118,418,611,62.9,111.1,0.424,0.346,0.552,53.8,53.9,11.2,8.6,0.522,14.5,34.7,0.283,1,14,8,4,2,37,28,0.757,18.4,1073,0.489,229,0.38,628,0.749,368,1308,636,341,111,379,652,70,115.1,0.382,0.275,0.579,51.2,59.3,13.1,9,0.541,12.7,29.8,0.286,1,8,2,0,0
2014,Elite Eight,1,Florida,11,Dayton,0,39,36,0.923,20.69,945,0.46,255,0.359,582,0.668,437,1385,509,274,118,418,611,62.9,111.1,0.424,0.346,0.552,53.8,53.9,11.2,8.6,0.522,14.5,34.7,0.283,1,14,8,4,2,37,26,0.703,10.55,935,0.463,243,0.377,558,0.681,414,1289,485,222,96,442,736,65.4,109.6,0.406,0.319,0.555,52.7,51.9,9.1,7.3,0.524,15.5,34,0.277,0,1,1,0,0
2014,First Round,6,Ohio State,11,Dayton,1,35,25,0.714,17.84,843,0.45,200,0.324,546,0.689,346,1187,421,270,157,394,577,65.1,106.1,0.423,0.329,0.54,50.2,49.9,11.8,12.2,0.503,14.9,29.6,0.291,1,12,6,2,0,37,26,0.703,10.55,935,0.463,243,0.377,558,0.681,414,1289,485,222,96,442,736,65.4,109.6,0.406,0.319,0.555,52.7,51.9,9.1,7.3,0.524,15.5,34,0.277,0,1,1,0,0
2014,Second Round,3,Syracuse,11,Dayton,1,34,28,0.824,16.05,819,0.437,167,0.331,506,0.708,446,1200,402,271,171,306,546,60.5,111.6,0.382,0.27,0.522,52.8,49.1,13.1,17.2,0.482,12.1,38.1,0.27,1,31,17,4,1,37,26,0.703,10.55,935,0.463,243,0.377,558,0.681,414,1289,485,222,96,442,736,65.4,109.6,0.406,0.319,0.555,52.7,51.9,9.1,7.3,0.524,15.5,34,0.277,0,1,1,0,0
2014,Sweet Sixteen,10,Stanford,11,Dayton,1,36,23,0.639,13.42,896,0.459,208,0.364,616,0.702,347,1257,415,191,154,409,655,67.1,108,0.45,0.293,0.553,51.3,46.3,7.9,11.6,0.513,14.7,29.3,0.316,0,1,1,0,0,37,26,0.703,10.55,935,0.463,243,0.377,558,0.681,414,1289,485,222,96,442,736,65.4,109.6,0.406,0.319,0.555,52.7,51.9,9.1,7.3,0.524,15.5,34,0.277,0,1,1,0,0
2014,Final Four,1,Florida,7,UConn,1,39,36,0.923,20.69,945,0.46,255,0.359,582,0.668,437,1385,509,274,118,418,611,62.9,111.1,0.424,0.346,0.552,53.8,53.9,11.2,8.6,0.522,14.5,34.7,0.283,1,14,8,4,2,40,32,0.8,17.23,971,0.449,287,0.387,644,0.777,387,1389,488,281,230,457,719,65.5,108.9,0.383,0.343,0.562,50.2,50.3,10.7,15.2,0.515,15.2,30.4,0.298,1,1,1,1,1
2014,Elite Eight,4,Michigan State,7,UConn,1,38,29,0.763,19.35,1024,0.474,307,0.392,515,0.707,395,1400,637,259,174,430,721,66,113.3,0.337,0.363,0.573,53.7,62.2,10.2,13.4,0.545,14.7,32.2,0.239,1,17,12,6,1,40,32,0.8,17.23,971,0.449,287,0.387,644,0.777,387,1389,488,281,230,457,719,65.5,108.9,0.383,0.343,0.562,50.2,50.3,10.7,15.2,0.515,15.2,30.4,0.298,1,1,1,1,1
2014,Sweet Sixteen,3,Iowa State,7,UConn,1,36,28,0.778,18.52,1062,0.474,301,0.358,564,0.693,375,1387,663,214,106,380,623,71.7,113.9,0.364,0.375,0.569,51.1,62.4,8.2,7,0.542,12.6,28.8,0.252,1,3,1,0,0,40,32,0.8,17.23,971,0.449,287,0.387,644,0.777,387,1389,488,281,230,457,719,65.5,108.9,0.383,0.343,0.562,50.2,50.3,10.7,15.2,0.515,15.2,30.4,0.298,1,1,1,1,1
2014,Second Round,2,Villanova,7,UConn,1,34,29,0.853,18.97,870,0.456,304,0.356,607,0.716,379,1263,523,236,141,406,672,67.6,113.2,0.445,0.448,0.574,52.6,60.1,10.1,11.2,0.536,14.9,32.6,0.318,1,11,4,1,0,40,32,0.8,17.23,971,0.449,287,0.387,644,0.777,387,1389,488,281,230,457,719,65.5,108.9,0.383,0.343,0.562,50.2,50.3,10.7,15.2,0.515,15.2,30.4,0.298,1,1,1,1,1
2014,First Round,5,VCU,12,Stephen F. Austin,1,35,26,0.743,14.55,922,0.42,260,0.349,520,0.674,479,1317,459,391,150,423,686,70.4,105,0.352,0.339,0.512,50.6,49.8,15.6,11.5,0.479,14.2,34.3,0.237,1,4,1,1,0,35,32,0.914,4.82,922,0.463,248,0.345,569,0.711,451,1186,574,257,104,393,730,65.5,115.2,0.402,0.36,0.561,53.8,62.3,11.1,8.6,0.525,14.2,38.4,0.286,0,1,0,0,0
2014,Second Round,4,UCLA,12,Stephen F. Austin,0,37,28,0.757,18.4,1073,0.489,229,0.38,628,0.749,368,1308,636,341,111,379,652,70,115.1,0.382,0.275,0.579,51.2,59.3,13.1,9,0.541,12.7,29.8,0.286,1,8,2,0,0,35,32,0.914,4.82,922,0.463,248,0.345,569,0.711,451,1186,574,257,104,393,730,65.5,115.2,0.402,0.36,0.561,53.8,62.3,11.1,8.6,0.525,14.2,38.4,0.286,0,1,0,0,0
2014,First Round,4,UCLA,13,Tulsa,0,37,28,0.757,18.4,1073,0.489,229,0.38,628,0.749,368,1308,636,341,111,379,652,70,115.1,0.382,0.275,0.579,51.2,59.3,13.1,9,0.541,12.7,29.8,0.286,1,8,2,0,0,34,21,0.618,6.23,835,0.44,197,0.327,604,0.676,368,1231,427,232,127,394,725,68.7,105,0.471,0.318,0.532,50.3,51.1,9.9,10.5,0.492,14.5,30.2,0.318,0,1,0,0,0
2014,First Round,3,Syracuse,14,Western Michigan,0,34,28,0.824,16.05,819,0.437,167,0.331,506,0.708,446,1200,402,271,171,306,546,60.5,111.6,0.382,0.27,0.522,52.8,49.1,13.1,17.2,0.482,12.1,38.1,0.27,1,31,17,4,1,33,23,0.697,1.73,779,0.463,195,0.329,620,0.724,323,1143,376,194,111,464,602,66.5,106.5,0.508,0.352,0.568,51.3,48.3,8.7,9.6,0.52,18.2,31.6,0.368,0,2,0,0,0
2014,First Round,7,New Mexico,10,Stanford,1,34,27,0.794,12.72,847,0.458,197,0.332,625,0.724,360,1296,522,162,172,361,577,65.6,111.2,0.466,0.32,0.556,53.8,61.6,7.2,13.3,0.511,13.8,32.5,0.338,1,1,0,0,0,36,23,0.639,13.42,896,0.459,208,0.364,616,0.702,347,1257,415,191,154,409,655,67.1,108,0.45,0.293,0.553,51.3,46.3,7.9,11.6,0.513,14.7,29.3,0.316,0,1,1,0,0
2014,Second Round,2,Kansas,10,Stanford,1,35,25,0.714,20.25,955,0.493,189,0.34,665,0.711,416,1336,523,204,196,463,732,68.6,114.3,0.483,0.287,0.58,55.5,54.8,8.4,14.6,0.542,16.3,37.3,0.343,1,16,10,2,1,36,23,0.639,13.42,896,0.459,208,0.364,616,0.702,347,1257,415,191,154,409,655,67.1,108,0.45,0.293,0.553,51.3,46.3,7.9,11.6,0.513,14.7,29.3,0.316,0,1,1,0,0
2014,First Round,2,Kansas,15,Eastern Kentucky,0,35,25,0.714,20.25,955,0.493,189,0.34,665,0.711,416,1336,523,204,196,463,732,68.6,114.3,0.483,0.287,0.58,55.5,54.8,8.4,14.6,0.542,16.3,37.3,0.343,1,16,10,2,1,34,24,0.706,0.6,881,0.487,315,0.39,600,0.752,243,884,498,299,67,359,707,67.5,116.3,0.441,0.446,0.611,44.3,56.5,13,6.4,0.574,14.1,23.6,0.331,0,2,0,0,0
2014,First Round,1,Virginia,16,Coastal Carolina,0,37,30,0.811,18.38,855,0.454,206,0.369,533,0.673,379,1312,484,193,150,362,594,60.6,108.8,0.42,0.297,0.542,54.7,56.6,8.6,12,0.508,13.8,33.2,0.283,1,4,2,0,0,34,21,0.618,-5.21,861,0.437,212,0.338,524,0.691,434,1336,362,216,96,473,668,68.6,104.2,0.385,0.319,0.528,53.2,42,9.2,8.6,0.491,16.9,35.1,0.266,0,9,3,0,0
2014,Second Round,1,Virginia,8,Memphis,0,37,30,0.811,18.38,855,0.454,206,0.369,533,0.673,379,1312,484,193,150,362,594,60.6,108.8,0.42,0.297,0.542,54.7,56.6,8.6,12,0.508,13.8,33.2,0.283,1,4,2,0,0,34,24,0.706,13.02,958,0.477,182,0.33,516,0.644,427,1268,591,294,159,449,612,70.6,108.2,0.399,0.275,0.547,51.5,61.7,12.2,11,0.522,15.8,35.6,0.257,0,4,0,0,0
2014,Sweet Sixteen,1,Virginia,4,Michigan State,1,37,30,0.811,18.38,855,0.454,206,0.369,533,0.673,379,1312,484,193,150,362,594,60.6,108.8,0.42,0.297,0.542,54.7,56.6,8.6,12,0.508,13.8,33.2,0.283,1,4,2,0,0,38,29,0.763,19.35,1024,0.474,307,0.392,515,0.707,395,1400,637,259,174,430,721,66,113.3,0.337,0.363,0.573,53.7,62.2,10.2,13.4,0.545,14.7,32.2,0.239,1,17,12,6,1
2014,First Round,8,Memphis,9,George Washington,0,34,24,0.706,13.02,958,0.477,182,0.33,516,0.644,427,1268,591,294,159,449,612,70.6,108.2,0.399,0.275,0.547,51.5,61.7,12.2,11,0.522,15.8,35.6,0.257,0,4,0,0,0,33,24,0.727,10.6,839,0.463,187,0.364,550,0.651,394,1229,461,235,135,428,595,68,107.3,0.466,0.284,0.546,52.5,54.9,10.4,11.2,0.515,16.2,35.1,0.304,0,2,0,0,0
2014,First Round,5,Cincinnati,12,Harvard,1,34,27,0.794,15.26,805,0.425,196,0.335,519,0.708,457,1224,425,268,188,377,596,63.6,107.5,0.387,0.309,0.519,53.2,52.8,12.4,16,0.477,14.4,39.1,0.274,1,6,1,0,0,32,27,0.844,10.79,786,0.465,184,0.385,587,0.724,335,1092,449,243,155,365,566,64.6,111.6,0.48,0.283,0.564,52.1,57.1,11.6,13.4,0.519,15,32.8,0.347,0,4,1,0,0
2014,Second Round,4,Michigan State,12,Harvard,0,38,29,0.763,19.35,1024,0.474,307,0.392,515,0.707,395,1400,637,259,174,430,721,66,113.3,0.337,0.363,0.573,53.7,62.2,10.2,13.4,0.545,14.7,32.2,0.239,1,17,12,6,1,32,27,0.844,10.79,786,0.465,184,0.385,587,0.724,335,1092,449,243,155,365,566,64.6,111.6,0.48,0.283,0.564,52.1,57.1,11.6,13.4,0.519,15,32.8,0.347,0,4,1,0,0
2014,First Round,4,Michigan State,13,Delaware,0,38,29,0.763,19.35,1024,0.474,307,0.392,515,0.707,395,1400,637,259,174,430,721,66,113.3,0.337,0.363,0.573,53.7,62.2,10.2,13.4,0.545,14.7,32.2,0.239,1,17,12,6,1,35,25,0.714,2.73,936,0.444,252,0.347,658,0.711,385,1264,377,208,123,334,660,70.9,111.7,0.439,0.345,0.546,48.1,40.3,8.4,8.5,0.504,11.6,29.1,0.312,0,1,0,0,0
2014,First Round,6,UNC,11,Providence,0,34,24,0.706,15.24,953,0.463,146,0.336,552,0.626,483,1350,523,249,161,406,690,70,108.5,0.429,0.211,0.526,53.4,54.9,10.4,12.5,0.499,14.1,38.1,0.268,1,24,15,7,2,35,23,0.657,11.37,849,0.428,218,0.347,650,0.782,432,1278,476,194,173,406,603,64.9,109.1,0.419,0.317,0.539,52.4,56.1,8.3,12,0.483,14.6,35.4,0.328,0,1,0,0,0
2014,First Round,3,Iowa State,14,North Carolina Central,0,36,28,0.778,18.52,1062,0.474,301,0.358,564,0.693,375,1387,663,214,106,380,623,71.7,113.9,0.364,0.375,0.569,51.1,62.4,8.2,7,0.542,12.6,28.8,0.252,1,3,1,0,0,34,28,0.824,3.97,847,0.462,184,0.338,635,0.728,403,1197,500,262,137,389,660,64.7,112.5,0.476,0.297,0.559,52.6,59,11.7,12.4,0.513,14.8,36.6,0.347,0,1,0,0,0
2014,Second Round,3,Iowa State,6,UNC,0,36,28,0.778,18.52,1062,0.474,301,0.358,564,0.693,375,1387,663,214,106,380,623,71.7,113.9,0.364,0.375,0.569,51.1,62.4,8.2,7,0.542,12.6,28.8,0.252,1,3,1,0,0,34,24,0.706,15.24,953,0.463,146,0.336,552,0.626,483,1350,523,249,161,406,690,70,108.5,0.429,0.211,0.526,53.4,54.9,10.4,12.5,0.499,14.1,38.1,0.268,1,24,15,7,2
2014,First Round,7,UConn,10,St. Joseph's,0,40,32,0.8,17.23,971,0.449,287,0.387,644,0.777,387,1389,488,281,230,457,719,65.5,108.9,0.383,0.343,0.562,50.2,50.3,10.7,15.2,0.515,15.2,30.4,0.298,1,1,1,1,1,34,24,0.706,9.05,840,0.47,250,0.379,503,0.645,319,1218,476,151,154,409,544,66,108.1,0.436,0.369,0.563,52,56.7,6.7,11.9,0.539,15.9,29,0.281,0,6,2,0,0
2014,First Round,2,Villanova,15,Milwaukee,0,34,29,0.853,18.97,870,0.456,304,0.356,607,0.716,379,1263,523,236,141,406,672,67.6,113.2,0.445,0.448,0.574,52.6,60.1,10.1,11.2,0.536,14.9,32.6,0.318,1,11,4,1,0,35,21,0.6,-1.53,808,0.428,245,0.325,604,0.734,343,1182,476,200,85,469,630,67.9,102.6,0.436,0.399,0.541,48.8,58.9,8.3,6.4,0.493,17.1,28.3,0.32,0,2,0,0,0
2014,First Round,1,Arizona,16,Weber State,0,38,33,0.868,23.36,996,0.469,204,0.364,573,0.659,465,1449,574,223,173,387,630,64.1,112.3,0.41,0.264,0.546,55.1,57.6,9,11.5,0.517,13.2,36.4,0.27,1,7,5,0,0,31,19,0.613,-0.92,732,0.475,222,0.392,568,0.741,265,1065,407,131,123,382,558,64.3,111.3,0.498,0.367,0.592,52.5,55.6,6.5,9,0.547,16.7,28.9,0.369,0,2,0,0,0
2014,Second Round,1,Arizona,8,Gonzaga,0,38,33,0.868,23.36,996,0.469,204,0.364,573,0.659,465,1449,574,223,173,387,630,64.1,112.3,0.41,0.264,0.546,55.1,57.6,9,11.5,0.517,13.2,36.4,0.27,1,7,5,0,0,36,29,0.806,15.56,972,0.495,255,0.397,562,0.709,343,1291,525,235,142,419,659,68.1,114.1,0.404,0.328,0.59,52.3,54,9.7,10.2,0.56,15.2,30.6,0.286,0,15,4,0,0
2014,Sweet Sixteen,1,Arizona,4,San Diego State,0,38,33,0.868,23.36,996,0.469,204,0.364,573,0.659,465,1449,574,223,173,387,630,64.1,112.3,0.41,0.264,0.546,55.1,57.6,9,11.5,0.517,13.2,36.4,0.27,1,7,5,0,0,36,31,0.861,14.95,873,0.435,186,0.358,598,0.663,470,1364,356,274,183,355,600,63.9,109.2,0.449,0.258,0.519,53.6,40.8,11.8,14.1,0.481,12.7,36.7,0.298,1,14,6,3,1
2014,Elite Eight,1,Arizona,2,Wisconsin,1,38,33,0.868,23.36,996,0.469,204,0.364,573,0.659,465,1449,574,223,173,387,630,64.1,112.3,0.41,0.264,0.546,55.1,57.6,9,11.5,0.517,13.2,36.4,0.27,1,7,5,0,0,38,30,0.789,19.69,927,0.459,297,0.376,642,0.746,337,1266,468,183,127,307,574,63.3,115.7,0.426,0.391,0.575,51.1,50.5,7.6,8,0.533,11.2,28.1,0.318,1,13,6,1,0
2014,First Round,8,Gonzaga,9,Oklahoma State,0,36,29,0.806,15.56,972,0.495,255,0.397,562,0.709,343,1291,525,235,142,419,659,68.1,114.1,0.404,0.328,0.59,52.3,54,9.7,10.2,0.56,15.2,30.6,0.286,0,15,4,0,0,34,21,0.618,19.02,898,0.463,239,0.364,693,0.719,332,1203,463,260,160,356,680,69.5,112.8,0.497,0.338,0.569,48.8,51.6,10.8,12.2,0.524,12.9,28,0.357,0,5,0,0,0
2014,First Round,5,Oklahoma,12,North Dakota State,1,33,23,0.697,14.91,909,0.447,285,0.379,601,0.749,398,1242,483,224,108,376,625,71.7,112.9,0.394,0.37,0.56,50.9,53.1,9.4,8.4,0.517,13.5,32.4,0.295,1,15,3,1,0,33,26,0.788,6.31,888,0.505,176,0.364,540,0.751,307,1081,382,206,145,325,588,63.9,117.7,0.409,0.275,0.593,53.2,43,9.7,13.1,0.555,13.4,31.7,0.307,0,2,0,0,0
2014,Second Round,4,San Diego State,12,North Dakota State,0,36,31,0.861,14.95,873,0.435,186,0.358,598,0.663,470,1364,356,274,183,355,600,63.9,109.2,0.449,0.258,0.519,53.6,40.8,11.8,14.1,0.481,12.7,36.7,0.298,1,14,6,3,1,33,26,0.788,6.31,888,0.505,176,0.364,540,0.751,307,1081,382,206,145,325,588,63.9,117.7,0.409,0.275,0.593,53.2,43,9.7,13.1,0.555,13.4,31.7,0.307,0,2,0,0,0
2014,First Round,4,San Diego State,13,New Mexico State,0,36,31,0.861,14.95,873,0.435,186,0.358,598,0.663,470,1364,356,274,183,355,600,63.9,109.2,0.449,0.258,0.519,53.6,40.8,11.8,14.1,0.481,12.7,36.7,0.298,1,14,6,3,1,36,26,0.722,6.16,936,0.488,194,0.371,705,0.686,428,1346,474,169,224,457,614,66.9,113.8,0.535,0.273,0.576,53.5,50.6,6.9,13.5,0.539,16,37.5,0.368,0,4,0,0,0
2014,First Round,6,Baylor,11,Nebraska,0,38,26,0.684,15.8,959,0.455,280,0.386,645,0.68,525,1456,563,197,202,440,648,64.2,115.1,0.45,0.344,0.556,54.8,58.7,8,14,0.521,14.7,40.6,0.306,1,4,3,0,0,32,19,0.594,10.13,719,0.427,188,0.333,511,0.717,278,1059,304,222,99,349,660,65.4,102.2,0.423,0.335,0.528,48.6,42.3,10.6,9.3,0.483,14.7,25.7,0.303,0,2,0,0,0
2014,First Round,3,Creighton,14,Louisiana,0,35,27,0.771,18.03,957,0.497,356,0.414,486,0.743,293,1192,614,139,49,342,618,65.3,120.6,0.339,0.446,0.616,51.7,64.2,6.1,3.8,0.589,13.3,27.7,0.252,1,6,0,0,0,35,23,0.657,2.91,988,0.465,246,0.367,613,0.671,464,1329,472,250,144,459,734,71.2,111.4,0.429,0.315,0.554,52.3,47.8,9.8,10.2,0.522,15.2,36.3,0.288,0,3,0,0,0
2014,Second Round,3,Creighton,6,Baylor,1,35,27,0.771,18.03,957,0.497,356,0.414,486,0.743,293,1192,614,139,49,342,618,65.3,120.6,0.339,0.446,0.616,51.7,64.2,6.1,3.8,0.589,13.3,27.7,0.252,1,6,0,0,0,38,26,0.684,15.8,959,0.455,280,0.386,645,0.68,525,1456,563,197,202,440,648,64.2,115.1,0.45,0.344,0.556,54.8,58.7,8,14,0.521,14.7,40.6,0.306,1,4,3,0,0
2014,Sweet Sixteen,2,Wisconsin,6,Baylor,0,38,30,0.789,19.69,927,0.459,297,0.376,642,0.746,337,1266,468,183,127,307,574,63.3,115.7,0.426,0.391,0.575,51.1,50.5,7.6,8,0.533,11.2,28.1,0.318,1,13,6,1,0,38,26,0.684,15.8,959,0.455,280,0.386,645,0.68,525,1456,563,197,202,440,648,64.2,115.1,0.45,0.344,0.556,54.8,58.7,8,14,0.521,14.7,40.6,0.306,1,4,3,0,0
2014,First Round,7,Oregon,10,BYU,0,34,24,0.706,15.75,928,0.469,259,0.389,668,0.772,356,1159,492,263,113,389,725,69.9,115,0.438,0.337,0.583,50.7,53,10.9,8.7,0.535,14,32.2,0.338,0,10,1,0,0,35,23,0.657,11.63,1012,0.463,177,0.355,730,0.692,463,1432,544,251,103,395,690,73.5,111.9,0.483,0.228,0.545,53.3,53.8,9.6,7.3,0.503,12.8,34.7,0.334,0,7,1,0,0
2014,First Round,2,Wisconsin,15,American,0,38,30,0.789,19.69,927,0.459,297,0.376,642,0.746,337,1266,468,183,127,307,574,63.3,115.7,0.426,0.391,0.575,51.1,50.5,7.6,8,0.533,11.2,28.1,0.318,1,13,6,1,0,33,20,0.606,0.69,748,0.49,207,0.379,378,0.707,232,986,492,198,110,464,567,60.7,103.4,0.35,0.358,0.584,50.6,65.8,9.8,9.9,0.558,20.7,26.5,0.248,0,1,0,0,0
2014,Second Round,2,Wisconsin,7,Oregon,0,38,30,0.789,19.69,927,0.459,297,0.376,642,0.746,337,1266,468,183,127,307,574,63.3,115.7,0.426,0.391,0.575,51.1,50.5,7.6,8,0.533,11.2,28.1,0.318,1,13,6,1,0,34,24,0.706,15.75,928,0.469,259,0.389,668,0.772,356,1159,492,263,113,389,725,69.9,115,0.438,0.337,0.583,50.7,53,10.9,8.7,0.535,14,32.2,0.338,0,10,1,0,0
2015,Play-In,11,Dayton,11,Boise State,0,36,27,0.75,10.98,810,0.462,239,0.357,580,0.686,255,1121,490,250,91,415,573,64.2,105.1,0.482,0.382,0.565,48.6,60.5,10.8,7.2,0.53,16.1,23.3,0.33,0,2,1,0,0,34,25,0.735,10.01,831,0.456,297,0.392,431,0.729,298,1119,409,206,79,348,582,62.4,110.5,0.324,0.416,0.568,52.1,49.2,9.5,7,0.537,14.2,28.4,0.236,0,2,0,0,0
2015,Play-In,11,BYU,11,Ole Miss,1,35,25,0.714,13.53,976,0.467,300,0.393,679,0.766,421,1349,594,257,103,417,721,70.7,116.7,0.424,0.365,0.584,53.2,60.9,10.2,7.4,0.539,14.2,34.1,0.325,0,8,1,0,0,34,21,0.618,11.39,848,0.423,220,0.332,559,0.773,430,1284,450,225,128,378,668,67,107.9,0.361,0.331,0.527,51.8,53.1,9.8,11.3,0.478,13.9,34.8,0.279,0,2,0,0,0
2015,First Round,6,Xavier,11,Ole Miss,0,37,23,0.622,15.42,956,0.475,234,0.351,566,0.73,364,1282,596,223,106,447,661,65.6,109.8,0.385,0.331,0.57,52.8,62.3,9,8.3,0.534,15.8,31.3,0.281,0,5,3,0,0,34,21,0.618,11.39,848,0.423,220,0.332,559,0.773,430,1284,450,225,128,378,668,67,107.9,0.361,0.331,0.527,51.8,53.1,9.8,11.3,0.478,13.9,34.8,0.279,0,2,0,0,0
2015,Play-In,16,North Florida,16,Robert Morris,1,35,23,0.657,-0.82,897,0.47,317,0.391,540,0.723,339,1219,506,214,146,436,568,67.7,112,0.391,0.424,0.585,50.7,56.4,9,9.9,0.553,16.1,30.1,0.283,0,1,0,0,0,35,20,0.571,-3.02,854,0.443,221,0.375,485,0.709,367,1162,428,300,100,467,650,66.7,102.6,0.355,0.306,0.536,47.9,50.1,12.8,8.1,0.501,17.2,31,0.252,0,1,0,0,0
2015,First Round,1,Duke,16,Robert Morris,0,39,35,0.897,24.97,1099,0.502,283,0.387,610,0.699,445,1436,588,278,149,421,607,65.9,119.4,0.398,0.334,0.593,53.9,53.5,10.7,9,0.566,13.9,35.8,0.278,1,31,22,12,5,35,20,0.571,-3.02,854,0.443,221,0.375,485,0.709,367,1162,428,300,100,467,650,66.7,102.6,0.355,0.306,0.536,47.9,50.1,12.8,8.1,0.501,17.2,31,0.252,0,1,0,0,0
2015,Play-In,16,Manhattan,16,Hampton,1,33,19,0.576,-1.34,756,0.432,215,0.336,573,0.691,345,1065,460,264,92,481,758,68.2,100.7,0.474,0.366,0.537,48.6,60.8,11.6,7.5,0.494,18.3,30.9,0.328,0,2,0,0,0,35,17,0.486,-8.25,796,0.406,194,0.304,560,0.652,416,1292,372,235,141,494,752,69.5,96.1,0.438,0.326,0.496,50.1,46.7,9.6,10.5,0.456,17.3,31.8,0.286,0,2,0,0,0
2015,First Round,1,Kentucky,16,Hampton,0,39,38,0.974,28.72,1006,0.468,203,0.349,685,0.726,491,1482,553,253,268,408,665,63.8,115.5,0.439,0.271,0.558,54.9,55,10.1,18.2,0.515,13.6,39.5,0.319,1,16,12,6,1,35,17,0.486,-8.25,796,0.406,194,0.304,560,0.652,416,1292,372,235,141,494,752,69.5,96.1,0.438,0.326,0.496,50.1,46.7,9.6,10.5,0.456,17.3,31.8,0.286,0,2,0,0,0
2015,First Round,1,Villanova,16,Lafayette,0,36,33,0.917,23.13,916,0.47,326,0.389,596,0.731,371,1235,570,278,146,382,596,65,116.9,0.418,0.429,0.589,51.5,62.2,11.8,11,0.553,14,32.5,0.305,1,12,4,1,0,33,20,0.606,-3.37,872,0.485,261,0.408,421,0.767,282,1017,514,181,83,366,515,64.8,112.9,0.305,0.356,0.589,48.3,58.9,8.4,6.9,0.557,15.1,28.4,0.234,0,3,0,0,0
2015,Second Round,1,Villanova,8,NC State,1,36,33,0.917,23.13,916,0.47,326,0.389,596,0.731,371,1235,570,278,146,382,596,65,116.9,0.418,0.429,0.589,51.5,62.2,11.8,11,0.553,14,32.5,0.305,1,12,4,1,0,36,22,0.611,14.11,895,0.436,236,0.357,499,0.686,435,1369,415,138,184,375,637,64.5,108,0.354,0.322,0.526,52.3,46.4,5.9,13.1,0.493,13.5,34,0.243,0,11,3,0,0
2015,Sweet Sixteen,4,Louisville,8,NC State,0,36,27,0.75,18.12,878,0.429,198,0.307,529,0.668,454,1351,419,283,192,408,623,65.6,104.5,0.387,0.314,0.512,51.8,47.7,11.9,14.4,0.477,14.4,34.7,0.258,1,20,13,7,2,36,22,0.611,14.11,895,0.436,236,0.357,499,0.686,435,1369,415,138,184,375,637,64.5,108,0.354,0.322,0.526,52.3,46.4,5.9,13.1,0.493,13.5,34,0.243,0,11,3,0,0
2015,First Round,8,NC State,9,LSU,0,36,22,0.611,14.11,895,0.436,236,0.357,499,0.686,435,1369,415,138,184,375,637,64.5,108,0.354,0.322,0.526,52.3,46.4,5.9,13.1,0.493,13.5,34,0.243,0,11,3,0,0,33,22,0.667,11.39,892,0.455,189,0.339,450,0.684,401,1294,516,240,204,476,516,69.6,103.1,0.335,0.284,0.533,51.5,57.8,10.2,14,0.503,17.3,33.9,0.229,0,3,0,0,0
2015,First Round,5,Northern Iowa,12,Wyoming,0,35,31,0.886,12.54,776,0.48,257,0.398,472,0.733,255,1071,413,207,84,363,508,57.4,111.9,0.398,0.399,0.593,51.9,53.2,10.2,7.8,0.559,15.9,27,0.292,1,3,1,0,0,35,25,0.714,3.81,747,0.461,209,0.326,448,0.702,216,1047,501,191,102,392,481,58.3,103.1,0.394,0.397,0.56,49.9,67.1,9.2,8.9,0.526,16.9,22.3,0.277,0,1,0,0,0
2015,First Round,4,Louisville,13,UC-Irvine,0,36,27,0.75,18.12,878,0.429,198,0.307,529,0.668,454,1351,419,283,192,408,623,65.6,104.5,0.387,0.314,0.512,51.8,47.7,11.9,14.4,0.477,14.4,34.7,0.258,1,20,13,7,2,34,21,0.618,3.63,854,0.461,217,0.389,370,0.684,329,1198,480,194,168,396,578,63.7,105.2,0.292,0.301,0.544,51.2,56.2,8.9,12.6,0.52,15.8,30.2,0.2,0,1,0,0,0
2015,Second Round,4,Louisville,5,Northern Iowa,0,36,27,0.75,18.12,878,0.429,198,0.307,529,0.668,454,1351,419,283,192,408,623,65.6,104.5,0.387,0.314,0.512,51.8,47.7,11.9,14.4,0.477,14.4,34.7,0.258,1,20,13,7,2,35,31,0.886,12.54,776,0.48,257,0.398,472,0.733,255,1071,413,207,84,363,508,57.4,111.9,0.398,0.399,0.593,51.9,53.2,10.2,7.8,0.559,15.9,27,0.292,1,3,1,0,0
2015,Elite Eight,4,Louisville,7,Michigan State,1,36,27,0.75,18.12,878,0.429,198,0.307,529,0.668,454,1351,419,283,192,408,623,65.6,104.5,0.387,0.314,0.512,51.8,47.7,11.9,14.4,0.477,14.4,34.7,0.258,1,20,13,7,2,39,27,0.692,17.46,1014,0.465,294,0.385,451,0.632,436,1458,646,203,176,441,738,63,109.7,0.327,0.35,0.55,53.9,63.7,8,12.6,0.532,14.9,33.4,0.207,1,18,13,7,1
2015,Sweet Sixteen,3,Oklahoma,7,Michigan State,1,35,24,0.686,18.65,885,0.435,236,0.343,495,0.741,389,1332,430,237,174,419,570,67.4,105.2,0.328,0.338,0.532,51.1,48.6,10,12.9,0.493,15.1,31.5,0.243,1,16,4,1,0,39,27,0.692,17.46,1014,0.465,294,0.385,451,0.632,436,1458,646,203,176,441,738,63,109.7,0.327,0.35,0.55,53.9,63.7,8,12.6,0.532,14.9,33.4,0.207,1,18,13,7,1
2015,Second Round,2,Virginia,7,Michigan State,1,34,30,0.882,21.73,804,0.457,170,0.352,446,0.726,358,1232,430,186,143,316,484,58.6,110.8,0.349,0.275,0.543,56,53.5,9.3,13.3,0.506,13.4,34.2,0.254,1,5,2,0,0,39,27,0.692,17.46,1014,0.465,294,0.385,451,0.632,436,1458,646,203,176,441,738,63,109.7,0.327,0.35,0.55,53.9,63.7,8,12.6,0.532,14.9,33.4,0.207,1,18,13,7,1
2015,Final Four,1,Duke,7,Michigan State,0,39,35,0.897,24.97,1099,0.502,283,0.387,610,0.699,445,1436,588,278,149,421,607,65.9,119.4,0.398,0.334,0.593,53.9,53.5,10.7,9,0.566,13.9,35.8,0.278,1,31,22,12,5,39,27,0.692,17.46,1014,0.465,294,0.385,451,0.632,436,1458,646,203,176,441,738,63,109.7,0.327,0.35,0.55,53.9,63.7,8,12.6,0.532,14.9,33.4,0.207,1,18,13,7,1
2015,First Round,6,Providence,11,Dayton,1,34,22,0.647,13.71,828,0.438,171,0.313,543,0.707,411,1228,474,242,155,407,628,65.7,105.4,0.407,0.289,0.526,52.9,57.2,10.8,13.5,0.484,15.3,35.1,0.287,0,2,0,0,0,36,27,0.75,10.98,810,0.462,239,0.357,580,0.686,255,1121,490,250,91,415,573,64.2,105.1,0.482,0.382,0.565,48.6,60.5,10.8,7.2,0.53,16.1,23.3,0.33,0,2,1,0,0
2015,Second Round,3,Oklahoma,11,Dayton,0,35,24,0.686,18.65,885,0.435,236,0.343,495,0.741,389,1332,430,237,174,419,570,67.4,105.2,0.328,0.338,0.532,51.1,48.6,10,12.9,0.493,15.1,31.5,0.243,1,16,4,1,0,36,27,0.75,10.98,810,0.462,239,0.357,580,0.686,255,1121,490,250,91,415,573,64.2,105.1,0.482,0.382,0.565,48.6,60.5,10.8,7.2,0.53,16.1,23.3,0.33,0,2,1,0,0
2015,First Round,3,Oklahoma,14,Albany (NY),0,35,24,0.686,18.65,885,0.435,236,0.343,495,0.741,389,1332,430,237,174,419,570,67.4,105.2,0.328,0.338,0.532,51.1,48.6,10,12.9,0.493,15.1,31.5,0.243,1,16,4,1,0,33,24,0.727,-0.34,729,0.438,205,0.358,493,0.758,334,1111,349,187,53,381,544,61.2,106.4,0.39,0.343,0.546,53.5,47.9,9.2,5.5,0.499,16.2,32.6,0.296,0,5,0,0,0
2015,First Round,7,Michigan State,10,Georgia,0,39,27,0.692,17.46,1014,0.465,294,0.385,451,0.632,436,1458,646,203,176,441,738,63,109.7,0.327,0.35,0.55,53.9,63.7,8,12.6,0.532,14.9,33.4,0.207,1,18,13,7,1,33,21,0.636,12.42,747,0.432,184,0.342,572,0.692,360,1260,411,183,151,420,608,64.8,102.8,0.477,0.311,0.53,53,55,8.4,12.4,0.485,16.5,32.2,0.331,0,5,0,0,0
2015,First Round,2,Virginia,15,Belmont,0,34,30,0.882,21.73,804,0.457,170,0.352,446,0.726,358,1232,430,186,143,316,484,58.6,110.8,0.349,0.275,0.543,56,53.5,9.3,13.3,0.506,13.4,34.2,0.254,1,5,2,0,0,33,22,0.667,0.35,858,0.476,329,0.38,405,0.692,307,1093,504,209,66,451,549,67.5,109.9,0.324,0.48,0.589,50.3,58.7,9.4,5.5,0.567,17.8,29,0.225,0,7,0,0,0
2015,Second Round,1,Kentucky,8,Cincinnati,0,39,38,0.974,28.72,1006,0.468,203,0.349,685,0.726,491,1482,553,253,268,408,665,63.8,115.5,0.439,0.271,0.558,54.9,55,10.1,18.2,0.515,13.6,39.5,0.319,1,16,12,6,1,34,23,0.676,10.72,761,0.446,167,0.329,424,0.67,383,1178,394,222,185,432,507,59.6,102.8,0.371,0.297,0.527,53.5,51.8,10.8,15.4,0.495,17.7,37.3,0.249,0,7,1,0,0
2015,Sweet Sixteen,1,Kentucky,5,West Virginia,0,39,38,0.974,28.72,1006,0.468,203,0.349,685,0.726,491,1482,553,253,268,408,665,63.8,115.5,0.439,0.271,0.558,54.9,55,10.1,18.2,0.515,13.6,39.5,0.319,1,16,12,6,1,35,25,0.714,15.12,872,0.408,227,0.316,571,0.662,575,1272,494,376,96,453,821,68.7,104.9,0.404,0.336,0.499,52.1,56.7,15.5,8.7,0.461,15.1,40.2,0.267,1,21,7,2,0
2015,Second Round,4,Maryland,5,West Virginia,1,35,28,0.8,13.32,781,0.44,258,0.376,597,0.756,314,1223,376,169,151,431,584,64.7,106.1,0.445,0.387,0.562,51.1,48.1,7.4,11.9,0.512,16.7,28.9,0.336,1,6,1,0,0,35,25,0.714,15.12,872,0.408,227,0.316,571,0.662,575,1272,494,376,96,453,821,68.7,104.9,0.404,0.336,0.499,52.1,56.7,15.5,8.7,0.461,15.1,40.2,0.267,1,21,7,2,0
2015,Elite Eight,1,Kentucky,3,Notre Dame,0,39,38,0.974,28.72,1006,0.468,203,0.349,685,0.726,491,1482,553,253,268,408,665,63.8,115.5,0.439,0.271,0.558,54.9,55,10.1,18.2,0.515,13.6,39.5,0.319,1,16,12,6,1,38,32,0.842,19.23,1050,0.509,302,0.39,561,0.742,313,1231,576,256,138,357,540,63.7,120.4,0.367,0.376,0.612,49.8,54.9,10.4,9.1,0.583,12.9,27.9,0.272,1,12,2,0,0
2015,Final Four,1,Kentucky,1,Wisconsin,1,39,38,0.974,28.72,1006,0.468,203,0.349,685,0.726,491,1482,553,253,268,408,665,63.8,115.5,0.439,0.271,0.558,54.9,55,10.1,18.2,0.515,13.6,39.5,0.319,1,16,12,6,1,40,36,0.9,24.61,1014,0.479,288,0.365,584,0.763,383,1338,504,174,127,296,501,59.5,121.1,0.362,0.374,0.585,54.7,49.7,7.3,8.2,0.548,10.7,32.1,0.276,1,14,7,2,0
2015,First Round,8,Cincinnati,9,Purdue,0,34,23,0.676,10.72,761,0.446,167,0.329,424,0.67,383,1178,394,222,185,432,507,59.6,102.8,0.371,0.297,0.527,53.5,51.8,10.8,15.4,0.495,17.7,37.3,0.249,0,7,1,0,0,34,21,0.618,12.93,827,0.449,195,0.327,524,0.683,409,1249,505,185,177,444,642,64.9,106.4,0.417,0.324,0.539,53.5,61.1,8.3,13.6,0.502,16.8,36.5,0.285,0,8,2,0,0
2015,First Round,5,West Virginia,12,Buffalo,0,35,25,0.714,15.12,872,0.408,227,0.316,571,0.662,575,1272,494,376,96,453,821,68.7,104.9,0.404,0.336,0.499,52.1,56.7,15.5,8.7,0.461,15.1,40.2,0.267,1,21,7,2,0,33,23,0.697,7.93,837,0.435,199,0.341,589,0.719,420,1260,433,248,132,378,613,68.7,108.5,0.426,0.303,0.533,52,51.7,10.9,11.3,0.487,14.1,34.5,0.306,0,1,0,0,0
2015,First Round,4,Maryland,13,Valparaiso,0,35,28,0.8,13.32,781,0.44,258,0.376,597,0.756,314,1223,376,169,151,431,584,64.7,106.1,0.445,0.387,0.562,51.1,48.1,7.4,11.9,0.512,16.7,28.9,0.336,1,6,1,0,0,34,28,0.824,6.29,837,0.456,236,0.381,456,0.675,397,1276,443,203,157,422,563,63.8,108.6,0.368,0.338,0.548,55.1,52.9,9.3,14.1,0.52,16.4,35.6,0.248,0,2,0,0,0
2015,First Round,6,Butler,11,Texas,0,34,23,0.676,16.64,814,0.433,192,0.356,526,0.686,408,1239,387,217,103,376,592,64.2,105.9,0.408,0.287,0.522,54.2,47.5,9.8,8.8,0.484,14.3,34.7,0.279,1,1,0,0,0,34,20,0.588,16.16,796,0.433,212,0.339,486,0.724,422,1351,442,128,265,435,555,62.9,105.9,0.365,0.341,0.531,56,55.5,5.9,20,0.491,16.8,37.9,0.265,0,22,6,1,0
2015,First Round,3,Notre Dame,14,Northeastern,0,38,32,0.842,19.23,1050,0.509,302,0.39,561,0.742,313,1231,576,256,138,357,540,63.7,120.4,0.367,0.376,0.612,49.8,54.9,10.4,9.1,0.583,12.9,27.9,0.272,1,12,2,0,0,35,23,0.657,2.03,838,0.486,203,0.386,518,0.727,297,1160,500,183,129,483,496,63.5,106.7,0.413,0.305,0.581,54.2,59.7,8.1,9.3,0.545,19,30.1,0.3,0,1,0,0,0
2015,Second Round,3,Notre Dame,6,Butler,0,38,32,0.842,19.23,1050,0.509,302,0.39,561,0.742,313,1231,576,256,138,357,540,63.7,120.4,0.367,0.376,0.612,49.8,54.9,10.4,9.1,0.583,12.9,27.9,0.272,1,12,2,0,0,34,23,0.676,16.64,814,0.433,192,0.356,526,0.686,408,1239,387,217,103,376,592,64.2,105.9,0.408,0.287,0.522,54.2,47.5,9.8,8.8,0.484,14.3,34.7,0.279,1,1,0,0,0
2015,Sweet Sixteen,3,Notre Dame,7,Wichita State,0,38,32,0.842,19.23,1050,0.509,302,0.39,561,0.742,313,1231,576,256,138,357,540,63.7,120.4,0.367,0.376,0.612,49.8,54.9,10.4,9.1,0.583,12.9,27.9,0.272,1,12,2,0,0,35,30,0.857,15.56,860,0.445,239,0.357,501,0.701,415,1245,476,250,134,327,587,61.9,112.7,0.37,0.347,0.541,53.6,55.3,11.5,11.3,0.507,12.6,34.9,0.259,1,11,2,1,0
2015,Second Round,2,Kansas,7,Wichita State,1,36,27,0.75,18.47,869,0.44,213,0.379,610,0.724,426,1364,475,237,175,463,639,66.7,106.3,0.426,0.284,0.539,52.6,54.7,9.8,12.3,0.494,16.3,34.9,0.309,1,17,10,2,1,35,30,0.857,15.56,860,0.445,239,0.357,501,0.701,415,1245,476,250,134,327,587,61.9,112.7,0.37,0.347,0.541,53.6,55.3,11.5,11.3,0.507,12.6,34.9,0.259,1,11,2,1,0
2015,First Round,7,Wichita State,10,Indiana,0,35,30,0.857,15.56,860,0.445,239,0.357,501,0.701,415,1245,476,250,134,327,587,61.9,112.7,0.37,0.347,0.541,53.6,55.3,11.5,11.3,0.507,12.6,34.9,0.259,1,11,2,1,0,34,20,0.588,12.94,923,0.464,319,0.406,468,0.719,407,1224,473,170,108,392,606,66.9,115.3,0.327,0.395,0.573,52.2,51.2,7.4,7.8,0.544,14.6,35.2,0.235,0,8,3,1,0
2015,First Round,2,Kansas,15,New Mexico State,0,36,27,0.75,18.47,869,0.44,213,0.379,610,0.724,426,1364,475,237,175,463,639,66.7,106.3,0.426,0.284,0.539,52.6,54.7,9.8,12.3,0.494,16.3,34.9,0.309,1,17,10,2,1,34,23,0.676,3.71,808,0.462,165,0.367,535,0.694,428,1199,406,219,124,470,541,62.9,107.5,0.441,0.257,0.548,54.9,50.2,10.2,9.2,0.509,18.2,39.9,0.306,0,5,0,0,0
2015,Second Round,1,Duke,8,San Diego State,0,39,35,0.897,24.97,1099,0.502,283,0.387,610,0.699,445,1436,588,278,149,421,607,65.9,119.4,0.398,0.334,0.593,53.9,53.5,10.7,9,0.566,13.9,35.8,0.278,1,31,22,12,5,36,27,0.75,11.81,800,0.418,189,0.32,437,0.63,439,1270,377,247,179,410,506,60.8,100.7,0.362,0.308,0.496,52.4,47.1,11.2,14.1,0.467,15.4,35.4,0.228,0,15,6,3,1
2015,Sweet Sixteen,1,Duke,5,Utah,0,39,35,0.897,24.97,1099,0.502,283,0.387,610,0.699,445,1436,588,278,149,421,607,65.9,119.4,0.398,0.334,0.593,53.9,53.5,10.7,9,0.566,13.9,35.8,0.278,1,31,22,12,5,35,26,0.743,20.98,849,0.482,264,0.404,534,0.703,322,1204,489,208,175,407,581,62.6,113.5,0.432,0.372,0.588,53.7,57.6,9.5,13.5,0.557,16.1,31.6,0.303,1,3,1,0,0
2015,Second Round,4,Georgetown,5,Utah,1,33,22,0.667,15.48,799,0.456,201,0.353,541,0.704,367,1152,427,251,156,415,668,64.6,108.1,0.439,0.325,0.552,52.2,53.4,11.6,14.1,0.513,16.4,34.3,0.309,1,10,2,1,0,35,26,0.743,20.98,849,0.482,264,0.404,534,0.703,322,1204,489,208,175,407,581,62.6,113.5,0.432,0.372,0.588,53.7,57.6,9.5,13.5,0.557,16.1,31.6,0.303,1,3,1,0,0
2015,Elite Eight,1,Duke,2,Gonzaga,0,39,35,0.897,24.97,1099,0.502,283,0.387,610,0.699,445,1436,588,278,149,421,607,65.9,119.4,0.398,0.334,0.593,53.9,53.5,10.7,9,0.566,13.9,35.8,0.278,1,31,22,12,5,38,35,0.921,21.12,1084,0.52,264,0.4,557,0.691,391,1441,620,226,126,397,637,65.2,120.3,0.387,0.317,0.606,55.5,57.2,9.1,8.4,0.584,13.9,34.1,0.267,1,16,5,0,0
2015,First Round,8,San Diego State,9,St. John's (NY),0,36,27,0.75,11.81,800,0.418,189,0.32,437,0.63,439,1270,377,247,179,410,506,60.8,100.7,0.362,0.308,0.496,52.4,47.1,11.2,14.1,0.467,15.4,35.4,0.228,0,15,6,3,1,33,21,0.636,11.85,835,0.442,198,0.348,475,0.691,336,1164,408,246,210,352,587,67.6,104.6,0.363,0.301,0.529,47.4,48.9,11,16.8,0.494,13.7,28.4,0.251,0,8,5,0,0
2015,First Round,5,Utah,12,Stephen F. Austin,0,35,26,0.743,20.98,849,0.482,264,0.404,534,0.703,322,1204,489,208,175,407,581,62.6,113.5,0.432,0.372,0.588,53.7,57.6,9.5,13.5,0.557,16.1,31.6,0.303,1,3,1,0,0,34,29,0.853,8.61,911,0.487,262,0.379,588,0.736,413,1176,596,259,120,476,734,68,115.2,0.427,0.37,0.594,54.2,65.4,11.2,10,0.557,17.5,37.9,0.314,0,2,0,0,0
2015,First Round,4,Georgetown,13,Eastern Washington,0,33,22,0.667,15.48,799,0.456,201,0.353,541,0.704,367,1152,427,251,156,415,668,64.6,108.1,0.439,0.325,0.552,52.2,53.4,11.6,14.1,0.513,16.4,34.3,0.309,1,10,2,1,0,35,26,0.743,0.79,977,0.478,344,0.4,522,0.726,351,1183,454,219,167,376,624,68.3,117.1,0.352,0.421,0.591,50,46.5,9.1,13,0.562,13.6,29.9,0.255,0,1,0,0,0
2015,First Round,6,SMU,11,UCLA,1,34,27,0.794,12.94,832,0.475,145,0.363,541,0.703,388,1244,524,237,146,426,551,63.3,108.8,0.44,0.229,0.555,55,63,11,14.7,0.517,16.8,37.1,0.309,1,8,4,3,1,36,22,0.611,12.07,930,0.443,223,0.368,507,0.676,440,1367,498,238,139,430,645,67.3,106.1,0.357,0.289,0.527,52.6,53.5,9.8,11,0.496,14.9,33.8,0.242,0,9,3,0,0
2015,Sweet Sixteen,2,Gonzaga,11,UCLA,0,38,35,0.921,21.12,1084,0.52,264,0.4,557,0.691,391,1441,620,226,126,397,637,65.2,120.3,0.387,0.317,0.606,55.5,57.2,9.1,8.4,0.584,13.9,34.1,0.267,1,16,5,0,0,36,22,0.611,12.07,930,0.443,223,0.368,507,0.676,440,1367,498,238,139,430,645,67.3,106.1,0.357,0.289,0.527,52.6,53.5,9.8,11,0.496,14.9,33.8,0.242,0,9,3,0,0
2015,First Round,3,Iowa State,14,UAB,1,34,25,0.735,17.94,940,0.476,263,0.362,502,0.696,323,1221,546,218,133,375,527,69.8,111.4,0.365,0.368,0.571,50.5,58.1,9.2,9.7,0.543,13.9,28.3,0.254,1,4,1,0,0,36,20,0.556,1.94,873,0.428,202,0.333,528,0.738,434,1322,516,237,184,482,630,65.9,101.5,0.35,0.297,0.52,51,59.1,9.7,13,0.477,16.8,34.2,0.259,0,1,0,0,0
2015,Second Round,11,UCLA,14,UAB,0,36,22,0.611,12.07,930,0.443,223,0.368,507,0.676,440,1367,498,238,139,430,645,67.3,106.1,0.357,0.289,0.527,52.6,53.5,9.8,11,0.496,14.9,33.8,0.242,0,9,3,0,0,36,20,0.556,1.94,873,0.428,202,0.333,528,0.738,434,1322,516,237,184,482,630,65.9,101.5,0.35,0.297,0.52,51,59.1,9.7,13,0.477,16.8,34.2,0.259,0,1,0,0,0
2015,First Round,7,Iowa,10,Davidson,0,34,22,0.647,15.83,821,0.431,192,0.333,538,0.744,422,1274,482,218,158,377,536,64.5,107.4,0.38,0.302,0.527,52.9,58.7,9.9,13.1,0.481,14.4,35.6,0.282,0,7,0,0,0,32,24,0.75,11.97,898,0.467,343,0.391,390,0.705,335,1144,547,171,93,303,601,67.2,117.1,0.287,0.456,0.578,50.3,60.9,7.9,7.5,0.556,12.2,30,0.203,0,8,1,0,0
2015,First Round,2,Gonzaga,15,North Dakota State,0,38,35,0.921,21.12,1084,0.52,264,0.4,557,0.691,391,1441,620,226,126,397,637,65.2,120.3,0.387,0.317,0.606,55.5,57.2,9.1,8.4,0.584,13.9,34.1,0.267,1,16,5,0,0,33,23,0.697,-1.72,743,0.434,230,0.383,425,0.692,274,1098,315,156,123,325,504,61.9,103.7,0.358,0.35,0.534,51.3,42.4,7.6,10.7,0.501,14,25.6,0.248,0,1,0,0,0
2015,Second Round,2,Gonzaga,7,Iowa,0,38,35,0.921,21.12,1084,0.52,264,0.4,557,0.691,391,1441,620,226,126,397,637,65.2,120.3,0.387,0.317,0.606,55.5,57.2,9.1,8.4,0.584,13.9,34.1,0.267,1,16,5,0,0,34,22,0.647,15.83,821,0.431,192,0.333,538,0.744,422,1274,482,218,158,377,536,64.5,107.4,0.38,0.302,0.527,52.9,58.7,9.9,13.1,0.481,14.4,35.6,0.282,0,7,0,0,0
2015,First Round,1,Wisconsin,16,Coastal Carolina,0,40,36,0.9,24.61,1014,0.479,288,0.365,584,0.763,383,1338,504,174,127,296,501,59.5,121.1,0.362,0.374,0.585,54.7,49.7,7.3,8.2,0.548,10.7,32.1,0.276,1,14,7,2,0,34,24,0.706,-1.02,836,0.44,228,0.36,538,0.69,447,1338,385,240,111,399,559,65.2,110,0.411,0.333,0.537,55.7,46.1,10.8,10.2,0.5,15,37.5,0.283,0,10,3,0,0
2015,Second Round,1,Wisconsin,8,Oregon,0,40,36,0.9,24.61,1014,0.479,288,0.365,584,0.763,383,1338,504,174,127,296,501,59.5,121.1,0.362,0.374,0.585,54.7,49.7,7.3,8.2,0.548,10.7,32.1,0.276,1,14,7,2,0,36,26,0.722,11.43,992,0.463,263,0.362,466,0.76,372,1298,508,207,157,421,655,68,109.3,0.286,0.339,0.557,50.9,51.2,8.3,11,0.524,14.7,30.8,0.217,0,11,1,0,0
2015,Sweet Sixteen,1,Wisconsin,4,UNC,0,40,36,0.9,24.61,1014,0.479,288,0.365,584,0.763,383,1338,504,174,127,296,501,59.5,121.1,0.362,0.374,0.585,54.7,49.7,7.3,8.2,0.548,10.7,32.1,0.276,1,14,7,2,0,38,26,0.684,20.63,1099,0.476,184,0.358,571,0.701,526,1541,661,251,160,481,738,69.2,111.6,0.353,0.223,0.548,55.2,60.1,9.5,11.3,0.516,15.1,40,0.247,1,25,16,7,2
2015,Elite Eight,1,Wisconsin,2,Arizona,0,40,36,0.9,24.61,1014,0.479,288,0.365,584,0.763,383,1338,504,174,127,296,501,59.5,121.1,0.362,0.374,0.585,54.7,49.7,7.3,8.2,0.548,10.7,32.1,0.276,1,14,7,2,0,38,34,0.895,24.33,1009,0.488,193,0.36,700,0.719,411,1399,528,275,131,419,681,66.5,114.7,0.471,0.259,0.575,56.8,52.3,10.8,9.8,0.535,14.2,34.5,0.338,1,8,6,0,0
2015,National Championship,1,Wisconsin,1,Duke,1,40,36,0.9,24.61,1014,0.479,288,0.365,584,0.763,383,1338,504,174,127,296,501,59.5,121.1,0.362,0.374,0.585,54.7,49.7,7.3,8.2,0.548,10.7,32.1,0.276,1,14,7,2,0,39,35,0.897,24.97,1099,0.502,283,0.387,610,0.699,445,1436,588,278,149,421,607,65.9,119.4,0.398,0.334,0.593,53.9,53.5,10.7,9,0.566,13.9,35.8,0.278,1,31,22,12,5
2015,First Round,8,Oregon,9,Oklahoma State,0,36,26,0.722,11.43,992,0.463,263,0.362,466,0.76,372,1298,508,207,157,421,655,68,109.3,0.286,0.339,0.557,50.9,51.2,8.3,11,0.524,14.7,30.8,0.217,0,11,1,0,0,32,18,0.563,12.95,733,0.44,226,0.349,468,0.726,287,1039,366,253,156,392,614,64.6,103.6,0.387,0.388,0.547,48.6,49.9,12.1,13.7,0.507,16.6,27.8,0.281,0,6,0,0,0
2015,First Round,5,Arkansas,12,Wofford,0,36,27,0.75,14.07,978,0.445,238,0.349,593,0.724,470,1290,579,277,168,430,684,70.1,109.6,0.373,0.31,0.539,50.2,59.2,10.9,12,0.5,14.3,35.7,0.27,1,7,2,0,0,35,28,0.8,2.56,818,0.454,222,0.372,473,0.688,324,1139,461,228,87,379,589,62.7,106.2,0.382,0.331,0.547,51.1,56.4,10.4,7.2,0.516,15.1,29.1,0.262,0,4,0,0,0
2015,First Round,4,UNC,13,Harvard,0,38,26,0.684,20.63,1099,0.476,184,0.358,571,0.701,526,1541,661,251,160,481,738,69.2,111.6,0.353,0.223,0.548,55.2,60.1,9.5,11.3,0.516,15.1,40,0.247,1,25,16,7,2,30,22,0.733,4.47,671,0.433,146,0.354,438,0.719,316,1025,384,213,135,349,472,61.2,103.2,0.393,0.266,0.524,52.5,57.2,11.4,13.1,0.481,16,32.7,0.283,0,5,1,0,0
2015,Second Round,4,UNC,5,Arkansas,0,38,26,0.684,20.63,1099,0.476,184,0.358,571,0.701,526,1541,661,251,160,481,738,69.2,111.6,0.353,0.223,0.548,55.2,60.1,9.5,11.3,0.516,15.1,40,0.247,1,25,16,7,2,36,27,0.75,14.07,978,0.445,238,0.349,593,0.724,470,1290,579,277,168,430,684,70.1,109.6,0.373,0.31,0.539,50.2,59.2,10.9,12,0.5,14.3,35.7,0.27,1,7,2,0,0
2015,Second Round,6,Xavier,14,Georgia State,0,37,23,0.622,15.42,956,0.475,234,0.351,566,0.73,364,1282,596,223,106,447,661,65.6,109.8,0.385,0.331,0.57,52.8,62.3,9,8.3,0.534,15.8,31.3,0.281,0,5,3,0,0,35,25,0.714,5.47,902,0.48,174,0.333,521,0.725,322,1116,479,321,143,366,642,64.3,109.8,0.383,0.278,0.563,48.9,53.1,14.1,13.5,0.527,14.2,30,0.277,0,2,0,0,0
2015,First Round,3,Baylor,14,Georgia State,1,34,24,0.706,17.85,813,0.434,236,0.377,487,0.674,497,1333,497,263,132,434,565,62.8,109.2,0.386,0.334,0.53,55.9,61.1,12.2,11.2,0.497,16.4,42.4,0.26,1,5,3,0,0,35,25,0.714,5.47,902,0.48,174,0.333,521,0.725,322,1116,479,321,143,366,642,64.3,109.8,0.383,0.278,0.563,48.9,53.1,14.1,13.5,0.527,14.2,30,0.277,0,2,0,0,0
2015,First Round,7,VCU,10,Ohio State,1,36,26,0.722,12.79,896,0.419,293,0.343,524,0.657,444,1277,456,342,153,383,690,66.4,106.5,0.373,0.399,0.518,49.2,50.9,14,12.5,0.487,13.2,31.8,0.245,1,5,1,1,0,35,24,0.686,19.68,964,0.483,236,0.37,471,0.68,387,1241,534,266,178,396,563,66,113.2,0.347,0.319,0.567,51.5,55.4,11.4,14.6,0.542,14.6,33.5,0.236,0,13,6,2,0
2015,Second Round,2,Arizona,10,Ohio State,0,38,34,0.895,24.33,1009,0.488,193,0.36,700,0.719,411,1399,528,275,131,419,681,66.5,114.7,0.471,0.259,0.575,56.8,52.3,10.8,9.8,0.535,14.2,34.5,0.338,1,8,6,0,0,35,24,0.686,19.68,964,0.483,236,0.37,471,0.68,387,1241,534,266,178,396,563,66,113.2,0.347,0.319,0.567,51.5,55.4,11.4,14.6,0.542,14.6,33.5,0.236,0,13,6,2,0
2015,First Round,2,Arizona,15,Texas Southern,0,38,34,0.895,24.33,1009,0.488,193,0.36,700,0.719,411,1399,528,275,131,419,681,66.5,114.7,0.471,0.259,0.575,56.8,52.3,10.8,9.8,0.535,14.2,34.5,0.338,1,8,6,0,0,35,22,0.629,-5.98,818,0.445,185,0.322,569,0.661,394,1193,375,214,109,454,609,64.5,103.6,0.468,0.312,0.531,50,45.8,9.3,7.7,0.495,16.8,33.8,0.309,0,7,1,1,0
2015,Sweet Sixteen,2,Arizona,6,Xavier,0,38,34,0.895,24.33,1009,0.488,193,0.36,700,0.719,411,1399,528,275,131,419,681,66.5,114.7,0.471,0.259,0.575,56.8,52.3,10.8,9.8,0.535,14.2,34.5,0.338,1,8,6,0,0,37,23,0.622,15.42,956,0.475,234,0.351,566,0.73,364,1282,596,223,106,447,661,65.6,109.8,0.385,0.331,0.57,52.8,62.3,9,8.3,0.534,15.8,31.3,0.281,0,5,3,0,0
2016,Play-In,16,Florida Gulf Coast,16,Fairleigh Dickinson,0,35,21,0.6,-0.79,1008,0.479,186,0.353,501,0.644,417,1422,483,230,141,438,674,69.7,108.1,0.369,0.25,0.546,53.5,47.9,9.2,10.3,0.523,15,32.9,0.238,0,1,0,0,0,33,18,0.545,-10.9,929,0.458,238,0.362,462,0.697,348,1108,472,250,87,423,720,72.4,105.8,0.327,0.324,0.546,46.3,50.8,10.3,7.2,0.517,15.3,28.6,0.228,0,1,0,0,0
2016,Play-In,11,Michigan,11,Tulsa,0,36,23,0.639,13.75,947,0.462,342,0.38,420,0.738,290,1152,537,203,81,348,558,65.7,111.9,0.278,0.44,0.573,49.2,56.7,8.6,6.4,0.546,13.1,24.7,0.205,0,10,4,1,0,32,20,0.625,9.79,821,0.444,219,0.326,495,0.677,323,1123,435,216,88,346,563,68.8,106.1,0.395,0.363,0.536,48.7,53,9.7,7.7,0.503,13.6,27.8,0.268,0,4,0,0,0
2016,Play-In,16,Southern,16,Holy Cross,1,35,22,0.629,-7.68,909,0.444,211,0.346,505,0.67,365,1258,381,258,123,391,680,69.5,104.2,0.369,0.298,0.527,49,41.9,10.6,9.7,0.496,14,28.9,0.247,0,2,0,0,0,35,15,0.429,-11.2,775,0.412,251,0.326,466,0.687,279,1052,480,219,86,386,585,64.6,98.4,0.361,0.409,0.515,45.6,61.9,9.5,7.8,0.479,14.9,23.1,0.248,0,3,0,0,0
2016,First Round,1,Oregon,16,Holy Cross,0,38,31,0.816,18.05,1041,0.467,260,0.343,648,0.715,442,1382,517,275,221,431,675,69.5,112.8,0.406,0.34,0.562,52.4,49.7,10.4,15.3,0.525,13.9,34.2,0.291,1,12,2,0,0,35,15,0.429,-11.2,775,0.412,251,0.326,466,0.687,279,1052,480,219,86,386,585,64.6,98.4,0.361,0.409,0.515,45.6,61.9,9.5,7.8,0.479,14.9,23.1,0.248,0,3,0,0,0
2016,Play-In,11,Wichita State,11,Vanderbilt,0,35,26,0.743,17.39,867,0.429,250,0.324,551,0.717,408,1305,489,255,125,346,705,66.1,108.8,0.38,0.381,0.531,53.1,56.4,10.9,11.6,0.49,12.7,31.7,0.272,0,12,2,1,0,33,19,0.576,17.2,857,0.456,273,0.382,519,0.695,313,1273,487,139,182,386,632,69.2,109,0.398,0.38,0.561,50.8,56.8,6,12.9,0.529,14.7,27.2,0.276,0,9,2,0,0
2016,First Round,1,UNC,16,Florida Gulf Coast,0,40,33,0.825,23.44,1235,0.482,224,0.327,617,0.747,568,1624,708,269,177,431,718,70.2,118,0.323,0.268,0.561,55.9,57.3,9.6,11.5,0.526,12.7,40.3,0.241,1,26,17,8,2,35,21,0.6,-0.79,1008,0.479,186,0.353,501,0.644,417,1422,483,230,141,438,674,69.7,108.1,0.369,0.25,0.546,53.5,47.9,9.2,10.3,0.523,15,32.9,0.238,0,1,0,0,0
2016,Second Round,1,UNC,9,Providence,0,40,33,0.825,23.44,1235,0.482,224,0.327,617,0.747,568,1624,708,269,177,431,718,70.2,118,0.323,0.268,0.561,55.9,57.3,9.6,11.5,0.526,12.7,40.3,0.241,1,26,17,8,2,35,24,0.686,11.94,881,0.421,249,0.321,566,0.725,402,1263,550,229,123,397,591,69.8,104.4,0.373,0.371,0.523,49.4,62.4,9.3,8.9,0.48,13.9,30.3,0.27,0,3,0,0,0
2016,First Round,8,USC,9,Providence,1,34,21,0.618,13.52,982,0.459,266,0.387,507,0.676,401,1337,504,215,181,415,590,72.5,109.4,0.351,0.322,0.549,51.1,51.3,8.6,12.5,0.522,14.3,32.1,0.237,0,2,1,0,0,35,24,0.686,11.94,881,0.421,249,0.321,566,0.725,402,1263,550,229,123,397,591,69.8,104.4,0.373,0.371,0.523,49.4,62.4,9.3,8.9,0.48,13.9,30.3,0.27,0,3,0,0,0
2016,Sweet Sixteen,1,UNC,5,Indiana,1,40,33,0.825,23.44,1235,0.482,224,0.327,617,0.747,568,1624,708,269,177,431,718,70.2,118,0.323,0.268,0.561,55.9,57.3,9.6,11.5,0.526,12.7,40.3,0.241,1,26,17,8,2,35,27,0.771,19.59,1021,0.502,345,0.415,504,0.733,414,1288,560,239,137,474,647,69.1,119.2,0.338,0.409,0.612,54.9,54.8,9.9,9.8,0.587,16.7,37,0.248,1,9,4,1,0
2016,Second Round,4,Kentucky,5,Indiana,1,36,27,0.75,20.23,1028,0.478,244,0.366,561,0.69,462,1395,512,206,207,389,735,68.1,115.6,0.378,0.31,0.564,53.6,49.8,8.3,14.1,0.535,13.3,37.3,0.261,1,17,12,6,1,35,27,0.771,19.59,1021,0.502,345,0.415,504,0.733,414,1288,560,239,137,474,647,69.1,119.2,0.338,0.409,0.612,54.9,54.8,9.9,9.8,0.587,16.7,37,0.248,1,9,4,1,0
2016,Elite Eight,1,UNC,6,Notre Dame,0,40,33,0.825,23.44,1235,0.482,224,0.327,617,0.747,568,1624,708,269,177,431,718,70.2,118,0.323,0.268,0.561,55.9,57.3,9.6,11.5,0.526,12.7,40.3,0.241,1,26,17,8,2,36,24,0.667,14.1,972,0.476,262,0.374,498,0.742,381,1265,480,197,143,359,544,65,115.2,0.329,0.343,0.573,51.1,49.4,8.4,10.1,0.54,13.2,32.3,0.244,0,13,3,0,0
2016,Final Four,1,UNC,10,Syracuse,0,40,33,0.825,23.44,1235,0.482,224,0.327,617,0.747,568,1624,708,269,177,431,718,70.2,118,0.323,0.268,0.561,55.9,57.3,9.6,11.5,0.526,12.7,40.3,0.241,1,26,17,8,2,37,23,0.622,14.62,884,0.425,315,0.36,506,0.688,445,1319,493,300,162,440,598,64.9,106.7,0.354,0.421,0.533,49.3,55.8,12.4,12.6,0.501,15.3,33.4,0.243,0,0,0,0,0
2016,Elite Eight,1,Virginia,10,Syracuse,1,37,29,0.784,22.04,964,0.491,224,0.402,474,0.752,323,1189,551,199,119,345,596,61.5,115,0.321,0.284,0.58,53.2,57.2,8.7,10.2,0.548,13.2,29.8,0.241,1,6,3,0,0,37,23,0.622,14.62,884,0.425,315,0.36,506,0.688,445,1319,493,300,162,440,598,64.9,106.7,0.354,0.421,0.533,49.3,55.8,12.4,12.6,0.501,15.3,33.4,0.243,0,0,0,0,0
2016,First Round,7,Dayton,10,Syracuse,1,33,25,0.758,11.34,836,0.455,221,0.344,500,0.668,327,1265,480,196,145,427,626,68.6,104.5,0.408,0.35,0.546,53.2,57.4,8.6,12.2,0.516,16.3,28.7,0.272,0,3,1,0,0,37,23,0.622,14.62,884,0.425,315,0.36,506,0.688,445,1319,493,300,162,440,598,64.9,106.7,0.354,0.421,0.533,49.3,55.8,12.4,12.6,0.501,15.3,33.4,0.243,0,0,0,0,0
2016,National Championship,1,UNC,2,Villanova,1,40,33,0.825,23.44,1235,0.482,224,0.327,617,0.747,568,1624,708,269,177,431,718,70.2,118,0.323,0.268,0.561,55.9,57.3,9.6,11.5,0.526,12.7,40.3,0.241,1,26,17,8,2,40,35,0.875,24.08,1086,0.483,347,0.362,599,0.782,351,1385,637,282,136,440,681,67.3,115.4,0.341,0.427,0.597,51.2,58.7,10.4,9.7,0.561,14.4,28,0.267,1,13,5,2,1
2016,Elite Eight,1,Kansas,2,Villanova,1,38,33,0.868,23.87,1092,0.495,304,0.418,601,0.713,402,1443,604,253,158,478,719,69.7,115,0.382,0.33,0.592,53.9,55.3,9.4,10.7,0.564,15.5,32.3,0.272,1,18,11,2,1,40,35,0.875,24.08,1086,0.483,347,0.362,599,0.782,351,1385,637,282,136,440,681,67.3,115.4,0.341,0.427,0.597,51.2,58.7,10.4,9.7,0.561,14.4,28,0.267,1,13,5,2,1
2016,First Round,5,Indiana,12,Chattanooga,0,35,27,0.771,19.59,1021,0.502,345,0.415,504,0.733,414,1288,560,239,137,474,647,69.1,119.2,0.338,0.409,0.612,54.9,54.8,9.9,9.8,0.587,16.7,37,0.248,1,9,4,1,0,35,29,0.829,3.24,897,0.457,262,0.359,596,0.735,381,1241,504,272,165,437,596,68.1,110.5,0.413,0.371,0.565,52.3,56.2,11.3,13.1,0.524,15.7,32.6,0.304,0,1,0,0,0
2016,First Round,4,Kentucky,13,Stony Brook,0,36,27,0.75,20.23,1028,0.478,244,0.366,561,0.69,462,1395,512,206,207,389,735,68.1,115.6,0.378,0.31,0.564,53.6,49.8,8.3,14.1,0.535,13.3,37.3,0.261,1,17,12,6,1,33,26,0.788,3.75,933,0.468,220,0.368,429,0.673,426,1312,541,204,150,379,523,67.8,112,0.32,0.3,0.548,55.4,58,9.1,12.1,0.524,14.2,36,0.215,0,1,0,0,0
2016,First Round,6,Notre Dame,11,Michigan,0,36,24,0.667,14.1,972,0.476,262,0.374,498,0.742,381,1265,480,197,143,359,544,65,115.2,0.329,0.343,0.573,51.1,49.4,8.4,10.1,0.54,13.2,32.3,0.244,0,13,3,0,0,36,23,0.639,13.75,947,0.462,342,0.38,420,0.738,290,1152,537,203,81,348,558,65.7,111.9,0.278,0.44,0.573,49.2,56.7,8.6,6.4,0.546,13.1,24.7,0.205,0,10,4,1,0
2016,Second Round,6,Notre Dame,14,Stephen F. Austin,0,36,24,0.667,14.1,972,0.476,262,0.374,498,0.742,381,1265,480,197,143,359,544,65,115.2,0.329,0.343,0.573,51.1,49.4,8.4,10.1,0.54,13.2,32.3,0.244,0,13,3,0,0,34,28,0.824,9.23,972,0.478,269,0.363,515,0.735,405,1188,635,310,122,411,700,69.6,115.3,0.345,0.365,0.577,51.9,65.3,13.1,10.2,0.545,14.8,34.6,0.253,0,3,0,0,0
2016,First Round,3,West Virginia,14,Stephen F. Austin,1,35,26,0.743,21.61,943,0.449,209,0.325,654,0.673,558,1380,510,343,93,498,819,70.7,110.3,0.462,0.306,0.536,56.1,54.1,13.8,8.5,0.498,16.3,41.9,0.311,1,22,7,2,0,34,28,0.824,9.23,972,0.478,269,0.363,515,0.735,405,1188,635,310,122,411,700,69.6,115.3,0.345,0.365,0.577,51.9,65.3,13.1,10.2,0.545,14.8,34.6,0.253,0,3,0,0,0
2016,Sweet Sixteen,6,Notre Dame,7,Wisconsin,0,36,24,0.667,14.1,972,0.476,262,0.374,498,0.742,381,1265,480,197,143,359,544,65,115.2,0.329,0.343,0.573,51.1,49.4,8.4,10.1,0.54,13.2,32.3,0.244,0,13,3,0,0,35,22,0.629,13.4,816,0.426,229,0.349,512,0.703,398,1228,400,205,114,386,588,64.1,105.1,0.38,0.342,0.524,52.3,49,9.1,8.6,0.485,14.6,33,0.267,0,1,1,0,0
2016,Second Round,2,Xavier,7,Wisconsin,1,34,28,0.824,18.58,928,0.452,255,0.363,626,0.73,436,1387,548,246,101,429,678,72.4,111.2,0.417,0.342,0.556,54.9,59.1,10,8.4,0.514,14.8,35.2,0.305,1,6,3,0,0,35,22,0.629,13.4,816,0.426,229,0.349,512,0.703,398,1228,400,205,114,386,588,64.1,105.1,0.38,0.342,0.524,52.3,49,9.1,8.6,0.485,14.6,33,0.267,0,1,1,0,0
2016,First Round,7,Wisconsin,10,Pitt,0,35,22,0.629,13.4,816,0.426,229,0.349,512,0.703,398,1228,400,205,114,386,588,64.1,105.1,0.38,0.342,0.524,52.3,49,9.1,8.6,0.485,14.6,33,0.267,0,1,1,0,0,33,21,0.636,15.47,878,0.458,204,0.346,516,0.752,417,1257,547,162,121,384,581,66.4,112.2,0.357,0.307,0.551,55.2,62.3,7.3,10,0.511,14.6,36.9,0.269,0,11,3,0,0
2016,First Round,2,Xavier,15,Weber State,0,34,28,0.824,18.58,928,0.452,255,0.363,626,0.73,436,1387,548,246,101,429,678,72.4,111.2,0.417,0.342,0.556,54.9,59.1,10,8.4,0.514,14.8,35.2,0.305,1,6,3,0,0,35,26,0.743,0.18,908,0.482,291,0.371,555,0.676,300,1296,477,175,119,462,611,68.6,109.4,0.436,0.416,0.585,52.6,52.5,7.2,7.7,0.559,16.9,26.5,0.294,0,3,0,0,0
2016,First Round,1,Kansas,16,Austin Peay,1,38,33,0.868,23.87,1092,0.495,304,0.418,601,0.713,402,1443,604,253,158,478,719,69.7,115,0.382,0.33,0.592,53.9,55.3,9.4,10.7,0.564,15.5,32.3,0.272,1,18,11,2,1,36,18,0.5,-6.04,945,0.461,223,0.346,627,0.67,422,1326,479,250,101,502,633,70.5,106.4,0.457,0.315,0.549,51.8,50.7,9.7,7.7,0.516,16.8,33,0.306,0,4,0,0,0
2016,Second Round,1,Kansas,9,UConn,0,38,33,0.868,23.87,1092,0.495,304,0.418,601,0.713,402,1443,604,253,158,478,719,69.7,115,0.382,0.33,0.592,53.9,55.3,9.4,10.7,0.564,15.5,32.3,0.272,1,18,11,2,1,36,25,0.694,15.89,944,0.454,255,0.365,488,0.793,338,1300,489,210,182,385,657,66.1,109,0.296,0.336,0.555,51.1,51.8,8.7,14,0.516,14,28.5,0.235,0,2,1,1,1
2016,First Round,8,Colorado,9,UConn,1,34,22,0.647,12.04,865,0.426,252,0.389,594,0.735,446,1434,461,177,167,454,638,70.8,106.3,0.398,0.319,0.534,55.7,53.3,7.3,11.6,0.488,15.8,35.3,0.293,0,4,0,0,0,36,25,0.694,15.89,944,0.454,255,0.365,488,0.793,338,1300,489,210,182,385,657,66.1,109,0.296,0.336,0.555,51.1,51.8,8.7,14,0.516,14,28.5,0.235,0,2,1,1,1
2016,Sweet Sixteen,1,Kansas,5,Maryland,0,38,33,0.868,23.87,1092,0.495,304,0.418,601,0.713,402,1443,604,253,158,478,719,69.7,115,0.382,0.33,0.592,53.9,55.3,9.4,10.7,0.564,15.5,32.3,0.272,1,18,11,2,1,36,27,0.75,16.71,943,0.486,267,0.361,572,0.768,319,1288,488,210,194,458,605,67.3,112.1,0.384,0.381,0.594,51.9,51.7,8.6,13.9,0.555,16.6,28.6,0.295,1,7,2,0,0
2016,First Round,5,Maryland,12,South Dakota State,0,36,27,0.75,16.71,943,0.486,267,0.361,572,0.768,319,1288,488,210,194,458,605,67.3,112.1,0.384,0.381,0.594,51.9,51.7,8.6,13.9,0.555,16.6,28.6,0.295,1,7,2,0,0,34,26,0.765,5.44,877,0.45,255,0.357,582,0.743,381,1279,381,169,84,399,670,68.8,110.8,0.402,0.367,0.558,53.7,43.4,7.2,6.6,0.515,14.7,32.5,0.298,0,3,0,0,0
2016,Second Round,5,Maryland,13,Hawaii,0,36,27,0.75,16.71,943,0.486,267,0.361,572,0.768,319,1288,488,210,194,458,605,67.3,112.1,0.384,0.381,0.594,51.9,51.7,8.6,13.9,0.555,16.6,28.6,0.295,1,7,2,0,0,34,28,0.824,9.03,893,0.459,237,0.322,597,0.684,362,1270,525,257,124,443,695,71.6,107.3,0.449,0.379,0.555,53,58.8,10.5,10,0.52,15.8,31.1,0.307,0,1,0,0,0
2016,First Round,4,California,13,Hawaii,1,34,23,0.676,15.39,890,0.461,236,0.363,529,0.656,386,1349,430,139,159,419,706,68.2,108.5,0.417,0.337,0.55,54.5,48.3,5.9,10.9,0.522,15.3,32.6,0.274,1,2,1,0,0,34,28,0.824,9.03,893,0.459,237,0.322,597,0.684,362,1270,525,257,124,443,695,71.6,107.3,0.449,0.379,0.555,53,58.8,10.5,10,0.52,15.8,31.1,0.307,0,1,0,0,0
2016,First Round,6,Arizona,11,Wichita State,1,34,25,0.735,18.79,946,0.48,221,0.381,622,0.721,394,1368,485,164,161,442,621,69.8,112.8,0.438,0.294,0.575,56.5,51.3,6.8,11.3,0.536,15.7,34.9,0.316,1,9,6,0,0,35,26,0.743,17.39,867,0.429,250,0.324,551,0.717,408,1305,489,255,125,346,705,66.1,108.8,0.38,0.381,0.531,53.1,56.4,10.9,11.6,0.49,12.7,31.7,0.272,0,12,2,1,0
2016,Second Round,3,Miami (FL),11,Wichita State,0,35,27,0.771,18.52,907,0.479,241,0.375,578,0.749,330,1207,438,215,127,383,581,66.2,113.3,0.407,0.339,0.582,51.7,48.3,9.3,9.1,0.542,14.5,29.9,0.305,1,7,3,1,0,35,26,0.743,17.39,867,0.429,250,0.324,551,0.717,408,1305,489,255,125,346,705,66.1,108.8,0.38,0.381,0.531,53.1,56.4,10.9,11.6,0.49,12.7,31.7,0.272,0,12,2,1,0
2016,First Round,3,Miami (FL),14,Buffalo,0,35,27,0.771,18.52,907,0.479,241,0.375,578,0.749,330,1207,438,215,127,383,581,66.2,113.3,0.407,0.339,0.582,51.7,48.3,9.3,9.1,0.542,14.5,29.9,0.305,1,7,3,1,0,35,20,0.571,1.34,915,0.437,263,0.339,616,0.71,425,1363,441,240,124,475,748,72.6,105.9,0.414,0.37,0.54,51.7,48.2,9.4,9.2,0.499,15.9,32.2,0.294,0,1,0,0,0
2016,First Round,7,Iowa,10,Temple,0,33,22,0.667,17.01,906,0.447,269,0.374,480,0.717,392,1257,523,223,156,339,538,69.1,111.5,0.33,0.355,0.546,50.6,57.7,9.7,12.5,0.513,12.6,31.8,0.237,1,8,0,0,0,33,21,0.636,7.69,822,0.407,255,0.337,368,0.684,371,1225,445,173,103,305,535,65.8,102.4,0.266,0.375,0.498,49.3,54.1,7.8,7.8,0.47,11.8,29.1,0.182,0,16,0,0,0
2016,First Round,2,Villanova,15,UNC Asheville,0,40,35,0.875,24.08,1086,0.483,347,0.362,599,0.782,351,1385,637,282,136,440,681,67.3,115.4,0.341,0.427,0.597,51.2,58.7,10.4,9.7,0.561,14.4,28,0.267,1,13,5,2,1,34,22,0.647,1.1,898,0.455,195,0.323,561,0.694,396,1278,422,312,112,444,587,70.4,105.8,0.41,0.306,0.541,51.5,47,12.9,9,0.505,15.9,31.9,0.284,0,1,0,0,0
2016,Second Round,2,Villanova,7,Iowa,0,40,35,0.875,24.08,1086,0.483,347,0.362,599,0.782,351,1385,637,282,136,440,681,67.3,115.4,0.341,0.427,0.597,51.2,58.7,10.4,9.7,0.561,14.4,28,0.267,1,13,5,2,1,33,22,0.667,17.01,906,0.447,269,0.374,480,0.717,392,1257,523,223,156,339,538,69.1,111.5,0.33,0.355,0.546,50.6,57.7,9.7,12.5,0.513,12.6,31.8,0.237,1,8,0,0,0
2016,Sweet Sixteen,2,Villanova,3,Miami (FL),0,40,35,0.875,24.08,1086,0.483,347,0.362,599,0.782,351,1385,637,282,136,440,681,67.3,115.4,0.341,0.427,0.597,51.2,58.7,10.4,9.7,0.561,14.4,28,0.267,1,13,5,2,1,35,27,0.771,18.52,907,0.479,241,0.375,578,0.749,330,1207,438,215,127,383,581,66.2,113.3,0.407,0.339,0.582,51.7,48.3,9.3,9.1,0.542,14.5,29.9,0.305,1,7,3,1,0
2016,Final Four,2,Villanova,2,Oklahoma,0,40,35,0.875,24.08,1086,0.483,347,0.362,599,0.782,351,1385,637,282,136,440,681,67.3,115.4,0.341,0.427,0.597,51.2,58.7,10.4,9.7,0.561,14.4,28,0.267,1,13,5,2,1,37,29,0.784,19.76,1018,0.458,382,0.422,530,0.722,407,1418,537,247,188,484,630,71,111,0.33,0.407,0.573,51.4,52.8,9.3,12.6,0.543,15.8,31,0.238,1,17,5,2,0
2016,Elite Eight,1,Oregon,2,Oklahoma,1,38,31,0.816,18.05,1041,0.467,260,0.343,648,0.715,442,1382,517,275,221,431,675,69.5,112.8,0.406,0.34,0.562,52.4,49.7,10.4,15.3,0.525,13.9,34.2,0.291,1,12,2,0,0,37,29,0.784,19.76,1018,0.458,382,0.422,530,0.722,407,1418,537,247,188,484,630,71,111,0.33,0.407,0.573,51.4,52.8,9.3,12.6,0.543,15.8,31,0.238,1,17,5,2,0
2016,Second Round,1,Oregon,8,St. Joseph's,0,38,31,0.816,18.05,1041,0.467,260,0.343,648,0.715,442,1382,517,275,221,431,675,69.5,112.8,0.406,0.34,0.562,52.4,49.7,10.4,15.3,0.525,13.9,34.2,0.291,1,12,2,0,0,36,28,0.778,12.1,976,0.453,251,0.327,577,0.716,364,1378,534,184,119,355,583,70.1,109.7,0.374,0.356,0.548,51.9,54.7,7.3,9.2,0.512,12.3,28.2,0.268,0,7,2,0,0
2016,Sweet Sixteen,1,Oregon,4,Duke,0,38,31,0.816,18.05,1041,0.467,260,0.343,648,0.715,442,1382,517,275,221,431,675,69.5,112.8,0.406,0.34,0.562,52.4,49.7,10.4,15.3,0.525,13.9,34.2,0.291,1,12,2,0,0,36,25,0.694,19.23,983,0.46,328,0.385,626,0.723,426,1296,478,226,154,354,603,68.4,117.7,0.405,0.398,0.573,49.5,48.6,9.1,9.8,0.537,12.2,33,0.293,1,32,23,12,5
2016,First Round,8,St. Joseph's,9,Cincinnati,0,36,28,0.778,12.1,976,0.453,251,0.327,577,0.716,364,1378,534,184,119,355,583,70.1,109.7,0.374,0.356,0.548,51.9,54.7,7.3,9.2,0.512,12.3,28.2,0.268,0,7,2,0,0,33,22,0.667,15.19,851,0.43,252,0.348,464,0.705,441,1291,508,257,192,363,513,65.5,108.9,0.332,0.366,0.527,53.2,59.7,11.6,15.5,0.493,13.7,36.6,0.234,0,8,1,0,0
2016,First Round,5,Baylor,12,Yale,1,34,22,0.647,16.13,933,0.466,210,0.367,545,0.725,467,1267,603,269,135,432,660,67.6,112.8,0.375,0.286,0.555,55.6,64.6,11.6,11.2,0.518,15.5,40.1,0.272,1,6,3,0,0,30,23,0.767,9.08,795,0.47,190,0.363,468,0.67,407,1208,452,170,137,398,530,66.9,111.5,0.413,0.309,0.555,57.8,56.9,8.4,12.6,0.526,16.4,39.4,0.276,0,1,0,0,0
2016,Second Round,4,Duke,12,Yale,0,36,25,0.694,19.23,983,0.46,328,0.385,626,0.723,426,1296,478,226,154,354,603,68.4,117.7,0.405,0.398,0.573,49.5,48.6,9.1,9.8,0.537,12.2,33,0.293,1,32,23,12,5,30,23,0.767,9.08,795,0.47,190,0.363,468,0.67,407,1208,452,170,137,398,530,66.9,111.5,0.413,0.309,0.555,57.8,56.9,8.4,12.6,0.526,16.4,39.4,0.276,0,1,0,0,0
2016,First Round,4,Duke,13,UNC Wilmington,0,36,25,0.694,19.23,983,0.46,328,0.385,626,0.723,426,1296,478,226,154,354,603,68.4,117.7,0.405,0.398,0.573,49.5,48.6,9.1,9.8,0.537,12.2,33,0.293,1,32,23,12,5,33,25,0.758,6.25,928,0.455,230,0.34,534,0.703,397,1237,438,246,143,374,793,71.3,110,0.373,0.332,0.546,50.6,47.2,10.3,11.2,0.512,13.5,32.2,0.262,0,1,0,0,0
2016,First Round,6,Texas,11,Northern Iowa,1,33,20,0.606,14.8,814,0.432,232,0.341,495,0.666,363,1139,377,167,144,341,688,66.8,106.1,0.394,0.361,0.526,49.1,46.3,7.5,11.6,0.494,13.2,30.7,0.263,0,6,1,1,0,36,23,0.639,8.78,849,0.455,298,0.374,479,0.757,195,1091,429,204,94,357,560,64.1,106.2,0.34,0.427,0.572,46.8,50.5,8.8,7.7,0.535,14.2,17.6,0.257,0,4,1,0,0
2016,Second Round,3,Texas A&M,11,Northern Iowa,0,37,28,0.757,18.45,991,0.449,281,0.341,565,0.672,477,1461,612,260,133,434,668,68.6,110,0.381,0.373,0.542,53,61.8,10.1,10.5,0.512,14.3,34.6,0.256,1,3,1,0,0,36,23,0.639,8.78,849,0.455,298,0.374,479,0.757,195,1091,429,204,94,357,560,64.1,106.2,0.34,0.427,0.572,46.8,50.5,8.8,7.7,0.535,14.2,17.6,0.257,0,4,1,0,0
2016,First Round,3,Texas A&M,14,Green Bay,0,37,28,0.757,18.45,991,0.449,281,0.341,565,0.672,477,1461,612,260,133,434,668,68.6,110,0.381,0.373,0.542,53,61.8,10.1,10.5,0.512,14.3,34.6,0.256,1,3,1,0,0,36,23,0.639,1.16,1048,0.446,255,0.349,662,0.657,458,1385,501,358,166,441,724,77.3,107.1,0.429,0.311,0.533,48.7,47.8,12.7,11.1,0.5,13.5,30.9,0.282,0,1,0,0,0
2016,First Round,7,Oregon State,10,VCU,1,32,19,0.594,10.39,811,0.44,218,0.371,461,0.671,337,1102,432,236,106,361,642,68.4,105.1,0.373,0.319,0.53,48.3,53.3,10.8,9.7,0.499,14.3,29.2,0.25,0,4,0,0,0,36,25,0.694,13.83,1010,0.451,262,0.352,499,0.692,447,1347,515,309,135,405,706,69.8,110,0.322,0.333,0.539,52,51,12.2,9.8,0.51,13.6,33.2,0.223,0,1,0,0,0
2016,Second Round,2,Oklahoma,10,VCU,0,37,29,0.784,19.76,1018,0.458,382,0.422,530,0.722,407,1418,537,247,188,484,630,71,111,0.33,0.407,0.573,51.4,52.8,9.3,12.6,0.543,15.8,31,0.238,1,17,5,2,0,36,25,0.694,13.83,1010,0.451,262,0.352,499,0.692,447,1347,515,309,135,405,706,69.8,110,0.322,0.333,0.539,52,51,12.2,9.8,0.51,13.6,33.2,0.223,0,1,0,0,0
2016,First Round,2,Oklahoma,15,Cal State Bakersfield,0,37,29,0.784,19.76,1018,0.458,382,0.422,530,0.722,407,1418,537,247,188,484,630,71,111,0.33,0.407,0.573,51.4,52.8,9.3,12.6,0.543,15.8,31,0.238,1,17,5,2,0,33,24,0.727,2.58,875,0.451,179,0.342,476,0.656,414,1263,516,263,165,405,707,68.4,105.8,0.374,0.27,0.527,52.8,59,11.6,14.2,0.497,15.1,34.6,0.245,0,4,1,0,0
2016,Sweet Sixteen,2,Oklahoma,3,Texas A&M,0,37,29,0.784,19.76,1018,0.458,382,0.422,530,0.722,407,1418,537,247,188,484,630,71,111,0.33,0.407,0.573,51.4,52.8,9.3,12.6,0.543,15.8,31,0.238,1,17,5,2,0,37,28,0.757,18.45,991,0.449,281,0.341,565,0.672,477,1461,612,260,133,434,668,68.6,110,0.381,0.373,0.542,53,61.8,10.1,10.5,0.512,14.3,34.6,0.256,1,3,1,0,0
2016,First Round,1,Virginia,16,Hampton,0,37,29,0.784,22.04,964,0.491,224,0.402,474,0.752,323,1189,551,199,119,345,596,61.5,115,0.321,0.284,0.58,53.2,57.2,8.7,10.2,0.548,13.2,29.8,0.241,1,6,3,0,0,32,21,0.656,-8.74,810,0.412,206,0.304,537,0.659,447,1322,381,169,117,440,649,71.7,101,0.414,0.345,0.502,53.1,47,7.2,9,0.464,15.7,34.6,0.273,0,3,0,0,0
2016,Second Round,1,Virginia,9,Butler,0,37,29,0.784,22.04,964,0.491,224,0.402,474,0.752,323,1189,551,199,119,345,596,61.5,115,0.321,0.284,0.58,53.2,57.2,8.7,10.2,0.548,13.2,29.8,0.241,1,6,3,0,0,33,22,0.667,16.46,918,0.466,236,0.393,566,0.731,366,1188,468,227,107,335,646,69.8,114.1,0.393,0.305,0.564,52.3,51,9.8,8.9,0.526,12.5,32.1,0.287,0,2,0,0,0
2016,First Round,8,Texas Tech,9,Butler,1,32,19,0.594,12.41,785,0.448,185,0.346,550,0.742,326,1086,418,190,134,385,589,66.7,106.7,0.422,0.304,0.547,50.1,53.2,8.8,11.8,0.5,15.5,31.2,0.314,0,18,9,1,1,33,22,0.667,16.46,918,0.466,236,0.393,566,0.731,366,1188,468,227,107,335,646,69.8,114.1,0.393,0.305,0.564,52.3,51,9.8,8.9,0.526,12.5,32.1,0.287,0,2,0,0,0
2016,Sweet Sixteen,1,Virginia,4,Iowa State,0,37,29,0.784,22.04,964,0.491,224,0.402,474,0.752,323,1189,551,199,119,345,596,61.5,115,0.321,0.284,0.58,53.2,57.2,8.7,10.2,0.548,13.2,29.8,0.241,1,6,3,0,0,35,23,0.657,16.93,1087,0.503,293,0.387,395,0.702,304,1244,577,218,142,398,542,71.5,113.1,0.261,0.351,0.59,49.7,53.1,8.6,9.8,0.571,14.1,26.1,0.183,1,2,1,0,0
2016,First Round,5,Purdue,12,Little Rock,1,35,26,0.743,20.17,960,0.47,268,0.367,538,0.744,407,1443,615,147,165,419,607,67.8,113.7,0.354,0.358,0.571,57.3,64.1,6.1,11.7,0.536,14.9,34.9,0.263,1,9,2,0,0,35,30,0.857,7.12,886,0.453,266,0.384,449,0.729,324,1195,451,230,106,355,640,64.5,109,0.315,0.354,0.553,50.1,50.9,10.1,9.6,0.52,13.6,27.9,0.229,0,1,0,0,0
2016,Second Round,4,Iowa State,12,Little Rock,0,35,23,0.657,16.93,1087,0.503,293,0.387,395,0.702,304,1244,577,218,142,398,542,71.5,113.1,0.261,0.351,0.59,49.7,53.1,8.6,9.8,0.571,14.1,26.1,0.183,1,2,1,0,0,35,30,0.857,7.12,886,0.453,266,0.384,449,0.729,324,1195,451,230,106,355,640,64.5,109,0.315,0.354,0.553,50.1,50.9,10.1,9.6,0.52,13.6,27.9,0.229,0,1,0,0,0
2016,First Round,4,Iowa State,13,Iona,0,35,23,0.657,16.93,1087,0.503,293,0.387,395,0.702,304,1244,577,218,142,398,542,71.5,113.1,0.261,0.351,0.59,49.7,53.1,8.6,9.8,0.571,14.1,26.1,0.183,1,2,1,0,0,33,22,0.667,3.59,919,0.457,327,0.37,463,0.711,348,1218,551,248,135,422,642,72.5,109.5,0.324,0.44,0.566,49.7,60,10.3,10.6,0.538,15.4,29.2,0.23,0,3,0,0,0
2016,First Round,6,Seton Hall,11,Gonzaga,1,34,25,0.735,14.66,892,0.446,206,0.347,532,0.658,438,1355,455,251,155,469,636,70.7,104.5,0.404,0.297,0.529,52.4,51,10.4,11.4,0.498,16.4,34.7,0.266,1,1,0,0,0,36,28,0.778,16.92,1011,0.486,281,0.381,537,0.758,382,1426,501,184,111,418,623,68.1,115.4,0.34,0.355,0.587,55.2,49.6,7.5,7.7,0.553,14.7,32.3,0.258,0,17,6,0,0
2016,Second Round,3,Utah,11,Gonzaga,1,36,27,0.75,15.5,977,0.489,273,0.366,551,0.721,347,1335,557,199,149,451,549,67.7,112.5,0.382,0.373,0.588,53.2,57,8.1,9.9,0.557,16,30.2,0.276,1,4,1,0,0,36,28,0.778,16.92,1011,0.486,281,0.381,537,0.758,382,1426,501,184,111,418,623,68.1,115.4,0.34,0.355,0.587,55.2,49.6,7.5,7.7,0.553,14.7,32.3,0.258,0,17,6,0,0
2016,Sweet Sixteen,10,Syracuse,11,Gonzaga,0,37,23,0.622,14.62,884,0.425,315,0.36,506,0.688,445,1319,493,300,162,440,598,64.9,106.7,0.354,0.421,0.533,49.3,55.8,12.4,12.6,0.501,15.3,33.4,0.243,0,0,0,0,0,36,28,0.778,16.92,1011,0.486,281,0.381,537,0.758,382,1426,501,184,111,418,623,68.1,115.4,0.34,0.355,0.587,55.2,49.6,7.5,7.7,0.553,14.7,32.3,0.258,0,17,6,0,0
2016,First Round,3,Utah,14,Fresno State,0,36,27,0.75,15.5,977,0.489,273,0.366,551,0.721,347,1335,557,199,149,451,549,67.7,112.5,0.382,0.373,0.588,53.2,57,8.1,9.9,0.557,16,30.2,0.276,1,4,1,0,0,35,25,0.714,5.27,926,0.436,219,0.343,559,0.694,409,1293,466,295,138,378,764,70.1,105.7,0.379,0.3,0.524,50.4,50.3,11.9,11.8,0.487,13.1,31.1,0.263,0,1,0,0,0
2016,First Round,2,Michigan State,15,Middle Tennessee,1,35,29,0.829,22.59,1009,0.486,321,0.434,454,0.729,427,1454,719,156,177,406,671,66.8,118.6,0.3,0.356,0.588,58,71.3,6.6,12.9,0.563,14.6,37,0.218,1,19,13,7,1,35,25,0.714,2.66,909,0.449,279,0.39,442,0.616,369,1283,455,215,123,419,700,69.1,104.7,0.355,0.354,0.537,51.4,50.1,8.9,9.9,0.518,15,29.1,0.218,0,4,0,0,0
2016,Second Round,10,Syracuse,15,Middle Tennessee,0,37,23,0.622,14.62,884,0.425,315,0.36,506,0.688,445,1319,493,300,162,440,598,64.9,106.7,0.354,0.421,0.533,49.3,55.8,12.4,12.6,0.501,15.3,33.4,0.243,0,0,0,0,0,35,25,0.714,2.66,909,0.449,279,0.39,442,0.616,369,1283,455,215,123,419,700,69.1,104.7,0.355,0.354,0.537,51.4,50.1,8.9,9.9,0.518,15,29.1,0.218,0,4,0,0,0
2017,Play-In,16,New Orleans,16,Mount St. Mary's,1,32,20,0.625,-4.1,830,0.473,139,0.317,532,0.71,386,1140,500,252,97,534,562,69.5,103.2,0.427,0.25,0.552,52.9,60.2,11.2,8.6,0.513,20.2,36.7,0.303,0,1,0,0,0,36,20,0.556,-4.29,877,0.444,261,0.358,431,0.673,276,1082,403,222,142,472,640,68.4,99.1,0.324,0.369,0.536,44.5,46,9,9.6,0.51,17.1,23,0.218,0,2,0,0,0
2017,First Round,1,Villanova,16,Mount St. Mary's,0,36,32,0.889,23.8,965,0.495,311,0.369,538,0.79,316,1208,505,259,109,402,515,65.6,117.6,0.35,0.433,0.612,53,52.3,11,9,0.575,15,30,0.276,1,14,5,2,1,36,20,0.556,-4.29,877,0.444,261,0.358,431,0.673,276,1082,403,222,142,472,640,68.4,99.1,0.324,0.369,0.536,44.5,46,9,9.6,0.51,17.1,23,0.218,0,2,0,0,0
2017,Play-In,11,USC,11,Providence,0,36,26,0.722,11.48,975,0.456,283,0.362,583,0.741,387,1286,550,252,190,398,571,70.1,111.2,0.368,0.366,0.56,50.3,56.4,9.9,13.3,0.522,13.7,30.9,0.273,0,3,1,0,0,33,20,0.606,11.24,804,0.448,239,0.371,472,0.691,294,1101,471,218,98,412,569,67.6,103.6,0.381,0.359,0.547,49.1,58.6,9.7,8.1,0.514,16.3,26.4,0.263,0,4,0,0,0
2017,Play-In,11,Kansas State,11,Wake Forest,0,35,21,0.6,14.8,869,0.461,247,0.362,538,0.694,330,1132,521,271,130,453,630,67.5,106.4,0.412,0.363,0.56,49.2,60,11.4,10.3,0.527,16.8,29.5,0.286,0,11,3,1,0,33,19,0.576,14.19,923,0.472,268,0.385,619,0.779,349,1199,512,183,121,389,668,71.7,115.5,0.407,0.357,0.586,51.9,55.5,7.7,10.1,0.541,14.3,30.7,0.317,0,2,0,0,0
2017,Play-In,16,North Carolina Central,16,UC-Davis,1,34,25,0.735,-3.18,910,0.454,255,0.335,467,0.683,397,1313,480,209,112,406,587,68.8,108.7,0.341,0.38,0.546,51.7,52.7,8.9,8.7,0.517,14.8,32.9,0.233,0,2,0,0,0,36,23,0.639,-5.21,873,0.435,221,0.348,558,0.674,364,1280,461,202,118,513,688,70.2,98.9,0.412,0.316,0.526,50.8,52.8,7.9,9,0.49,17.6,28.9,0.278,0,2,1,0,0
2017,First Round,1,Kansas,16,UC-Davis,1,36,31,0.861,23.53,1071,0.488,318,0.404,535,0.678,428,1393,584,250,162,456,639,71.4,115.4,0.36,0.359,0.583,53,54.5,9.6,11.2,0.561,15.1,33.9,0.244,1,19,12,2,1,36,23,0.639,-5.21,873,0.435,221,0.348,558,0.674,364,1280,461,202,118,513,688,70.2,98.9,0.412,0.316,0.526,50.8,52.8,7.9,9,0.49,17.6,28.9,0.278,0,2,1,0,0
2017,Second Round,1,Villanova,8,Wisconsin,1,36,32,0.889,23.8,965,0.495,311,0.369,538,0.79,316,1208,505,259,109,402,515,65.6,117.6,0.35,0.433,0.612,53,52.3,11,9,0.575,15,30,0.276,1,14,5,2,1,37,27,0.73,19.4,971,0.455,283,0.359,453,0.644,460,1377,504,250,130,411,602,64.5,110.7,0.329,0.369,0.542,54.7,51.9,10.3,9.8,0.521,14.3,35.7,0.212,1,2,2,0,0
2017,Sweet Sixteen,4,Florida,8,Wisconsin,0,36,27,0.75,22.4,953,0.45,278,0.358,620,0.729,416,1331,450,272,167,431,661,70.1,110,0.402,0.366,0.556,51.3,47.2,10.7,11.8,0.516,14.6,31.8,0.293,1,1,1,0,0,37,27,0.73,19.4,971,0.455,283,0.359,453,0.644,460,1377,504,250,130,411,602,64.5,110.7,0.329,0.369,0.542,54.7,51.9,10.3,9.8,0.521,14.3,35.7,0.212,1,2,2,0,0
2017,First Round,8,Wisconsin,9,Virginia Tech,0,37,27,0.73,19.4,971,0.455,283,0.359,453,0.644,460,1377,504,250,130,411,602,64.5,110.7,0.329,0.369,0.542,54.7,51.9,10.3,9.8,0.521,14.3,35.7,0.212,1,2,2,0,0,33,22,0.667,12.77,887,0.489,290,0.403,546,0.737,240,1068,497,131,91,398,543,69.8,112.5,0.409,0.397,0.603,48.2,56,5.6,7,0.569,15.5,23.4,0.301,0,6,3,0,0
2017,First Round,5,Virginia,12,UNC Wilmington,0,34,23,0.676,20.63,839,0.46,232,0.385,336,0.709,297,1119,473,190,138,324,556,60.3,107.9,0.26,0.33,0.548,52.3,56.4,9.1,13.9,0.524,13.7,28.2,0.184,1,7,3,0,0,35,29,0.829,8.06,1071,0.48,336,0.366,489,0.691,422,1261,564,234,115,363,699,71.5,118.1,0.317,0.411,0.578,51.6,52.7,9.3,8.2,0.555,12.4,32.8,0.219,0,2,0,0,0
2017,First Round,4,Florida,13,ETSU,0,36,27,0.75,22.4,953,0.45,278,0.358,620,0.729,416,1331,450,272,167,431,661,70.1,110,0.402,0.366,0.556,51.3,47.2,10.7,11.8,0.516,14.6,31.8,0.293,1,1,1,0,0,35,27,0.771,7.31,960,0.488,265,0.382,597,0.702,357,1269,516,293,162,519,698,71.4,110.2,0.432,0.352,0.587,53.1,53.8,11.6,13.6,0.555,18,31.3,0.304,0,1,0,0,0
2017,Second Round,4,Florida,5,Virginia,0,36,27,0.75,22.4,953,0.45,278,0.358,620,0.729,416,1331,450,272,167,431,661,70.1,110,0.402,0.366,0.556,51.3,47.2,10.7,11.8,0.516,14.6,31.8,0.293,1,1,1,0,0,34,23,0.676,20.63,839,0.46,232,0.385,336,0.709,297,1119,473,190,138,324,556,60.3,107.9,0.26,0.33,0.548,52.3,56.4,9.1,13.9,0.524,13.7,28.2,0.184,1,7,3,0,0
2017,Elite Eight,4,Florida,7,South Carolina,1,36,27,0.75,22.4,953,0.45,278,0.358,620,0.729,416,1331,450,272,167,431,661,70.1,110,0.402,0.366,0.556,51.3,47.2,10.7,11.8,0.516,14.6,31.8,0.293,1,1,1,0,0,37,26,0.703,17.52,924,0.421,248,0.338,611,0.699,464,1346,468,288,142,480,751,69.9,102.9,0.398,0.334,0.518,50.8,50.6,11,11.1,0.477,15.5,33.5,0.278,0,5,2,1,0
2017,Sweet Sixteen,3,Baylor,7,South Carolina,1,35,27,0.771,19.75,921,0.471,230,0.359,478,0.723,451,1329,544,180,166,469,617,65.3,111.5,0.338,0.328,0.562,56.5,59.1,7.9,13,0.53,17.1,40.2,0.244,1,7,4,0,0,37,26,0.703,17.52,924,0.421,248,0.338,611,0.699,464,1346,468,288,142,480,751,69.9,102.9,0.398,0.334,0.518,50.8,50.6,11,11.1,0.477,15.5,33.5,0.278,0,5,2,1,0
2017,Second Round,2,Duke,7,South Carolina,1,37,28,0.757,21.56,1019,0.475,311,0.378,642,0.762,390,1341,484,226,172,421,675,69.9,115.7,0.393,0.383,0.588,51.9,47.5,8.7,10.9,0.548,14.2,31.6,0.299,1,33,23,12,5,37,26,0.703,17.52,924,0.421,248,0.338,611,0.699,464,1346,468,288,142,480,751,69.9,102.9,0.398,0.334,0.518,50.8,50.6,11,11.1,0.477,15.5,33.5,0.278,0,5,2,1,0
2017,Final Four,1,Gonzaga,7,South Carolina,0,39,37,0.949,25.26,1149,0.504,286,0.382,638,0.717,378,1587,595,265,183,448,660,70.9,116.4,0.39,0.329,0.596,54.7,51.8,9.6,11.2,0.567,14.2,29.8,0.28,1,18,7,1,0,37,26,0.703,17.52,924,0.421,248,0.338,611,0.699,464,1346,468,288,142,480,751,69.9,102.9,0.398,0.334,0.518,50.8,50.6,11,11.1,0.477,15.5,33.5,0.278,0,5,2,1,0
2017,First Round,6,SMU,11,USC,1,35,30,0.857,18.71,914,0.473,286,0.406,485,0.697,416,1335,566,200,117,377,506,63.7,116.6,0.36,0.365,0.574,56.3,61.9,9,11.1,0.547,14.3,37.1,0.251,1,1,0,0,0,36,26,0.722,11.48,975,0.456,283,0.362,583,0.741,387,1286,550,252,190,398,571,70.1,111.2,0.368,0.366,0.56,50.3,56.4,9.9,13.3,0.522,13.7,30.9,0.273,0,3,1,0,0
2017,Second Round,3,Baylor,11,USC,0,35,27,0.771,19.75,921,0.471,230,0.359,478,0.723,451,1329,544,180,166,469,617,65.3,111.5,0.338,0.328,0.562,56.5,59.1,7.9,13,0.53,17.1,40.2,0.244,1,7,4,0,0,36,26,0.722,11.48,975,0.456,283,0.362,583,0.741,387,1286,550,252,190,398,571,70.1,111.2,0.368,0.366,0.56,50.3,56.4,9.9,13.3,0.522,13.7,30.9,0.273,0,3,1,0,0
2017,First Round,3,Baylor,14,New Mexico State,0,35,27,0.771,19.75,921,0.471,230,0.359,478,0.723,451,1329,544,180,166,469,617,65.3,111.5,0.338,0.328,0.562,56.5,59.1,7.9,13,0.53,17.1,40.2,0.244,1,7,4,0,0,34,28,0.824,4.66,913,0.467,252,0.337,600,0.712,436,1339,505,166,128,465,627,70,112.1,0.431,0.382,0.568,54.4,55.3,6.9,9.6,0.531,16.5,36.7,0.307,0,1,0,0,0
2017,First Round,7,South Carolina,10,Marquette,0,37,26,0.703,17.52,924,0.421,248,0.338,611,0.699,464,1346,468,288,142,480,751,69.9,102.9,0.398,0.334,0.518,50.8,50.6,11,11.1,0.477,15.5,33.5,0.278,0,5,2,1,0,32,19,0.594,15.26,919,0.487,336,0.429,457,0.781,280,1058,525,231,115,396,620,71.1,115.2,0.31,0.415,0.607,49.6,57.1,10.1,9.3,0.576,15.5,27,0.242,0,1,0,0,0
2017,First Round,2,Duke,15,Troy,0,37,28,0.757,21.56,1019,0.475,311,0.378,642,0.762,390,1341,484,226,172,421,675,69.9,115.7,0.393,0.383,0.588,51.9,47.5,8.7,10.9,0.548,14.2,31.6,0.299,1,33,23,12,5,37,22,0.595,-0.47,982,0.456,311,0.359,614,0.725,409,1362,484,221,129,462,654,70.1,110.9,0.393,0.403,0.565,51.8,49.3,8.5,9.8,0.528,15.3,31.6,0.285,0,1,0,0,0
2017,Second Round,1,Kansas,9,Michigan State,0,36,31,0.861,23.53,1071,0.488,318,0.404,535,0.678,428,1393,584,250,162,456,639,71.4,115.4,0.36,0.359,0.583,53,54.5,9.6,11.2,0.561,15.1,33.9,0.244,1,19,12,2,1,35,20,0.571,13.67,905,0.47,273,0.373,432,0.669,328,1275,591,151,162,490,699,68.2,105.1,0.335,0.38,0.563,52.6,65.3,6.3,11.9,0.54,18,29.1,0.224,0,20,13,7,1
2017,First Round,8,Miami (FL),9,Michigan State,1,33,21,0.636,14.48,813,0.452,209,0.356,443,0.718,363,1176,389,213,125,417,513,64.7,106.3,0.343,0.326,0.544,53,47.8,9.9,10.5,0.51,16.6,33.4,0.246,0,8,3,1,0,35,20,0.571,13.67,905,0.47,273,0.373,432,0.669,328,1275,591,151,162,490,699,68.2,105.1,0.335,0.38,0.563,52.6,65.3,6.3,11.9,0.54,18,29.1,0.224,0,20,13,7,1
2017,Sweet Sixteen,1,Kansas,4,Purdue,0,36,31,0.861,23.53,1071,0.488,318,0.404,535,0.678,428,1393,584,250,162,456,639,71.4,115.4,0.36,0.359,0.583,53,54.5,9.6,11.2,0.561,15.1,33.9,0.244,1,19,12,2,1,35,27,0.771,20.13,980,0.479,315,0.403,515,0.757,344,1322,640,181,87,455,552,70,112.6,0.333,0.383,0.589,54.9,65.3,7.3,6.1,0.557,16.1,30.7,0.252,1,10,3,0,0
2017,Elite Eight,1,Kansas,3,Oregon,1,36,31,0.861,23.53,1071,0.488,318,0.404,535,0.678,428,1393,584,250,162,456,639,71.4,115.4,0.36,0.359,0.583,53,54.5,9.6,11.2,0.561,15.1,33.9,0.244,1,19,12,2,1,39,33,0.846,20.8,1091,0.481,334,0.38,560,0.712,412,1431,614,253,248,454,614,68.8,114.2,0.347,0.388,0.582,52.9,56.3,9.4,17.2,0.554,14.7,32.2,0.247,1,13,3,1,0
2017,Final Four,1,UNC,3,Oregon,0,40,33,0.825,24.84,1226,0.466,283,0.355,642,0.701,630,1748,722,283,139,473,711,72.6,116,0.348,0.303,0.55,58.2,58.9,9.7,9.7,0.519,13.4,41.3,0.244,1,27,18,9,3,39,33,0.846,20.8,1091,0.481,334,0.38,560,0.712,412,1431,614,253,248,454,614,68.8,114.2,0.347,0.388,0.582,52.9,56.3,9.4,17.2,0.554,14.7,32.2,0.247,1,13,3,1,0
2017,First Round,5,Iowa State,12,Nevada,0,35,24,0.686,20.51,1031,0.472,344,0.4,423,0.7,318,1219,553,272,124,355,557,70.6,112.5,0.276,0.393,0.572,47.7,53.6,10.8,8.9,0.55,12.6,25.6,0.194,1,3,1,0,0,35,28,0.8,10.49,933,0.448,320,0.382,606,0.705,386,1351,559,189,152,386,581,70.9,112,0.413,0.402,0.561,52.4,59.9,7.6,11,0.525,13.4,30.3,0.291,0,1,0,0,0
2017,First Round,4,Purdue,13,Vermont,0,35,27,0.771,20.13,980,0.479,315,0.403,515,0.757,344,1322,640,181,87,455,552,70,112.6,0.333,0.383,0.589,54.9,65.3,7.3,6.1,0.557,16.1,30.7,0.252,1,10,3,0,0,35,29,0.829,6.67,943,0.494,229,0.369,456,0.7,326,1192,476,199,151,392,555,65.4,112.4,0.341,0.325,0.58,52.8,50.5,8.7,11.4,0.554,15,30.3,0.239,0,2,0,0,0
2017,Second Round,4,Purdue,5,Iowa State,0,35,27,0.771,20.13,980,0.479,315,0.403,515,0.757,344,1322,640,181,87,455,552,70,112.6,0.333,0.383,0.589,54.9,65.3,7.3,6.1,0.557,16.1,30.7,0.252,1,10,3,0,0,35,24,0.686,20.51,1031,0.472,344,0.4,423,0.7,318,1219,553,272,124,355,557,70.6,112.5,0.276,0.393,0.572,47.7,53.6,10.8,8.9,0.55,12.6,25.6,0.194,1,3,1,0,0
2017,First Round,6,Creighton,11,Rhode Island,1,35,25,0.714,17.27,1078,0.504,304,0.397,404,0.682,289,1223,598,213,102,435,582,72.9,112.3,0.277,0.358,0.592,49.3,55.5,8.4,7.6,0.576,15.2,24.8,0.189,0,7,0,0,0,35,25,0.714,12.88,916,0.454,217,0.332,528,0.668,409,1301,467,227,206,389,725,67.4,108.8,0.392,0.323,0.538,51.8,51,9.6,15.7,0.507,14,32.8,0.262,0,1,0,0,0
2017,Second Round,3,Oregon,11,Rhode Island,0,39,33,0.846,20.8,1091,0.481,334,0.38,560,0.712,412,1431,614,253,248,454,614,68.8,114.2,0.347,0.388,0.582,52.9,56.3,9.4,17.2,0.554,14.7,32.2,0.247,1,13,3,1,0,35,25,0.714,12.88,916,0.454,217,0.332,528,0.668,409,1301,467,227,206,389,725,67.4,108.8,0.392,0.323,0.538,51.8,51,9.6,15.7,0.507,14,32.8,0.262,0,1,0,0,0
2017,First Round,3,Oregon,14,Iona,0,39,33,0.846,20.8,1091,0.481,334,0.38,560,0.712,412,1431,614,253,248,454,614,68.8,114.2,0.347,0.388,0.582,52.9,56.3,9.4,17.2,0.554,14.7,32.2,0.247,1,13,3,1,0,35,22,0.629,1.08,979,0.454,342,0.397,513,0.768,337,1250,541,239,108,421,669,72.3,109.9,0.31,0.4,0.569,48.2,55.3,9.3,7.7,0.534,14.6,26.9,0.238,0,4,0,0,0
2017,Sweet Sixteen,3,Oregon,7,Michigan,0,39,33,0.846,20.8,1091,0.481,334,0.38,560,0.712,412,1431,614,253,248,454,614,68.8,114.2,0.347,0.388,0.582,52.9,56.3,9.4,17.2,0.554,14.7,32.2,0.247,1,13,3,1,0,38,26,0.684,18.8,1002,0.483,361,0.385,486,0.779,280,1111,527,220,108,348,571,63.8,116.5,0.301,0.451,0.601,47.9,52.6,9,7.4,0.57,12.8,24.5,0.234,1,11,5,1,0
2017,Second Round,2,Louisville,7,Michigan,1,34,25,0.735,22.47,952,0.457,238,0.355,486,0.686,457,1343,461,227,186,374,652,68.5,112,0.34,0.321,0.543,54.1,48.4,9.7,15.2,0.514,13.4,36.6,0.233,1,21,13,7,2,38,26,0.684,18.8,1002,0.483,361,0.385,486,0.779,280,1111,527,220,108,348,571,63.8,116.5,0.301,0.451,0.601,47.9,52.6,9,7.4,0.57,12.8,24.5,0.234,1,11,5,1,0
2017,First Round,7,Michigan,10,Oklahoma State,0,38,26,0.684,18.8,1002,0.483,361,0.385,486,0.779,280,1111,527,220,108,348,571,63.8,116.5,0.301,0.451,0.601,47.9,52.6,9,7.4,0.57,12.8,24.5,0.234,1,11,5,1,0,33,20,0.606,19.19,957,0.467,294,0.402,620,0.789,454,1215,486,252,99,432,730,72.7,117.8,0.383,0.357,0.583,52.9,50.8,10.5,8.1,0.539,15.1,38.1,0.302,0,4,0,0,0
2017,First Round,2,Louisville,15,Jacksonville State,0,34,25,0.735,22.47,952,0.457,238,0.355,486,0.686,457,1343,461,227,186,374,652,68.5,112,0.34,0.321,0.543,54.1,48.4,9.7,15.2,0.514,13.4,36.6,0.233,1,21,13,7,2,35,20,0.571,-2.85,857,0.459,258,0.377,462,0.714,355,1244,493,157,134,477,628,65.3,105.7,0.346,0.367,0.559,52.7,57.5,6.8,10.8,0.528,18,31.5,0.247,0,3,0,0,0
2017,First Round,1,UNC,16,Texas Southern,1,40,33,0.825,24.84,1226,0.466,283,0.355,642,0.701,630,1748,722,283,139,473,711,72.6,116,0.348,0.303,0.55,58.2,58.9,9.7,9.7,0.519,13.4,41.3,0.244,1,27,18,9,3,35,23,0.657,-6.41,866,0.429,205,0.295,656,0.735,401,1228,411,251,110,407,607,69.7,105.5,0.442,0.345,0.531,48.4,47.5,10.2,7.3,0.48,14.3,31.6,0.325,0,8,1,1,0
2017,Second Round,1,UNC,8,Arkansas,0,40,33,0.825,24.84,1226,0.466,283,0.355,642,0.701,630,1748,722,283,139,473,711,72.6,116,0.348,0.303,0.55,58.2,58.9,9.7,9.7,0.519,13.4,41.3,0.244,1,27,18,9,3,36,26,0.722,14.04,997,0.461,233,0.365,628,0.761,401,1298,497,278,170,428,739,71.7,110.7,0.381,0.295,0.558,49.5,49.8,10.8,12.4,0.514,14.3,31.7,0.29,0,8,2,0,0
2017,Sweet Sixteen,1,UNC,4,Butler,0,40,33,0.825,24.84,1226,0.466,283,0.355,642,0.701,630,1748,722,283,139,473,711,72.6,116,0.348,0.303,0.55,58.2,58.9,9.7,9.7,0.519,13.4,41.3,0.244,1,27,18,9,3,34,25,0.735,17.7,906,0.477,261,0.366,522,0.741,287,1091,453,206,96,346,640,67.3,112.6,0.371,0.376,0.581,50.6,50,8.9,8.4,0.546,13.4,27.1,0.275,1,3,1,0,0
2017,Elite Eight,1,UNC,2,Kentucky,0,40,33,0.825,24.84,1226,0.466,283,0.355,642,0.701,630,1748,722,283,139,473,711,72.6,116,0.348,0.303,0.55,58.2,58.9,9.7,9.7,0.519,13.4,41.3,0.244,1,27,18,9,3,38,32,0.842,23.88,1134,0.473,267,0.353,690,0.704,470,1512,585,229,200,443,716,74.3,113.8,0.409,0.316,0.564,53.2,51.6,8.1,13,0.529,13.4,33.2,0.288,1,18,13,6,1
2017,First Round,8,Arkansas,9,Seton Hall,0,36,26,0.722,14.04,997,0.461,233,0.365,628,0.761,401,1298,497,278,170,428,739,71.7,110.7,0.381,0.295,0.558,49.5,49.8,10.8,12.4,0.514,14.3,31.7,0.29,0,8,2,0,0,33,21,0.636,12.1,872,0.447,202,0.338,471,0.643,439,1311,405,228,82,449,613,69,104.9,0.376,0.307,0.526,54.7,46.4,9.9,6.6,0.499,16.4,35.7,0.242,0,2,0,0,0
2017,First Round,5,Minnesota,12,Middle Tennessee,1,34,24,0.706,14.56,887,0.435,209,0.343,573,0.711,378,1341,507,194,227,393,577,70.3,104.6,0.396,0.299,0.528,50.5,57.2,7.9,15.9,0.487,14,29.6,0.281,0,1,0,0,0,36,31,0.861,9.8,1014,0.488,228,0.367,441,0.699,355,1273,552,242,100,374,655,66.4,112.4,0.304,0.299,0.567,53.9,54.4,10.1,8.3,0.543,13.6,30.7,0.212,0,5,0,0,0
2017,Second Round,4,Butler,12,Middle Tennessee,0,34,25,0.735,17.7,906,0.477,261,0.366,522,0.741,287,1091,453,206,96,346,640,67.3,112.6,0.371,0.376,0.581,50.6,50,8.9,8.4,0.546,13.4,27.1,0.275,1,3,1,0,0,36,31,0.861,9.8,1014,0.488,228,0.367,441,0.699,355,1273,552,242,100,374,655,66.4,112.4,0.304,0.299,0.567,53.9,54.4,10.1,8.3,0.543,13.6,30.7,0.212,0,5,0,0,0
2017,First Round,4,Butler,13,Winthrop,0,34,25,0.735,17.7,906,0.477,261,0.366,522,0.741,287,1091,453,206,96,346,640,67.3,112.6,0.371,0.376,0.581,50.6,50,8.9,8.4,0.546,13.4,27.1,0.275,1,3,1,0,0,33,26,0.788,1.34,891,0.455,313,0.373,520,0.717,316,1224,423,216,169,430,605,71.5,108.3,0.37,0.429,0.568,50.3,47.5,8.9,13.1,0.535,15.7,27.1,0.266,0,1,0,0,0
2017,First Round,6,Cincinnati,11,Kansas State,0,36,30,0.833,18.43,969,0.458,264,0.346,472,0.686,437,1328,557,261,173,361,566,65.1,113.3,0.325,0.361,0.547,53.3,57.5,11.1,13.9,0.52,12.9,35.5,0.223,1,9,1,0,0,35,21,0.6,14.8,869,0.461,247,0.362,538,0.694,330,1132,521,271,130,453,630,67.5,106.4,0.412,0.363,0.56,49.2,60,11.4,10.3,0.527,16.8,29.5,0.286,0,11,3,1,0
2017,First Round,3,UCLA,14,Kent State,0,36,31,0.861,20.67,1210,0.522,354,0.406,459,0.738,343,1386,771,212,191,404,583,74.2,121,0.268,0.376,0.618,52.4,63.7,7.9,12.5,0.598,13.4,28.9,0.198,1,10,4,0,0,36,22,0.611,0.88,986,0.428,257,0.32,543,0.719,539,1454,449,230,134,465,685,70.7,107,0.328,0.349,0.521,54,45.5,8.9,9.7,0.484,14.9,38.7,0.236,0,1,0,0,0
2017,Second Round,3,UCLA,6,Cincinnati,0,36,31,0.861,20.67,1210,0.522,354,0.406,459,0.738,343,1386,771,212,191,404,583,74.2,121,0.268,0.376,0.618,52.4,63.7,7.9,12.5,0.598,13.4,28.9,0.198,1,10,4,0,0,36,30,0.833,18.43,969,0.458,264,0.346,472,0.686,437,1328,557,261,173,361,566,65.1,113.3,0.325,0.361,0.547,53.3,57.5,11.1,13.9,0.52,12.9,35.5,0.223,1,9,1,0,0
2017,First Round,7,Dayton,10,Wichita State,1,32,24,0.75,12.98,820,0.465,258,0.385,530,0.69,277,1097,500,249,128,376,601,69.4,108.9,0.436,0.381,0.571,49.7,61,11.2,11.9,0.538,15,25.8,0.301,0,4,1,0,0,36,31,0.861,21.24,992,0.469,310,0.403,622,0.733,434,1472,586,235,140,406,676,69.4,116.7,0.401,0.364,0.579,56.1,59.1,9.4,11.4,0.543,13.9,34.3,0.294,1,13,2,1,0
2017,Second Round,2,Kentucky,10,Wichita State,0,38,32,0.842,23.88,1134,0.473,267,0.353,690,0.704,470,1512,585,229,200,443,716,74.3,113.8,0.409,0.316,0.564,53.2,51.6,8.1,13,0.529,13.4,33.2,0.288,1,18,13,6,1,36,31,0.861,21.24,992,0.469,310,0.403,622,0.733,434,1472,586,235,140,406,676,69.4,116.7,0.401,0.364,0.579,56.1,59.1,9.4,11.4,0.543,13.9,34.3,0.294,1,13,2,1,0
2017,First Round,2,Kentucky,15,Northern Kentucky,0,38,32,0.842,23.88,1134,0.473,267,0.353,690,0.704,470,1512,585,229,200,443,716,74.3,113.8,0.409,0.316,0.564,53.2,51.6,8.1,13,0.529,13.4,33.2,0.288,1,18,13,6,1,35,24,0.686,-0.17,928,0.456,300,0.349,503,0.68,391,1319,486,200,98,468,622,70.8,107.3,0.363,0.422,0.557,53.1,52.4,8.1,7.1,0.529,16.4,31.7,0.247,0,1,0,0,0
2017,Sweet Sixteen,2,Kentucky,3,UCLA,0,38,32,0.842,23.88,1134,0.473,267,0.353,690,0.704,470,1512,585,229,200,443,716,74.3,113.8,0.409,0.316,0.564,53.2,51.6,8.1,13,0.529,13.4,33.2,0.288,1,18,13,6,1,36,31,0.861,20.67,1210,0.522,354,0.406,459,0.738,343,1386,771,212,191,404,583,74.2,121,0.268,0.376,0.618,52.4,63.7,7.9,12.5,0.598,13.4,28.9,0.198,1,10,4,0,0
2017,First Round,1,Gonzaga,16,South Dakota State,0,39,37,0.949,25.26,1149,0.504,286,0.382,638,0.717,378,1587,595,265,183,448,660,70.9,116.4,0.39,0.329,0.596,54.7,51.8,9.6,11.2,0.567,14.2,29.8,0.28,1,18,7,1,0,35,18,0.514,-2.3,881,0.455,318,0.36,603,0.771,316,1229,459,180,83,453,584,69.2,109.6,0.404,0.456,0.581,50.7,52.1,7.4,7.2,0.537,16.4,27.4,0.311,0,1,0,0,0
2017,Second Round,1,Gonzaga,8,Northwestern,0,39,37,0.949,25.26,1149,0.504,286,0.382,638,0.717,378,1587,595,265,183,448,660,70.9,116.4,0.39,0.329,0.596,54.7,51.8,9.6,11.2,0.567,14.2,29.8,0.28,1,18,7,1,0,36,24,0.667,14.02,913,0.436,255,0.342,477,0.748,386,1304,541,189,175,383,691,66.5,106.8,0.305,0.356,0.534,50.6,59.3,7.9,13.2,0.497,13.8,30.7,0.228,0,1,0,0,0
2017,Sweet Sixteen,1,Gonzaga,4,West Virginia,0,39,37,0.949,25.26,1149,0.504,286,0.382,638,0.717,378,1587,595,265,183,448,660,70.9,116.4,0.39,0.329,0.596,54.7,51.8,9.6,11.2,0.567,14.2,29.8,0.28,1,18,7,1,0,37,28,0.757,24.45,1059,0.454,275,0.362,621,0.685,534,1387,607,371,176,455,756,71.4,112.2,0.389,0.325,0.545,52.1,57.3,13.8,14.2,0.513,14.1,37.7,0.266,1,23,8,2,0
2017,Elite Eight,1,Gonzaga,11,Xavier,0,39,37,0.949,25.26,1149,0.504,286,0.382,638,0.717,378,1587,595,265,183,448,660,70.9,116.4,0.39,0.329,0.596,54.7,51.8,9.6,11.2,0.567,14.2,29.8,0.28,1,18,7,1,0,38,24,0.632,14.8,981,0.457,267,0.345,607,0.688,451,1416,560,228,100,478,711,68.2,109,0.411,0.361,0.552,54.4,57.1,8.8,7.7,0.519,15.7,34.5,0.283,0,7,4,0,0
2017,First Round,6,Maryland,11,Xavier,1,33,24,0.727,12.79,827,0.449,272,0.359,512,0.699,351,1173,472,180,154,426,613,68.1,108.1,0.398,0.411,0.557,50.3,57.1,8,11.9,0.523,16.3,31.1,0.278,0,8,2,0,0,38,24,0.632,14.8,981,0.457,267,0.345,607,0.688,451,1416,560,228,100,478,711,68.2,109,0.411,0.361,0.552,54.4,57.1,8.8,7.7,0.519,15.7,34.5,0.283,0,7,4,0,0
2017,Second Round,3,Florida State,11,Xavier,1,35,26,0.743,18.87,1036,0.483,233,0.347,568,0.689,409,1324,511,259,180,415,684,72.6,113.1,0.384,0.313,0.566,52.7,49.3,10.2,13.7,0.537,14.1,33.6,0.265,1,8,2,0,0,38,24,0.632,14.8,981,0.457,267,0.345,607,0.688,451,1416,560,228,100,478,711,68.2,109,0.411,0.361,0.552,54.4,57.1,8.8,7.7,0.519,15.7,34.5,0.283,0,7,4,0,0
2017,Sweet Sixteen,2,Arizona,11,Xavier,1,37,32,0.865,18.25,977,0.477,244,0.39,635,0.765,380,1358,501,201,119,413,625,67.3,113.8,0.405,0.305,0.58,55.1,51.3,8.1,8.8,0.537,14.5,33.1,0.31,1,10,7,0,0,38,24,0.632,14.8,981,0.457,267,0.345,607,0.688,451,1416,560,228,100,478,711,68.2,109,0.411,0.361,0.552,54.4,57.1,8.8,7.7,0.519,15.7,34.5,0.283,0,7,4,0,0
2017,National Championship,1,Gonzaga,1,UNC,1,39,37,0.949,25.26,1149,0.504,286,0.382,638,0.717,378,1587,595,265,183,448,660,70.9,116.4,0.39,0.329,0.596,54.7,51.8,9.6,11.2,0.567,14.2,29.8,0.28,1,18,7,1,0,40,33,0.825,24.84,1226,0.466,283,0.355,642,0.701,630,1748,722,283,139,473,711,72.6,116,0.348,0.303,0.55,58.2,58.9,9.7,9.7,0.519,13.4,41.3,0.244,1,27,18,9,3
2017,First Round,8,Northwestern,9,Vanderbilt,0,36,24,0.667,14.02,913,0.436,255,0.342,477,0.748,386,1304,541,189,175,383,691,66.5,106.8,0.305,0.356,0.534,50.6,59.3,7.9,13.2,0.497,13.8,30.7,0.228,0,1,0,0,0,35,19,0.543,13.69,815,0.43,346,0.376,513,0.777,286,1208,450,147,133,430,581,67.1,105.6,0.348,0.486,0.563,50,55.2,6.2,9.8,0.521,16.3,24.7,0.271,0,3,0,0,0
2017,First Round,5,Notre Dame,12,Princeton,0,36,26,0.722,17.81,980,0.458,334,0.384,489,0.8,334,1212,566,255,134,341,533,67.7,113.8,0.286,0.406,0.573,48.7,57.8,10.4,9.7,0.536,12.3,27.3,0.229,1,14,3,0,0,30,23,0.767,6.57,772,0.45,298,0.378,307,0.738,247,1003,426,200,93,298,482,65.2,109.5,0.242,0.46,0.562,50,55.2,10.2,9.5,0.537,13.5,24.4,0.179,0,1,0,0,0
2017,First Round,4,West Virginia,13,Bucknell,0,37,28,0.757,24.45,1059,0.454,275,0.362,621,0.685,534,1387,607,371,176,455,756,71.4,112.2,0.389,0.325,0.545,52.1,57.3,13.8,14.2,0.513,14.1,37.7,0.266,1,23,8,2,0,35,26,0.743,5.89,942,0.48,286,0.379,497,0.681,302,1203,510,252,134,466,655,70.7,107.9,0.372,0.384,0.578,50.6,54.1,10.2,9.7,0.553,16.8,26.7,0.253,0,1,0,0,0
2017,Second Round,4,West Virginia,5,Notre Dame,0,37,28,0.757,24.45,1059,0.454,275,0.362,621,0.685,534,1387,607,371,176,455,756,71.4,112.2,0.389,0.325,0.545,52.1,57.3,13.8,14.2,0.513,14.1,37.7,0.266,1,23,8,2,0,36,26,0.722,17.81,980,0.458,334,0.384,489,0.8,334,1212,566,255,134,341,533,67.7,113.8,0.286,0.406,0.573,48.7,57.8,10.4,9.7,0.536,12.3,27.3,0.229,1,14,3,0,0
2017,First Round,3,Florida State,14,Florida Gulf Coast,0,35,26,0.743,18.87,1036,0.483,233,0.347,568,0.689,409,1324,511,259,180,415,684,72.6,113.1,0.384,0.313,0.566,52.7,49.3,10.2,13.7,0.537,14.1,33.6,0.265,1,8,2,0,0,34,26,0.765,2.26,1007,0.499,221,0.347,466,0.702,379,1269,527,207,116,421,635,69.3,113.8,0.329,0.315,0.579,53.9,52.3,8.7,9.7,0.554,15.3,33.9,0.231,0,2,0,0,0
2017,First Round,7,Saint Mary's,10,VCU,0,34,29,0.853,16.75,892,0.496,293,0.394,372,0.745,324,1205,563,143,110,365,512,61.3,117.6,0.278,0.414,0.602,57.2,63.1,6.9,8.5,0.578,15.2,33,0.207,1,6,1,0,0,35,26,0.743,11.57,945,0.461,199,0.331,527,0.705,386,1275,525,263,138,435,728,69,106.8,0.364,0.294,0.544,51.8,55.6,10.7,10.6,0.51,15.3,31.2,0.257,0,2,0,0,0
2017,First Round,2,Arizona,15,North Dakota,1,37,32,0.865,18.25,977,0.477,244,0.39,635,0.765,380,1358,501,201,119,413,625,67.3,113.8,0.405,0.305,0.58,55.1,51.3,8.1,8.8,0.537,14.5,33.1,0.31,1,10,7,0,0,32,22,0.688,-1.83,926,0.483,228,0.39,498,0.713,297,1146,487,251,93,419,672,72.9,108.8,0.364,0.305,0.573,50.5,52.6,10.6,7.5,0.542,15.7,26.8,0.26,0,1,0,0,0
2017,Second Round,2,Arizona,7,Saint Mary's,0,37,32,0.865,18.25,977,0.477,244,0.39,635,0.765,380,1358,501,201,119,413,625,67.3,113.8,0.405,0.305,0.58,55.1,51.3,8.1,8.8,0.537,14.5,33.1,0.31,1,10,7,0,0,34,29,0.853,16.75,892,0.496,293,0.394,372,0.745,324,1205,563,143,110,365,512,61.3,117.6,0.278,0.414,0.602,57.2,63.1,6.9,8.5,0.578,15.2,33,0.207,1,6,1,0,0
2018,Play-In,16,Radford,16,LIU,0,36,23,0.639,-2.62,850,0.425,277,0.349,445,0.725,415,1244,442,226,105,441,596,63.4,104.3,0.307,0.397,0.528,52.3,52,9.7,9.1,0.494,16.1,33.7,0.223,0,1,0,0,0,35,18,0.514,-8.6,935,0.455,279,0.342,547,0.696,370,1327,442,194,111,496,687,72.9,105.4,0.382,0.397,0.555,51,47.3,7.6,7.6,0.523,17,29.7,0.266,0,2,0,0,0
2018,Play-In,11,St. Bonaventure,11,UCLA,0,34,26,0.765,8.87,884,0.451,255,0.386,597,0.752,344,1208,472,239,118,391,674,69.4,109.5,0.405,0.337,0.561,50.5,53.4,10,10.8,0.516,14.3,29.2,0.305,0,2,0,0,0,33,21,0.636,12.07,927,0.46,310,0.381,515,0.72,337,1283,495,184,131,399,592,71.4,111.1,0.355,0.404,0.569,51.8,53.4,7.6,10.3,0.537,14.5,28.4,0.256,0,11,4,0,0
2018,Play-In,16,North Carolina Central,16,Texas Southern,1,35,19,0.543,-13.18,949,0.461,212,0.331,410,0.687,415,1336,545,179,117,495,650,68.8,104.3,0.29,0.311,0.538,53.4,57.4,7.4,9.4,0.512,17.4,33.9,0.199,0,3,0,0,0,36,16,0.444,-7.53,925,0.438,280,0.359,657,0.725,372,1301,438,207,145,453,631,72.7,105.8,0.429,0.37,0.548,48.5,47.4,7.9,9.3,0.505,15.1,28.4,0.311,0,9,1,1,0
2018,First Round,1,Xavier,16,Texas Southern,1,35,29,0.829,19.06,1011,0.492,274,0.372,657,0.779,345,1342,579,205,109,441,602,72.3,115.5,0.41,0.358,0.601,55.1,57.3,8,8.4,0.559,15.2,30.2,0.32,1,8,4,0,0,36,16,0.444,-7.53,925,0.438,280,0.359,657,0.725,372,1301,438,207,145,453,631,72.7,105.8,0.429,0.37,0.548,48.5,47.4,7.9,9.3,0.505,15.1,28.4,0.311,0,9,1,1,0
2018,Play-In,11,Arizona State,11,Syracuse,1,32,20,0.625,14.37,888,0.463,288,0.363,581,0.733,315,1126,458,209,114,343,604,72.2,113.6,0.413,0.413,0.576,49,51.6,9,9.9,0.538,13,27.9,0.303,0,2,0,0,0,37,23,0.622,12.89,832,0.417,208,0.318,594,0.736,442,1375,395,258,198,460,611,64.2,102.4,0.405,0.328,0.518,52.6,47.5,10.7,17.4,0.469,16.2,34.6,0.298,0,33,19,5,1
2018,First Round,6,TCU,11,Syracuse,1,33,21,0.636,16.38,979,0.496,274,0.395,476,0.706,368,1201,615,214,119,419,553,70,115.1,0.342,0.352,0.59,54.5,62.8,9.1,9.4,0.566,15.4,34.1,0.241,0,12,3,0,0,37,23,0.622,12.89,832,0.417,208,0.318,594,0.736,442,1375,395,258,198,460,611,64.2,102.4,0.405,0.328,0.518,52.6,47.5,10.7,17.4,0.469,16.2,34.6,0.298,0,33,19,5,1
2018,Second Round,3,Michigan State,11,Syracuse,1,35,30,0.857,22.41,991,0.496,290,0.4,535,0.747,405,1439,670,143,251,459,640,68.1,117.3,0.359,0.363,0.601,57.6,67.6,6,18.5,0.569,16.4,37,0.268,1,21,13,7,1,37,23,0.622,12.89,832,0.417,208,0.318,594,0.736,442,1375,395,258,198,460,611,64.2,102.4,0.405,0.328,0.518,52.6,47.5,10.7,17.4,0.469,16.2,34.6,0.298,0,33,19,5,1
2018,Sweet Sixteen,2,Duke,11,Syracuse,0,37,29,0.784,24.43,1125,0.492,309,0.372,562,0.71,496,1519,648,275,185,460,574,70.6,118.6,0.346,0.363,0.586,55.5,57.6,10.5,12.4,0.559,14.7,38.8,0.246,1,34,24,12,5,37,23,0.622,12.89,832,0.417,208,0.318,594,0.736,442,1375,395,258,198,460,611,64.2,102.4,0.405,0.328,0.518,52.6,47.5,10.7,17.4,0.469,16.2,34.6,0.298,0,33,19,5,1
2018,First Round,1,Villanova,16,Radford,0,40,36,0.9,26.64,1220,0.5,464,0.401,559,0.779,385,1436,655,259,162,426,645,70.1,122.3,0.294,0.475,0.623,52.4,53.7,9.1,10.5,0.595,13.3,29.3,0.229,1,15,6,3,2,36,23,0.639,-2.62,850,0.425,277,0.349,445,0.725,415,1244,442,226,105,441,596,63.4,104.3,0.307,0.397,0.528,52.3,52,9.7,9.1,0.494,16.1,33.7,0.223,0,1,0,0,0
2018,Second Round,1,Villanova,9,Alabama,0,40,36,0.9,26.64,1220,0.5,464,0.401,559,0.779,385,1436,655,259,162,426,645,70.1,122.3,0.294,0.475,0.623,52.4,53.7,9.1,10.5,0.595,13.3,29.3,0.229,1,15,6,3,2,36,20,0.556,12.34,910,0.461,229,0.326,555,0.67,360,1290,458,228,192,513,676,70.2,103,0.419,0.355,0.55,50.3,50.3,9,14.7,0.519,17.8,29.4,0.281,0,1,0,0,0
2018,First Round,8,Virginia Tech,9,Alabama,1,33,21,0.636,14.35,931,0.499,289,0.388,483,0.709,246,1078,542,191,74,395,523,69.9,113,0.365,0.399,0.602,48.8,58.2,8.2,6.6,0.577,15.3,23.9,0.259,0,7,3,0,0,36,20,0.556,12.34,910,0.461,229,0.326,555,0.67,360,1290,458,228,192,513,676,70.2,103,0.419,0.355,0.55,50.3,50.3,9,14.7,0.519,17.8,29.4,0.281,0,1,0,0,0
2018,Sweet Sixteen,1,Villanova,5,West Virginia,0,40,36,0.9,26.64,1220,0.5,464,0.401,559,0.779,385,1436,655,259,162,426,645,70.1,122.3,0.294,0.475,0.623,52.4,53.7,9.1,10.5,0.595,13.3,29.3,0.229,1,15,6,3,2,37,26,0.703,19.89,1036,0.436,322,0.353,570,0.766,521,1401,561,301,192,420,798,70.5,113.2,0.313,0.384,0.543,52.5,54.2,11.5,15.9,0.504,13.3,36.8,0.24,1,24,9,2,0
2018,Elite Eight,1,Villanova,3,Texas Tech,0,40,36,0.9,26.64,1220,0.5,464,0.401,559,0.779,385,1436,655,259,162,426,645,70.1,122.3,0.294,0.475,0.623,52.4,53.7,9.1,10.5,0.595,13.3,29.3,0.229,1,15,6,3,2,37,27,0.73,19.38,964,0.46,252,0.359,579,0.704,407,1332,529,262,158,454,669,68.3,108.4,0.393,0.335,0.555,52.6,54.9,10.3,12.8,0.52,15.4,32.9,0.276,1,2,1,0,0
2018,Sweet Sixteen,2,Purdue,3,Texas Tech,1,37,30,0.811,23.41,1033,0.493,353,0.42,555,0.743,319,1295,598,211,180,399,580,68.1,117.7,0.356,0.401,0.606,51.8,57.9,8.3,12.5,0.577,14,27.8,0.265,1,11,4,0,0,37,27,0.73,19.38,964,0.46,252,0.359,579,0.704,407,1332,529,262,158,454,669,68.3,108.4,0.393,0.335,0.555,52.6,54.9,10.3,12.8,0.52,15.4,32.9,0.276,1,2,1,0,0
2018,Final Four,1,Villanova,1,Kansas,0,40,36,0.9,26.64,1220,0.5,464,0.401,559,0.779,385,1436,655,259,162,426,645,70.1,122.3,0.294,0.475,0.623,52.4,53.7,9.1,10.5,0.595,13.3,29.3,0.229,1,15,6,3,2,39,31,0.795,21.39,1165,0.492,391,0.401,453,0.708,381,1388,649,254,160,456,597,70.2,115.5,0.27,0.412,0.594,50.3,55.7,9.2,10.9,0.575,14.6,29.3,0.191,1,20,13,3,1
2018,National Championship,1,Villanova,3,Michigan,0,40,36,0.9,26.64,1220,0.5,464,0.401,559,0.779,385,1436,655,259,162,426,645,70.1,122.3,0.294,0.475,0.623,52.4,53.7,9.1,10.5,0.595,13.3,29.3,0.229,1,15,6,3,2,41,33,0.805,19.03,1092,0.468,361,0.357,474,0.661,345,1367,585,261,126,379,643,65.7,111,0.307,0.433,0.564,50.3,53.6,9.6,8.1,0.545,12.4,25.4,0.203,1,12,6,2,0
2018,First Round,5,West Virginia,12,Murray State,0,37,26,0.703,19.89,1036,0.436,322,0.353,570,0.766,521,1401,561,301,192,420,798,70.5,113.2,0.313,0.384,0.543,52.5,54.2,11.5,15.9,0.504,13.3,36.8,0.24,1,24,9,2,0,32,26,0.813,6.87,870,0.483,271,0.377,504,0.734,341,1186,471,216,104,384,559,68.1,115.3,0.381,0.399,0.591,54.1,54.1,9.9,8.7,0.558,15.3,33,0.28,0,1,0,0,0
2018,Second Round,5,West Virginia,13,Marshall,0,37,26,0.703,19.89,1036,0.436,322,0.353,570,0.766,521,1401,561,301,192,420,798,70.5,113.2,0.313,0.384,0.543,52.5,54.2,11.5,15.9,0.504,13.3,36.8,0.24,1,24,9,2,0,36,25,0.694,4.21,1042,0.467,362,0.358,571,0.764,293,1287,615,252,209,476,617,76.3,108.7,0.335,0.453,0.583,46.7,59,9.1,12.7,0.548,15.5,22.5,0.256,0,1,0,0,0
2018,First Round,4,Wichita State,13,Marshall,1,33,25,0.758,16.58,957,0.476,300,0.381,517,0.739,405,1336,610,154,127,385,580,70,117.3,0.348,0.392,0.583,57.1,63.7,6.6,11.1,0.551,14.1,35.6,0.257,1,14,2,1,0,36,25,0.694,4.21,1042,0.467,362,0.358,571,0.764,293,1287,615,252,209,476,617,76.3,108.7,0.335,0.453,0.583,46.7,59,9.1,12.7,0.548,15.5,22.5,0.256,0,1,0,0,0
2018,First Round,6,Florida,11,St. Bonaventure,0,34,21,0.618,16.66,893,0.432,308,0.37,483,0.718,367,1198,445,237,164,335,591,68.4,109.6,0.326,0.403,0.54,48.5,49.8,10.1,12.7,0.507,12.3,28.7,0.234,1,2,1,0,0,34,26,0.765,8.87,884,0.451,255,0.386,597,0.752,344,1208,472,239,118,391,674,69.4,109.5,0.405,0.337,0.561,50.5,53.4,10,10.8,0.516,14.3,29.2,0.305,0,2,0,0,0
2018,First Round,3,Texas Tech,14,Stephen F. Austin,0,37,27,0.73,19.38,964,0.46,252,0.359,579,0.704,407,1332,529,262,158,454,669,68.3,108.4,0.393,0.335,0.555,52.6,54.9,10.3,12.8,0.52,15.4,32.9,0.276,1,2,1,0,0,35,28,0.8,2.66,1000,0.486,242,0.372,577,0.705,402,1248,498,361,107,540,765,73.8,109.1,0.398,0.316,0.576,52.6,49.8,14,9.7,0.544,18.1,33.5,0.28,0,1,0,0,0
2018,Second Round,3,Texas Tech,6,Florida,0,37,27,0.73,19.38,964,0.46,252,0.359,579,0.704,407,1332,529,262,158,454,669,68.3,108.4,0.393,0.335,0.555,52.6,54.9,10.3,12.8,0.52,15.4,32.9,0.276,1,2,1,0,0,34,21,0.618,16.66,893,0.432,308,0.37,483,0.718,367,1198,445,237,164,335,591,68.4,109.6,0.326,0.403,0.54,48.5,49.8,10.1,12.7,0.507,12.3,28.7,0.234,1,2,1,0,0
2018,First Round,7,Arkansas,10,Butler,1,35,23,0.657,14.76,1005,0.474,269,0.395,540,0.681,351,1208,501,218,163,381,700,71.3,111.8,0.374,0.321,0.565,48.9,49.9,8.6,13.8,0.538,13.2,28.7,0.255,0,9,2,0,0,35,21,0.6,16.92,1020,0.473,287,0.357,436,0.776,324,1198,489,232,100,391,642,69.6,111.1,0.261,0.374,0.57,51.3,47.9,9.3,8.2,0.54,13.9,27.4,0.202,0,1,0,0,0
2018,Second Round,2,Purdue,10,Butler,0,37,30,0.811,23.41,1033,0.493,353,0.42,555,0.743,319,1295,598,211,180,399,580,68.1,117.7,0.356,0.401,0.606,51.8,57.9,8.3,12.5,0.577,14,27.8,0.265,1,11,4,0,0,35,21,0.6,16.92,1020,0.473,287,0.357,436,0.776,324,1198,489,232,100,391,642,69.6,111.1,0.261,0.374,0.57,51.3,47.9,9.3,8.2,0.54,13.9,27.4,0.202,0,1,0,0,0
2018,First Round,2,Purdue,15,Cal State Fullerton,0,37,30,0.811,23.41,1033,0.493,353,0.42,555,0.743,319,1295,598,211,180,399,580,68.1,117.7,0.356,0.401,0.606,51.8,57.9,8.3,12.5,0.577,14,27.8,0.265,1,11,4,0,0,32,20,0.625,-0.93,804,0.467,167,0.334,543,0.729,280,1123,403,201,106,455,578,69.9,102.7,0.433,0.291,0.559,51.1,50.1,8.9,8.6,0.516,18,27.1,0.316,0,1,0,0,0
2018,First Round,1,Kansas,16,Penn,0,39,31,0.795,21.39,1165,0.492,391,0.401,453,0.708,381,1388,649,254,160,456,597,70.2,115.5,0.27,0.412,0.594,50.3,55.7,9.2,10.9,0.575,14.6,29.3,0.191,1,20,13,3,1,33,24,0.727,2.24,893,0.458,291,0.35,429,0.659,283,1239,508,194,92,391,566,70.2,105.3,0.334,0.427,0.555,51,56.9,8.2,7,0.533,14.8,23.6,0.22,0,4,1,0,0
2018,Second Round,1,Kansas,8,Seton Hall,0,39,31,0.795,21.39,1165,0.492,391,0.401,453,0.708,381,1388,649,254,160,456,597,70.2,115.5,0.27,0.412,0.594,50.3,55.7,9.2,10.9,0.575,14.6,29.3,0.191,1,20,13,3,1,34,22,0.647,15.67,971,0.468,250,0.365,509,0.698,416,1302,527,210,117,432,614,71.1,111,0.352,0.33,0.558,53.1,54.3,8.6,9.1,0.529,15.2,34.2,0.246,0,3,0,0,0
2018,Sweet Sixteen,1,Kansas,5,Clemson,0,39,31,0.795,21.39,1165,0.492,391,0.401,453,0.708,381,1388,649,254,160,456,597,70.2,115.5,0.27,0.412,0.594,50.3,55.7,9.2,10.9,0.575,14.6,29.3,0.191,1,20,13,3,1,35,25,0.714,17.16,899,0.456,288,0.366,498,0.755,313,1256,463,198,169,414,564,67.5,108.5,0.335,0.399,0.566,51.7,51.5,8.3,13.3,0.529,15.3,27.1,0.253,1,5,1,0,0
2018,Second Round,4,Auburn,5,Clemson,1,34,26,0.765,15.97,906,0.431,324,0.357,647,0.774,407,1290,481,252,180,411,672,73.4,111.5,0.398,0.432,0.557,51.7,53.1,10.1,15.2,0.508,14.1,32,0.308,1,9,4,0,0,35,25,0.714,17.16,899,0.456,288,0.366,498,0.755,313,1256,463,198,169,414,564,67.5,108.5,0.335,0.399,0.566,51.7,51.5,8.3,13.3,0.529,15.3,27.1,0.253,1,5,1,0,0
2018,Elite Eight,1,Kansas,2,Duke,0,39,31,0.795,21.39,1165,0.492,391,0.401,453,0.708,381,1388,649,254,160,456,597,70.2,115.5,0.27,0.412,0.594,50.3,55.7,9.2,10.9,0.575,14.6,29.3,0.191,1,20,13,3,1,37,29,0.784,24.43,1125,0.492,309,0.372,562,0.71,496,1519,648,275,185,460,574,70.6,118.6,0.346,0.363,0.586,55.5,57.6,10.5,12.4,0.559,14.7,38.8,0.246,1,34,24,12,5
2018,First Round,8,Seton Hall,9,NC State,0,34,22,0.647,15.67,971,0.468,250,0.365,509,0.698,416,1302,527,210,117,432,614,71.1,111,0.352,0.33,0.558,53.1,54.3,8.6,9.1,0.529,15.2,34.2,0.246,0,3,0,0,0,33,21,0.636,12.91,965,0.47,263,0.372,489,0.696,401,1176,531,244,122,400,609,72.1,112.3,0.342,0.344,0.562,50.3,55,10.2,9.2,0.534,14.3,33.4,0.238,0,3,0,0,0
2018,First Round,5,Clemson,12,New Mexico State,0,35,25,0.714,17.16,899,0.456,288,0.366,498,0.755,313,1256,463,198,169,414,564,67.5,108.5,0.335,0.399,0.566,51.7,51.5,8.3,13.3,0.529,15.3,27.1,0.253,1,5,1,0,0,34,28,0.824,9.06,963,0.458,258,0.334,388,0.643,427,1402,481,189,103,429,604,70.1,107.5,0.287,0.367,0.538,56,49.9,7.9,8.6,0.519,15.2,34.2,0.184,0,1,0,0,0
2018,First Round,4,Auburn,13,College of Charleston,0,34,26,0.765,15.97,906,0.431,324,0.357,647,0.774,407,1290,481,252,180,411,672,73.4,111.5,0.398,0.432,0.557,51.7,53.1,10.1,15.2,0.508,14.1,32,0.308,1,9,4,0,0,34,26,0.765,1.83,875,0.459,259,0.36,527,0.754,286,1129,387,177,119,339,563,65.9,111.1,0.367,0.378,0.567,49.6,44.2,7.8,9.8,0.527,13.2,25.7,0.277,0,1,0,0,0
2018,First Round,3,Michigan State,14,Bucknell,0,35,30,0.857,22.41,991,0.496,290,0.4,535,0.747,405,1439,670,143,251,459,640,68.1,117.3,0.359,0.363,0.601,57.6,67.6,6,18.5,0.569,16.4,37,0.268,1,21,13,7,1,35,25,0.714,4.49,965,0.471,280,0.348,627,0.719,325,1281,505,194,152,437,655,72.4,110.3,0.425,0.392,0.576,50.8,52.3,7.5,10.4,0.539,15.1,27,0.306,0,2,0,0,0
2018,First Round,7,Rhode Island,10,Oklahoma,0,34,26,0.765,11.81,954,0.455,236,0.352,439,0.697,389,1170,520,249,118,362,645,69.2,109,0.301,0.32,0.539,50,54.5,10.5,9.5,0.511,13.1,31,0.209,0,2,0,0,0,32,18,0.563,13.81,954,0.462,300,0.359,510,0.746,339,1229,479,208,151,428,551,76.5,109.8,0.332,0.405,0.569,49.8,50.2,8.4,11,0.535,15.2,28.4,0.247,0,18,5,2,0
2018,First Round,2,Duke,15,Iona,0,37,29,0.784,24.43,1125,0.492,309,0.372,562,0.71,496,1519,648,275,185,460,574,70.6,118.6,0.346,0.363,0.586,55.5,57.6,10.5,12.4,0.559,14.7,38.8,0.246,1,34,24,12,5,34,20,0.588,0.75,957,0.461,324,0.383,462,0.738,291,1146,542,229,103,395,587,71.5,109.2,0.302,0.408,0.569,47.2,56.6,9.3,7.6,0.539,14.3,24.4,0.223,0,5,0,0,0
2018,Second Round,2,Duke,7,Rhode Island,0,37,29,0.784,24.43,1125,0.492,309,0.372,562,0.71,496,1519,648,275,185,460,574,70.6,118.6,0.346,0.363,0.586,55.5,57.6,10.5,12.4,0.559,14.7,38.8,0.246,1,34,24,12,5,34,26,0.765,11.81,954,0.455,236,0.352,439,0.697,389,1170,520,249,118,362,645,69.2,109,0.301,0.32,0.539,50,54.5,10.5,9.5,0.511,13.1,31,0.209,0,2,0,0,0
2018,Second Round,1,Xavier,9,Florida State,1,35,29,0.829,19.06,1011,0.492,274,0.372,657,0.779,345,1342,579,205,109,441,602,72.3,115.5,0.41,0.358,0.601,55.1,57.3,8,8.4,0.559,15.2,30.2,0.32,1,8,4,0,0,35,23,0.657,15.78,994,0.468,273,0.35,543,0.691,398,1322,523,241,186,456,652,72.2,109.5,0.37,0.368,0.562,51.8,52.6,9.4,14,0.532,15.4,32,0.256,0,9,3,0,0
2018,First Round,8,Missouri,9,Florida State,1,33,20,0.606,13.81,794,0.45,306,0.383,505,0.734,333,1225,443,170,140,469,594,67.3,107.1,0.39,0.453,0.573,53.2,55.8,7.6,11.3,0.537,18.3,31.2,0.286,0,3,1,0,0,35,23,0.657,15.78,994,0.468,273,0.35,543,0.691,398,1322,523,241,186,456,652,72.2,109.5,0.37,0.368,0.562,51.8,52.6,9.4,14,0.532,15.4,32,0.256,0,9,3,0,0
2018,Sweet Sixteen,4,Gonzaga,9,Florida State,1,37,32,0.865,18.44,1125,0.498,328,0.368,513,0.708,413,1477,564,234,134,420,631,69.7,118.2,0.321,0.394,0.593,56,50.1,8.9,9.6,0.57,13.9,32.9,0.227,1,19,8,1,0,35,23,0.657,15.78,994,0.468,273,0.35,543,0.691,398,1322,523,241,186,456,652,72.2,109.5,0.37,0.368,0.562,51.8,52.6,9.4,14,0.532,15.4,32,0.256,0,9,3,0,0
2018,Elite Eight,3,Michigan,9,Florida State,0,41,33,0.805,19.03,1092,0.468,361,0.357,474,0.661,345,1367,585,261,126,379,643,65.7,111,0.307,0.433,0.564,50.3,53.6,9.6,8.1,0.545,12.4,25.4,0.203,1,12,6,2,0,35,23,0.657,15.78,994,0.468,273,0.35,543,0.691,398,1322,523,241,186,456,652,72.2,109.5,0.37,0.368,0.562,51.8,52.6,9.4,14,0.532,15.4,32,0.256,0,9,3,0,0
2018,First Round,5,Ohio State,12,South Dakota State,0,34,25,0.735,17.67,951,0.48,239,0.353,450,0.731,334,1245,499,209,132,399,595,67.9,111,0.311,0.342,0.57,53.6,52.5,9,11.3,0.541,14.9,30.1,0.227,1,4,1,0,0,35,28,0.8,6.84,1003,0.467,374,0.403,578,0.762,310,1360,467,172,80,353,562,72.3,115.7,0.354,0.432,0.59,52.2,46.6,6.7,5.9,0.554,12.3,24.8,0.269,0,2,0,0,0
2018,First Round,4,Gonzaga,13,UNC Greensboro,0,37,32,0.865,18.44,1125,0.498,328,0.368,513,0.708,413,1477,564,234,134,420,631,69.7,118.2,0.321,0.394,0.593,56,50.1,8.9,9.6,0.57,13.9,32.9,0.227,1,19,8,1,0,35,27,0.771,4.54,924,0.445,331,0.353,383,0.698,418,1307,487,267,132,481,650,66.9,107.1,0.265,0.452,0.548,55,52.7,11.2,12.4,0.525,17.1,34.2,0.185,0,1,0,0,0
2018,Second Round,4,Gonzaga,5,Ohio State,0,37,32,0.865,18.44,1125,0.498,328,0.368,513,0.708,413,1477,564,234,134,420,631,69.7,118.2,0.321,0.394,0.593,56,50.1,8.9,9.6,0.57,13.9,32.9,0.227,1,19,8,1,0,34,25,0.735,17.67,951,0.48,239,0.353,450,0.731,334,1245,499,209,132,399,595,67.9,111,0.311,0.342,0.57,53.6,52.5,9,11.3,0.541,14.9,30.1,0.227,1,4,1,0,0
2018,First Round,6,Houston,11,San Diego State,0,35,27,0.771,15.99,952,0.461,297,0.387,484,0.718,408,1352,505,218,106,418,737,68.5,112,0.326,0.372,0.563,54.6,53,9.1,9,0.533,14.9,33.6,0.234,1,15,3,1,0,33,22,0.667,12.23,902,0.459,239,0.337,502,0.715,366,1250,488,206,107,394,564,70.4,109.6,0.357,0.36,0.553,53.7,54.1,8.9,9.4,0.519,14.6,31.9,0.255,0,1,0,0,0
2018,First Round,3,Michigan,14,Montana,0,41,33,0.805,19.03,1092,0.468,361,0.357,474,0.661,345,1367,585,261,126,379,643,65.7,111,0.307,0.433,0.564,50.3,53.6,9.6,8.1,0.545,12.4,25.4,0.203,1,12,6,2,0,34,26,0.765,6.29,944,0.467,186,0.339,551,0.706,402,1258,428,264,114,422,716,69.9,108.8,0.386,0.272,0.549,53.3,45.3,10.9,9.2,0.513,15,33.3,0.273,0,1,0,0,0
2018,Second Round,3,Michigan,6,Houston,0,41,33,0.805,19.03,1092,0.468,361,0.357,474,0.661,345,1367,585,261,126,379,643,65.7,111,0.307,0.433,0.564,50.3,53.6,9.6,8.1,0.545,12.4,25.4,0.203,1,12,6,2,0,35,27,0.771,15.99,952,0.461,297,0.387,484,0.718,408,1352,505,218,106,418,737,68.5,112,0.326,0.372,0.563,54.6,53,9.1,9,0.533,14.9,33.6,0.234,1,15,3,1,0
2018,Sweet Sixteen,3,Michigan,7,Texas A&M,0,41,33,0.805,19.03,1092,0.468,361,0.357,474,0.661,345,1367,585,261,126,379,643,65.7,111,0.307,0.433,0.564,50.3,53.6,9.6,8.1,0.545,12.4,25.4,0.203,1,12,6,2,0,35,22,0.629,15.3,976,0.46,230,0.329,449,0.661,432,1450,538,190,209,476,574,70.9,106.1,0.32,0.33,0.538,54.3,55.1,7.7,15.3,0.514,16.3,33.9,0.212,0,4,2,0,0
2018,Second Round,2,UNC,7,Texas A&M,1,37,26,0.703,20.07,1105,0.457,305,0.359,503,0.743,511,1570,674,213,151,445,587,71.7,113.4,0.28,0.351,0.551,56.4,61,8,11.1,0.52,14,37.4,0.208,1,28,18,9,3,35,22,0.629,15.3,976,0.46,230,0.329,449,0.661,432,1450,538,190,209,476,574,70.9,106.1,0.32,0.33,0.538,54.3,55.1,7.7,15.3,0.514,16.3,33.9,0.212,0,4,2,0,0
2018,Final Four,3,Michigan,11,Loyola (IL),0,41,33,0.805,19.03,1092,0.468,361,0.357,474,0.661,345,1367,585,261,126,379,643,65.7,111,0.307,0.433,0.564,50.3,53.6,9.6,8.1,0.545,12.4,25.4,0.203,1,12,6,2,0,38,32,0.842,10.37,995,0.507,277,0.396,454,0.725,238,1222,594,241,90,472,528,65.9,108.6,0.319,0.357,0.602,51.3,59.7,9.6,6.8,0.577,17.3,22.4,0.231,0,1,1,1,0
2018,First Round,6,Miami (FL),11,Loyola (IL),1,32,22,0.688,12.83,875,0.465,247,0.364,362,0.662,318,1113,424,210,130,367,518,67.8,108,0.291,0.36,0.551,50.6,48.5,9.6,11,0.531,14.6,29.1,0.192,1,9,3,1,0,38,32,0.842,10.37,995,0.507,277,0.396,454,0.725,238,1222,594,241,90,472,528,65.9,108.6,0.319,0.357,0.602,51.3,59.7,9.6,6.8,0.577,17.3,22.4,0.231,0,1,1,1,0
2018,Second Round,3,Tennessee,11,Loyola (IL),1,35,26,0.743,18.2,885,0.44,273,0.38,541,0.757,404,1262,550,222,156,422,680,67.1,109.3,0.355,0.357,0.549,51.4,62.1,9.4,12.8,0.508,15.2,33.3,0.269,1,23,6,1,0,38,32,0.842,10.37,995,0.507,277,0.396,454,0.725,238,1222,594,241,90,472,528,65.9,108.6,0.319,0.357,0.602,51.3,59.7,9.6,6.8,0.577,17.3,22.4,0.231,0,1,1,1,0
2018,Sweet Sixteen,7,Nevada,11,Loyola (IL),1,37,29,0.784,14.44,1049,0.469,354,0.392,603,0.743,342,1316,598,230,150,357,630,70.5,115.5,0.363,0.404,0.582,49.4,57,8.7,10.9,0.548,12,26.4,0.269,1,2,1,0,0,38,32,0.842,10.37,995,0.507,277,0.396,454,0.725,238,1222,594,241,90,472,528,65.9,108.6,0.319,0.357,0.602,51.3,59.7,9.6,6.8,0.577,17.3,22.4,0.231,0,1,1,1,0
2018,Elite Eight,9,Kansas State,11,Loyola (IL),1,37,25,0.676,12.85,937,0.463,254,0.341,502,0.734,304,1136,510,294,110,423,684,66.6,106.4,0.338,0.368,0.56,47.4,54.4,11.9,9.3,0.525,15.3,25.8,0.248,0,12,4,1,0,38,32,0.842,10.37,995,0.507,277,0.396,454,0.725,238,1222,594,241,90,472,528,65.9,108.6,0.319,0.357,0.602,51.3,59.7,9.6,6.8,0.577,17.3,22.4,0.231,0,1,1,1,0
2018,First Round,7,Texas A&M,10,Providence,0,35,22,0.629,15.3,976,0.46,230,0.329,449,0.661,432,1450,538,190,209,476,574,70.9,106.1,0.32,0.33,0.538,54.3,55.1,7.7,15.3,0.514,16.3,33.9,0.212,0,4,2,0,0,35,21,0.6,11.12,899,0.441,223,0.332,554,0.704,369,1247,485,238,128,430,624,69.5,104.1,0.386,0.329,0.534,49.6,53.9,9.6,9.8,0.496,15.1,28.8,0.272,0,5,0,0,0
2018,First Round,2,UNC,15,Lipscomb,0,37,26,0.703,20.07,1105,0.457,305,0.359,503,0.743,511,1570,674,213,151,445,587,71.7,113.4,0.28,0.351,0.551,56.4,61,8,11.1,0.52,14,37.4,0.208,1,28,18,9,3,33,23,0.697,-2.1,924,0.453,267,0.328,593,0.718,346,1276,517,216,102,493,656,77,105,0.405,0.399,0.557,52.2,56,8.4,8,0.518,16.9,28.3,0.291,0,1,0,0,0
2018,First Round,1,Virginia,16,UMBC,1,34,31,0.912,22.2,848,0.46,247,0.383,340,0.754,282,1099,458,232,124,290,480,60.6,110.4,0.245,0.35,0.555,51.2,54,11.2,12.3,0.527,12.3,26.9,0.184,1,8,3,0,0,36,25,0.694,-2.02,926,0.443,364,0.387,414,0.646,348,1245,547,269,87,440,592,69.2,105.6,0.307,0.45,0.55,49.1,59.1,10.8,7.3,0.531,15.5,26.8,0.198,0,1,0,0,0
2018,Second Round,9,Kansas State,16,UMBC,0,37,25,0.676,12.85,937,0.463,254,0.341,502,0.734,304,1136,510,294,110,423,684,66.6,106.4,0.338,0.368,0.56,47.4,54.4,11.9,9.3,0.525,15.3,25.8,0.248,0,12,4,1,0,36,25,0.694,-2.02,926,0.443,364,0.387,414,0.646,348,1245,547,269,87,440,592,69.2,105.6,0.307,0.45,0.55,49.1,59.1,10.8,7.3,0.531,15.5,26.8,0.198,0,1,0,0,0
2018,First Round,8,Creighton,9,Kansas State,1,33,21,0.636,16.35,1008,0.492,343,0.372,397,0.748,249,1206,588,187,88,371,501,72.8,113.8,0.259,0.45,0.599,51,58.3,7.7,6.7,0.575,13.9,22.5,0.194,0,8,0,0,0,37,25,0.676,12.85,937,0.463,254,0.341,502,0.734,304,1136,510,294,110,423,684,66.6,106.4,0.338,0.368,0.56,47.4,54.4,11.9,9.3,0.525,15.3,25.8,0.248,0,12,4,1,0
2018,Sweet Sixteen,5,Kentucky,9,Kansas State,1,37,26,0.703,17.24,998,0.472,195,0.357,649,0.698,441,1431,489,208,176,480,702,69.8,109.6,0.44,0.258,0.555,53.6,49,8,13.7,0.518,15.8,35.5,0.307,1,19,14,6,1,37,25,0.676,12.85,937,0.463,254,0.341,502,0.734,304,1136,510,294,110,423,684,66.6,106.4,0.338,0.368,0.56,47.4,54.4,11.9,9.3,0.525,15.3,25.8,0.248,0,12,4,1,0
2018,First Round,5,Kentucky,12,Davidson,0,37,26,0.703,17.24,998,0.472,195,0.357,649,0.698,441,1431,489,208,176,480,702,69.8,109.6,0.44,0.258,0.555,53.6,49,8,13.7,0.518,15.8,35.5,0.307,1,19,14,6,1,33,21,0.636,11.02,899,0.48,353,0.389,368,0.798,229,1078,551,155,65,315,503,65.3,115.7,0.246,0.484,0.602,50.8,61.3,7.1,6.1,0.574,13.1,22.6,0.196,0,9,1,0,0
2018,Second Round,5,Kentucky,13,Buffalo,0,37,26,0.703,17.24,998,0.472,195,0.357,649,0.698,441,1431,489,208,176,480,702,69.8,109.6,0.44,0.258,0.555,53.6,49,8,13.7,0.518,15.8,35.5,0.307,1,19,14,6,1,36,27,0.75,7.99,1105,0.473,351,0.37,486,0.699,430,1388,597,225,146,446,755,73.9,113.4,0.298,0.406,0.572,51.4,54,8.4,10.1,0.549,14.3,31.8,0.208,0,2,0,0,0
2018,First Round,4,Arizona,13,Buffalo,1,35,27,0.771,15.67,1009,0.504,237,0.369,563,0.76,353,1277,531,173,158,426,603,68.6,115.6,0.37,0.321,0.598,55.6,52.6,7.1,12,0.563,15.3,33.3,0.281,1,11,7,0,0,36,27,0.75,7.99,1105,0.473,351,0.37,486,0.699,430,1388,597,225,146,446,755,73.9,113.4,0.298,0.406,0.572,51.4,54,8.4,10.1,0.549,14.3,31.8,0.208,0,2,0,0,0
2018,First Round,3,Tennessee,14,Wright State,0,35,26,0.743,18.2,885,0.44,273,0.38,541,0.757,404,1262,550,222,156,422,680,67.1,109.3,0.355,0.357,0.549,51.4,62.1,9.4,12.8,0.508,15.2,33.3,0.269,1,23,6,1,0,35,25,0.714,0.58,873,0.432,237,0.337,517,0.715,356,1266,460,231,77,459,558,69.9,101.4,0.358,0.348,0.529,51.8,52.7,9.4,6.5,0.491,16.3,28.9,0.256,0,4,0,0,0
2018,First Round,7,Nevada,10,Texas,0,37,29,0.784,14.44,1049,0.469,354,0.392,603,0.743,342,1316,598,230,150,357,630,70.5,115.5,0.363,0.404,0.582,49.4,57,8.7,10.9,0.548,12,26.4,0.269,1,2,1,0,0,34,19,0.559,13.96,882,0.439,245,0.32,441,0.665,361,1217,394,209,168,399,547,66.9,103.9,0.33,0.381,0.527,50,44.7,8.9,12.8,0.5,14.6,29.5,0.219,0,7,1,1,0
2018,First Round,2,Cincinnati,15,Georgia State,0,36,31,0.861,20.25,944,0.45,262,0.353,523,0.692,479,1413,570,256,194,404,561,66.1,112.3,0.36,0.353,0.543,55.6,60.4,10.8,15.8,0.512,14.1,38.5,0.249,1,10,1,0,0,35,24,0.686,3.22,937,0.461,323,0.385,417,0.678,309,1182,455,256,160,395,639,67.9,108.8,0.303,0.413,0.562,47.7,48.6,10.7,15.1,0.54,14.5,26,0.205,0,3,0,0,0
2018,Second Round,2,Cincinnati,7,Nevada,1,36,31,0.861,20.25,944,0.45,262,0.353,523,0.692,479,1413,570,256,194,404,561,66.1,112.3,0.36,0.353,0.543,55.6,60.4,10.8,15.8,0.512,14.1,38.5,0.249,1,10,1,0,0,37,29,0.784,14.44,1049,0.469,354,0.392,603,0.743,342,1316,598,230,150,357,630,70.5,115.5,0.363,0.404,0.582,49.4,57,8.7,10.9,0.548,12,26.4,0.269,1,2,1,0,0
2019,Play-In,16,North Dakota State,16,North Carolina Central,0,35,19,0.543,-4.01,874,0.454,332,0.365,476,0.777,229,1105,402,160,87,368,523,66.8,108.5,0.318,0.472,0.576,48.7,46,6.8,6.6,0.54,14.2,20.6,0.247,0,2,0,0,0,34,18,0.529,-11.53,874,0.455,221,0.319,460,0.718,399,1265,526,207,93,515,610,68.5,104,0.334,0.361,0.545,54.8,60.2,8.9,7.5,0.512,18.8,35.1,0.239,0,4,0,0,0
2019,Play-In,11,Belmont,11,Temple,0,33,27,0.818,9.12,1042,0.498,343,0.372,441,0.737,286,1275,645,220,125,376,509,74.2,116.2,0.286,0.44,0.603,52.2,61.9,8.9,9.1,0.58,13.7,25.1,0.211,0,8,0,0,0,33,23,0.697,8.17,873,0.437,247,0.33,472,0.727,316,1136,476,284,73,368,581,70.5,104.4,0.325,0.374,0.534,48.2,54.5,12,6.2,0.499,13.8,26.1,0.236,0,17,0,0,0
2019,Play-In,16,Prairie View,16,Fairleigh Dickinson,1,35,22,0.629,-7.29,903,0.438,225,0.32,596,0.681,392,1151,445,309,55,445,758,72.5,103.5,0.425,0.341,0.53,46.7,49.3,12.2,4.6,0.493,15.2,29.8,0.289,0,1,0,0,0,35,21,0.6,-6.09,921,0.475,269,0.4,509,0.725,323,1155,486,261,132,477,578,68.7,107.5,0.362,0.347,0.576,49.3,52.8,10.7,10.5,0.544,17.3,28.8,0.263,0,2,0,0,0
2019,First Round,1,Gonzaga,16,Fairleigh Dickinson,0,37,33,0.892,27.79,1177,0.526,287,0.363,602,0.761,354,1443,668,278,204,394,603,71.7,122.2,0.353,0.353,0.62,54.7,56.8,10.5,13.9,0.59,13.1,30.4,0.269,1,20,9,1,0,35,21,0.6,-6.09,921,0.475,269,0.4,509,0.725,323,1155,486,261,132,477,578,68.7,107.5,0.362,0.347,0.576,49.3,52.8,10.7,10.5,0.544,17.3,28.8,0.263,0,2,0,0,0
2019,Play-In,11,Arizona State,11,St. John's (NY),0,34,23,0.676,10.28,899,0.447,240,0.336,600,0.68,399,1351,459,213,109,466,675,72.5,105.4,0.438,0.355,0.543,52.6,51.1,8.5,9.6,0.506,16.1,31.3,0.298,0,3,0,0,0,34,21,0.618,7.88,944,0.45,289,0.357,446,0.719,264,1120,472,302,111,357,650,72.6,105,0.295,0.385,0.548,45.8,50,12.1,9.8,0.518,13,21.4,0.212,0,1,0,0,0
2019,First Round,1,Duke,16,North Dakota State,0,38,32,0.842,26.9,1157,0.478,278,0.308,551,0.686,495,1567,606,346,257,488,595,73.2,112.6,0.332,0.373,0.561,53.8,52.4,12.4,16.4,0.536,14.8,35.3,0.228,1,35,25,12,5,35,19,0.543,-4.01,874,0.454,332,0.365,476,0.777,229,1105,402,160,87,368,523,66.8,108.5,0.318,0.472,0.576,48.7,46,6.8,6.6,0.54,14.2,20.6,0.247,0,2,0,0,0
2019,Second Round,1,Duke,9,UCF,0,38,32,0.842,26.9,1157,0.478,278,0.308,551,0.686,495,1567,606,346,257,488,595,73.2,112.6,0.332,0.373,0.561,53.8,52.4,12.4,16.4,0.536,14.8,35.3,0.228,1,35,25,12,5,33,24,0.727,13.37,819,0.465,229,0.365,518,0.649,315,1215,439,189,150,393,554,67.3,107,0.453,0.356,0.557,51.5,53.6,8.5,12.6,0.529,15.5,29,0.294,0,2,1,0,0
2019,First Round,8,VCU,9,UCF,1,33,25,0.758,11.96,820,0.438,235,0.305,469,0.701,358,1208,450,263,148,458,650,69,102.1,0.357,0.412,0.535,50.8,54.9,11.5,12.2,0.501,17.3,31,0.251,0,1,0,0,0,33,24,0.727,13.37,819,0.465,229,0.365,518,0.649,315,1215,439,189,150,393,554,67.3,107,0.453,0.356,0.557,51.5,53.6,8.5,12.6,0.529,15.5,29,0.294,0,2,1,0,0
2019,Sweet Sixteen,1,Duke,4,Virginia Tech,0,38,32,0.842,26.9,1157,0.478,278,0.308,551,0.686,495,1567,606,346,257,488,595,73.2,112.6,0.332,0.373,0.561,53.8,52.4,12.4,16.4,0.536,14.8,35.3,0.228,1,35,25,12,5,35,26,0.743,19.28,893,0.47,327,0.394,461,0.761,310,1142,531,236,78,392,532,64.4,113.3,0.319,0.437,0.588,51.9,59.5,10.4,8.4,0.556,15.2,29.2,0.243,1,8,4,0,0
2019,Elite Eight,1,Duke,2,Michigan State,1,38,32,0.842,26.9,1157,0.478,278,0.308,551,0.686,495,1567,606,346,257,488,595,73.2,112.6,0.332,0.373,0.561,53.8,52.4,12.4,16.4,0.536,14.8,35.3,0.228,1,35,25,12,5,39,32,0.821,24.93,1071,0.48,319,0.378,564,0.753,414,1579,715,201,205,493,647,68.1,113.1,0.336,0.378,0.585,56.1,66.8,7.5,13.7,0.552,16,33.2,0.253,1,22,14,8,1
2019,First Round,5,Mississippi State,12,Liberty,1,34,23,0.676,15.96,936,0.472,292,0.377,464,0.717,393,1215,481,274,172,451,586,68.6,111.9,0.326,0.391,0.574,52.8,51.4,11.7,14,0.546,16.5,34.6,0.234,0,11,5,3,0,36,29,0.806,5.27,963,0.487,322,0.369,406,0.775,270,1174,532,223,96,395,543,65.4,112.8,0.265,0.442,0.596,51.5,55.2,9.5,8.1,0.569,15.1,25.1,0.205,0,2,0,0,0
2019,Second Round,4,Virginia Tech,12,Liberty,0,35,26,0.743,19.28,893,0.47,327,0.394,461,0.761,310,1142,531,236,78,392,532,64.4,113.3,0.319,0.437,0.588,51.9,59.5,10.4,8.4,0.556,15.2,29.2,0.243,1,8,4,0,0,36,29,0.806,5.27,963,0.487,322,0.369,406,0.775,270,1174,532,223,96,395,543,65.4,112.8,0.265,0.442,0.596,51.5,55.2,9.5,8.1,0.569,15.1,25.1,0.205,0,2,0,0,0
2019,First Round,4,Virginia Tech,13,Saint Louis,0,35,26,0.743,19.28,893,0.47,327,0.394,461,0.761,310,1142,531,236,78,392,532,64.4,113.3,0.319,0.437,0.588,51.9,59.5,10.4,8.4,0.556,15.2,29.2,0.243,1,8,4,0,0,36,23,0.639,5.06,855,0.417,205,0.304,484,0.598,492,1428,460,254,145,464,634,67,99.4,0.394,0.329,0.492,54.5,53.8,10.5,11.9,0.467,16,35.7,0.236,0,7,0,0,0
2019,First Round,6,Maryland,11,Belmont,0,34,23,0.676,16.01,858,0.449,247,0.349,466,0.743,378,1336,447,148,163,437,526,66.6,107.3,0.328,0.37,0.55,56,52.1,6.5,13.4,0.514,16.5,34,0.244,0,9,2,0,0,33,27,0.818,9.12,1042,0.498,343,0.372,441,0.737,286,1275,645,220,125,376,509,74.2,116.2,0.286,0.44,0.603,52.2,61.9,8.9,9.1,0.58,13.7,25.1,0.211,0,8,0,0,0
2019,First Round,3,LSU,14,Yale,0,35,28,0.8,16.5,988,0.457,236,0.319,603,0.752,460,1355,452,308,148,452,634,70.6,111.1,0.371,0.342,0.553,53,45.7,12.2,11.8,0.512,15.1,36.2,0.279,1,3,1,0,0,30,22,0.733,5.52,893,0.493,230,0.363,411,0.738,259,1157,503,177,131,392,510,72.9,109.7,0.307,0.35,0.584,52.9,56.3,8,11.2,0.556,15.9,25.8,0.227,0,2,0,0,0
2019,Second Round,3,LSU,6,Maryland,0,35,28,0.8,16.5,988,0.457,236,0.319,603,0.752,460,1355,452,308,148,452,634,70.6,111.1,0.371,0.342,0.553,53,45.7,12.2,11.8,0.512,15.1,36.2,0.279,1,3,1,0,0,34,23,0.676,16.01,858,0.449,247,0.349,466,0.743,378,1336,447,148,163,437,526,66.6,107.3,0.328,0.37,0.55,56,52.1,6.5,13.4,0.514,16.5,34,0.244,0,9,2,0,0
2019,First Round,7,Louisville,10,Minnesota,1,34,20,0.588,17.28,854,0.434,294,0.342,534,0.777,345,1297,458,149,99,412,591,68.4,107.4,0.349,0.437,0.553,52.4,53.6,6.3,7.9,0.509,15.2,29,0.271,0,9,4,0,0,36,22,0.611,12.52,887,0.435,191,0.317,578,0.682,402,1314,523,175,140,418,578,67.9,103.7,0.416,0.296,0.521,51.2,59,7.1,10.1,0.482,14.6,30.9,0.283,0,2,0,0,0
2019,Second Round,2,Michigan State,10,Minnesota,0,39,32,0.821,24.93,1071,0.48,319,0.378,564,0.753,414,1579,715,201,205,493,647,68.1,113.1,0.336,0.378,0.585,56.1,66.8,7.5,13.7,0.552,16,33.2,0.253,1,22,14,8,1,36,22,0.611,12.52,887,0.435,191,0.317,578,0.682,402,1314,523,175,140,418,578,67.9,103.7,0.416,0.296,0.521,51.2,59,7.1,10.1,0.482,14.6,30.9,0.283,0,2,0,0,0
2019,First Round,2,Michigan State,15,Bradley,0,39,32,0.821,24.93,1071,0.48,319,0.378,564,0.753,414,1579,715,201,205,493,647,68.1,113.1,0.336,0.378,0.585,56.1,66.8,7.5,13.7,0.552,16,33.2,0.253,1,22,14,8,1,35,20,0.571,-0.08,812,0.433,240,0.368,465,0.692,313,1195,423,186,132,440,617,66.2,100.2,0.359,0.348,0.531,50.7,52.1,8,11.6,0.497,16.7,26.9,0.248,0,1,0,0,0
2019,Sweet Sixteen,2,Michigan State,3,LSU,0,39,32,0.821,24.93,1071,0.48,319,0.378,564,0.753,414,1579,715,201,205,493,647,68.1,113.1,0.336,0.378,0.585,56.1,66.8,7.5,13.7,0.552,16,33.2,0.253,1,22,14,8,1,35,28,0.8,16.5,988,0.457,236,0.319,603,0.752,460,1355,452,308,148,452,634,70.6,111.1,0.371,0.342,0.553,53,45.7,12.2,11.8,0.512,15.1,36.2,0.279,1,3,1,0,0
2019,Final Four,2,Michigan State,3,Texas Tech,1,39,32,0.821,24.93,1071,0.48,319,0.378,564,0.753,414,1579,715,201,205,493,647,68.1,113.1,0.336,0.378,0.585,56.1,66.8,7.5,13.7,0.552,16,33.2,0.253,1,22,14,8,1,38,31,0.816,22.79,990,0.469,277,0.365,508,0.732,315,1297,518,278,186,457,663,67.6,106.9,0.329,0.36,0.567,50.8,52.3,10.7,15.4,0.535,15.8,26.3,0.241,1,3,2,1,0
2019,Elite Eight,1,Gonzaga,3,Texas Tech,1,37,33,0.892,27.79,1177,0.526,287,0.363,602,0.761,354,1443,668,278,204,394,603,71.7,122.2,0.353,0.353,0.62,54.7,56.8,10.5,13.9,0.59,13.1,30.4,0.269,1,20,9,1,0,38,31,0.816,22.79,990,0.469,277,0.365,508,0.732,315,1297,518,278,186,457,663,67.6,106.9,0.329,0.36,0.567,50.8,52.3,10.7,15.4,0.535,15.8,26.3,0.241,1,3,2,1,0
2019,Sweet Sixteen,2,Michigan,3,Texas Tech,1,37,30,0.811,21.82,941,0.448,287,0.342,406,0.701,299,1307,512,225,149,334,514,65.4,106.5,0.275,0.399,0.542,50.7,54.4,9.3,10.3,0.516,12.3,23.9,0.193,1,13,7,2,0,38,31,0.816,22.79,990,0.469,277,0.365,508,0.732,315,1297,518,278,186,457,663,67.6,106.9,0.329,0.36,0.567,50.8,52.3,10.7,15.4,0.535,15.8,26.3,0.241,1,3,2,1,0
2019,National Championship,1,Virginia,3,Texas Tech,0,38,35,0.921,25.46,974,0.474,321,0.395,445,0.744,342,1326,544,211,149,342,542,60.8,116.3,0.291,0.395,0.58,53.9,55.9,9,13,0.552,12.8,29.7,0.216,1,9,4,1,1,38,31,0.816,22.79,990,0.469,277,0.365,508,0.732,315,1297,518,278,186,457,663,67.6,106.9,0.329,0.36,0.567,50.8,52.3,10.7,15.4,0.535,15.8,26.3,0.241,1,3,2,1,0
2019,Second Round,1,Gonzaga,9,Baylor,0,37,33,0.892,27.79,1177,0.526,287,0.363,602,0.761,354,1443,668,278,204,394,603,71.7,122.2,0.353,0.353,0.62,54.7,56.8,10.5,13.9,0.59,13.1,30.4,0.269,1,20,9,1,0,34,20,0.588,13.38,869,0.442,274,0.341,430,0.677,450,1281,473,209,159,446,636,66.5,107.6,0.323,0.408,0.538,54.1,54.4,9.2,13.8,0.512,16.4,37.6,0.219,0,8,4,0,0
2019,First Round,8,Syracuse,9,Baylor,1,34,20,0.588,13.73,808,0.424,274,0.333,480,0.685,363,1174,408,278,162,423,588,67.2,103.4,0.368,0.432,0.529,48.4,50.5,12.1,16.8,0.496,15.9,30,0.252,0,34,19,5,1,34,20,0.588,13.38,869,0.442,274,0.341,430,0.677,450,1281,473,209,159,446,636,66.5,107.6,0.323,0.408,0.538,54.1,54.4,9.2,13.8,0.512,16.4,37.6,0.219,0,8,4,0,0
2019,Sweet Sixteen,1,Gonzaga,4,Florida State,0,37,33,0.892,27.79,1177,0.526,287,0.363,602,0.761,354,1443,668,278,204,394,603,71.7,122.2,0.353,0.353,0.62,54.7,56.8,10.5,13.9,0.59,13.1,30.4,0.269,1,20,9,1,0,37,29,0.784,17.99,960,0.442,272,0.332,579,0.744,418,1391,475,266,161,492,705,69.5,106.3,0.358,0.377,0.545,53.2,49.5,10.2,12.7,0.505,16.2,32.3,0.267,1,10,4,0,0
2019,First Round,5,Marquette,12,Murray State,1,34,24,0.706,14.78,893,0.454,319,0.388,524,0.757,331,1292,456,168,145,467,635,70.7,108.2,0.351,0.417,0.572,53,51.1,6.9,11.2,0.535,16.9,29.1,0.266,0,2,0,0,0,33,28,0.848,8.96,988,0.492,258,0.353,493,0.733,351,1247,591,249,149,401,527,71.8,115.1,0.335,0.364,0.586,52.1,59.8,10.5,11.5,0.557,14.7,31.3,0.246,0,2,0,0,0
2019,Second Round,4,Florida State,12,Murray State,0,37,29,0.784,17.99,960,0.442,272,0.332,579,0.744,418,1391,475,266,161,492,705,69.5,106.3,0.358,0.377,0.545,53.2,49.5,10.2,12.7,0.505,16.2,32.3,0.267,1,10,4,0,0,33,28,0.848,8.96,988,0.492,258,0.353,493,0.733,351,1247,591,249,149,401,527,71.8,115.1,0.335,0.364,0.586,52.1,59.8,10.5,11.5,0.557,14.7,31.3,0.246,0,2,0,0,0
2019,First Round,4,Florida State,13,Vermont,0,37,29,0.784,17.99,960,0.442,272,0.332,579,0.744,418,1391,475,266,161,492,705,69.5,106.3,0.358,0.377,0.545,53.2,49.5,10.2,12.7,0.505,16.2,32.3,0.267,1,10,4,0,0,34,27,0.794,4.88,864,0.458,273,0.359,507,0.748,304,1194,399,188,136,377,568,66.5,110.2,0.359,0.403,0.568,53.2,46.2,8.3,11.9,0.53,14.6,27.3,0.269,0,3,0,0,0
2019,First Round,6,Buffalo,11,Arizona State,0,36,32,0.889,15.56,1083,0.462,344,0.337,527,0.687,452,1470,599,263,140,433,659,74.5,112.8,0.327,0.436,0.561,52.4,55.3,9.8,10.1,0.535,13.8,31.8,0.225,1,3,0,0,0,34,23,0.676,10.28,899,0.447,240,0.336,600,0.68,399,1351,459,213,109,466,675,72.5,105.4,0.438,0.355,0.543,52.6,51.1,8.5,9.6,0.506,16.1,31.3,0.298,0,3,0,0,0
2019,First Round,3,Texas Tech,14,Northern Kentucky,0,38,31,0.816,22.79,990,0.469,277,0.365,508,0.732,315,1297,518,278,186,457,663,67.6,106.9,0.329,0.36,0.567,50.8,52.3,10.7,15.4,0.535,15.8,26.3,0.241,1,3,2,1,0,35,26,0.743,4.67,979,0.478,306,0.363,483,0.666,364,1298,592,218,139,441,664,70,111.3,0.354,0.412,0.574,53.2,60.5,8.8,11.5,0.553,15.6,30.6,0.236,0,2,0,0,0
2019,Second Round,3,Texas Tech,6,Buffalo,0,38,31,0.816,22.79,990,0.469,277,0.365,508,0.732,315,1297,518,278,186,457,663,67.6,106.9,0.329,0.36,0.567,50.8,52.3,10.7,15.4,0.535,15.8,26.3,0.241,1,3,2,1,0,36,32,0.889,15.56,1083,0.462,344,0.337,527,0.687,452,1470,599,263,140,433,659,74.5,112.8,0.327,0.436,0.561,52.4,55.3,9.8,10.1,0.535,13.8,31.8,0.225,1,3,0,0,0
2019,First Round,7,Nevada,10,Florida,1,34,29,0.853,16,924,0.462,297,0.347,578,0.708,325,1274,498,211,134,352,584,70.7,113.2,0.408,0.428,0.57,51.8,53.9,8.8,11.2,0.537,12.9,27.1,0.289,1,3,1,0,0,36,20,0.556,15.42,857,0.425,291,0.334,435,0.721,375,1201,437,257,131,420,614,64.7,103.7,0.299,0.433,0.53,49.2,51,10.9,11,0.498,15.4,30.6,0.216,0,3,1,0,0
2019,Second Round,2,Michigan,10,Florida,0,37,30,0.811,21.82,941,0.448,287,0.342,406,0.701,299,1307,512,225,149,334,514,65.4,106.5,0.275,0.399,0.542,50.7,54.4,9.3,10.3,0.516,12.3,23.9,0.193,1,13,7,2,0,36,20,0.556,15.42,857,0.425,291,0.334,435,0.721,375,1201,437,257,131,420,614,64.7,103.7,0.299,0.433,0.53,49.2,51,10.9,11,0.498,15.4,30.6,0.216,0,3,1,0,0
2019,First Round,2,Michigan,15,Montana,0,37,30,0.811,21.82,941,0.448,287,0.342,406,0.701,299,1307,512,225,149,334,514,65.4,106.5,0.275,0.399,0.542,50.7,54.4,9.3,10.3,0.516,12.3,23.9,0.193,1,13,7,2,0,35,26,0.743,1.5,975,0.492,287,0.376,428,0.689,293,1176,510,229,106,416,655,68.6,110.6,0.313,0.385,0.585,51.8,52.3,9.5,8.8,0.564,15.4,26.6,0.216,0,2,0,0,0
2019,First Round,1,UNC,16,Iona,0,36,29,0.806,23.94,1118,0.464,312,0.362,541,0.743,477,1589,678,252,120,473,611,75.9,112.7,0.302,0.358,0.56,56.6,60.6,9.2,9.5,0.529,14.6,34.8,0.224,1,29,19,9,3,33,17,0.515,-4.78,857,0.452,297,0.351,521,0.745,283,1152,432,223,90,406,564,71.4,107.4,0.368,0.445,0.568,48,50.4,9.5,7.7,0.53,15.4,24.3,0.275,0,6,0,0,0
2019,Second Round,1,UNC,9,Washington,0,36,29,0.806,23.94,1118,0.464,312,0.362,541,0.743,477,1589,678,252,120,473,611,75.9,112.7,0.302,0.358,0.56,56.6,60.6,9.2,9.5,0.529,14.6,34.8,0.224,1,29,19,9,3,36,27,0.75,12.01,883,0.451,273,0.35,472,0.695,334,1129,419,323,206,479,653,67.4,103.2,0.347,0.399,0.551,47.6,47.5,13.3,16.3,0.521,17.4,28.8,0.241,0,1,0,0,0
2019,First Round,8,Utah State,9,Washington,1,35,28,0.8,11.98,959,0.471,274,0.355,559,0.748,377,1405,598,215,147,449,649,70,111.5,0.367,0.379,0.575,56.2,62.4,8.7,12.2,0.538,15.8,31.9,0.274,1,1,0,0,0,36,27,0.75,12.01,883,0.451,273,0.35,472,0.695,334,1129,419,323,206,479,653,67.4,103.2,0.347,0.399,0.551,47.6,47.5,13.3,16.3,0.521,17.4,28.8,0.241,0,1,0,0,0
2019,Sweet Sixteen,1,UNC,5,Auburn,1,36,29,0.806,23.94,1118,0.464,312,0.362,541,0.743,477,1589,678,252,120,473,611,75.9,112.7,0.302,0.358,0.56,56.6,60.6,9.2,9.5,0.529,14.6,34.8,0.224,1,29,19,9,3,40,30,0.75,20.84,1097,0.45,454,0.377,540,0.711,457,1369,572,369,190,466,731,69.2,114.1,0.312,0.494,0.569,49.2,52.1,13.2,15.6,0.543,14.3,31.6,0.221,1,10,5,1,0
2019,Second Round,4,Kansas,5,Auburn,1,36,26,0.722,18.35,989,0.465,260,0.35,487,0.705,374,1376,478,243,139,472,610,70.3,106.5,0.325,0.349,0.555,52.1,48.3,9.5,10.9,0.526,16.1,29.9,0.229,1,21,13,3,1,40,30,0.75,20.84,1097,0.45,454,0.377,540,0.711,457,1369,572,369,190,466,731,69.2,114.1,0.312,0.494,0.569,49.2,52.1,13.2,15.6,0.543,14.3,31.6,0.221,1,10,5,1,0
2019,Elite Eight,2,Kentucky,5,Auburn,1,37,30,0.811,21.43,978,0.477,215,0.354,635,0.739,427,1428,501,220,176,466,600,67.3,111.9,0.419,0.296,0.571,56.9,51.2,8.8,13.4,0.53,15.9,36.4,0.31,1,20,15,6,1,40,30,0.75,20.84,1097,0.45,454,0.377,540,0.711,457,1369,572,369,190,466,731,69.2,114.1,0.312,0.494,0.569,49.2,52.1,13.2,15.6,0.543,14.3,31.6,0.221,1,10,5,1,0
2019,Final Four,1,Virginia,5,Auburn,0,38,35,0.921,25.46,974,0.474,321,0.395,445,0.744,342,1326,544,211,149,342,542,60.8,116.3,0.291,0.395,0.58,53.9,55.9,9,13,0.552,12.8,29.7,0.216,1,9,4,1,1,40,30,0.75,20.84,1097,0.45,454,0.377,540,0.711,457,1369,572,369,190,466,731,69.2,114.1,0.312,0.494,0.569,49.2,52.1,13.2,15.6,0.543,14.3,31.6,0.221,1,10,5,1,0
2019,First Round,5,Auburn,12,New Mexico State,0,40,30,0.75,20.84,1097,0.45,454,0.377,540,0.711,457,1369,572,369,190,466,731,69.2,114.1,0.312,0.494,0.569,49.2,52.1,13.2,15.6,0.543,14.3,31.6,0.221,1,10,5,1,0,35,30,0.857,10.05,962,0.46,326,0.334,484,0.678,445,1343,514,197,91,419,632,68.3,113.9,0.341,0.467,0.562,57.2,53.4,8.2,8.1,0.538,14.7,36.7,0.231,0,2,0,0,0
2019,First Round,4,Kansas,13,Northeastern,0,36,26,0.722,18.35,989,0.465,260,0.35,487,0.705,374,1376,478,243,139,472,610,70.3,106.5,0.325,0.349,0.555,52.1,48.3,9.5,10.9,0.526,16.1,29.9,0.229,1,21,13,3,1,34,23,0.676,3.95,880,0.476,328,0.382,476,0.751,237,1075,480,211,74,381,539,66.3,111.7,0.343,0.464,0.597,49.7,54.5,9.2,6,0.565,15.1,22.5,0.258,0,2,0,0,0
2019,First Round,6,Iowa State,11,Ohio State,1,35,23,0.657,18.07,974,0.476,294,0.363,450,0.732,327,1230,527,247,160,379,517,68.2,112.7,0.3,0.396,0.575,50.3,54.1,10.3,12.5,0.548,13.9,28.4,0.22,1,4,1,0,0,35,20,0.571,13.89,839,0.434,264,0.341,477,0.734,328,1215,494,206,85,438,623,66.7,103.2,0.337,0.401,0.54,50.9,58.9,8.8,7,0.503,16.4,27.6,0.247,0,5,1,0,0
2019,Second Round,3,Houston,11,Ohio State,0,37,33,0.892,18.91,982,0.446,333,0.355,490,0.703,448,1502,548,240,161,410,705,67.3,111.8,0.316,0.426,0.55,54.9,55.8,9.6,13.4,0.521,13.9,33.8,0.222,1,16,4,1,0,35,20,0.571,13.89,839,0.434,264,0.341,477,0.734,328,1215,494,206,85,438,623,66.7,103.2,0.337,0.401,0.54,50.9,58.9,8.8,7,0.503,16.4,27.6,0.247,0,5,1,0,0
2019,First Round,3,Houston,14,Georgia State,0,37,33,0.892,18.91,982,0.446,333,0.355,490,0.703,448,1502,548,240,161,410,705,67.3,111.8,0.316,0.426,0.55,54.9,55.8,9.6,13.4,0.521,13.9,33.8,0.222,1,16,4,1,0,34,24,0.706,2.44,903,0.459,330,0.384,462,0.666,273,1110,415,269,158,391,583,71.3,107.1,0.353,0.436,0.565,45.4,46,11.1,14,0.543,14.5,23.1,0.235,0,4,0,0,0
2019,First Round,7,Wofford,10,Seton Hall,0,35,30,0.857,13.92,1044,0.49,385,0.414,406,0.704,365,1232,528,233,105,377,589,68.5,119.2,0.271,0.436,0.598,54.5,50.6,9.6,9.1,0.58,13.5,32.5,0.19,1,5,0,0,0,34,20,0.588,10.25,888,0.439,240,0.324,492,0.706,361,1213,459,235,132,423,638,70.1,104.1,0.345,0.367,0.533,50,51.7,9.8,11.2,0.499,15.2,29.6,0.243,0,4,0,0,0
2019,First Round,2,Kentucky,15,Abilene Christian,0,37,30,0.811,21.43,978,0.477,215,0.354,635,0.739,427,1428,501,220,176,466,600,67.3,111.9,0.419,0.296,0.571,56.9,51.2,8.8,13.4,0.53,15.9,36.4,0.31,1,20,15,6,1,34,27,0.794,-1.91,897,0.469,251,0.38,457,0.712,325,1110,525,297,93,407,635,67.2,108.6,0.336,0.345,0.565,50.3,58.5,12.9,8,0.535,15.5,28.8,0.239,0,1,0,0,0
2019,Second Round,2,Kentucky,7,Wofford,0,37,30,0.811,21.43,978,0.477,215,0.354,635,0.739,427,1428,501,220,176,466,600,67.3,111.9,0.419,0.296,0.571,56.9,51.2,8.8,13.4,0.53,15.9,36.4,0.31,1,20,15,6,1,35,30,0.857,13.92,1044,0.49,385,0.414,406,0.704,365,1232,528,233,105,377,589,68.5,119.2,0.271,0.436,0.598,54.5,50.6,9.6,9.1,0.58,13.5,32.5,0.19,1,5,0,0,0
2019,Sweet Sixteen,2,Kentucky,3,Houston,0,37,30,0.811,21.43,978,0.477,215,0.354,635,0.739,427,1428,501,220,176,466,600,67.3,111.9,0.419,0.296,0.571,56.9,51.2,8.8,13.4,0.53,15.9,36.4,0.31,1,20,15,6,1,37,33,0.892,18.91,982,0.446,333,0.355,490,0.703,448,1502,548,240,161,410,705,67.3,111.8,0.316,0.426,0.55,54.9,55.8,9.6,13.4,0.521,13.9,33.8,0.222,1,16,4,1,0
2019,First Round,1,Virginia,16,Gardner-Webb,0,38,35,0.921,25.46,974,0.474,321,0.395,445,0.744,342,1326,544,211,149,342,542,60.8,116.3,0.291,0.395,0.58,53.9,55.9,9,13,0.552,12.8,29.7,0.216,1,9,4,1,1,35,23,0.657,-2.61,955,0.487,281,0.391,527,0.711,271,1190,502,238,101,407,561,68.5,110.9,0.378,0.366,0.587,49.2,52.6,9.7,8.8,0.558,15,24.5,0.269,0,1,0,0,0
2019,Second Round,1,Virginia,9,Oklahoma,0,38,35,0.921,25.46,974,0.474,321,0.395,445,0.744,342,1326,544,211,149,342,542,60.8,116.3,0.291,0.395,0.58,53.9,55.9,9,13,0.552,12.8,29.7,0.216,1,9,4,1,1,34,20,0.588,15.3,883,0.447,226,0.346,431,0.697,305,1263,430,203,102,401,527,69.3,102.5,0.313,0.331,0.534,50.2,48.7,8.6,8.3,0.504,15,25.6,0.218,0,19,5,2,0
2019,First Round,8,Ole Miss,9,Oklahoma,1,33,20,0.606,12.32,876,0.46,272,0.358,461,0.783,322,1128,475,235,118,416,603,69.2,108.4,0.309,0.399,0.568,51.1,54.2,10.2,9.6,0.531,16,30.1,0.242,0,6,0,0,0,34,20,0.588,15.3,883,0.447,226,0.346,431,0.697,305,1263,430,203,102,401,527,69.3,102.5,0.313,0.331,0.534,50.2,48.7,8.6,8.3,0.504,15,25.6,0.218,0,19,5,2,0
2019,Sweet Sixteen,1,Virginia,12,Oregon,0,38,35,0.921,25.46,974,0.474,321,0.395,445,0.744,342,1326,544,211,149,342,542,60.8,116.3,0.291,0.395,0.58,53.9,55.9,9,13,0.552,12.8,29.7,0.216,1,9,4,1,1,38,25,0.658,13.95,958,0.451,295,0.351,450,0.721,361,1307,501,290,162,442,665,65.5,106.2,0.294,0.395,0.549,51.1,52.3,11.6,14.6,0.52,15.4,29.1,0.212,0,14,4,1,0
2019,First Round,5,Wisconsin,12,Oregon,1,34,23,0.676,17.9,874,0.449,241,0.359,344,0.648,283,1197,430,177,140,327,511,64.8,103.9,0.273,0.346,0.531,49.8,49.2,7.9,11,0.511,13,24.3,0.177,1,3,2,0,0,38,25,0.658,13.95,958,0.451,295,0.351,450,0.721,361,1307,501,290,162,442,665,65.5,106.2,0.294,0.395,0.549,51.1,52.3,11.6,14.6,0.52,15.4,29.1,0.212,0,14,4,1,0
2019,Elite Eight,1,Virginia,3,Purdue,0,38,35,0.921,25.46,974,0.474,321,0.395,445,0.744,342,1326,544,211,149,342,542,60.8,116.3,0.291,0.395,0.58,53.9,55.9,9,13,0.552,12.8,29.7,0.216,1,9,4,1,1,36,26,0.722,21.4,967,0.451,365,0.374,461,0.719,421,1341,518,220,143,381,625,66.1,114.4,0.299,0.455,0.563,53.7,53.6,9.1,12.6,0.536,13.5,33.8,0.215,1,12,5,0,0
2019,Sweet Sixteen,2,Tennessee,3,Purdue,1,37,31,0.838,21.55,1106,0.496,262,0.367,561,0.754,379,1391,660,221,199,412,654,69.4,116.2,0.333,0.32,0.587,52.3,59.7,8.5,15.2,0.554,13.7,30.9,0.251,1,24,7,1,0,36,26,0.722,21.4,967,0.451,365,0.374,461,0.719,421,1341,518,220,143,381,625,66.1,114.4,0.299,0.455,0.563,53.7,53.6,9.1,12.6,0.536,13.5,33.8,0.215,1,12,5,0,0
2019,First Round,4,Kansas State,13,UC-Irvine,1,34,25,0.735,15.39,806,0.429,241,0.334,383,0.667,325,1137,464,256,76,385,550,64.9,101.3,0.306,0.384,0.52,50.9,57.6,11.6,7.7,0.493,15.2,28.4,0.204,1,13,4,1,0,37,31,0.838,5.7,987,0.457,252,0.359,449,0.702,429,1471,479,210,153,441,673,66.2,107.8,0.296,0.325,0.543,54.8,48.5,8.5,10.9,0.516,15.2,34,0.208,0,2,0,0,0
2019,Second Round,12,Oregon,13,UC-Irvine,0,38,25,0.658,13.95,958,0.451,295,0.351,450,0.721,361,1307,501,290,162,442,665,65.5,106.2,0.294,0.395,0.549,51.1,52.3,11.6,14.6,0.52,15.4,29.1,0.212,0,14,4,1,0,37,31,0.838,5.7,987,0.457,252,0.359,449,0.702,429,1471,479,210,153,441,673,66.2,107.8,0.296,0.325,0.543,54.8,48.5,8.5,10.9,0.516,15.2,34,0.208,0,2,0,0,0
2019,First Round,6,Villanova,11,Saint Mary's,0,36,26,0.722,14.33,884,0.438,380,0.352,506,0.728,368,1253,503,194,106,388,580,65,112.2,0.344,0.535,0.565,51.3,56.9,8.2,8.7,0.532,14.2,30.1,0.251,1,16,6,3,2,34,22,0.647,12.58,899,0.472,253,0.378,412,0.742,329,1180,341,201,87,355,572,64.3,112.2,0.291,0.352,0.568,54.4,37.9,9.2,6.9,0.538,14.1,30.8,0.216,0,7,1,0,0
2019,First Round,3,Purdue,14,Old Dominion,0,36,26,0.722,21.4,967,0.451,365,0.374,461,0.719,421,1341,518,220,143,381,625,66.1,114.4,0.299,0.455,0.563,53.7,53.6,9.1,12.6,0.536,13.5,33.8,0.215,1,12,5,0,0,35,26,0.743,3.74,823,0.406,264,0.349,388,0.663,418,1365,439,197,160,408,580,65.6,100.2,0.289,0.373,0.499,53.2,53.3,8.6,14.3,0.471,15,31.8,0.192,0,8,2,0,0
2019,Second Round,3,Purdue,6,Villanova,0,36,26,0.722,21.4,967,0.451,365,0.374,461,0.719,421,1341,518,220,143,381,625,66.1,114.4,0.299,0.455,0.563,53.7,53.6,9.1,12.6,0.536,13.5,33.8,0.215,1,12,5,0,0,36,26,0.722,14.33,884,0.438,380,0.352,506,0.728,368,1253,503,194,106,388,580,65,112.2,0.344,0.535,0.565,51.3,56.9,8.2,8.7,0.532,14.2,30.1,0.251,1,16,6,3,2
2019,First Round,7,Cincinnati,10,Iowa,1,35,28,0.8,14.53,872,0.432,232,0.345,534,0.704,442,1264,466,214,155,365,563,65,109.5,0.376,0.333,0.528,53.7,53.4,9.3,14.5,0.49,13.3,36.9,0.265,1,11,1,0,0,35,23,0.657,14.27,914,0.456,285,0.364,627,0.739,357,1246,542,211,112,427,565,70.2,110.4,0.423,0.39,0.569,50.6,59.3,8.5,9,0.527,15.1,29.5,0.313,0,9,0,0,0
2019,Second Round,2,Tennessee,10,Iowa,0,37,31,0.838,21.55,1106,0.496,262,0.367,561,0.754,379,1391,660,221,199,412,654,69.4,116.2,0.333,0.32,0.587,52.3,59.7,8.5,15.2,0.554,13.7,30.9,0.251,1,24,7,1,0,35,23,0.657,14.27,914,0.456,285,0.364,627,0.739,357,1246,542,211,112,427,565,70.2,110.4,0.423,0.39,0.569,50.6,59.3,8.5,9,0.527,15.1,29.5,0.313,0,9,0,0,0
2019,First Round,2,Tennessee,15,Colgate,0,37,31,0.838,21.55,1106,0.496,262,0.367,561,0.754,379,1391,660,221,199,412,654,69.4,116.2,0.333,0.32,0.587,52.3,59.7,8.5,15.2,0.554,13.7,30.9,0.251,1,24,7,1,0,35,24,0.686,1.23,955,0.479,320,0.393,418,0.742,322,1240,541,213,121,456,547,67.8,110.3,0.282,0.409,0.585,52.7,56.6,8.9,10,0.559,16.8,29.1,0.21,0,1,0,0,0
